solid ASCII
  facet normal 7.071068e-01 -9.851561e-16 7.071068e-01
    outer loop
      vertex   2.378573e+01 5.708451e+00 2.165000e+01
      vertex   2.363573e+01 5.708451e+00 2.180000e+01
      vertex   2.378573e+01 6.084507e-01 2.165000e+01
    endloop
  endfacet
  facet normal 7.071068e-01 1.282755e-19 7.071068e-01
    outer loop
      vertex   2.378573e+01 6.084507e-01 2.165000e+01
      vertex   2.363573e+01 5.708451e+00 2.180000e+01
      vertex   2.363573e+01 6.084507e-01 2.180000e+01
    endloop
  endfacet
  facet normal 8.581434e-17 1.000000e+00 6.007004e-15
    outer loop
      vertex   2.363573e+01 5.708451e+00 2.180000e+01
      vertex   2.378573e+01 5.708451e+00 2.165000e+01
      vertex   1.328573e+01 5.708451e+00 2.180000e+01
    endloop
  endfacet
  facet normal 0.000000e+00 1.000000e+00 0.000000e+00
    outer loop
      vertex   1.328573e+01 5.708451e+00 2.180000e+01
      vertex   2.378573e+01 5.708451e+00 2.165000e+01
      vertex   2.153573e+01 5.708451e+00 2.030000e+01
    endloop
  endfacet
  facet normal 0.000000e+00 1.000000e+00 0.000000e+00
    outer loop
      vertex   1.328573e+01 5.708451e+00 2.180000e+01
      vertex   2.153573e+01 5.708451e+00 2.030000e+01
      vertex   1.328573e+01 5.708451e+00 2.030000e+01
    endloop
  endfacet
  facet normal 0.000000e+00 1.000000e+00 0.000000e+00
    outer loop
      vertex   2.378573e+01 5.708451e+00 2.165000e+01
      vertex   2.378573e+01 5.708451e+00 2.030000e+01
      vertex   2.153573e+01 5.708451e+00 2.030000e+01
    endloop
  endfacet
  facet normal 1.000000e+00 0.000000e+00 0.000000e+00
    outer loop
      vertex   2.378573e+01 5.708451e+00 2.165000e+01
      vertex   2.378573e+01 6.084507e-01 2.165000e+01
      vertex   2.378573e+01 5.708451e+00 2.030000e+01
    endloop
  endfacet
  facet normal 1.000000e+00 0.000000e+00 0.000000e+00
    outer loop
      vertex   2.378573e+01 5.708451e+00 2.030000e+01
      vertex   2.378573e+01 6.084507e-01 2.165000e+01
      vertex   2.378573e+01 6.084507e-01 2.030000e+01
    endloop
  endfacet
  facet normal 1.000000e+00 0.000000e+00 0.000000e+00
    outer loop
      vertex   2.378573e+01 5.708451e+00 2.030000e+01
      vertex   2.378573e+01 6.084507e-01 2.030000e+01
      vertex   2.378573e+01 9.908451e+00 1.233624e+01
    endloop
  endfacet
  facet normal 1.000000e+00 0.000000e+00 0.000000e+00
    outer loop
      vertex   2.378573e+01 9.908451e+00 1.233624e+01
      vertex   2.378573e+01 6.084507e-01 2.030000e+01
      vertex   2.378573e+01 -3.591549e+00 1.233624e+01
    endloop
  endfacet
  facet normal 1.000000e+00 0.000000e+00 0.000000e+00
    outer loop
      vertex   2.378573e+01 9.908451e+00 1.233624e+01
      vertex   2.378573e+01 -3.591549e+00 1.233624e+01
      vertex   2.378573e+01 9.908451e+00 7.700000e+00
    endloop
  endfacet
  facet normal 1.000000e+00 0.000000e+00 0.000000e+00
    outer loop
      vertex   2.378573e+01 9.908451e+00 7.700000e+00
      vertex   2.378573e+01 -3.591549e+00 1.233624e+01
      vertex   2.378573e+01 -3.591549e+00 7.700000e+00
    endloop
  endfacet
  facet normal 1.000000e+00 0.000000e+00 0.000000e+00
    outer loop
      vertex   2.378573e+01 9.908451e+00 7.700000e+00
      vertex   2.378573e+01 -3.591549e+00 7.700000e+00
      vertex   2.378573e+01 7.606017e+00 3.950000e+00
    endloop
  endfacet
  facet normal 1.000000e+00 0.000000e+00 0.000000e+00
    outer loop
      vertex   2.378573e+01 7.606017e+00 3.950000e+00
      vertex   2.378573e+01 -3.591549e+00 7.700000e+00
      vertex   2.378573e+01 -1.289116e+00 3.950000e+00
    endloop
  endfacet
  facet normal 1.000000e+00 0.000000e+00 0.000000e+00
    outer loop
      vertex   2.378573e+01 -1.289116e+00 3.950000e+00
      vertex   2.378573e+01 -3.591549e+00 7.700000e+00
      vertex   2.378573e+01 -8.281189e+00 6.007410e+00
    endloop
  endfacet
  facet normal 1.000000e+00 0.000000e+00 -0.000000e+00
    outer loop
      vertex   2.378573e+01 -8.281189e+00 6.007410e+00
      vertex   2.378573e+01 -3.591549e+00 7.700000e+00
      vertex   2.378573e+01 -8.794967e+00 6.188932e+00
    endloop
  endfacet
  facet normal 1.000000e+00 0.000000e+00 -0.000000e+00
    outer loop
      vertex   2.378573e+01 -8.794967e+00 6.188932e+00
      vertex   2.378573e+01 -3.591549e+00 7.700000e+00
      vertex   2.378573e+01 -9.286447e+00 6.424234e+00
    endloop
  endfacet
  facet normal 1.000000e+00 0.000000e+00 -0.000000e+00
    outer loop
      vertex   2.378573e+01 -9.286447e+00 6.424234e+00
      vertex   2.378573e+01 -3.591549e+00 7.700000e+00
      vertex   2.378573e+01 -1.009155e+01 7.700000e+00
    endloop
  endfacet
  facet normal 1.000000e+00 0.000000e+00 0.000000e+00
    outer loop
      vertex   2.378573e+01 -9.286447e+00 6.424234e+00
      vertex   2.378573e+01 -1.009155e+01 7.700000e+00
      vertex   2.378573e+01 -9.750016e+00 6.710630e+00
    endloop
  endfacet
  facet normal 1.000000e+00 0.000000e+00 0.000000e+00
    outer loop
      vertex   2.378573e+01 -9.750016e+00 6.710630e+00
      vertex   2.378573e+01 -1.009155e+01 7.700000e+00
      vertex   2.378573e+01 -1.018038e+01 7.044849e+00
    endloop
  endfacet
  facet normal 1.000000e+00 0.000000e+00 -0.000000e+00
    outer loop
      vertex   2.378573e+01 -1.018038e+01 7.044849e+00
      vertex   2.378573e+01 -1.009155e+01 7.700000e+00
      vertex   2.378573e+01 -1.057264e+01 7.423078e+00
    endloop
  endfacet
  facet normal 1.000000e+00 0.000000e+00 -0.000000e+00
    outer loop
      vertex   2.378573e+01 -1.057264e+01 7.423078e+00
      vertex   2.378573e+01 -1.009155e+01 7.700000e+00
      vertex   2.378573e+01 -1.092230e+01 7.840997e+00
    endloop
  endfacet
  facet normal 1.000000e+00 -0.000000e+00 -0.000000e+00
    outer loop
      vertex   2.378573e+01 -1.092230e+01 7.840997e+00
      vertex   2.378573e+01 -1.009155e+01 7.700000e+00
      vertex   2.378573e+01 -1.122537e+01 8.293837e+00
    endloop
  endfacet
  facet normal 1.000000e+00 -0.000000e+00 -0.000000e+00
    outer loop
      vertex   2.378573e+01 -1.122537e+01 8.293837e+00
      vertex   2.378573e+01 -1.009155e+01 7.700000e+00
      vertex   2.378573e+01 -1.147841e+01 8.776427e+00
    endloop
  endfacet
  facet normal 1.000000e+00 -0.000000e+00 -0.000000e+00
    outer loop
      vertex   2.378573e+01 -1.147841e+01 8.776427e+00
      vertex   2.378573e+01 -1.009155e+01 7.700000e+00
      vertex   2.378573e+01 -1.167851e+01 9.283259e+00
    endloop
  endfacet
  facet normal 1.000000e+00 -0.000000e+00 0.000000e+00
    outer loop
      vertex   2.378573e+01 -1.167851e+01 9.283259e+00
      vertex   2.378573e+01 -1.009155e+01 7.700000e+00
      vertex   2.378573e+01 -1.009155e+01 1.410000e+01
    endloop
  endfacet
  facet normal 1.000000e+00 0.000000e+00 -0.000000e+00
    outer loop
      vertex   2.378573e+01 -1.167851e+01 9.283259e+00
      vertex   2.378573e+01 -1.009155e+01 1.410000e+01
      vertex   2.378573e+01 -1.581206e+01 2.165000e+01
    endloop
  endfacet
  facet normal 1.000000e+00 -0.000000e+00 0.000000e+00
    outer loop
      vertex   2.378573e+01 -1.581206e+01 2.165000e+01
      vertex   2.378573e+01 -1.009155e+01 1.410000e+01
      vertex   2.378573e+01 -1.170658e+00 2.165000e+01
    endloop
  endfacet
  facet normal 1.000000e+00 0.000000e+00 0.000000e+00
    outer loop
      vertex   2.378573e+01 -1.170658e+00 2.165000e+01
      vertex   2.378573e+01 -1.009155e+01 1.410000e+01
      vertex   2.378573e+01 -5.152444e+00 1.410000e+01
    endloop
  endfacet
  facet normal 1.000000e+00 0.000000e+00 0.000000e+00
    outer loop
      vertex   2.378573e+01 7.606017e+00 3.950000e+00
      vertex   2.378573e+01 1.459809e+01 6.007410e+00
      vertex   2.378573e+01 9.908451e+00 7.700000e+00
    endloop
  endfacet
  facet normal 1.000000e+00 0.000000e+00 0.000000e+00
    outer loop
      vertex   2.378573e+01 9.908451e+00 7.700000e+00
      vertex   2.378573e+01 1.459809e+01 6.007410e+00
      vertex   2.378573e+01 1.511187e+01 6.188932e+00
    endloop
  endfacet
  facet normal 1.000000e+00 0.000000e+00 0.000000e+00
    outer loop
      vertex   2.378573e+01 9.908451e+00 7.700000e+00
      vertex   2.378573e+01 1.511187e+01 6.188932e+00
      vertex   2.378573e+01 1.560335e+01 6.424234e+00
    endloop
  endfacet
  facet normal 1.000000e+00 0.000000e+00 0.000000e+00
    outer loop
      vertex   2.378573e+01 9.908451e+00 7.700000e+00
      vertex   2.378573e+01 1.560335e+01 6.424234e+00
      vertex   2.378573e+01 1.640845e+01 7.700000e+00
    endloop
  endfacet
  facet normal 1.000000e+00 0.000000e+00 0.000000e+00
    outer loop
      vertex   2.378573e+01 1.640845e+01 7.700000e+00
      vertex   2.378573e+01 1.560335e+01 6.424234e+00
      vertex   2.378573e+01 1.606692e+01 6.710630e+00
    endloop
  endfacet
  facet normal 1.000000e+00 0.000000e+00 0.000000e+00
    outer loop
      vertex   2.378573e+01 1.640845e+01 7.700000e+00
      vertex   2.378573e+01 1.606692e+01 6.710630e+00
      vertex   2.378573e+01 1.649728e+01 7.044849e+00
    endloop
  endfacet
  facet normal 1.000000e+00 0.000000e+00 -0.000000e+00
    outer loop
      vertex   2.378573e+01 1.649728e+01 7.044849e+00
      vertex   2.378573e+01 1.688954e+01 7.423078e+00
      vertex   2.378573e+01 1.640845e+01 7.700000e+00
    endloop
  endfacet
  facet normal 1.000000e+00 -0.000000e+00 0.000000e+00
    outer loop
      vertex   2.378573e+01 1.640845e+01 7.700000e+00
      vertex   2.378573e+01 1.688954e+01 7.423078e+00
      vertex   2.378573e+01 1.723920e+01 7.840997e+00
    endloop
  endfacet
  facet normal 1.000000e+00 0.000000e+00 0.000000e+00
    outer loop
      vertex   2.378573e+01 1.640845e+01 7.700000e+00
      vertex   2.378573e+01 1.723920e+01 7.840997e+00
      vertex   2.378573e+01 1.754227e+01 8.293837e+00
    endloop
  endfacet
  facet normal 1.000000e+00 0.000000e+00 -0.000000e+00
    outer loop
      vertex   2.378573e+01 1.754227e+01 8.293837e+00
      vertex   2.378573e+01 1.779531e+01 8.776427e+00
      vertex   2.378573e+01 1.640845e+01 7.700000e+00
    endloop
  endfacet
  facet normal 1.000000e+00 0.000000e+00 0.000000e+00
    outer loop
      vertex   2.378573e+01 1.640845e+01 7.700000e+00
      vertex   2.378573e+01 1.779531e+01 8.776427e+00
      vertex   2.378573e+01 1.799541e+01 9.283259e+00
    endloop
  endfacet
  facet normal 1.000000e+00 0.000000e+00 0.000000e+00
    outer loop
      vertex   2.378573e+01 1.640845e+01 7.700000e+00
      vertex   2.378573e+01 1.799541e+01 9.283259e+00
      vertex   2.378573e+01 1.640845e+01 1.410000e+01
    endloop
  endfacet
  facet normal 1.000000e+00 -0.000000e+00 0.000000e+00
    outer loop
      vertex   2.378573e+01 1.640845e+01 1.410000e+01
      vertex   2.378573e+01 1.799541e+01 9.283259e+00
      vertex   2.378573e+01 2.212896e+01 2.165000e+01
    endloop
  endfacet
  facet normal 1.000000e+00 0.000000e+00 -0.000000e+00
    outer loop
      vertex   2.378573e+01 1.640845e+01 1.410000e+01
      vertex   2.378573e+01 2.212896e+01 2.165000e+01
      vertex   2.378573e+01 7.487559e+00 2.165000e+01
    endloop
  endfacet
  facet normal 1.000000e+00 0.000000e+00 0.000000e+00
    outer loop
      vertex   2.378573e+01 7.487559e+00 2.165000e+01
      vertex   2.378573e+01 1.146935e+01 1.410000e+01
      vertex   2.378573e+01 1.640845e+01 1.410000e+01
    endloop
  endfacet
  facet normal 7.071068e-01 1.682752e-16 7.071068e-01
    outer loop
      vertex   2.363573e+01 2.233725e+01 2.180000e+01
      vertex   2.363573e+01 7.408451e+00 2.180000e+01
      vertex   2.378573e+01 2.212896e+01 2.165000e+01
    endloop
  endfacet
  facet normal 7.071068e-01 0.000000e+00 7.071068e-01
    outer loop
      vertex   2.378573e+01 2.212896e+01 2.165000e+01
      vertex   2.363573e+01 7.408451e+00 2.180000e+01
      vertex   2.378573e+01 7.487559e+00 2.165000e+01
    endloop
  endfacet
  facet normal 7.071068e-01 1.996037e-01 -6.783497e-01
    outer loop
      vertex   2.363573e+01 7.627628e+00 3.800000e+00
      vertex   2.363573e+01 1.464043e+01 5.863510e+00
      vertex   2.378573e+01 7.606017e+00 3.950000e+00
    endloop
  endfacet
  facet normal 7.071068e-01 1.996037e-01 -6.783497e-01
    outer loop
      vertex   2.378573e+01 7.606017e+00 3.950000e+00
      vertex   2.363573e+01 1.464043e+01 5.863510e+00
      vertex   2.378573e+01 1.459809e+01 6.007410e+00
    endloop
  endfacet
  facet normal 7.071068e-01 0.000000e+00 7.071068e-01
    outer loop
      vertex   2.378573e+01 -1.170658e+00 2.165000e+01
      vertex   2.363573e+01 -1.091549e+00 2.180000e+01
      vertex   2.378573e+01 -1.581206e+01 2.165000e+01
    endloop
  endfacet
  facet normal 7.071068e-01 -1.686696e-16 7.071068e-01
    outer loop
      vertex   2.378573e+01 -1.581206e+01 2.165000e+01
      vertex   2.363573e+01 -1.091549e+00 2.180000e+01
      vertex   2.363573e+01 -1.602035e+01 2.180000e+01
    endloop
  endfacet
  facet normal 7.071068e-01 -6.706362e-01 -2.241585e-01
    outer loop
      vertex   2.363573e+01 -1.602035e+01 2.180000e+01
      vertex   2.363573e+01 -1.182077e+01 9.235708e+00
      vertex   2.378573e+01 -1.581206e+01 2.165000e+01
    endloop
  endfacet
  facet normal 7.071068e-01 -6.706362e-01 -2.241585e-01
    outer loop
      vertex   2.378573e+01 -1.581206e+01 2.165000e+01
      vertex   2.363573e+01 -1.182077e+01 9.235708e+00
      vertex   2.378573e+01 -1.167851e+01 9.283259e+00
    endloop
  endfacet
  facet normal 7.066014e-01 -6.581734e-01 -2.598505e-01
    outer loop
      vertex   2.378573e+01 -1.167851e+01 9.283259e+00
      vertex   2.363573e+01 -1.182077e+01 9.235708e+00
      vertex   2.378573e+01 -1.147841e+01 8.776427e+00
    endloop
  endfacet
  facet normal 7.066014e-01 -6.581734e-01 -2.598505e-01
    outer loop
      vertex   2.378573e+01 -1.147841e+01 8.776427e+00
      vertex   2.363573e+01 -1.182077e+01 9.235708e+00
      vertex   2.363573e+01 -1.161478e+01 8.713969e+00
    endloop
  endfacet
  facet normal 7.066014e-01 -6.266929e-01 -3.285886e-01
    outer loop
      vertex   2.378573e+01 -1.147841e+01 8.776427e+00
      vertex   2.363573e+01 -1.161478e+01 8.713969e+00
      vertex   2.378573e+01 -1.122537e+01 8.293837e+00
    endloop
  endfacet
  facet normal 7.066014e-01 -6.266929e-01 -3.285886e-01
    outer loop
      vertex   2.378573e+01 -1.122537e+01 8.293837e+00
      vertex   2.363573e+01 -1.161478e+01 8.713969e+00
      vertex   2.363573e+01 -1.135431e+01 8.217185e+00
    endloop
  endfacet
  facet normal 7.066014e-01 -5.880584e-01 -3.935756e-01
    outer loop
      vertex   2.378573e+01 -1.122537e+01 8.293837e+00
      vertex   2.363573e+01 -1.135431e+01 8.217185e+00
      vertex   2.378573e+01 -1.092230e+01 7.840997e+00
    endloop
  endfacet
  facet normal 7.066014e-01 -5.880584e-01 -3.935756e-01
    outer loop
      vertex   2.378573e+01 -1.092230e+01 7.840997e+00
      vertex   2.363573e+01 -1.135431e+01 8.217185e+00
      vertex   2.363573e+01 -1.104232e+01 7.751026e+00
    endloop
  endfacet
  facet normal 7.066014e-01 -5.427109e-01 -4.540698e-01
    outer loop
      vertex   2.378573e+01 -1.092230e+01 7.840997e+00
      vertex   2.363573e+01 -1.104232e+01 7.751026e+00
      vertex   2.378573e+01 -1.057264e+01 7.423078e+00
    endloop
  endfacet
  facet normal 7.066014e-01 -5.427109e-01 -4.540698e-01
    outer loop
      vertex   2.378573e+01 -1.057264e+01 7.423078e+00
      vertex   2.363573e+01 -1.104232e+01 7.751026e+00
      vertex   2.363573e+01 -1.068237e+01 7.320815e+00
    endloop
  endfacet
  facet normal 7.066014e-01 -4.911680e-01 -5.093805e-01
    outer loop
      vertex   2.378573e+01 -1.057264e+01 7.423078e+00
      vertex   2.363573e+01 -1.068237e+01 7.320815e+00
      vertex   2.378573e+01 -1.018038e+01 7.044849e+00
    endloop
  endfacet
  facet normal 7.066014e-01 -4.911680e-01 -5.093805e-01
    outer loop
      vertex   2.378573e+01 -1.018038e+01 7.044849e+00
      vertex   2.363573e+01 -1.068237e+01 7.320815e+00
      vertex   2.363573e+01 -1.027858e+01 6.931463e+00
    endloop
  endfacet
  facet normal 7.066014e-01 -4.340182e-01 -5.588763e-01
    outer loop
      vertex   2.378573e+01 -1.018038e+01 7.044849e+00
      vertex   2.363573e+01 -1.027858e+01 6.931463e+00
      vertex   2.378573e+01 -9.750016e+00 6.710630e+00
    endloop
  endfacet
  facet normal 7.066014e-01 -4.340182e-01 -5.588763e-01
    outer loop
      vertex   2.378573e+01 -9.750016e+00 6.710630e+00
      vertex   2.363573e+01 -1.027858e+01 6.931463e+00
      vertex   2.363573e+01 -9.835559e+00 6.587413e+00
    endloop
  endfacet
  facet normal 7.066014e-01 -3.719138e-01 -6.019922e-01
    outer loop
      vertex   2.378573e+01 -9.750016e+00 6.710630e+00
      vertex   2.363573e+01 -9.835559e+00 6.587413e+00
      vertex   2.378573e+01 -9.286447e+00 6.424234e+00
    endloop
  endfacet
  facet normal 7.066014e-01 -3.719138e-01 -6.019922e-01
    outer loop
      vertex   2.378573e+01 -9.286447e+00 6.424234e+00
      vertex   2.363573e+01 -9.835559e+00 6.587413e+00
      vertex   2.363573e+01 -9.358355e+00 6.292594e+00
    endloop
  endfacet
  facet normal 7.066014e-01 -3.055638e-01 -6.382361e-01
    outer loop
      vertex   2.378573e+01 -9.286447e+00 6.424234e+00
      vertex   2.363573e+01 -9.358355e+00 6.292594e+00
      vertex   2.378573e+01 -8.794967e+00 6.188932e+00
    endloop
  endfacet
  facet normal 7.066014e-01 -3.055638e-01 -6.382361e-01
    outer loop
      vertex   2.378573e+01 -8.794967e+00 6.188932e+00
      vertex   2.363573e+01 -9.358355e+00 6.292594e+00
      vertex   2.363573e+01 -8.852421e+00 6.050372e+00
    endloop
  endfacet
  facet normal 7.066014e-01 -2.357256e-01 -6.671941e-01
    outer loop
      vertex   2.378573e+01 -8.794967e+00 6.188932e+00
      vertex   2.363573e+01 -8.852421e+00 6.050372e+00
      vertex   2.378573e+01 -8.281189e+00 6.007410e+00
    endloop
  endfacet
  facet normal 7.066014e-01 -2.357256e-01 -6.671941e-01
    outer loop
      vertex   2.378573e+01 -8.281189e+00 6.007410e+00
      vertex   2.363573e+01 -8.852421e+00 6.050372e+00
      vertex   2.363573e+01 -8.323531e+00 5.863510e+00
    endloop
  endfacet
  facet normal 7.071068e-01 -1.996037e-01 -6.783497e-01
    outer loop
      vertex   2.378573e+01 -8.281189e+00 6.007410e+00
      vertex   2.363573e+01 -8.323531e+00 5.863510e+00
      vertex   2.378573e+01 -1.289116e+00 3.950000e+00
    endloop
  endfacet
  facet normal 7.071068e-01 -1.996037e-01 -6.783497e-01
    outer loop
      vertex   2.378573e+01 -1.289116e+00 3.950000e+00
      vertex   2.363573e+01 -8.323531e+00 5.863510e+00
      vertex   2.363573e+01 -1.310727e+00 3.800000e+00
    endloop
  endfacet
  facet normal 7.071068e-01 -1.521528e-14 -7.071068e-01
    outer loop
      vertex   2.378573e+01 -1.289116e+00 3.950000e+00
      vertex   2.363573e+01 -1.310727e+00 3.800000e+00
      vertex   2.378573e+01 7.606017e+00 3.950000e+00
    endloop
  endfacet
  facet normal 7.071068e-01 -7.106825e-17 -7.071068e-01
    outer loop
      vertex   2.378573e+01 7.606017e+00 3.950000e+00
      vertex   2.363573e+01 -1.310727e+00 3.800000e+00
      vertex   2.363573e+01 7.627628e+00 3.800000e+00
    endloop
  endfacet
  facet normal 7.066014e-01 2.357256e-01 -6.671941e-01
    outer loop
      vertex   2.378573e+01 1.459809e+01 6.007410e+00
      vertex   2.363573e+01 1.464043e+01 5.863510e+00
      vertex   2.378573e+01 1.511187e+01 6.188932e+00
    endloop
  endfacet
  facet normal 7.066014e-01 2.357256e-01 -6.671941e-01
    outer loop
      vertex   2.378573e+01 1.511187e+01 6.188932e+00
      vertex   2.363573e+01 1.464043e+01 5.863510e+00
      vertex   2.363573e+01 1.516932e+01 6.050372e+00
    endloop
  endfacet
  facet normal 7.066014e-01 3.055638e-01 -6.382361e-01
    outer loop
      vertex   2.378573e+01 1.511187e+01 6.188932e+00
      vertex   2.363573e+01 1.516932e+01 6.050372e+00
      vertex   2.378573e+01 1.560335e+01 6.424234e+00
    endloop
  endfacet
  facet normal 7.066014e-01 3.055638e-01 -6.382361e-01
    outer loop
      vertex   2.378573e+01 1.560335e+01 6.424234e+00
      vertex   2.363573e+01 1.516932e+01 6.050372e+00
      vertex   2.363573e+01 1.567526e+01 6.292594e+00
    endloop
  endfacet
  facet normal 7.066014e-01 3.719138e-01 -6.019922e-01
    outer loop
      vertex   2.378573e+01 1.560335e+01 6.424234e+00
      vertex   2.363573e+01 1.567526e+01 6.292594e+00
      vertex   2.378573e+01 1.606692e+01 6.710630e+00
    endloop
  endfacet
  facet normal 7.066014e-01 3.719138e-01 -6.019922e-01
    outer loop
      vertex   2.378573e+01 1.606692e+01 6.710630e+00
      vertex   2.363573e+01 1.567526e+01 6.292594e+00
      vertex   2.363573e+01 1.615246e+01 6.587413e+00
    endloop
  endfacet
  facet normal 7.066014e-01 4.340182e-01 -5.588763e-01
    outer loop
      vertex   2.378573e+01 1.606692e+01 6.710630e+00
      vertex   2.363573e+01 1.615246e+01 6.587413e+00
      vertex   2.378573e+01 1.649728e+01 7.044849e+00
    endloop
  endfacet
  facet normal 7.066014e-01 4.340182e-01 -5.588763e-01
    outer loop
      vertex   2.378573e+01 1.649728e+01 7.044849e+00
      vertex   2.363573e+01 1.615246e+01 6.587413e+00
      vertex   2.363573e+01 1.659549e+01 6.931463e+00
    endloop
  endfacet
  facet normal 7.066014e-01 4.911680e-01 -5.093805e-01
    outer loop
      vertex   2.378573e+01 1.649728e+01 7.044849e+00
      vertex   2.363573e+01 1.659549e+01 6.931463e+00
      vertex   2.378573e+01 1.688954e+01 7.423078e+00
    endloop
  endfacet
  facet normal 7.066014e-01 4.911680e-01 -5.093805e-01
    outer loop
      vertex   2.378573e+01 1.688954e+01 7.423078e+00
      vertex   2.363573e+01 1.659549e+01 6.931463e+00
      vertex   2.363573e+01 1.699928e+01 7.320815e+00
    endloop
  endfacet
  facet normal 7.066014e-01 5.427109e-01 -4.540698e-01
    outer loop
      vertex   2.378573e+01 1.688954e+01 7.423078e+00
      vertex   2.363573e+01 1.699928e+01 7.320815e+00
      vertex   2.378573e+01 1.723920e+01 7.840997e+00
    endloop
  endfacet
  facet normal 7.066014e-01 5.427109e-01 -4.540698e-01
    outer loop
      vertex   2.378573e+01 1.723920e+01 7.840997e+00
      vertex   2.363573e+01 1.699928e+01 7.320815e+00
      vertex   2.363573e+01 1.735922e+01 7.751026e+00
    endloop
  endfacet
  facet normal 7.066014e-01 5.880584e-01 -3.935756e-01
    outer loop
      vertex   2.378573e+01 1.723920e+01 7.840997e+00
      vertex   2.363573e+01 1.735922e+01 7.751026e+00
      vertex   2.378573e+01 1.754227e+01 8.293837e+00
    endloop
  endfacet
  facet normal 7.066014e-01 5.880584e-01 -3.935756e-01
    outer loop
      vertex   2.378573e+01 1.754227e+01 8.293837e+00
      vertex   2.363573e+01 1.735922e+01 7.751026e+00
      vertex   2.363573e+01 1.767121e+01 8.217185e+00
    endloop
  endfacet
  facet normal 7.066014e-01 6.266929e-01 -3.285886e-01
    outer loop
      vertex   2.378573e+01 1.754227e+01 8.293837e+00
      vertex   2.363573e+01 1.767121e+01 8.217185e+00
      vertex   2.378573e+01 1.779531e+01 8.776427e+00
    endloop
  endfacet
  facet normal 7.066014e-01 6.266929e-01 -3.285886e-01
    outer loop
      vertex   2.378573e+01 1.779531e+01 8.776427e+00
      vertex   2.363573e+01 1.767121e+01 8.217185e+00
      vertex   2.363573e+01 1.793169e+01 8.713969e+00
    endloop
  endfacet
  facet normal 7.066014e-01 6.581734e-01 -2.598505e-01
    outer loop
      vertex   2.378573e+01 1.779531e+01 8.776427e+00
      vertex   2.363573e+01 1.793169e+01 8.713969e+00
      vertex   2.378573e+01 1.799541e+01 9.283259e+00
    endloop
  endfacet
  facet normal 7.066014e-01 6.581734e-01 -2.598505e-01
    outer loop
      vertex   2.378573e+01 1.799541e+01 9.283259e+00
      vertex   2.363573e+01 1.793169e+01 8.713969e+00
      vertex   2.363573e+01 1.813767e+01 9.235708e+00
    endloop
  endfacet
  facet normal 7.071068e-01 6.706362e-01 -2.241585e-01
    outer loop
      vertex   2.378573e+01 1.799541e+01 9.283259e+00
      vertex   2.363573e+01 1.813767e+01 9.235708e+00
      vertex   2.378573e+01 2.212896e+01 2.165000e+01
    endloop
  endfacet
  facet normal 7.071068e-01 6.706362e-01 -2.241585e-01
    outer loop
      vertex   2.378573e+01 2.212896e+01 2.165000e+01
      vertex   2.363573e+01 1.813767e+01 9.235708e+00
      vertex   2.363573e+01 2.233725e+01 2.180000e+01
    endloop
  endfacet
  facet normal 2.282534e-14 -8.845267e-01 -4.664895e-01
    outer loop
      vertex   2.378573e+01 7.487559e+00 2.165000e+01
      vertex   2.363573e+01 7.408451e+00 2.180000e+01
      vertex   2.378573e+01 1.146935e+01 1.410000e+01
    endloop
  endfacet
  facet normal -5.433657e-17 -8.845267e-01 -4.664895e-01
    outer loop
      vertex   2.378573e+01 1.146935e+01 1.410000e+01
      vertex   2.363573e+01 7.408451e+00 2.180000e+01
      vertex   2.228573e+01 8.158451e+00 2.037790e+01
    endloop
  endfacet
  facet normal -0.000000e+00 -8.845267e-01 -4.664895e-01
    outer loop
      vertex   2.378573e+01 1.146935e+01 1.410000e+01
      vertex   2.228573e+01 8.158451e+00 2.037790e+01
      vertex   2.228573e+01 1.146935e+01 1.410000e+01
    endloop
  endfacet
  facet normal -2.394263e-14 -8.845267e-01 -4.664895e-01
    outer loop
      vertex   2.363573e+01 7.408451e+00 2.180000e+01
      vertex   2.153573e+01 7.408451e+00 2.180000e+01
      vertex   2.228573e+01 8.158451e+00 2.037790e+01
    endloop
  endfacet
  facet normal -1.889574e-29 -6.980766e-16 1.000000e+00
    outer loop
      vertex   2.153573e+01 7.408451e+00 2.180000e+01
      vertex   2.363573e+01 7.408451e+00 2.180000e+01
      vertex   2.128573e+01 1.758703e+01 2.180000e+01
    endloop
  endfacet
  facet normal 4.054339e-15 2.379771e-16 1.000000e+00
    outer loop
      vertex   2.128573e+01 1.758703e+01 2.180000e+01
      vertex   2.363573e+01 7.408451e+00 2.180000e+01
      vertex   2.363573e+01 2.233725e+01 2.180000e+01
    endloop
  endfacet
  facet normal 4.535379e-15 -0.000000e+00 1.000000e+00
    outer loop
      vertex   2.128573e+01 1.758703e+01 2.180000e+01
      vertex   2.363573e+01 2.233725e+01 2.180000e+01
      vertex   2.128573e+01 1.965436e+01 2.180000e+01
    endloop
  endfacet
  facet normal -6.740841e-29 3.972635e-15 1.000000e+00
    outer loop
      vertex   2.128573e+01 1.965436e+01 2.180000e+01
      vertex   2.363573e+01 2.233725e+01 2.180000e+01
      vertex   2.028573e+01 2.233725e+01 2.180000e+01
    endloop
  endfacet
  facet normal 0.000000e+00 3.972635e-15 1.000000e+00
    outer loop
      vertex   2.128573e+01 1.965436e+01 2.180000e+01
      vertex   2.028573e+01 2.233725e+01 2.180000e+01
      vertex   -5.714272e+00 1.965436e+01 2.180000e+01
    endloop
  endfacet
  facet normal 7.168831e-30 3.972635e-15 1.000000e+00
    outer loop
      vertex   -5.714272e+00 1.965436e+01 2.180000e+01
      vertex   2.028573e+01 2.233725e+01 2.180000e+01
      vertex   -1.121427e+01 2.233725e+01 2.180000e+01
    endloop
  endfacet
  facet normal -1.937844e-15 0.000000e+00 1.000000e+00
    outer loop
      vertex   -5.714272e+00 1.965436e+01 2.180000e+01
      vertex   -1.121427e+01 2.233725e+01 2.180000e+01
      vertex   -5.714272e+00 1.758703e+01 2.180000e+01
    endloop
  endfacet
  facet normal -1.732308e-15 2.379771e-16 1.000000e+00
    outer loop
      vertex   -5.714272e+00 1.758703e+01 2.180000e+01
      vertex   -1.121427e+01 2.233725e+01 2.180000e+01
      vertex   -1.121427e+01 7.408451e+00 2.180000e+01
    endloop
  endfacet
  facet normal 0.000000e+00 -6.980766e-16 1.000000e+00
    outer loop
      vertex   -5.714272e+00 1.758703e+01 2.180000e+01
      vertex   -1.121427e+01 7.408451e+00 2.180000e+01
      vertex   2.153573e+01 7.408451e+00 2.180000e+01
    endloop
  endfacet
  facet normal 0.000000e+00 -6.980766e-16 1.000000e+00
    outer loop
      vertex   -5.714272e+00 1.758703e+01 2.180000e+01
      vertex   2.153573e+01 7.408451e+00 2.180000e+01
      vertex   2.128573e+01 1.758703e+01 2.180000e+01
    endloop
  endfacet
  facet normal -1.609301e-14 9.484229e-01 -3.170080e-01
    outer loop
      vertex   2.363573e+01 2.233725e+01 2.180000e+01
      vertex   2.363573e+01 1.813767e+01 9.235708e+00
      vertex   2.028573e+01 2.233725e+01 2.180000e+01
    endloop
  endfacet
  facet normal -6.608588e-17 9.484229e-01 -3.170080e-01
    outer loop
      vertex   2.028573e+01 2.233725e+01 2.180000e+01
      vertex   2.363573e+01 1.813767e+01 9.235708e+00
      vertex   2.028573e+01 1.813767e+01 9.235708e+00
    endloop
  endfacet
  facet normal 0.000000e+00 9.301334e-01 -3.672218e-01
    outer loop
      vertex   2.028573e+01 1.813767e+01 9.235708e+00
      vertex   2.363573e+01 1.813767e+01 9.235708e+00
      vertex   2.028573e+01 1.793169e+01 8.713969e+00
    endloop
  endfacet
  facet normal -7.916957e-16 9.301334e-01 -3.672218e-01
    outer loop
      vertex   2.028573e+01 1.793169e+01 8.713969e+00
      vertex   2.363573e+01 1.813767e+01 9.235708e+00
      vertex   2.363573e+01 1.793169e+01 8.713969e+00
    endloop
  endfacet
  facet normal -6.930058e-16 8.856451e-01 -4.643627e-01
    outer loop
      vertex   2.028573e+01 1.793169e+01 8.713969e+00
      vertex   2.363573e+01 1.793169e+01 8.713969e+00
      vertex   2.028573e+01 1.767121e+01 8.217185e+00
    endloop
  endfacet
  facet normal 0.000000e+00 8.856451e-01 -4.643627e-01
    outer loop
      vertex   2.028573e+01 1.767121e+01 8.217185e+00
      vertex   2.363573e+01 1.793169e+01 8.713969e+00
      vertex   2.363573e+01 1.767121e+01 8.217185e+00
    endloop
  endfacet
  facet normal 0.000000e+00 8.310467e-01 -5.562027e-01
    outer loop
      vertex   2.028573e+01 1.767121e+01 8.217185e+00
      vertex   2.363573e+01 1.767121e+01 8.217185e+00
      vertex   2.028573e+01 1.735922e+01 7.751026e+00
    endloop
  endfacet
  facet normal 0.000000e+00 8.310467e-01 -5.562027e-01
    outer loop
      vertex   2.028573e+01 1.735922e+01 7.751026e+00
      vertex   2.363573e+01 1.767121e+01 8.217185e+00
      vertex   2.363573e+01 1.735922e+01 7.751026e+00
    endloop
  endfacet
  facet normal 0.000000e+00 7.669614e-01 -6.416933e-01
    outer loop
      vertex   2.028573e+01 1.735922e+01 7.751026e+00
      vertex   2.363573e+01 1.735922e+01 7.751026e+00
      vertex   2.028573e+01 1.699928e+01 7.320815e+00
    endloop
  endfacet
  facet normal 0.000000e+00 7.669614e-01 -6.416933e-01
    outer loop
      vertex   2.028573e+01 1.699928e+01 7.320815e+00
      vertex   2.363573e+01 1.735922e+01 7.751026e+00
      vertex   2.363573e+01 1.699928e+01 7.320815e+00
    endloop
  endfacet
  facet normal 0.000000e+00 6.941207e-01 -7.198586e-01
    outer loop
      vertex   2.028573e+01 1.699928e+01 7.320815e+00
      vertex   2.363573e+01 1.699928e+01 7.320815e+00
      vertex   2.028573e+01 1.659549e+01 6.931463e+00
    endloop
  endfacet
  facet normal 0.000000e+00 6.941207e-01 -7.198586e-01
    outer loop
      vertex   2.028573e+01 1.659549e+01 6.931463e+00
      vertex   2.363573e+01 1.699928e+01 7.320815e+00
      vertex   2.363573e+01 1.659549e+01 6.931463e+00
    endloop
  endfacet
  facet normal 0.000000e+00 6.133563e-01 -7.898063e-01
    outer loop
      vertex   2.028573e+01 1.659549e+01 6.931463e+00
      vertex   2.363573e+01 1.659549e+01 6.931463e+00
      vertex   2.028573e+01 1.615246e+01 6.587413e+00
    endloop
  endfacet
  facet normal 0.000000e+00 6.133563e-01 -7.898063e-01
    outer loop
      vertex   2.028573e+01 1.615246e+01 6.587413e+00
      vertex   2.363573e+01 1.659549e+01 6.931463e+00
      vertex   2.363573e+01 1.615246e+01 6.587413e+00
    endloop
  endfacet
  facet normal 0.000000e+00 5.255901e-01 -8.507379e-01
    outer loop
      vertex   2.028573e+01 1.615246e+01 6.587413e+00
      vertex   2.363573e+01 1.615246e+01 6.587413e+00
      vertex   2.028573e+01 1.567526e+01 6.292594e+00
    endloop
  endfacet
  facet normal 0.000000e+00 5.255901e-01 -8.507379e-01
    outer loop
      vertex   2.028573e+01 1.567526e+01 6.292594e+00
      vertex   2.363573e+01 1.615246e+01 6.587413e+00
      vertex   2.363573e+01 1.567526e+01 6.292594e+00
    endloop
  endfacet
  facet normal 0.000000e+00 4.318240e-01 -9.019579e-01
    outer loop
      vertex   2.028573e+01 1.567526e+01 6.292594e+00
      vertex   2.363573e+01 1.567526e+01 6.292594e+00
      vertex   2.028573e+01 1.516932e+01 6.050372e+00
    endloop
  endfacet
  facet normal 0.000000e+00 4.318240e-01 -9.019579e-01
    outer loop
      vertex   2.028573e+01 1.516932e+01 6.050372e+00
      vertex   2.363573e+01 1.567526e+01 6.292594e+00
      vertex   2.363573e+01 1.516932e+01 6.050372e+00
    endloop
  endfacet
  facet normal 0.000000e+00 3.331284e-01 -9.428815e-01
    outer loop
      vertex   2.028573e+01 1.516932e+01 6.050372e+00
      vertex   2.363573e+01 1.516932e+01 6.050372e+00
      vertex   2.028573e+01 1.464043e+01 5.863510e+00
    endloop
  endfacet
  facet normal 0.000000e+00 3.331284e-01 -9.428815e-01
    outer loop
      vertex   2.028573e+01 1.464043e+01 5.863510e+00
      vertex   2.363573e+01 1.516932e+01 6.050372e+00
      vertex   2.363573e+01 1.464043e+01 5.863510e+00
    endloop
  endfacet
  facet normal 0.000000e+00 2.822822e-01 -9.593314e-01
    outer loop
      vertex   2.363573e+01 1.464043e+01 5.863510e+00
      vertex   2.363573e+01 7.627628e+00 3.800000e+00
      vertex   2.028573e+01 1.464043e+01 5.863510e+00
    endloop
  endfacet
  facet normal -1.283136e-17 2.822822e-01 -9.593314e-01
    outer loop
      vertex   2.028573e+01 1.464043e+01 5.863510e+00
      vertex   2.363573e+01 7.627628e+00 3.800000e+00
      vertex   2.028573e+01 7.627628e+00 3.800000e+00
    endloop
  endfacet
  facet normal 5.702937e-15 -9.936711e-17 -1.000000e+00
    outer loop
      vertex   2.363573e+01 -1.310727e+00 3.800000e+00
      vertex   1.260429e+01 4.658451e+00 3.800000e+00
      vertex   2.363573e+01 7.627628e+00 3.800000e+00
    endloop
  endfacet
  facet normal 8.192735e-14 -2.832974e-13 -1.000000e+00
    outer loop
      vertex   2.363573e+01 7.627628e+00 3.800000e+00
      vertex   1.260429e+01 4.658451e+00 3.800000e+00
      vertex   2.028573e+01 7.307810e+00 3.800000e+00
    endloop
  endfacet
  facet normal 0.000000e+00 5.748669e-13 -1.000000e+00
    outer loop
      vertex   2.363573e+01 7.627628e+00 3.800000e+00
      vertex   2.028573e+01 7.307810e+00 3.800000e+00
      vertex   2.028573e+01 7.627628e+00 3.800000e+00
    endloop
  endfacet
  facet normal 0.000000e+00 -2.221708e-14 -1.000000e+00
    outer loop
      vertex   2.028573e+01 -1.310727e+00 3.800000e+00
      vertex   2.028573e+01 -9.909083e-01 3.800000e+00
      vertex   2.363573e+01 -1.310727e+00 3.800000e+00
    endloop
  endfacet
  facet normal -3.067226e-15 -5.434535e-14 -1.000000e+00
    outer loop
      vertex   2.363573e+01 -1.310727e+00 3.800000e+00
      vertex   2.028573e+01 -9.909083e-01 3.800000e+00
      vertex   1.258099e+01 1.658451e+00 3.800000e+00
    endloop
  endfacet
  facet normal 1.721873e-14 2.118260e-14 -1.000000e+00
    outer loop
      vertex   2.363573e+01 -1.310727e+00 3.800000e+00
      vertex   1.258099e+01 1.658451e+00 3.800000e+00
      vertex   1.260429e+01 4.658451e+00 3.800000e+00
    endloop
  endfacet
  facet normal -0.000000e+00 -4.542539e-14 -1.000000e+00
    outer loop
      vertex   2.028573e+01 -9.909083e-01 3.800000e+00
      vertex   -1.121427e+01 -9.909083e-01 3.800000e+00
      vertex   1.258099e+01 1.658451e+00 3.800000e+00
    endloop
  endfacet
  facet normal -2.687461e-15 -2.128792e-14 -1.000000e+00
    outer loop
      vertex   1.258099e+01 1.658451e+00 3.800000e+00
      vertex   -1.121427e+01 -9.909083e-01 3.800000e+00
      vertex   -1.121427e+01 1.658451e+00 3.800000e+00
    endloop
  endfacet
  facet normal 0.000000e+00 -4.576064e-14 -1.000000e+00
    outer loop
      vertex   -1.121427e+01 4.658451e+00 3.800000e+00
      vertex   -1.121427e+01 7.307810e+00 3.800000e+00
      vertex   1.260429e+01 4.658451e+00 3.800000e+00
    endloop
  endfacet
  facet normal 1.087043e-31 -4.576064e-14 -1.000000e+00
    outer loop
      vertex   1.260429e+01 4.658451e+00 3.800000e+00
      vertex   -1.121427e+01 7.307810e+00 3.800000e+00
      vertex   2.028573e+01 7.307810e+00 3.800000e+00
    endloop
  endfacet
  facet normal -0.000000e+00 -2.822822e-01 -9.593314e-01
    outer loop
      vertex   2.363573e+01 -1.310727e+00 3.800000e+00
      vertex   2.363573e+01 -8.323531e+00 5.863510e+00
      vertex   2.028573e+01 -1.310727e+00 3.800000e+00
    endloop
  endfacet
  facet normal -8.787049e-18 -2.822822e-01 -9.593314e-01
    outer loop
      vertex   2.028573e+01 -1.310727e+00 3.800000e+00
      vertex   2.363573e+01 -8.323531e+00 5.863510e+00
      vertex   2.028573e+01 -8.323531e+00 5.863510e+00
    endloop
  endfacet
  facet normal 0.000000e+00 -3.331284e-01 -9.428815e-01
    outer loop
      vertex   2.028573e+01 -8.323531e+00 5.863510e+00
      vertex   2.363573e+01 -8.323531e+00 5.863510e+00
      vertex   2.028573e+01 -8.852421e+00 6.050372e+00
    endloop
  endfacet
  facet normal 4.999683e-16 -3.331284e-01 -9.428815e-01
    outer loop
      vertex   2.028573e+01 -8.852421e+00 6.050372e+00
      vertex   2.363573e+01 -8.323531e+00 5.863510e+00
      vertex   2.363573e+01 -8.852421e+00 6.050372e+00
    endloop
  endfacet
  facet normal 4.782684e-16 -4.318240e-01 -9.019579e-01
    outer loop
      vertex   2.028573e+01 -8.852421e+00 6.050372e+00
      vertex   2.363573e+01 -8.852421e+00 6.050372e+00
      vertex   2.028573e+01 -9.358355e+00 6.292594e+00
    endloop
  endfacet
  facet normal 0.000000e+00 -4.318240e-01 -9.019579e-01
    outer loop
      vertex   2.028573e+01 -9.358355e+00 6.292594e+00
      vertex   2.363573e+01 -8.852421e+00 6.050372e+00
      vertex   2.363573e+01 -9.358355e+00 6.292594e+00
    endloop
  endfacet
  facet normal 0.000000e+00 -5.255901e-01 -8.507379e-01
    outer loop
      vertex   2.028573e+01 -9.358355e+00 6.292594e+00
      vertex   2.363573e+01 -9.358355e+00 6.292594e+00
      vertex   2.028573e+01 -9.835559e+00 6.587413e+00
    endloop
  endfacet
  facet normal 7.298059e-16 -5.255901e-01 -8.507379e-01
    outer loop
      vertex   2.028573e+01 -9.835559e+00 6.587413e+00
      vertex   2.363573e+01 -9.358355e+00 6.292594e+00
      vertex   2.363573e+01 -9.835559e+00 6.587413e+00
    endloop
  endfacet
  facet normal 7.440351e-16 -6.133563e-01 -7.898063e-01
    outer loop
      vertex   2.028573e+01 -9.835559e+00 6.587413e+00
      vertex   2.363573e+01 -9.835559e+00 6.587413e+00
      vertex   2.028573e+01 -1.027858e+01 6.931463e+00
    endloop
  endfacet
  facet normal 3.252357e-16 -6.133563e-01 -7.898063e-01
    outer loop
      vertex   2.028573e+01 -1.027858e+01 6.931463e+00
      vertex   2.363573e+01 -9.835559e+00 6.587413e+00
      vertex   2.363573e+01 -1.027858e+01 6.931463e+00
    endloop
  endfacet
  facet normal 3.680615e-16 -6.941207e-01 -7.198586e-01
    outer loop
      vertex   2.028573e+01 -1.027858e+01 6.931463e+00
      vertex   2.363573e+01 -1.027858e+01 6.931463e+00
      vertex   2.028573e+01 -1.068237e+01 7.320815e+00
    endloop
  endfacet
  facet normal 7.497707e-16 -6.941207e-01 -7.198586e-01
    outer loop
      vertex   2.028573e+01 -1.068237e+01 7.320815e+00
      vertex   2.363573e+01 -1.027858e+01 6.931463e+00
      vertex   2.363573e+01 -1.068237e+01 7.320815e+00
    endloop
  endfacet
  facet normal 7.469473e-16 -7.669614e-01 -6.416933e-01
    outer loop
      vertex   2.028573e+01 -1.068237e+01 7.320815e+00
      vertex   2.363573e+01 -1.068237e+01 7.320815e+00
      vertex   2.028573e+01 -1.104232e+01 7.751026e+00
    endloop
  endfacet
  facet normal 0.000000e+00 -7.669614e-01 -6.416933e-01
    outer loop
      vertex   2.028573e+01 -1.104232e+01 7.751026e+00
      vertex   2.363573e+01 -1.068237e+01 7.320815e+00
      vertex   2.363573e+01 -1.104232e+01 7.751026e+00
    endloop
  endfacet
  facet normal 0.000000e+00 -8.310467e-01 -5.562027e-01
    outer loop
      vertex   2.028573e+01 -1.104232e+01 7.751026e+00
      vertex   2.363573e+01 -1.104232e+01 7.751026e+00
      vertex   2.028573e+01 -1.135431e+01 8.217185e+00
    endloop
  endfacet
  facet normal 0.000000e+00 -8.310467e-01 -5.562027e-01
    outer loop
      vertex   2.028573e+01 -1.135431e+01 8.217185e+00
      vertex   2.363573e+01 -1.104232e+01 7.751026e+00
      vertex   2.363573e+01 -1.135431e+01 8.217185e+00
    endloop
  endfacet
  facet normal 0.000000e+00 -8.856451e-01 -4.643627e-01
    outer loop
      vertex   2.028573e+01 -1.135431e+01 8.217185e+00
      vertex   2.363573e+01 -1.135431e+01 8.217185e+00
      vertex   2.028573e+01 -1.161478e+01 8.713969e+00
    endloop
  endfacet
  facet normal 1.185468e-15 -8.856451e-01 -4.643627e-01
    outer loop
      vertex   2.028573e+01 -1.161478e+01 8.713969e+00
      vertex   2.363573e+01 -1.135431e+01 8.217185e+00
      vertex   2.363573e+01 -1.161478e+01 8.713969e+00
    endloop
  endfacet
  facet normal 1.181139e-15 -9.301334e-01 -3.672218e-01
    outer loop
      vertex   2.028573e+01 -1.161478e+01 8.713969e+00
      vertex   2.363573e+01 -1.161478e+01 8.713969e+00
      vertex   2.028573e+01 -1.182077e+01 9.235708e+00
    endloop
  endfacet
  facet normal 0.000000e+00 -9.301334e-01 -3.672218e-01
    outer loop
      vertex   2.028573e+01 -1.182077e+01 9.235708e+00
      vertex   2.363573e+01 -1.161478e+01 8.713969e+00
      vertex   2.363573e+01 -1.182077e+01 9.235708e+00
    endloop
  endfacet
  facet normal -0.000000e+00 -9.484229e-01 -3.170080e-01
    outer loop
      vertex   2.363573e+01 -1.182077e+01 9.235708e+00
      vertex   2.363573e+01 -1.602035e+01 2.180000e+01
      vertex   2.028573e+01 -1.182077e+01 9.235708e+00
    endloop
  endfacet
  facet normal -9.662949e-18 -9.484229e-01 -3.170080e-01
    outer loop
      vertex   2.028573e+01 -1.182077e+01 9.235708e+00
      vertex   2.363573e+01 -1.602035e+01 2.180000e+01
      vertex   2.028573e+01 -1.602035e+01 2.180000e+01
    endloop
  endfacet
  facet normal 4.054339e-15 -2.379771e-16 1.000000e+00
    outer loop
      vertex   2.363573e+01 -1.091549e+00 2.180000e+01
      vertex   2.128573e+01 -1.127013e+01 2.180000e+01
      vertex   2.363573e+01 -1.602035e+01 2.180000e+01
    endloop
  endfacet
  facet normal 4.535379e-15 0.000000e+00 1.000000e+00
    outer loop
      vertex   2.363573e+01 -1.602035e+01 2.180000e+01
      vertex   2.128573e+01 -1.127013e+01 2.180000e+01
      vertex   2.128573e+01 -1.333746e+01 2.180000e+01
    endloop
  endfacet
  facet normal 0.000000e+00 -3.972635e-15 1.000000e+00
    outer loop
      vertex   2.363573e+01 -1.602035e+01 2.180000e+01
      vertex   2.128573e+01 -1.333746e+01 2.180000e+01
      vertex   2.028573e+01 -1.602035e+01 2.180000e+01
    endloop
  endfacet
  facet normal 0.000000e+00 -3.972635e-15 1.000000e+00
    outer loop
      vertex   2.028573e+01 -1.602035e+01 2.180000e+01
      vertex   2.128573e+01 -1.333746e+01 2.180000e+01
      vertex   -5.714272e+00 -1.333746e+01 2.180000e+01
    endloop
  endfacet
  facet normal 0.000000e+00 -3.972635e-15 1.000000e+00
    outer loop
      vertex   2.028573e+01 -1.602035e+01 2.180000e+01
      vertex   -5.714272e+00 -1.333746e+01 2.180000e+01
      vertex   -1.121427e+01 -1.602035e+01 2.180000e+01
    endloop
  endfacet
  facet normal -1.937844e-15 0.000000e+00 1.000000e+00
    outer loop
      vertex   -1.121427e+01 -1.602035e+01 2.180000e+01
      vertex   -5.714272e+00 -1.333746e+01 2.180000e+01
      vertex   -5.714272e+00 -1.127013e+01 2.180000e+01
    endloop
  endfacet
  facet normal -1.732308e-15 -2.379771e-16 1.000000e+00
    outer loop
      vertex   -1.121427e+01 -1.602035e+01 2.180000e+01
      vertex   -5.714272e+00 -1.127013e+01 2.180000e+01
      vertex   -1.121427e+01 -1.091549e+00 2.180000e+01
    endloop
  endfacet
  facet normal -0.000000e+00 6.980766e-16 1.000000e+00
    outer loop
      vertex   -1.121427e+01 -1.091549e+00 2.180000e+01
      vertex   -5.714272e+00 -1.127013e+01 2.180000e+01
      vertex   2.153573e+01 -1.091549e+00 2.180000e+01
    endloop
  endfacet
  facet normal 0.000000e+00 6.980766e-16 1.000000e+00
    outer loop
      vertex   2.153573e+01 -1.091549e+00 2.180000e+01
      vertex   -5.714272e+00 -1.127013e+01 2.180000e+01
      vertex   2.128573e+01 -1.127013e+01 2.180000e+01
    endloop
  endfacet
  facet normal 1.476230e-30 6.980766e-16 1.000000e+00
    outer loop
      vertex   2.153573e+01 -1.091549e+00 2.180000e+01
      vertex   2.128573e+01 -1.127013e+01 2.180000e+01
      vertex   2.363573e+01 -1.091549e+00 2.180000e+01
    endloop
  endfacet
  facet normal 1.000000e+00 0.000000e+00 0.000000e+00
    outer loop
      vertex   2.128573e+01 1.758703e+01 2.180000e+01
      vertex   2.128573e+01 1.965436e+01 2.294184e+01
      vertex   2.128573e+01 1.915773e+01 2.461984e+01
    endloop
  endfacet
  facet normal 1.000000e+00 0.000000e+00 0.000000e+00
    outer loop
      vertex   2.128573e+01 1.915773e+01 2.461984e+01
      vertex   2.128573e+01 1.965436e+01 2.294184e+01
      vertex   2.128573e+01 1.989968e+01 2.293235e+01
    endloop
  endfacet
  facet normal 1.000000e+00 0.000000e+00 0.000000e+00
    outer loop
      vertex   2.128573e+01 1.915773e+01 2.461984e+01
      vertex   2.128573e+01 1.989968e+01 2.293235e+01
      vertex   2.128573e+01 2.013956e+01 2.298456e+01
    endloop
  endfacet
  facet normal 1.000000e+00 0.000000e+00 0.000000e+00
    outer loop
      vertex   2.128573e+01 1.758703e+01 2.180000e+01
      vertex   2.128573e+01 1.965436e+01 2.180000e+01
      vertex   2.128573e+01 1.965436e+01 2.294184e+01
    endloop
  endfacet
  facet normal 1.000000e+00 0.000000e+00 -0.000000e+00
    outer loop
      vertex   2.128573e+01 2.013956e+01 2.298456e+01
      vertex   2.128573e+01 2.035874e+01 2.309514e+01
      vertex   2.128573e+01 1.915773e+01 2.461984e+01
    endloop
  endfacet
  facet normal 1.000000e+00 0.000000e+00 0.000000e+00
    outer loop
      vertex   2.128573e+01 1.915773e+01 2.461984e+01
      vertex   2.128573e+01 2.035874e+01 2.309514e+01
      vertex   2.128573e+01 2.054327e+01 2.325705e+01
    endloop
  endfacet
  facet normal 1.000000e+00 0.000000e+00 0.000000e+00
    outer loop
      vertex   2.128573e+01 1.915773e+01 2.461984e+01
      vertex   2.128573e+01 2.054327e+01 2.325705e+01
      vertex   2.128573e+01 2.068141e+01 2.346000e+01
    endloop
  endfacet
  facet normal 1.000000e+00 0.000000e+00 -0.000000e+00
    outer loop
      vertex   2.128573e+01 2.068141e+01 2.346000e+01
      vertex   2.128573e+01 2.076435e+01 2.369106e+01
      vertex   2.128573e+01 1.915773e+01 2.461984e+01
    endloop
  endfacet
  facet normal 1.000000e+00 0.000000e+00 0.000000e+00
    outer loop
      vertex   2.128573e+01 1.915773e+01 2.461984e+01
      vertex   2.128573e+01 2.076435e+01 2.369106e+01
      vertex   2.128573e+01 2.078683e+01 2.393553e+01
    endloop
  endfacet
  facet normal 1.000000e+00 0.000000e+00 0.000000e+00
    outer loop
      vertex   2.128573e+01 1.915773e+01 2.461984e+01
      vertex   2.128573e+01 2.078683e+01 2.393553e+01
      vertex   2.128573e+01 2.074741e+01 2.417784e+01
    endloop
  endfacet
  facet normal 1.000000e+00 0.000000e+00 0.000000e+00
    outer loop
      vertex   2.128573e+01 2.074741e+01 2.417784e+01
      vertex   2.128573e+01 2.064860e+01 2.440257e+01
      vertex   2.128573e+01 1.915773e+01 2.461984e+01
    endloop
  endfacet
  facet normal 1.000000e+00 0.000000e+00 0.000000e+00
    outer loop
      vertex   2.128573e+01 1.915773e+01 2.461984e+01
      vertex   2.128573e+01 2.064860e+01 2.440257e+01
      vertex   2.128573e+01 2.049669e+01 2.459542e+01
    endloop
  endfacet
  facet normal 1.000000e+00 -0.000000e+00 0.000000e+00
    outer loop
      vertex   2.128573e+01 1.915773e+01 2.461984e+01
      vertex   2.128573e+01 2.049669e+01 2.459542e+01
      vertex   2.128573e+01 2.030135e+01 2.474412e+01
    endloop
  endfacet
  facet normal 1.000000e+00 0.000000e+00 0.000000e+00
    outer loop
      vertex   2.128573e+01 1.915773e+01 2.461984e+01
      vertex   2.128573e+01 2.030135e+01 2.474412e+01
      vertex   2.128573e+01 1.935837e+01 2.476132e+01
    endloop
  endfacet
  facet normal 1.000000e+00 -0.000000e+00 0.000000e+00
    outer loop
      vertex   2.128573e+01 1.935837e+01 2.476132e+01
      vertex   2.128573e+01 2.030135e+01 2.474412e+01
      vertex   2.128573e+01 2.007501e+01 2.483920e+01
    endloop
  endfacet
  facet normal 1.000000e+00 0.000000e+00 0.000000e+00
    outer loop
      vertex   2.128573e+01 1.935837e+01 2.476132e+01
      vertex   2.128573e+01 2.007501e+01 2.483920e+01
      vertex   2.128573e+01 1.958802e+01 2.484808e+01
    endloop
  endfacet
  facet normal 1.000000e+00 -0.000000e+00 0.000000e+00
    outer loop
      vertex   2.128573e+01 1.958802e+01 2.484808e+01
      vertex   2.128573e+01 2.007501e+01 2.483920e+01
      vertex   2.128573e+01 1.983208e+01 2.487460e+01
    endloop
  endfacet
  facet normal 0.000000e+00 -8.736140e-01 4.866196e-01
    outer loop
      vertex   2.128573e+01 1.758703e+01 2.180000e+01
      vertex   2.128573e+01 1.915773e+01 2.461984e+01
      vertex   -5.714272e+00 1.758703e+01 2.180000e+01
    endloop
  endfacet
  facet normal -4.174136e-18 -8.736140e-01 4.866196e-01
    outer loop
      vertex   -5.714272e+00 1.758703e+01 2.180000e+01
      vertex   2.128573e+01 1.915773e+01 2.461984e+01
      vertex   -5.714272e+00 1.915773e+01 2.461984e+01
    endloop
  endfacet
  facet normal 0.000000e+00 1.000000e+00 0.000000e+00
    outer loop
      vertex   2.128573e+01 1.965436e+01 2.294184e+01
      vertex   2.128573e+01 1.965436e+01 2.180000e+01
      vertex   -5.714272e+00 1.965436e+01 2.294184e+01
    endloop
  endfacet
  facet normal 0.000000e+00 1.000000e+00 0.000000e+00
    outer loop
      vertex   -5.714272e+00 1.965436e+01 2.294184e+01
      vertex   2.128573e+01 1.965436e+01 2.180000e+01
      vertex   -5.714272e+00 1.965436e+01 2.180000e+01
    endloop
  endfacet
  facet normal 0.000000e+00 -5.762811e-01 8.172515e-01
    outer loop
      vertex   2.128573e+01 1.935837e+01 2.476132e+01
      vertex   1.678573e+01 1.935837e+01 2.476132e+01
      vertex   2.128573e+01 1.915773e+01 2.461984e+01
    endloop
  endfacet
  facet normal -2.752868e-19 -5.762811e-01 8.172515e-01
    outer loop
      vertex   2.128573e+01 1.915773e+01 2.461984e+01
      vertex   1.678573e+01 1.935837e+01 2.476132e+01
      vertex   1.228573e+01 1.935837e+01 2.476132e+01
    endloop
  endfacet
  facet normal -2.752868e-19 -5.762811e-01 8.172515e-01
    outer loop
      vertex   2.128573e+01 1.915773e+01 2.461984e+01
      vertex   1.228573e+01 1.935837e+01 2.476132e+01
      vertex   7.785728e+00 1.935837e+01 2.476132e+01
    endloop
  endfacet
  facet normal 0.000000e+00 -3.534053e-01 9.354703e-01
    outer loop
      vertex   7.785728e+00 1.935837e+01 2.476132e+01
      vertex   1.228573e+01 1.935837e+01 2.476132e+01
      vertex   7.785728e+00 1.958802e+01 2.484808e+01
    endloop
  endfacet
  facet normal -6.929112e-19 -3.534053e-01 9.354703e-01
    outer loop
      vertex   7.785728e+00 1.935837e+01 2.476132e+01
      vertex   7.785728e+00 1.958802e+01 2.484808e+01
      vertex   3.285728e+00 1.958802e+01 2.484808e+01
    endloop
  endfacet
  facet normal 0.000000e+00 -1.080355e-01 9.941470e-01
    outer loop
      vertex   3.285728e+00 1.958802e+01 2.484808e+01
      vertex   7.785728e+00 1.958802e+01 2.484808e+01
      vertex   3.285728e+00 1.983208e+01 2.487460e+01
    endloop
  endfacet
  facet normal 1.710753e-19 -1.080355e-01 9.941470e-01
    outer loop
      vertex   3.285728e+00 1.958802e+01 2.484808e+01
      vertex   3.285728e+00 1.983208e+01 2.487460e+01
      vertex   -1.214272e+00 1.983208e+01 2.487460e+01
    endloop
  endfacet
  facet normal -0.000000e+00 1.442108e-01 9.895470e-01
    outer loop
      vertex   -1.214272e+00 1.983208e+01 2.487460e+01
      vertex   3.285728e+00 1.983208e+01 2.487460e+01
      vertex   -1.214272e+00 2.007501e+01 2.483920e+01
    endloop
  endfacet
  facet normal -5.616487e-19 1.442108e-01 9.895470e-01
    outer loop
      vertex   -1.214272e+00 1.983208e+01 2.487460e+01
      vertex   -1.214272e+00 2.007501e+01 2.483920e+01
      vertex   -5.714272e+00 2.007501e+01 2.483920e+01
    endloop
  endfacet
  facet normal -0.000000e+00 3.872781e-01 9.219630e-01
    outer loop
      vertex   -5.714272e+00 2.007501e+01 2.483920e+01
      vertex   -1.214272e+00 2.007501e+01 2.483920e+01
      vertex   -5.714272e+00 2.030135e+01 2.474412e+01
    endloop
  endfacet
  facet normal -0.000000e+00 3.872781e-01 9.219630e-01
    outer loop
      vertex   -5.714272e+00 2.030135e+01 2.474412e+01
      vertex   -1.214272e+00 2.007501e+01 2.483920e+01
      vertex   -1.214272e+00 2.030135e+01 2.474412e+01
    endloop
  endfacet
  facet normal -0.000000e+00 6.056954e-01 7.956966e-01
    outer loop
      vertex   -5.714272e+00 2.030135e+01 2.474412e+01
      vertex   -1.214272e+00 2.030135e+01 2.474412e+01
      vertex   -5.714272e+00 2.049669e+01 2.459542e+01
    endloop
  endfacet
  facet normal -0.000000e+00 6.056954e-01 7.956966e-01
    outer loop
      vertex   -5.714272e+00 2.049669e+01 2.459542e+01
      vertex   -1.214272e+00 2.030135e+01 2.474412e+01
      vertex   -1.214272e+00 2.049669e+01 2.459542e+01
    endloop
  endfacet
  facet normal -0.000000e+00 7.855606e-01 6.187847e-01
    outer loop
      vertex   -5.714272e+00 2.049669e+01 2.459542e+01
      vertex   -1.214272e+00 2.049669e+01 2.459542e+01
      vertex   -5.714272e+00 2.064860e+01 2.440257e+01
    endloop
  endfacet
  facet normal -0.000000e+00 7.855606e-01 6.187847e-01
    outer loop
      vertex   -5.714272e+00 2.064860e+01 2.440257e+01
      vertex   -1.214272e+00 2.049669e+01 2.459542e+01
      vertex   -1.214272e+00 2.064860e+01 2.440257e+01
    endloop
  endfacet
  facet normal -0.000000e+00 9.154254e-01 4.024876e-01
    outer loop
      vertex   -5.714272e+00 2.064860e+01 2.440257e+01
      vertex   -1.214272e+00 2.064860e+01 2.440257e+01
      vertex   -5.714272e+00 2.074741e+01 2.417784e+01
    endloop
  endfacet
  facet normal -0.000000e+00 9.154254e-01 4.024876e-01
    outer loop
      vertex   -5.714272e+00 2.074741e+01 2.417784e+01
      vertex   -1.214272e+00 2.064860e+01 2.440257e+01
      vertex   -1.214272e+00 2.074741e+01 2.417784e+01
    endloop
  endfacet
  facet normal -0.000000e+00 9.870241e-01 1.605724e-01
    outer loop
      vertex   -5.714272e+00 2.074741e+01 2.417784e+01
      vertex   -1.214272e+00 2.074741e+01 2.417784e+01
      vertex   -5.714272e+00 2.078683e+01 2.393553e+01
    endloop
  endfacet
  facet normal -0.000000e+00 9.870241e-01 1.605724e-01
    outer loop
      vertex   -5.714272e+00 2.078683e+01 2.393553e+01
      vertex   -1.214272e+00 2.074741e+01 2.417784e+01
      vertex   -1.214272e+00 2.078683e+01 2.393553e+01
    endloop
  endfacet
  facet normal 0.000000e+00 9.957993e-01 -9.156307e-02
    outer loop
      vertex   -5.714272e+00 2.078683e+01 2.393553e+01
      vertex   -1.214272e+00 2.078683e+01 2.393553e+01
      vertex   -5.714272e+00 2.076435e+01 2.369106e+01
    endloop
  endfacet
  facet normal 0.000000e+00 9.957993e-01 -9.156307e-02
    outer loop
      vertex   -5.714272e+00 2.076435e+01 2.369106e+01
      vertex   -1.214272e+00 2.078683e+01 2.393553e+01
      vertex   -1.214272e+00 2.076435e+01 2.369106e+01
    endloop
  endfacet
  facet normal 0.000000e+00 9.411926e-01 -3.378706e-01
    outer loop
      vertex   -5.714272e+00 2.076435e+01 2.369106e+01
      vertex   -1.214272e+00 2.076435e+01 2.369106e+01
      vertex   -5.714272e+00 2.068141e+01 2.346000e+01
    endloop
  endfacet
  facet normal 0.000000e+00 9.411926e-01 -3.378706e-01
    outer loop
      vertex   -5.714272e+00 2.068141e+01 2.346000e+01
      vertex   -1.214272e+00 2.076435e+01 2.369106e+01
      vertex   -1.214272e+00 2.068141e+01 2.346000e+01
    endloop
  endfacet
  facet normal 0.000000e+00 8.266796e-01 -5.626730e-01
    outer loop
      vertex   -5.714272e+00 2.068141e+01 2.346000e+01
      vertex   -1.214272e+00 2.068141e+01 2.346000e+01
      vertex   -5.714272e+00 2.054327e+01 2.325705e+01
    endloop
  endfacet
  facet normal 0.000000e+00 8.266796e-01 -5.626730e-01
    outer loop
      vertex   -5.714272e+00 2.054327e+01 2.325705e+01
      vertex   -1.214272e+00 2.068141e+01 2.346000e+01
      vertex   -1.214272e+00 2.054327e+01 2.325705e+01
    endloop
  endfacet
  facet normal 0.000000e+00 6.595490e-01 -7.516616e-01
    outer loop
      vertex   -5.714272e+00 2.054327e+01 2.325705e+01
      vertex   -1.214272e+00 2.054327e+01 2.325705e+01
      vertex   -5.714272e+00 2.035874e+01 2.309514e+01
    endloop
  endfacet
  facet normal 0.000000e+00 6.595490e-01 -7.516616e-01
    outer loop
      vertex   -5.714272e+00 2.035874e+01 2.309514e+01
      vertex   -1.214272e+00 2.054327e+01 2.325705e+01
      vertex   -1.214272e+00 2.035874e+01 2.309514e+01
    endloop
  endfacet
  facet normal 0.000000e+00 4.504386e-01 -8.928074e-01
    outer loop
      vertex   -5.714272e+00 2.035874e+01 2.309514e+01
      vertex   -1.214272e+00 2.035874e+01 2.309514e+01
      vertex   -5.714272e+00 2.013956e+01 2.298456e+01
    endloop
  endfacet
  facet normal 0.000000e+00 4.504386e-01 -8.928074e-01
    outer loop
      vertex   -5.714272e+00 2.013956e+01 2.298456e+01
      vertex   -1.214272e+00 2.035874e+01 2.309514e+01
      vertex   -1.214272e+00 2.013956e+01 2.298456e+01
    endloop
  endfacet
  facet normal 0.000000e+00 2.126581e-01 -9.771267e-01
    outer loop
      vertex   -5.714272e+00 2.013956e+01 2.298456e+01
      vertex   -1.214272e+00 2.013956e+01 2.298456e+01
      vertex   -5.714272e+00 1.989968e+01 2.293235e+01
    endloop
  endfacet
  facet normal 0.000000e+00 2.126581e-01 -9.771267e-01
    outer loop
      vertex   -5.714272e+00 1.989968e+01 2.293235e+01
      vertex   -1.214272e+00 2.013956e+01 2.298456e+01
      vertex   -1.214272e+00 1.989968e+01 2.293235e+01
    endloop
  endfacet
  facet normal 0.000000e+00 -3.865800e-02 -9.992525e-01
    outer loop
      vertex   -5.714272e+00 1.989968e+01 2.293235e+01
      vertex   -1.214272e+00 1.989968e+01 2.293235e+01
      vertex   -5.714272e+00 1.965436e+01 2.294184e+01
    endloop
  endfacet
  facet normal 4.606633e-20 -3.865800e-02 -9.992525e-01
    outer loop
      vertex   -5.714272e+00 1.965436e+01 2.294184e+01
      vertex   -1.214272e+00 1.989968e+01 2.293235e+01
      vertex   3.285728e+00 1.989968e+01 2.293235e+01
    endloop
  endfacet
  facet normal 4.606633e-20 -3.865800e-02 -9.992525e-01
    outer loop
      vertex   -5.714272e+00 1.965436e+01 2.294184e+01
      vertex   3.285728e+00 1.989968e+01 2.293235e+01
      vertex   7.785728e+00 1.989968e+01 2.293235e+01
    endloop
  endfacet
  facet normal 0.000000e+00 2.126581e-01 -9.771267e-01
    outer loop
      vertex   7.785728e+00 1.989968e+01 2.293235e+01
      vertex   3.285728e+00 1.989968e+01 2.293235e+01
      vertex   7.785728e+00 2.013956e+01 2.298456e+01
    endloop
  endfacet
  facet normal 5.261691e-19 2.126581e-01 -9.771267e-01
    outer loop
      vertex   7.785728e+00 1.989968e+01 2.293235e+01
      vertex   7.785728e+00 2.013956e+01 2.298456e+01
      vertex   1.228573e+01 2.013956e+01 2.298456e+01
    endloop
  endfacet
  facet normal 0.000000e+00 4.504386e-01 -8.928074e-01
    outer loop
      vertex   1.228573e+01 2.013956e+01 2.298456e+01
      vertex   7.785728e+00 2.013956e+01 2.298456e+01
      vertex   1.228573e+01 2.035874e+01 2.309514e+01
    endloop
  endfacet
  facet normal 1.358972e-18 4.504386e-01 -8.928074e-01
    outer loop
      vertex   1.228573e+01 2.013956e+01 2.298456e+01
      vertex   1.228573e+01 2.035874e+01 2.309514e+01
      vertex   1.678573e+01 2.035874e+01 2.309514e+01
    endloop
  endfacet
  facet normal 0.000000e+00 6.595490e-01 -7.516616e-01
    outer loop
      vertex   1.678573e+01 2.035874e+01 2.309514e+01
      vertex   1.228573e+01 2.035874e+01 2.309514e+01
      vertex   1.678573e+01 2.054327e+01 2.325705e+01
    endloop
  endfacet
  facet normal 9.479997e-19 6.595490e-01 -7.516616e-01
    outer loop
      vertex   1.678573e+01 2.035874e+01 2.309514e+01
      vertex   1.678573e+01 2.054327e+01 2.325705e+01
      vertex   2.128573e+01 2.054327e+01 2.325705e+01
    endloop
  endfacet
  facet normal 0.000000e+00 8.266796e-01 -5.626730e-01
    outer loop
      vertex   2.128573e+01 2.054327e+01 2.325705e+01
      vertex   1.678573e+01 2.054327e+01 2.325705e+01
      vertex   2.128573e+01 2.068141e+01 2.346000e+01
    endloop
  endfacet
  facet normal 0.000000e+00 8.266796e-01 -5.626730e-01
    outer loop
      vertex   2.128573e+01 2.068141e+01 2.346000e+01
      vertex   1.678573e+01 2.054327e+01 2.325705e+01
      vertex   1.678573e+01 2.068141e+01 2.346000e+01
    endloop
  endfacet
  facet normal 0.000000e+00 9.411926e-01 -3.378706e-01
    outer loop
      vertex   2.128573e+01 2.068141e+01 2.346000e+01
      vertex   1.678573e+01 2.068141e+01 2.346000e+01
      vertex   2.128573e+01 2.076435e+01 2.369106e+01
    endloop
  endfacet
  facet normal 0.000000e+00 9.411926e-01 -3.378706e-01
    outer loop
      vertex   2.128573e+01 2.076435e+01 2.369106e+01
      vertex   1.678573e+01 2.068141e+01 2.346000e+01
      vertex   1.678573e+01 2.076435e+01 2.369106e+01
    endloop
  endfacet
  facet normal 0.000000e+00 9.957993e-01 -9.156307e-02
    outer loop
      vertex   2.128573e+01 2.076435e+01 2.369106e+01
      vertex   1.678573e+01 2.076435e+01 2.369106e+01
      vertex   2.128573e+01 2.078683e+01 2.393553e+01
    endloop
  endfacet
  facet normal 0.000000e+00 9.957993e-01 -9.156307e-02
    outer loop
      vertex   2.128573e+01 2.078683e+01 2.393553e+01
      vertex   1.678573e+01 2.076435e+01 2.369106e+01
      vertex   1.678573e+01 2.078683e+01 2.393553e+01
    endloop
  endfacet
  facet normal 0.000000e+00 9.870241e-01 1.605724e-01
    outer loop
      vertex   2.128573e+01 2.078683e+01 2.393553e+01
      vertex   1.678573e+01 2.078683e+01 2.393553e+01
      vertex   2.128573e+01 2.074741e+01 2.417784e+01
    endloop
  endfacet
  facet normal 0.000000e+00 9.870241e-01 1.605724e-01
    outer loop
      vertex   2.128573e+01 2.074741e+01 2.417784e+01
      vertex   1.678573e+01 2.078683e+01 2.393553e+01
      vertex   1.678573e+01 2.074741e+01 2.417784e+01
    endloop
  endfacet
  facet normal 0.000000e+00 9.154254e-01 4.024876e-01
    outer loop
      vertex   2.128573e+01 2.074741e+01 2.417784e+01
      vertex   1.678573e+01 2.074741e+01 2.417784e+01
      vertex   2.128573e+01 2.064860e+01 2.440257e+01
    endloop
  endfacet
  facet normal 0.000000e+00 9.154254e-01 4.024876e-01
    outer loop
      vertex   2.128573e+01 2.064860e+01 2.440257e+01
      vertex   1.678573e+01 2.074741e+01 2.417784e+01
      vertex   1.678573e+01 2.064860e+01 2.440257e+01
    endloop
  endfacet
  facet normal 0.000000e+00 7.855606e-01 6.187847e-01
    outer loop
      vertex   2.128573e+01 2.064860e+01 2.440257e+01
      vertex   1.678573e+01 2.064860e+01 2.440257e+01
      vertex   2.128573e+01 2.049669e+01 2.459542e+01
    endloop
  endfacet
  facet normal 0.000000e+00 7.855606e-01 6.187847e-01
    outer loop
      vertex   2.128573e+01 2.049669e+01 2.459542e+01
      vertex   1.678573e+01 2.064860e+01 2.440257e+01
      vertex   1.678573e+01 2.049669e+01 2.459542e+01
    endloop
  endfacet
  facet normal 0.000000e+00 6.056954e-01 7.956966e-01
    outer loop
      vertex   2.128573e+01 2.049669e+01 2.459542e+01
      vertex   1.678573e+01 2.049669e+01 2.459542e+01
      vertex   2.128573e+01 2.030135e+01 2.474412e+01
    endloop
  endfacet
  facet normal 0.000000e+00 6.056954e-01 7.956966e-01
    outer loop
      vertex   2.128573e+01 2.030135e+01 2.474412e+01
      vertex   1.678573e+01 2.049669e+01 2.459542e+01
      vertex   1.678573e+01 2.030135e+01 2.474412e+01
    endloop
  endfacet
  facet normal 0.000000e+00 3.872781e-01 9.219630e-01
    outer loop
      vertex   2.128573e+01 2.030135e+01 2.474412e+01
      vertex   1.678573e+01 2.030135e+01 2.474412e+01
      vertex   2.128573e+01 2.007501e+01 2.483920e+01
    endloop
  endfacet
  facet normal 0.000000e+00 3.872781e-01 9.219630e-01
    outer loop
      vertex   2.128573e+01 2.007501e+01 2.483920e+01
      vertex   1.678573e+01 2.030135e+01 2.474412e+01
      vertex   1.678573e+01 2.007501e+01 2.483920e+01
    endloop
  endfacet
  facet normal 0.000000e+00 1.442108e-01 9.895470e-01
    outer loop
      vertex   2.128573e+01 2.007501e+01 2.483920e+01
      vertex   1.678573e+01 2.007501e+01 2.483920e+01
      vertex   2.128573e+01 1.983208e+01 2.487460e+01
    endloop
  endfacet
  facet normal 0.000000e+00 1.442108e-01 9.895470e-01
    outer loop
      vertex   2.128573e+01 1.983208e+01 2.487460e+01
      vertex   1.678573e+01 2.007501e+01 2.483920e+01
      vertex   1.678573e+01 1.983208e+01 2.487460e+01
    endloop
  endfacet
  facet normal 0.000000e+00 -1.080355e-01 9.941470e-01
    outer loop
      vertex   2.128573e+01 1.983208e+01 2.487460e+01
      vertex   1.678573e+01 1.983208e+01 2.487460e+01
      vertex   2.128573e+01 1.958802e+01 2.484808e+01
    endloop
  endfacet
  facet normal 0.000000e+00 -1.080355e-01 9.941470e-01
    outer loop
      vertex   2.128573e+01 1.958802e+01 2.484808e+01
      vertex   1.678573e+01 1.983208e+01 2.487460e+01
      vertex   1.678573e+01 1.958802e+01 2.484808e+01
    endloop
  endfacet
  facet normal 0.000000e+00 -3.534053e-01 9.354703e-01
    outer loop
      vertex   2.128573e+01 1.958802e+01 2.484808e+01
      vertex   1.678573e+01 1.958802e+01 2.484808e+01
      vertex   2.128573e+01 1.935837e+01 2.476132e+01
    endloop
  endfacet
  facet normal 0.000000e+00 -3.534053e-01 9.354703e-01
    outer loop
      vertex   2.128573e+01 1.935837e+01 2.476132e+01
      vertex   1.678573e+01 1.958802e+01 2.484808e+01
      vertex   1.678573e+01 1.935837e+01 2.476132e+01
    endloop
  endfacet
  facet normal 9.479997e-19 6.595490e-01 -7.516616e-01
    outer loop
      vertex   2.128573e+01 2.054327e+01 2.325705e+01
      vertex   2.128573e+01 2.035874e+01 2.309514e+01
      vertex   1.678573e+01 2.035874e+01 2.309514e+01
    endloop
  endfacet
  facet normal 0.000000e+00 4.504386e-01 -8.928074e-01
    outer loop
      vertex   1.678573e+01 2.035874e+01 2.309514e+01
      vertex   2.128573e+01 2.035874e+01 2.309514e+01
      vertex   1.678573e+01 2.013956e+01 2.298456e+01
    endloop
  endfacet
  facet normal 1.358972e-18 4.504386e-01 -8.928074e-01
    outer loop
      vertex   1.678573e+01 2.035874e+01 2.309514e+01
      vertex   1.678573e+01 2.013956e+01 2.298456e+01
      vertex   1.228573e+01 2.013956e+01 2.298456e+01
    endloop
  endfacet
  facet normal 0.000000e+00 2.126581e-01 -9.771267e-01
    outer loop
      vertex   1.228573e+01 2.013956e+01 2.298456e+01
      vertex   1.678573e+01 2.013956e+01 2.298456e+01
      vertex   1.228573e+01 1.989968e+01 2.293235e+01
    endloop
  endfacet
  facet normal 5.261691e-19 2.126581e-01 -9.771267e-01
    outer loop
      vertex   1.228573e+01 2.013956e+01 2.298456e+01
      vertex   1.228573e+01 1.989968e+01 2.293235e+01
      vertex   7.785728e+00 1.989968e+01 2.293235e+01
    endloop
  endfacet
  facet normal 0.000000e+00 -3.865800e-02 -9.992525e-01
    outer loop
      vertex   7.785728e+00 1.989968e+01 2.293235e+01
      vertex   1.228573e+01 1.989968e+01 2.293235e+01
      vertex   2.128573e+01 1.965436e+01 2.294184e+01
    endloop
  endfacet
  facet normal 7.677721e-21 -3.865800e-02 -9.992525e-01
    outer loop
      vertex   7.785728e+00 1.989968e+01 2.293235e+01
      vertex   2.128573e+01 1.965436e+01 2.294184e+01
      vertex   -5.714272e+00 1.965436e+01 2.294184e+01
    endloop
  endfacet
  facet normal 1.358972e-18 4.504386e-01 -8.928074e-01
    outer loop
      vertex   2.128573e+01 2.035874e+01 2.309514e+01
      vertex   2.128573e+01 2.013956e+01 2.298456e+01
      vertex   1.678573e+01 2.013956e+01 2.298456e+01
    endloop
  endfacet
  facet normal 0.000000e+00 2.126581e-01 -9.771267e-01
    outer loop
      vertex   1.678573e+01 2.013956e+01 2.298456e+01
      vertex   2.128573e+01 2.013956e+01 2.298456e+01
      vertex   1.678573e+01 1.989968e+01 2.293235e+01
    endloop
  endfacet
  facet normal 5.261691e-19 2.126581e-01 -9.771267e-01
    outer loop
      vertex   1.678573e+01 2.013956e+01 2.298456e+01
      vertex   1.678573e+01 1.989968e+01 2.293235e+01
      vertex   1.228573e+01 1.989968e+01 2.293235e+01
    endloop
  endfacet
  facet normal 0.000000e+00 -3.865800e-02 -9.992525e-01
    outer loop
      vertex   1.228573e+01 1.989968e+01 2.293235e+01
      vertex   1.678573e+01 1.989968e+01 2.293235e+01
      vertex   2.128573e+01 1.965436e+01 2.294184e+01
    endloop
  endfacet
  facet normal 5.261691e-19 2.126581e-01 -9.771267e-01
    outer loop
      vertex   2.128573e+01 2.013956e+01 2.298456e+01
      vertex   2.128573e+01 1.989968e+01 2.293235e+01
      vertex   1.678573e+01 1.989968e+01 2.293235e+01
    endloop
  endfacet
  facet normal 0.000000e+00 -3.865800e-02 -9.992525e-01
    outer loop
      vertex   1.678573e+01 1.989968e+01 2.293235e+01
      vertex   2.128573e+01 1.989968e+01 2.293235e+01
      vertex   2.128573e+01 1.965436e+01 2.294184e+01
    endloop
  endfacet
  facet normal -5.616487e-19 1.442108e-01 9.895470e-01
    outer loop
      vertex   -5.714272e+00 2.007501e+01 2.483920e+01
      vertex   -5.714272e+00 1.983208e+01 2.487460e+01
      vertex   -1.214272e+00 1.983208e+01 2.487460e+01
    endloop
  endfacet
  facet normal 0.000000e+00 -1.080355e-01 9.941470e-01
    outer loop
      vertex   -1.214272e+00 1.983208e+01 2.487460e+01
      vertex   -5.714272e+00 1.983208e+01 2.487460e+01
      vertex   -1.214272e+00 1.958802e+01 2.484808e+01
    endloop
  endfacet
  facet normal 1.710753e-19 -1.080355e-01 9.941470e-01
    outer loop
      vertex   -1.214272e+00 1.983208e+01 2.487460e+01
      vertex   -1.214272e+00 1.958802e+01 2.484808e+01
      vertex   3.285728e+00 1.958802e+01 2.484808e+01
    endloop
  endfacet
  facet normal 0.000000e+00 -3.534053e-01 9.354703e-01
    outer loop
      vertex   3.285728e+00 1.958802e+01 2.484808e+01
      vertex   -1.214272e+00 1.958802e+01 2.484808e+01
      vertex   3.285728e+00 1.935837e+01 2.476132e+01
    endloop
  endfacet
  facet normal -6.929112e-19 -3.534053e-01 9.354703e-01
    outer loop
      vertex   3.285728e+00 1.958802e+01 2.484808e+01
      vertex   3.285728e+00 1.935837e+01 2.476132e+01
      vertex   7.785728e+00 1.935837e+01 2.476132e+01
    endloop
  endfacet
  facet normal 0.000000e+00 -5.762811e-01 8.172515e-01
    outer loop
      vertex   7.785728e+00 1.935837e+01 2.476132e+01
      vertex   3.285728e+00 1.935837e+01 2.476132e+01
      vertex   -5.714272e+00 1.915773e+01 2.461984e+01
    endloop
  endfacet
  facet normal -4.588114e-20 -5.762811e-01 8.172515e-01
    outer loop
      vertex   7.785728e+00 1.935837e+01 2.476132e+01
      vertex   -5.714272e+00 1.915773e+01 2.461984e+01
      vertex   2.128573e+01 1.915773e+01 2.461984e+01
    endloop
  endfacet
  facet normal 1.710753e-19 -1.080355e-01 9.941470e-01
    outer loop
      vertex   -5.714272e+00 1.983208e+01 2.487460e+01
      vertex   -5.714272e+00 1.958802e+01 2.484808e+01
      vertex   -1.214272e+00 1.958802e+01 2.484808e+01
    endloop
  endfacet
  facet normal 0.000000e+00 -3.534053e-01 9.354703e-01
    outer loop
      vertex   -1.214272e+00 1.958802e+01 2.484808e+01
      vertex   -5.714272e+00 1.958802e+01 2.484808e+01
      vertex   -1.214272e+00 1.935837e+01 2.476132e+01
    endloop
  endfacet
  facet normal -6.929112e-19 -3.534053e-01 9.354703e-01
    outer loop
      vertex   -1.214272e+00 1.958802e+01 2.484808e+01
      vertex   -1.214272e+00 1.935837e+01 2.476132e+01
      vertex   3.285728e+00 1.935837e+01 2.476132e+01
    endloop
  endfacet
  facet normal 0.000000e+00 -5.762811e-01 8.172515e-01
    outer loop
      vertex   3.285728e+00 1.935837e+01 2.476132e+01
      vertex   -1.214272e+00 1.935837e+01 2.476132e+01
      vertex   -5.714272e+00 1.915773e+01 2.461984e+01
    endloop
  endfacet
  facet normal -6.929112e-19 -3.534053e-01 9.354703e-01
    outer loop
      vertex   -5.714272e+00 1.958802e+01 2.484808e+01
      vertex   -5.714272e+00 1.935837e+01 2.476132e+01
      vertex   -1.214272e+00 1.935837e+01 2.476132e+01
    endloop
  endfacet
  facet normal 0.000000e+00 -5.762811e-01 8.172515e-01
    outer loop
      vertex   -1.214272e+00 1.935837e+01 2.476132e+01
      vertex   -5.714272e+00 1.935837e+01 2.476132e+01
      vertex   -5.714272e+00 1.915773e+01 2.461984e+01
    endloop
  endfacet
  facet normal 0.000000e+00 -3.534053e-01 9.354703e-01
    outer loop
      vertex   1.228573e+01 1.935837e+01 2.476132e+01
      vertex   1.678573e+01 1.935837e+01 2.476132e+01
      vertex   1.228573e+01 1.958802e+01 2.484808e+01
    endloop
  endfacet
  facet normal 0.000000e+00 -3.534053e-01 9.354703e-01
    outer loop
      vertex   1.228573e+01 1.958802e+01 2.484808e+01
      vertex   1.678573e+01 1.935837e+01 2.476132e+01
      vertex   1.678573e+01 1.958802e+01 2.484808e+01
    endloop
  endfacet
  facet normal 0.000000e+00 -1.080355e-01 9.941470e-01
    outer loop
      vertex   1.228573e+01 1.958802e+01 2.484808e+01
      vertex   1.678573e+01 1.958802e+01 2.484808e+01
      vertex   1.228573e+01 1.983208e+01 2.487460e+01
    endloop
  endfacet
  facet normal 0.000000e+00 -1.080355e-01 9.941470e-01
    outer loop
      vertex   1.228573e+01 1.983208e+01 2.487460e+01
      vertex   1.678573e+01 1.958802e+01 2.484808e+01
      vertex   1.678573e+01 1.983208e+01 2.487460e+01
    endloop
  endfacet
  facet normal -0.000000e+00 1.442108e-01 9.895470e-01
    outer loop
      vertex   1.228573e+01 1.983208e+01 2.487460e+01
      vertex   1.678573e+01 1.983208e+01 2.487460e+01
      vertex   1.228573e+01 2.007501e+01 2.483920e+01
    endloop
  endfacet
  facet normal -0.000000e+00 1.442108e-01 9.895470e-01
    outer loop
      vertex   1.228573e+01 2.007501e+01 2.483920e+01
      vertex   1.678573e+01 1.983208e+01 2.487460e+01
      vertex   1.678573e+01 2.007501e+01 2.483920e+01
    endloop
  endfacet
  facet normal -0.000000e+00 3.872781e-01 9.219630e-01
    outer loop
      vertex   1.228573e+01 2.007501e+01 2.483920e+01
      vertex   1.678573e+01 2.007501e+01 2.483920e+01
      vertex   1.228573e+01 2.030135e+01 2.474412e+01
    endloop
  endfacet
  facet normal -0.000000e+00 3.872781e-01 9.219630e-01
    outer loop
      vertex   1.228573e+01 2.030135e+01 2.474412e+01
      vertex   1.678573e+01 2.007501e+01 2.483920e+01
      vertex   1.678573e+01 2.030135e+01 2.474412e+01
    endloop
  endfacet
  facet normal -0.000000e+00 6.056954e-01 7.956966e-01
    outer loop
      vertex   1.228573e+01 2.030135e+01 2.474412e+01
      vertex   1.678573e+01 2.030135e+01 2.474412e+01
      vertex   1.228573e+01 2.049669e+01 2.459542e+01
    endloop
  endfacet
  facet normal -0.000000e+00 6.056954e-01 7.956966e-01
    outer loop
      vertex   1.228573e+01 2.049669e+01 2.459542e+01
      vertex   1.678573e+01 2.030135e+01 2.474412e+01
      vertex   1.678573e+01 2.049669e+01 2.459542e+01
    endloop
  endfacet
  facet normal -0.000000e+00 7.855606e-01 6.187847e-01
    outer loop
      vertex   1.228573e+01 2.049669e+01 2.459542e+01
      vertex   1.678573e+01 2.049669e+01 2.459542e+01
      vertex   1.228573e+01 2.064860e+01 2.440257e+01
    endloop
  endfacet
  facet normal -0.000000e+00 7.855606e-01 6.187847e-01
    outer loop
      vertex   1.228573e+01 2.064860e+01 2.440257e+01
      vertex   1.678573e+01 2.049669e+01 2.459542e+01
      vertex   1.678573e+01 2.064860e+01 2.440257e+01
    endloop
  endfacet
  facet normal -0.000000e+00 9.154254e-01 4.024876e-01
    outer loop
      vertex   1.228573e+01 2.064860e+01 2.440257e+01
      vertex   1.678573e+01 2.064860e+01 2.440257e+01
      vertex   1.228573e+01 2.074741e+01 2.417784e+01
    endloop
  endfacet
  facet normal -0.000000e+00 9.154254e-01 4.024876e-01
    outer loop
      vertex   1.228573e+01 2.074741e+01 2.417784e+01
      vertex   1.678573e+01 2.064860e+01 2.440257e+01
      vertex   1.678573e+01 2.074741e+01 2.417784e+01
    endloop
  endfacet
  facet normal -0.000000e+00 9.870241e-01 1.605724e-01
    outer loop
      vertex   1.228573e+01 2.074741e+01 2.417784e+01
      vertex   1.678573e+01 2.074741e+01 2.417784e+01
      vertex   1.228573e+01 2.078683e+01 2.393553e+01
    endloop
  endfacet
  facet normal -0.000000e+00 9.870241e-01 1.605724e-01
    outer loop
      vertex   1.228573e+01 2.078683e+01 2.393553e+01
      vertex   1.678573e+01 2.074741e+01 2.417784e+01
      vertex   1.678573e+01 2.078683e+01 2.393553e+01
    endloop
  endfacet
  facet normal 0.000000e+00 9.957993e-01 -9.156307e-02
    outer loop
      vertex   1.228573e+01 2.078683e+01 2.393553e+01
      vertex   1.678573e+01 2.078683e+01 2.393553e+01
      vertex   1.228573e+01 2.076435e+01 2.369106e+01
    endloop
  endfacet
  facet normal 0.000000e+00 9.957993e-01 -9.156307e-02
    outer loop
      vertex   1.228573e+01 2.076435e+01 2.369106e+01
      vertex   1.678573e+01 2.078683e+01 2.393553e+01
      vertex   1.678573e+01 2.076435e+01 2.369106e+01
    endloop
  endfacet
  facet normal 0.000000e+00 9.411926e-01 -3.378706e-01
    outer loop
      vertex   1.228573e+01 2.076435e+01 2.369106e+01
      vertex   1.678573e+01 2.076435e+01 2.369106e+01
      vertex   1.228573e+01 2.068141e+01 2.346000e+01
    endloop
  endfacet
  facet normal 0.000000e+00 9.411926e-01 -3.378706e-01
    outer loop
      vertex   1.228573e+01 2.068141e+01 2.346000e+01
      vertex   1.678573e+01 2.076435e+01 2.369106e+01
      vertex   1.678573e+01 2.068141e+01 2.346000e+01
    endloop
  endfacet
  facet normal 0.000000e+00 8.266796e-01 -5.626730e-01
    outer loop
      vertex   1.228573e+01 2.068141e+01 2.346000e+01
      vertex   1.678573e+01 2.068141e+01 2.346000e+01
      vertex   1.228573e+01 2.054327e+01 2.325705e+01
    endloop
  endfacet
  facet normal 0.000000e+00 8.266796e-01 -5.626730e-01
    outer loop
      vertex   1.228573e+01 2.054327e+01 2.325705e+01
      vertex   1.678573e+01 2.068141e+01 2.346000e+01
      vertex   1.678573e+01 2.054327e+01 2.325705e+01
    endloop
  endfacet
  facet normal 0.000000e+00 6.595490e-01 -7.516616e-01
    outer loop
      vertex   1.228573e+01 2.054327e+01 2.325705e+01
      vertex   1.678573e+01 2.054327e+01 2.325705e+01
      vertex   1.228573e+01 2.035874e+01 2.309514e+01
    endloop
  endfacet
  facet normal -6.929112e-19 -3.534053e-01 9.354703e-01
    outer loop
      vertex   1.228573e+01 1.935837e+01 2.476132e+01
      vertex   1.228573e+01 1.958802e+01 2.484808e+01
      vertex   7.785728e+00 1.958802e+01 2.484808e+01
    endloop
  endfacet
  facet normal 0.000000e+00 -1.080355e-01 9.941470e-01
    outer loop
      vertex   7.785728e+00 1.958802e+01 2.484808e+01
      vertex   1.228573e+01 1.958802e+01 2.484808e+01
      vertex   7.785728e+00 1.983208e+01 2.487460e+01
    endloop
  endfacet
  facet normal 1.710753e-19 -1.080355e-01 9.941470e-01
    outer loop
      vertex   7.785728e+00 1.958802e+01 2.484808e+01
      vertex   7.785728e+00 1.983208e+01 2.487460e+01
      vertex   3.285728e+00 1.983208e+01 2.487460e+01
    endloop
  endfacet
  facet normal -0.000000e+00 1.442108e-01 9.895470e-01
    outer loop
      vertex   3.285728e+00 1.983208e+01 2.487460e+01
      vertex   7.785728e+00 1.983208e+01 2.487460e+01
      vertex   3.285728e+00 2.007501e+01 2.483920e+01
    endloop
  endfacet
  facet normal -5.616487e-19 1.442108e-01 9.895470e-01
    outer loop
      vertex   3.285728e+00 1.983208e+01 2.487460e+01
      vertex   3.285728e+00 2.007501e+01 2.483920e+01
      vertex   -1.214272e+00 2.007501e+01 2.483920e+01
    endloop
  endfacet
  facet normal -0.000000e+00 3.872781e-01 9.219630e-01
    outer loop
      vertex   -1.214272e+00 2.007501e+01 2.483920e+01
      vertex   3.285728e+00 2.007501e+01 2.483920e+01
      vertex   -1.214272e+00 2.030135e+01 2.474412e+01
    endloop
  endfacet
  facet normal 0.000000e+00 -1.080355e-01 9.941470e-01
    outer loop
      vertex   7.785728e+00 1.983208e+01 2.487460e+01
      vertex   1.228573e+01 1.958802e+01 2.484808e+01
      vertex   1.228573e+01 1.983208e+01 2.487460e+01
    endloop
  endfacet
  facet normal -0.000000e+00 1.442108e-01 9.895470e-01
    outer loop
      vertex   7.785728e+00 1.983208e+01 2.487460e+01
      vertex   1.228573e+01 1.983208e+01 2.487460e+01
      vertex   7.785728e+00 2.007501e+01 2.483920e+01
    endloop
  endfacet
  facet normal -0.000000e+00 1.442108e-01 9.895470e-01
    outer loop
      vertex   7.785728e+00 2.007501e+01 2.483920e+01
      vertex   1.228573e+01 1.983208e+01 2.487460e+01
      vertex   1.228573e+01 2.007501e+01 2.483920e+01
    endloop
  endfacet
  facet normal -0.000000e+00 3.872781e-01 9.219630e-01
    outer loop
      vertex   7.785728e+00 2.007501e+01 2.483920e+01
      vertex   1.228573e+01 2.007501e+01 2.483920e+01
      vertex   7.785728e+00 2.030135e+01 2.474412e+01
    endloop
  endfacet
  facet normal -0.000000e+00 3.872781e-01 9.219630e-01
    outer loop
      vertex   7.785728e+00 2.030135e+01 2.474412e+01
      vertex   1.228573e+01 2.007501e+01 2.483920e+01
      vertex   1.228573e+01 2.030135e+01 2.474412e+01
    endloop
  endfacet
  facet normal -0.000000e+00 6.056954e-01 7.956966e-01
    outer loop
      vertex   7.785728e+00 2.030135e+01 2.474412e+01
      vertex   1.228573e+01 2.030135e+01 2.474412e+01
      vertex   7.785728e+00 2.049669e+01 2.459542e+01
    endloop
  endfacet
  facet normal -0.000000e+00 6.056954e-01 7.956966e-01
    outer loop
      vertex   7.785728e+00 2.049669e+01 2.459542e+01
      vertex   1.228573e+01 2.030135e+01 2.474412e+01
      vertex   1.228573e+01 2.049669e+01 2.459542e+01
    endloop
  endfacet
  facet normal -0.000000e+00 7.855606e-01 6.187847e-01
    outer loop
      vertex   7.785728e+00 2.049669e+01 2.459542e+01
      vertex   1.228573e+01 2.049669e+01 2.459542e+01
      vertex   7.785728e+00 2.064860e+01 2.440257e+01
    endloop
  endfacet
  facet normal -0.000000e+00 7.855606e-01 6.187847e-01
    outer loop
      vertex   7.785728e+00 2.064860e+01 2.440257e+01
      vertex   1.228573e+01 2.049669e+01 2.459542e+01
      vertex   1.228573e+01 2.064860e+01 2.440257e+01
    endloop
  endfacet
  facet normal -0.000000e+00 9.154254e-01 4.024876e-01
    outer loop
      vertex   7.785728e+00 2.064860e+01 2.440257e+01
      vertex   1.228573e+01 2.064860e+01 2.440257e+01
      vertex   7.785728e+00 2.074741e+01 2.417784e+01
    endloop
  endfacet
  facet normal -0.000000e+00 9.154254e-01 4.024876e-01
    outer loop
      vertex   7.785728e+00 2.074741e+01 2.417784e+01
      vertex   1.228573e+01 2.064860e+01 2.440257e+01
      vertex   1.228573e+01 2.074741e+01 2.417784e+01
    endloop
  endfacet
  facet normal -0.000000e+00 9.870241e-01 1.605724e-01
    outer loop
      vertex   7.785728e+00 2.074741e+01 2.417784e+01
      vertex   1.228573e+01 2.074741e+01 2.417784e+01
      vertex   7.785728e+00 2.078683e+01 2.393553e+01
    endloop
  endfacet
  facet normal -0.000000e+00 9.870241e-01 1.605724e-01
    outer loop
      vertex   7.785728e+00 2.078683e+01 2.393553e+01
      vertex   1.228573e+01 2.074741e+01 2.417784e+01
      vertex   1.228573e+01 2.078683e+01 2.393553e+01
    endloop
  endfacet
  facet normal 0.000000e+00 9.957993e-01 -9.156307e-02
    outer loop
      vertex   7.785728e+00 2.078683e+01 2.393553e+01
      vertex   1.228573e+01 2.078683e+01 2.393553e+01
      vertex   7.785728e+00 2.076435e+01 2.369106e+01
    endloop
  endfacet
  facet normal 0.000000e+00 9.957993e-01 -9.156307e-02
    outer loop
      vertex   7.785728e+00 2.076435e+01 2.369106e+01
      vertex   1.228573e+01 2.078683e+01 2.393553e+01
      vertex   1.228573e+01 2.076435e+01 2.369106e+01
    endloop
  endfacet
  facet normal 0.000000e+00 9.411926e-01 -3.378706e-01
    outer loop
      vertex   7.785728e+00 2.076435e+01 2.369106e+01
      vertex   1.228573e+01 2.076435e+01 2.369106e+01
      vertex   7.785728e+00 2.068141e+01 2.346000e+01
    endloop
  endfacet
  facet normal 0.000000e+00 9.411926e-01 -3.378706e-01
    outer loop
      vertex   7.785728e+00 2.068141e+01 2.346000e+01
      vertex   1.228573e+01 2.076435e+01 2.369106e+01
      vertex   1.228573e+01 2.068141e+01 2.346000e+01
    endloop
  endfacet
  facet normal 0.000000e+00 8.266796e-01 -5.626730e-01
    outer loop
      vertex   7.785728e+00 2.068141e+01 2.346000e+01
      vertex   1.228573e+01 2.068141e+01 2.346000e+01
      vertex   7.785728e+00 2.054327e+01 2.325705e+01
    endloop
  endfacet
  facet normal 0.000000e+00 8.266796e-01 -5.626730e-01
    outer loop
      vertex   7.785728e+00 2.054327e+01 2.325705e+01
      vertex   1.228573e+01 2.068141e+01 2.346000e+01
      vertex   1.228573e+01 2.054327e+01 2.325705e+01
    endloop
  endfacet
  facet normal 0.000000e+00 6.595490e-01 -7.516616e-01
    outer loop
      vertex   7.785728e+00 2.054327e+01 2.325705e+01
      vertex   1.228573e+01 2.054327e+01 2.325705e+01
      vertex   7.785728e+00 2.035874e+01 2.309514e+01
    endloop
  endfacet
  facet normal 0.000000e+00 6.595490e-01 -7.516616e-01
    outer loop
      vertex   7.785728e+00 2.035874e+01 2.309514e+01
      vertex   1.228573e+01 2.054327e+01 2.325705e+01
      vertex   1.228573e+01 2.035874e+01 2.309514e+01
    endloop
  endfacet
  facet normal 0.000000e+00 4.504386e-01 -8.928074e-01
    outer loop
      vertex   7.785728e+00 2.035874e+01 2.309514e+01
      vertex   1.228573e+01 2.035874e+01 2.309514e+01
      vertex   7.785728e+00 2.013956e+01 2.298456e+01
    endloop
  endfacet
  facet normal -5.616487e-19 1.442108e-01 9.895470e-01
    outer loop
      vertex   7.785728e+00 1.983208e+01 2.487460e+01
      vertex   7.785728e+00 2.007501e+01 2.483920e+01
      vertex   3.285728e+00 2.007501e+01 2.483920e+01
    endloop
  endfacet
  facet normal -0.000000e+00 3.872781e-01 9.219630e-01
    outer loop
      vertex   3.285728e+00 2.007501e+01 2.483920e+01
      vertex   7.785728e+00 2.007501e+01 2.483920e+01
      vertex   3.285728e+00 2.030135e+01 2.474412e+01
    endloop
  endfacet
  facet normal -1.003981e-18 3.872781e-01 9.219630e-01
    outer loop
      vertex   3.285728e+00 2.007501e+01 2.483920e+01
      vertex   3.285728e+00 2.030135e+01 2.474412e+01
      vertex   -1.214272e+00 2.030135e+01 2.474412e+01
    endloop
  endfacet
  facet normal -0.000000e+00 6.056954e-01 7.956966e-01
    outer loop
      vertex   -1.214272e+00 2.030135e+01 2.474412e+01
      vertex   3.285728e+00 2.030135e+01 2.474412e+01
      vertex   -1.214272e+00 2.049669e+01 2.459542e+01
    endloop
  endfacet
  facet normal -0.000000e+00 3.872781e-01 9.219630e-01
    outer loop
      vertex   3.285728e+00 2.030135e+01 2.474412e+01
      vertex   7.785728e+00 2.007501e+01 2.483920e+01
      vertex   7.785728e+00 2.030135e+01 2.474412e+01
    endloop
  endfacet
  facet normal -0.000000e+00 6.056954e-01 7.956966e-01
    outer loop
      vertex   3.285728e+00 2.030135e+01 2.474412e+01
      vertex   7.785728e+00 2.030135e+01 2.474412e+01
      vertex   3.285728e+00 2.049669e+01 2.459542e+01
    endloop
  endfacet
  facet normal -0.000000e+00 6.056954e-01 7.956966e-01
    outer loop
      vertex   3.285728e+00 2.049669e+01 2.459542e+01
      vertex   7.785728e+00 2.030135e+01 2.474412e+01
      vertex   7.785728e+00 2.049669e+01 2.459542e+01
    endloop
  endfacet
  facet normal -0.000000e+00 7.855606e-01 6.187847e-01
    outer loop
      vertex   3.285728e+00 2.049669e+01 2.459542e+01
      vertex   7.785728e+00 2.049669e+01 2.459542e+01
      vertex   3.285728e+00 2.064860e+01 2.440257e+01
    endloop
  endfacet
  facet normal -0.000000e+00 7.855606e-01 6.187847e-01
    outer loop
      vertex   3.285728e+00 2.064860e+01 2.440257e+01
      vertex   7.785728e+00 2.049669e+01 2.459542e+01
      vertex   7.785728e+00 2.064860e+01 2.440257e+01
    endloop
  endfacet
  facet normal -0.000000e+00 9.154254e-01 4.024876e-01
    outer loop
      vertex   3.285728e+00 2.064860e+01 2.440257e+01
      vertex   7.785728e+00 2.064860e+01 2.440257e+01
      vertex   3.285728e+00 2.074741e+01 2.417784e+01
    endloop
  endfacet
  facet normal -0.000000e+00 9.154254e-01 4.024876e-01
    outer loop
      vertex   3.285728e+00 2.074741e+01 2.417784e+01
      vertex   7.785728e+00 2.064860e+01 2.440257e+01
      vertex   7.785728e+00 2.074741e+01 2.417784e+01
    endloop
  endfacet
  facet normal -0.000000e+00 9.870241e-01 1.605724e-01
    outer loop
      vertex   3.285728e+00 2.074741e+01 2.417784e+01
      vertex   7.785728e+00 2.074741e+01 2.417784e+01
      vertex   3.285728e+00 2.078683e+01 2.393553e+01
    endloop
  endfacet
  facet normal -0.000000e+00 9.870241e-01 1.605724e-01
    outer loop
      vertex   3.285728e+00 2.078683e+01 2.393553e+01
      vertex   7.785728e+00 2.074741e+01 2.417784e+01
      vertex   7.785728e+00 2.078683e+01 2.393553e+01
    endloop
  endfacet
  facet normal 0.000000e+00 9.957993e-01 -9.156307e-02
    outer loop
      vertex   3.285728e+00 2.078683e+01 2.393553e+01
      vertex   7.785728e+00 2.078683e+01 2.393553e+01
      vertex   3.285728e+00 2.076435e+01 2.369106e+01
    endloop
  endfacet
  facet normal 0.000000e+00 9.957993e-01 -9.156307e-02
    outer loop
      vertex   3.285728e+00 2.076435e+01 2.369106e+01
      vertex   7.785728e+00 2.078683e+01 2.393553e+01
      vertex   7.785728e+00 2.076435e+01 2.369106e+01
    endloop
  endfacet
  facet normal 0.000000e+00 9.411926e-01 -3.378706e-01
    outer loop
      vertex   3.285728e+00 2.076435e+01 2.369106e+01
      vertex   7.785728e+00 2.076435e+01 2.369106e+01
      vertex   3.285728e+00 2.068141e+01 2.346000e+01
    endloop
  endfacet
  facet normal 0.000000e+00 9.411926e-01 -3.378706e-01
    outer loop
      vertex   3.285728e+00 2.068141e+01 2.346000e+01
      vertex   7.785728e+00 2.076435e+01 2.369106e+01
      vertex   7.785728e+00 2.068141e+01 2.346000e+01
    endloop
  endfacet
  facet normal 0.000000e+00 8.266796e-01 -5.626730e-01
    outer loop
      vertex   3.285728e+00 2.068141e+01 2.346000e+01
      vertex   7.785728e+00 2.068141e+01 2.346000e+01
      vertex   3.285728e+00 2.054327e+01 2.325705e+01
    endloop
  endfacet
  facet normal 0.000000e+00 8.266796e-01 -5.626730e-01
    outer loop
      vertex   3.285728e+00 2.054327e+01 2.325705e+01
      vertex   7.785728e+00 2.068141e+01 2.346000e+01
      vertex   7.785728e+00 2.054327e+01 2.325705e+01
    endloop
  endfacet
  facet normal 0.000000e+00 6.595490e-01 -7.516616e-01
    outer loop
      vertex   3.285728e+00 2.054327e+01 2.325705e+01
      vertex   7.785728e+00 2.054327e+01 2.325705e+01
      vertex   3.285728e+00 2.035874e+01 2.309514e+01
    endloop
  endfacet
  facet normal 0.000000e+00 6.595490e-01 -7.516616e-01
    outer loop
      vertex   3.285728e+00 2.035874e+01 2.309514e+01
      vertex   7.785728e+00 2.054327e+01 2.325705e+01
      vertex   7.785728e+00 2.035874e+01 2.309514e+01
    endloop
  endfacet
  facet normal 0.000000e+00 4.504386e-01 -8.928074e-01
    outer loop
      vertex   3.285728e+00 2.035874e+01 2.309514e+01
      vertex   7.785728e+00 2.035874e+01 2.309514e+01
      vertex   3.285728e+00 2.013956e+01 2.298456e+01
    endloop
  endfacet
  facet normal 0.000000e+00 4.504386e-01 -8.928074e-01
    outer loop
      vertex   3.285728e+00 2.013956e+01 2.298456e+01
      vertex   7.785728e+00 2.035874e+01 2.309514e+01
      vertex   7.785728e+00 2.013956e+01 2.298456e+01
    endloop
  endfacet
  facet normal 0.000000e+00 2.126581e-01 -9.771267e-01
    outer loop
      vertex   3.285728e+00 2.013956e+01 2.298456e+01
      vertex   7.785728e+00 2.013956e+01 2.298456e+01
      vertex   3.285728e+00 1.989968e+01 2.293235e+01
    endloop
  endfacet
  facet normal -9.409533e-19 7.855606e-01 6.187847e-01
    outer loop
      vertex   -1.214272e+00 2.064860e+01 2.440257e+01
      vertex   -1.214272e+00 2.049669e+01 2.459542e+01
      vertex   3.285728e+00 2.049669e+01 2.459542e+01
    endloop
  endfacet
  facet normal 0.000000e+00 6.056954e-01 7.956966e-01
    outer loop
      vertex   3.285728e+00 2.049669e+01 2.459542e+01
      vertex   -1.214272e+00 2.049669e+01 2.459542e+01
      vertex   3.285728e+00 2.030135e+01 2.474412e+01
    endloop
  endfacet
  facet normal -0.000000e+00 7.855606e-01 6.187847e-01
    outer loop
      vertex   -1.214272e+00 2.064860e+01 2.440257e+01
      vertex   3.285728e+00 2.049669e+01 2.459542e+01
      vertex   3.285728e+00 2.064860e+01 2.440257e+01
    endloop
  endfacet
  facet normal -1.101526e-18 9.154254e-01 4.024876e-01
    outer loop
      vertex   -1.214272e+00 2.074741e+01 2.417784e+01
      vertex   -1.214272e+00 2.064860e+01 2.440257e+01
      vertex   3.285728e+00 2.064860e+01 2.440257e+01
    endloop
  endfacet
  facet normal -0.000000e+00 9.154254e-01 4.024876e-01
    outer loop
      vertex   -1.214272e+00 2.074741e+01 2.417784e+01
      vertex   3.285728e+00 2.064860e+01 2.440257e+01
      vertex   3.285728e+00 2.074741e+01 2.417784e+01
    endloop
  endfacet
  facet normal 2.648676e-19 9.870241e-01 1.605724e-01
    outer loop
      vertex   -1.214272e+00 2.078683e+01 2.393553e+01
      vertex   -1.214272e+00 2.074741e+01 2.417784e+01
      vertex   3.285728e+00 2.074741e+01 2.417784e+01
    endloop
  endfacet
  facet normal -0.000000e+00 9.870241e-01 1.605724e-01
    outer loop
      vertex   -1.214272e+00 2.078683e+01 2.393553e+01
      vertex   3.285728e+00 2.074741e+01 2.417784e+01
      vertex   3.285728e+00 2.078683e+01 2.393553e+01
    endloop
  endfacet
  facet normal -3.886870e-19 9.957993e-01 -9.156307e-02
    outer loop
      vertex   -1.214272e+00 2.076435e+01 2.369106e+01
      vertex   -1.214272e+00 2.078683e+01 2.393553e+01
      vertex   3.285728e+00 2.078683e+01 2.393553e+01
    endloop
  endfacet
  facet normal 0.000000e+00 9.957993e-01 -9.156307e-02
    outer loop
      vertex   -1.214272e+00 2.076435e+01 2.369106e+01
      vertex   3.285728e+00 2.078683e+01 2.393553e+01
      vertex   3.285728e+00 2.076435e+01 2.369106e+01
    endloop
  endfacet
  facet normal -7.244281e-19 9.411926e-01 -3.378706e-01
    outer loop
      vertex   -1.214272e+00 2.068141e+01 2.346000e+01
      vertex   -1.214272e+00 2.076435e+01 2.369106e+01
      vertex   3.285728e+00 2.076435e+01 2.369106e+01
    endloop
  endfacet
  facet normal 0.000000e+00 9.411926e-01 -3.378706e-01
    outer loop
      vertex   -1.214272e+00 2.068141e+01 2.346000e+01
      vertex   3.285728e+00 2.076435e+01 2.369106e+01
      vertex   3.285728e+00 2.068141e+01 2.346000e+01
    endloop
  endfacet
  facet normal 6.922283e-19 8.266796e-01 -5.626730e-01
    outer loop
      vertex   -1.214272e+00 2.054327e+01 2.325705e+01
      vertex   -1.214272e+00 2.068141e+01 2.346000e+01
      vertex   3.285728e+00 2.068141e+01 2.346000e+01
    endloop
  endfacet
  facet normal 0.000000e+00 8.266796e-01 -5.626730e-01
    outer loop
      vertex   -1.214272e+00 2.054327e+01 2.325705e+01
      vertex   3.285728e+00 2.068141e+01 2.346000e+01
      vertex   3.285728e+00 2.054327e+01 2.325705e+01
    endloop
  endfacet
  facet normal 9.479997e-19 6.595490e-01 -7.516616e-01
    outer loop
      vertex   -1.214272e+00 2.035874e+01 2.309514e+01
      vertex   -1.214272e+00 2.054327e+01 2.325705e+01
      vertex   3.285728e+00 2.054327e+01 2.325705e+01
    endloop
  endfacet
  facet normal 0.000000e+00 6.595490e-01 -7.516616e-01
    outer loop
      vertex   -1.214272e+00 2.035874e+01 2.309514e+01
      vertex   3.285728e+00 2.054327e+01 2.325705e+01
      vertex   3.285728e+00 2.035874e+01 2.309514e+01
    endloop
  endfacet
  facet normal 1.358972e-18 4.504386e-01 -8.928074e-01
    outer loop
      vertex   -1.214272e+00 2.013956e+01 2.298456e+01
      vertex   -1.214272e+00 2.035874e+01 2.309514e+01
      vertex   3.285728e+00 2.035874e+01 2.309514e+01
    endloop
  endfacet
  facet normal 0.000000e+00 4.504386e-01 -8.928074e-01
    outer loop
      vertex   -1.214272e+00 2.013956e+01 2.298456e+01
      vertex   3.285728e+00 2.035874e+01 2.309514e+01
      vertex   3.285728e+00 2.013956e+01 2.298456e+01
    endloop
  endfacet
  facet normal 5.261691e-19 2.126581e-01 -9.771267e-01
    outer loop
      vertex   -1.214272e+00 1.989968e+01 2.293235e+01
      vertex   -1.214272e+00 2.013956e+01 2.298456e+01
      vertex   3.285728e+00 2.013956e+01 2.298456e+01
    endloop
  endfacet
  facet normal 0.000000e+00 2.126581e-01 -9.771267e-01
    outer loop
      vertex   -1.214272e+00 1.989968e+01 2.293235e+01
      vertex   3.285728e+00 2.013956e+01 2.298456e+01
      vertex   3.285728e+00 1.989968e+01 2.293235e+01
    endloop
  endfacet
  facet normal -1.000000e+00 0.000000e+00 0.000000e+00
    outer loop
      vertex   -5.714272e+00 1.965436e+01 2.180000e+01
      vertex   -5.714272e+00 1.758703e+01 2.180000e+01
      vertex   -5.714272e+00 1.965436e+01 2.294184e+01
    endloop
  endfacet
  facet normal -1.000000e+00 -0.000000e+00 0.000000e+00
    outer loop
      vertex   -5.714272e+00 1.965436e+01 2.294184e+01
      vertex   -5.714272e+00 1.758703e+01 2.180000e+01
      vertex   -5.714272e+00 1.915773e+01 2.461984e+01
    endloop
  endfacet
  facet normal -1.000000e+00 0.000000e+00 0.000000e+00
    outer loop
      vertex   -5.714272e+00 1.965436e+01 2.294184e+01
      vertex   -5.714272e+00 1.915773e+01 2.461984e+01
      vertex   -5.714272e+00 1.989968e+01 2.293235e+01
    endloop
  endfacet
  facet normal -1.000000e+00 0.000000e+00 0.000000e+00
    outer loop
      vertex   -5.714272e+00 1.989968e+01 2.293235e+01
      vertex   -5.714272e+00 1.915773e+01 2.461984e+01
      vertex   -5.714272e+00 2.013956e+01 2.298456e+01
    endloop
  endfacet
  facet normal -1.000000e+00 0.000000e+00 0.000000e+00
    outer loop
      vertex   -5.714272e+00 2.013956e+01 2.298456e+01
      vertex   -5.714272e+00 1.915773e+01 2.461984e+01
      vertex   -5.714272e+00 2.035874e+01 2.309514e+01
    endloop
  endfacet
  facet normal -1.000000e+00 0.000000e+00 0.000000e+00
    outer loop
      vertex   -5.714272e+00 2.035874e+01 2.309514e+01
      vertex   -5.714272e+00 1.915773e+01 2.461984e+01
      vertex   -5.714272e+00 2.054327e+01 2.325705e+01
    endloop
  endfacet
  facet normal -1.000000e+00 0.000000e+00 0.000000e+00
    outer loop
      vertex   -5.714272e+00 2.054327e+01 2.325705e+01
      vertex   -5.714272e+00 1.915773e+01 2.461984e+01
      vertex   -5.714272e+00 2.068141e+01 2.346000e+01
    endloop
  endfacet
  facet normal -1.000000e+00 0.000000e+00 0.000000e+00
    outer loop
      vertex   -5.714272e+00 2.068141e+01 2.346000e+01
      vertex   -5.714272e+00 1.915773e+01 2.461984e+01
      vertex   -5.714272e+00 2.076435e+01 2.369106e+01
    endloop
  endfacet
  facet normal -1.000000e+00 0.000000e+00 0.000000e+00
    outer loop
      vertex   -5.714272e+00 2.076435e+01 2.369106e+01
      vertex   -5.714272e+00 1.915773e+01 2.461984e+01
      vertex   -5.714272e+00 2.078683e+01 2.393553e+01
    endloop
  endfacet
  facet normal -1.000000e+00 0.000000e+00 0.000000e+00
    outer loop
      vertex   -5.714272e+00 2.078683e+01 2.393553e+01
      vertex   -5.714272e+00 1.915773e+01 2.461984e+01
      vertex   -5.714272e+00 2.074741e+01 2.417784e+01
    endloop
  endfacet
  facet normal -1.000000e+00 0.000000e+00 0.000000e+00
    outer loop
      vertex   -5.714272e+00 2.074741e+01 2.417784e+01
      vertex   -5.714272e+00 1.915773e+01 2.461984e+01
      vertex   -5.714272e+00 2.064860e+01 2.440257e+01
    endloop
  endfacet
  facet normal -1.000000e+00 0.000000e+00 0.000000e+00
    outer loop
      vertex   -5.714272e+00 2.064860e+01 2.440257e+01
      vertex   -5.714272e+00 1.915773e+01 2.461984e+01
      vertex   -5.714272e+00 2.049669e+01 2.459542e+01
    endloop
  endfacet
  facet normal -1.000000e+00 0.000000e+00 0.000000e+00
    outer loop
      vertex   -5.714272e+00 2.049669e+01 2.459542e+01
      vertex   -5.714272e+00 1.915773e+01 2.461984e+01
      vertex   -5.714272e+00 2.030135e+01 2.474412e+01
    endloop
  endfacet
  facet normal -1.000000e+00 -0.000000e+00 0.000000e+00
    outer loop
      vertex   -5.714272e+00 2.030135e+01 2.474412e+01
      vertex   -5.714272e+00 1.915773e+01 2.461984e+01
      vertex   -5.714272e+00 1.935837e+01 2.476132e+01
    endloop
  endfacet
  facet normal -1.000000e+00 0.000000e+00 0.000000e+00
    outer loop
      vertex   -5.714272e+00 2.030135e+01 2.474412e+01
      vertex   -5.714272e+00 1.935837e+01 2.476132e+01
      vertex   -5.714272e+00 2.007501e+01 2.483920e+01
    endloop
  endfacet
  facet normal -1.000000e+00 -0.000000e+00 0.000000e+00
    outer loop
      vertex   -5.714272e+00 2.007501e+01 2.483920e+01
      vertex   -5.714272e+00 1.935837e+01 2.476132e+01
      vertex   -5.714272e+00 1.958802e+01 2.484808e+01
    endloop
  endfacet
  facet normal -1.000000e+00 0.000000e+00 0.000000e+00
    outer loop
      vertex   -5.714272e+00 2.007501e+01 2.483920e+01
      vertex   -5.714272e+00 1.958802e+01 2.484808e+01
      vertex   -5.714272e+00 1.983208e+01 2.487460e+01
    endloop
  endfacet
  facet normal 1.000000e+00 0.000000e+00 0.000000e+00
    outer loop
      vertex   2.128573e+01 -1.304146e+01 2.476132e+01
      vertex   2.128573e+01 -1.398445e+01 2.474412e+01
      vertex   2.128573e+01 -1.284083e+01 2.461984e+01
    endloop
  endfacet
  facet normal 1.000000e+00 0.000000e+00 0.000000e+00
    outer loop
      vertex   2.128573e+01 -1.284083e+01 2.461984e+01
      vertex   2.128573e+01 -1.398445e+01 2.474412e+01
      vertex   2.128573e+01 -1.417979e+01 2.459542e+01
    endloop
  endfacet
  facet normal 1.000000e+00 0.000000e+00 0.000000e+00
    outer loop
      vertex   2.128573e+01 -1.284083e+01 2.461984e+01
      vertex   2.128573e+01 -1.417979e+01 2.459542e+01
      vertex   2.128573e+01 -1.433170e+01 2.440257e+01
    endloop
  endfacet
  facet normal 1.000000e+00 0.000000e+00 0.000000e+00
    outer loop
      vertex   2.128573e+01 -1.398445e+01 2.474412e+01
      vertex   2.128573e+01 -1.304146e+01 2.476132e+01
      vertex   2.128573e+01 -1.375811e+01 2.483920e+01
    endloop
  endfacet
  facet normal 1.000000e+00 -0.000000e+00 0.000000e+00
    outer loop
      vertex   2.128573e+01 -1.375811e+01 2.483920e+01
      vertex   2.128573e+01 -1.304146e+01 2.476132e+01
      vertex   2.128573e+01 -1.327112e+01 2.484808e+01
    endloop
  endfacet
  facet normal 1.000000e+00 0.000000e+00 0.000000e+00
    outer loop
      vertex   2.128573e+01 -1.375811e+01 2.483920e+01
      vertex   2.128573e+01 -1.327112e+01 2.484808e+01
      vertex   2.128573e+01 -1.351518e+01 2.487460e+01
    endloop
  endfacet
  facet normal 1.000000e+00 -0.000000e+00 0.000000e+00
    outer loop
      vertex   2.128573e+01 -1.433170e+01 2.440257e+01
      vertex   2.128573e+01 -1.443051e+01 2.417784e+01
      vertex   2.128573e+01 -1.284083e+01 2.461984e+01
    endloop
  endfacet
  facet normal 1.000000e+00 0.000000e+00 0.000000e+00
    outer loop
      vertex   2.128573e+01 -1.284083e+01 2.461984e+01
      vertex   2.128573e+01 -1.443051e+01 2.417784e+01
      vertex   2.128573e+01 -1.446993e+01 2.393553e+01
    endloop
  endfacet
  facet normal 1.000000e+00 0.000000e+00 0.000000e+00
    outer loop
      vertex   2.128573e+01 -1.284083e+01 2.461984e+01
      vertex   2.128573e+01 -1.446993e+01 2.393553e+01
      vertex   2.128573e+01 -1.444745e+01 2.369106e+01
    endloop
  endfacet
  facet normal 1.000000e+00 -0.000000e+00 0.000000e+00
    outer loop
      vertex   2.128573e+01 -1.444745e+01 2.369106e+01
      vertex   2.128573e+01 -1.436450e+01 2.346000e+01
      vertex   2.128573e+01 -1.284083e+01 2.461984e+01
    endloop
  endfacet
  facet normal 1.000000e+00 0.000000e+00 0.000000e+00
    outer loop
      vertex   2.128573e+01 -1.284083e+01 2.461984e+01
      vertex   2.128573e+01 -1.436450e+01 2.346000e+01
      vertex   2.128573e+01 -1.422637e+01 2.325705e+01
    endloop
  endfacet
  facet normal 1.000000e+00 0.000000e+00 0.000000e+00
    outer loop
      vertex   2.128573e+01 -1.284083e+01 2.461984e+01
      vertex   2.128573e+01 -1.422637e+01 2.325705e+01
      vertex   2.128573e+01 -1.404184e+01 2.309514e+01
    endloop
  endfacet
  facet normal 1.000000e+00 -0.000000e+00 0.000000e+00
    outer loop
      vertex   2.128573e+01 -1.404184e+01 2.309514e+01
      vertex   2.128573e+01 -1.382266e+01 2.298456e+01
      vertex   2.128573e+01 -1.284083e+01 2.461984e+01
    endloop
  endfacet
  facet normal 1.000000e+00 0.000000e+00 0.000000e+00
    outer loop
      vertex   2.128573e+01 -1.284083e+01 2.461984e+01
      vertex   2.128573e+01 -1.382266e+01 2.298456e+01
      vertex   2.128573e+01 -1.358278e+01 2.293235e+01
    endloop
  endfacet
  facet normal 1.000000e+00 0.000000e+00 0.000000e+00
    outer loop
      vertex   2.128573e+01 -1.284083e+01 2.461984e+01
      vertex   2.128573e+01 -1.358278e+01 2.293235e+01
      vertex   2.128573e+01 -1.333746e+01 2.294184e+01
    endloop
  endfacet
  facet normal 1.000000e+00 0.000000e+00 0.000000e+00
    outer loop
      vertex   2.128573e+01 -1.333746e+01 2.180000e+01
      vertex   2.128573e+01 -1.127013e+01 2.180000e+01
      vertex   2.128573e+01 -1.333746e+01 2.294184e+01
    endloop
  endfacet
  facet normal 1.000000e+00 -0.000000e+00 0.000000e+00
    outer loop
      vertex   2.128573e+01 -1.333746e+01 2.294184e+01
      vertex   2.128573e+01 -1.127013e+01 2.180000e+01
      vertex   2.128573e+01 -1.284083e+01 2.461984e+01
    endloop
  endfacet
  facet normal 0.000000e+00 -1.000000e+00 0.000000e+00
    outer loop
      vertex   2.128573e+01 -1.333746e+01 2.180000e+01
      vertex   2.128573e+01 -1.333746e+01 2.294184e+01
      vertex   -5.714272e+00 -1.333746e+01 2.180000e+01
    endloop
  endfacet
  facet normal 0.000000e+00 -1.000000e+00 0.000000e+00
    outer loop
      vertex   -5.714272e+00 -1.333746e+01 2.180000e+01
      vertex   2.128573e+01 -1.333746e+01 2.294184e+01
      vertex   -5.714272e+00 -1.333746e+01 2.294184e+01
    endloop
  endfacet
  facet normal 0.000000e+00 3.865800e-02 -9.992525e-01
    outer loop
      vertex   2.128573e+01 -1.358278e+01 2.293235e+01
      vertex   1.678573e+01 -1.358278e+01 2.293235e+01
      vertex   2.128573e+01 -1.333746e+01 2.294184e+01
    endloop
  endfacet
  facet normal -4.606633e-20 3.865800e-02 -9.992525e-01
    outer loop
      vertex   2.128573e+01 -1.333746e+01 2.294184e+01
      vertex   1.678573e+01 -1.358278e+01 2.293235e+01
      vertex   1.228573e+01 -1.358278e+01 2.293235e+01
    endloop
  endfacet
  facet normal -4.606633e-20 3.865800e-02 -9.992525e-01
    outer loop
      vertex   2.128573e+01 -1.333746e+01 2.294184e+01
      vertex   1.228573e+01 -1.358278e+01 2.293235e+01
      vertex   7.785728e+00 -1.358278e+01 2.293235e+01
    endloop
  endfacet
  facet normal 0.000000e+00 -2.126581e-01 -9.771267e-01
    outer loop
      vertex   7.785728e+00 -1.358278e+01 2.293235e+01
      vertex   1.228573e+01 -1.358278e+01 2.293235e+01
      vertex   7.785728e+00 -1.382266e+01 2.298456e+01
    endloop
  endfacet
  facet normal 8.426800e-17 -2.126581e-01 -9.771267e-01
    outer loop
      vertex   7.785728e+00 -1.358278e+01 2.293235e+01
      vertex   7.785728e+00 -1.382266e+01 2.298456e+01
      vertex   3.285728e+00 -1.382266e+01 2.298456e+01
    endloop
  endfacet
  facet normal 1.778088e-16 -4.504386e-01 -8.928074e-01
    outer loop
      vertex   3.285728e+00 -1.382266e+01 2.298456e+01
      vertex   7.785728e+00 -1.382266e+01 2.298456e+01
      vertex   3.285728e+00 -1.404184e+01 2.309514e+01
    endloop
  endfacet
  facet normal -1.358972e-18 -4.504386e-01 -8.928074e-01
    outer loop
      vertex   3.285728e+00 -1.382266e+01 2.298456e+01
      vertex   3.285728e+00 -1.404184e+01 2.309514e+01
      vertex   -1.214272e+00 -1.404184e+01 2.309514e+01
    endloop
  endfacet
  facet normal 0.000000e+00 -6.595490e-01 -7.516616e-01
    outer loop
      vertex   -1.214272e+00 -1.404184e+01 2.309514e+01
      vertex   3.285728e+00 -1.404184e+01 2.309514e+01
      vertex   -1.214272e+00 -1.422637e+01 2.325705e+01
    endloop
  endfacet
  facet normal -1.257262e-18 -6.595490e-01 -7.516616e-01
    outer loop
      vertex   -1.214272e+00 -1.404184e+01 2.309514e+01
      vertex   -1.214272e+00 -1.422637e+01 2.325705e+01
      vertex   -5.714272e+00 -1.422637e+01 2.325705e+01
    endloop
  endfacet
  facet normal 0.000000e+00 -8.266796e-01 -5.626730e-01
    outer loop
      vertex   -5.714272e+00 -1.422637e+01 2.325705e+01
      vertex   -1.214272e+00 -1.422637e+01 2.325705e+01
      vertex   -5.714272e+00 -1.436450e+01 2.346000e+01
    endloop
  endfacet
  facet normal 0.000000e+00 -8.266796e-01 -5.626730e-01
    outer loop
      vertex   -5.714272e+00 -1.436450e+01 2.346000e+01
      vertex   -1.214272e+00 -1.422637e+01 2.325705e+01
      vertex   -1.214272e+00 -1.436450e+01 2.346000e+01
    endloop
  endfacet
  facet normal 0.000000e+00 -9.411926e-01 -3.378706e-01
    outer loop
      vertex   -5.714272e+00 -1.436450e+01 2.346000e+01
      vertex   -1.214272e+00 -1.436450e+01 2.346000e+01
      vertex   -5.714272e+00 -1.444745e+01 2.369106e+01
    endloop
  endfacet
  facet normal 0.000000e+00 -9.411926e-01 -3.378706e-01
    outer loop
      vertex   -5.714272e+00 -1.444745e+01 2.369106e+01
      vertex   -1.214272e+00 -1.436450e+01 2.346000e+01
      vertex   -1.214272e+00 -1.444745e+01 2.369106e+01
    endloop
  endfacet
  facet normal 0.000000e+00 -9.957993e-01 -9.156307e-02
    outer loop
      vertex   -5.714272e+00 -1.444745e+01 2.369106e+01
      vertex   -1.214272e+00 -1.444745e+01 2.369106e+01
      vertex   -5.714272e+00 -1.446993e+01 2.393553e+01
    endloop
  endfacet
  facet normal 0.000000e+00 -9.957993e-01 -9.156307e-02
    outer loop
      vertex   -5.714272e+00 -1.446993e+01 2.393553e+01
      vertex   -1.214272e+00 -1.444745e+01 2.369106e+01
      vertex   -1.214272e+00 -1.446993e+01 2.393553e+01
    endloop
  endfacet
  facet normal 0.000000e+00 -9.870241e-01 1.605724e-01
    outer loop
      vertex   -5.714272e+00 -1.446993e+01 2.393553e+01
      vertex   -1.214272e+00 -1.446993e+01 2.393553e+01
      vertex   -5.714272e+00 -1.443051e+01 2.417784e+01
    endloop
  endfacet
  facet normal 0.000000e+00 -9.870241e-01 1.605724e-01
    outer loop
      vertex   -5.714272e+00 -1.443051e+01 2.417784e+01
      vertex   -1.214272e+00 -1.446993e+01 2.393553e+01
      vertex   -1.214272e+00 -1.443051e+01 2.417784e+01
    endloop
  endfacet
  facet normal 0.000000e+00 -9.154254e-01 4.024876e-01
    outer loop
      vertex   -5.714272e+00 -1.443051e+01 2.417784e+01
      vertex   -1.214272e+00 -1.443051e+01 2.417784e+01
      vertex   -5.714272e+00 -1.433170e+01 2.440257e+01
    endloop
  endfacet
  facet normal 0.000000e+00 -9.154254e-01 4.024876e-01
    outer loop
      vertex   -5.714272e+00 -1.433170e+01 2.440257e+01
      vertex   -1.214272e+00 -1.443051e+01 2.417784e+01
      vertex   -1.214272e+00 -1.433170e+01 2.440257e+01
    endloop
  endfacet
  facet normal 0.000000e+00 -7.855606e-01 6.187847e-01
    outer loop
      vertex   -5.714272e+00 -1.433170e+01 2.440257e+01
      vertex   -1.214272e+00 -1.433170e+01 2.440257e+01
      vertex   -5.714272e+00 -1.417979e+01 2.459542e+01
    endloop
  endfacet
  facet normal 0.000000e+00 -7.855606e-01 6.187847e-01
    outer loop
      vertex   -5.714272e+00 -1.417979e+01 2.459542e+01
      vertex   -1.214272e+00 -1.433170e+01 2.440257e+01
      vertex   -1.214272e+00 -1.417979e+01 2.459542e+01
    endloop
  endfacet
  facet normal 0.000000e+00 -6.056954e-01 7.956966e-01
    outer loop
      vertex   -5.714272e+00 -1.417979e+01 2.459542e+01
      vertex   -1.214272e+00 -1.417979e+01 2.459542e+01
      vertex   -5.714272e+00 -1.398445e+01 2.474412e+01
    endloop
  endfacet
  facet normal 0.000000e+00 -6.056954e-01 7.956966e-01
    outer loop
      vertex   -5.714272e+00 -1.398445e+01 2.474412e+01
      vertex   -1.214272e+00 -1.417979e+01 2.459542e+01
      vertex   -1.214272e+00 -1.398445e+01 2.474412e+01
    endloop
  endfacet
  facet normal 0.000000e+00 -3.872781e-01 9.219630e-01
    outer loop
      vertex   -5.714272e+00 -1.398445e+01 2.474412e+01
      vertex   -1.214272e+00 -1.398445e+01 2.474412e+01
      vertex   -5.714272e+00 -1.375811e+01 2.483920e+01
    endloop
  endfacet
  facet normal 0.000000e+00 -3.872781e-01 9.219630e-01
    outer loop
      vertex   -5.714272e+00 -1.375811e+01 2.483920e+01
      vertex   -1.214272e+00 -1.398445e+01 2.474412e+01
      vertex   -1.214272e+00 -1.375811e+01 2.483920e+01
    endloop
  endfacet
  facet normal 0.000000e+00 -1.442108e-01 9.895470e-01
    outer loop
      vertex   -5.714272e+00 -1.375811e+01 2.483920e+01
      vertex   -1.214272e+00 -1.375811e+01 2.483920e+01
      vertex   -5.714272e+00 -1.351518e+01 2.487460e+01
    endloop
  endfacet
  facet normal 0.000000e+00 -1.442108e-01 9.895470e-01
    outer loop
      vertex   -5.714272e+00 -1.351518e+01 2.487460e+01
      vertex   -1.214272e+00 -1.375811e+01 2.483920e+01
      vertex   -1.214272e+00 -1.351518e+01 2.487460e+01
    endloop
  endfacet
  facet normal -0.000000e+00 1.080355e-01 9.941470e-01
    outer loop
      vertex   -5.714272e+00 -1.351518e+01 2.487460e+01
      vertex   -1.214272e+00 -1.351518e+01 2.487460e+01
      vertex   -5.714272e+00 -1.327112e+01 2.484808e+01
    endloop
  endfacet
  facet normal -0.000000e+00 1.080355e-01 9.941470e-01
    outer loop
      vertex   -5.714272e+00 -1.327112e+01 2.484808e+01
      vertex   -1.214272e+00 -1.351518e+01 2.487460e+01
      vertex   -1.214272e+00 -1.327112e+01 2.484808e+01
    endloop
  endfacet
  facet normal -0.000000e+00 3.534053e-01 9.354703e-01
    outer loop
      vertex   -5.714272e+00 -1.327112e+01 2.484808e+01
      vertex   -1.214272e+00 -1.327112e+01 2.484808e+01
      vertex   -5.714272e+00 -1.304146e+01 2.476132e+01
    endloop
  endfacet
  facet normal -0.000000e+00 3.534053e-01 9.354703e-01
    outer loop
      vertex   -5.714272e+00 -1.304146e+01 2.476132e+01
      vertex   -1.214272e+00 -1.327112e+01 2.484808e+01
      vertex   -1.214272e+00 -1.304146e+01 2.476132e+01
    endloop
  endfacet
  facet normal -0.000000e+00 5.762811e-01 8.172515e-01
    outer loop
      vertex   -5.714272e+00 -1.304146e+01 2.476132e+01
      vertex   -1.214272e+00 -1.304146e+01 2.476132e+01
      vertex   -5.714272e+00 -1.284083e+01 2.461984e+01
    endloop
  endfacet
  facet normal -1.498382e-18 5.762811e-01 8.172515e-01
    outer loop
      vertex   -5.714272e+00 -1.284083e+01 2.461984e+01
      vertex   -1.214272e+00 -1.304146e+01 2.476132e+01
      vertex   3.285728e+00 -1.304146e+01 2.476132e+01
    endloop
  endfacet
  facet normal -1.498382e-18 5.762811e-01 8.172515e-01
    outer loop
      vertex   -5.714272e+00 -1.284083e+01 2.461984e+01
      vertex   3.285728e+00 -1.304146e+01 2.476132e+01
      vertex   7.785728e+00 -1.304146e+01 2.476132e+01
    endloop
  endfacet
  facet normal 0.000000e+00 3.534053e-01 9.354703e-01
    outer loop
      vertex   7.785728e+00 -1.304146e+01 2.476132e+01
      vertex   3.285728e+00 -1.304146e+01 2.476132e+01
      vertex   7.785728e+00 -1.327112e+01 2.484808e+01
    endloop
  endfacet
  facet normal 6.929112e-19 3.534053e-01 9.354703e-01
    outer loop
      vertex   7.785728e+00 -1.304146e+01 2.476132e+01
      vertex   7.785728e+00 -1.327112e+01 2.484808e+01
      vertex   1.228573e+01 -1.327112e+01 2.484808e+01
    endloop
  endfacet
  facet normal 0.000000e+00 1.080355e-01 9.941470e-01
    outer loop
      vertex   1.228573e+01 -1.327112e+01 2.484808e+01
      vertex   7.785728e+00 -1.327112e+01 2.484808e+01
      vertex   1.228573e+01 -1.351518e+01 2.487460e+01
    endloop
  endfacet
  facet normal -1.710753e-19 1.080355e-01 9.941470e-01
    outer loop
      vertex   1.228573e+01 -1.327112e+01 2.484808e+01
      vertex   1.228573e+01 -1.351518e+01 2.487460e+01
      vertex   1.678573e+01 -1.351518e+01 2.487460e+01
    endloop
  endfacet
  facet normal 0.000000e+00 -1.442108e-01 9.895470e-01
    outer loop
      vertex   1.678573e+01 -1.351518e+01 2.487460e+01
      vertex   1.228573e+01 -1.351518e+01 2.487460e+01
      vertex   1.678573e+01 -1.375811e+01 2.483920e+01
    endloop
  endfacet
  facet normal 5.616487e-19 -1.442108e-01 9.895470e-01
    outer loop
      vertex   1.678573e+01 -1.351518e+01 2.487460e+01
      vertex   1.678573e+01 -1.375811e+01 2.483920e+01
      vertex   2.128573e+01 -1.375811e+01 2.483920e+01
    endloop
  endfacet
  facet normal 0.000000e+00 -3.872781e-01 9.219630e-01
    outer loop
      vertex   2.128573e+01 -1.375811e+01 2.483920e+01
      vertex   1.678573e+01 -1.375811e+01 2.483920e+01
      vertex   2.128573e+01 -1.398445e+01 2.474412e+01
    endloop
  endfacet
  facet normal 0.000000e+00 -3.872781e-01 9.219630e-01
    outer loop
      vertex   2.128573e+01 -1.398445e+01 2.474412e+01
      vertex   1.678573e+01 -1.375811e+01 2.483920e+01
      vertex   1.678573e+01 -1.398445e+01 2.474412e+01
    endloop
  endfacet
  facet normal 0.000000e+00 -6.056954e-01 7.956966e-01
    outer loop
      vertex   2.128573e+01 -1.398445e+01 2.474412e+01
      vertex   1.678573e+01 -1.398445e+01 2.474412e+01
      vertex   2.128573e+01 -1.417979e+01 2.459542e+01
    endloop
  endfacet
  facet normal -2.390958e-16 -6.056954e-01 7.956966e-01
    outer loop
      vertex   2.128573e+01 -1.417979e+01 2.459542e+01
      vertex   1.678573e+01 -1.398445e+01 2.474412e+01
      vertex   1.678573e+01 -1.417979e+01 2.459542e+01
    endloop
  endfacet
  facet normal -3.100969e-16 -7.855606e-01 6.187847e-01
    outer loop
      vertex   2.128573e+01 -1.417979e+01 2.459542e+01
      vertex   1.678573e+01 -1.417979e+01 2.459542e+01
      vertex   2.128573e+01 -1.433170e+01 2.440257e+01
    endloop
  endfacet
  facet normal 0.000000e+00 -7.855606e-01 6.187847e-01
    outer loop
      vertex   2.128573e+01 -1.433170e+01 2.440257e+01
      vertex   1.678573e+01 -1.417979e+01 2.459542e+01
      vertex   1.678573e+01 -1.433170e+01 2.440257e+01
    endloop
  endfacet
  facet normal 0.000000e+00 -9.154254e-01 4.024876e-01
    outer loop
      vertex   2.128573e+01 -1.433170e+01 2.440257e+01
      vertex   1.678573e+01 -1.433170e+01 2.440257e+01
      vertex   2.128573e+01 -1.443051e+01 2.417784e+01
    endloop
  endfacet
  facet normal 0.000000e+00 -9.154254e-01 4.024876e-01
    outer loop
      vertex   2.128573e+01 -1.443051e+01 2.417784e+01
      vertex   1.678573e+01 -1.433170e+01 2.440257e+01
      vertex   1.678573e+01 -1.443051e+01 2.417784e+01
    endloop
  endfacet
  facet normal 0.000000e+00 -9.870241e-01 1.605724e-01
    outer loop
      vertex   2.128573e+01 -1.443051e+01 2.417784e+01
      vertex   1.678573e+01 -1.443051e+01 2.417784e+01
      vertex   2.128573e+01 -1.446993e+01 2.393553e+01
    endloop
  endfacet
  facet normal 0.000000e+00 -9.870241e-01 1.605724e-01
    outer loop
      vertex   2.128573e+01 -1.446993e+01 2.393553e+01
      vertex   1.678573e+01 -1.443051e+01 2.417784e+01
      vertex   1.678573e+01 -1.446993e+01 2.393553e+01
    endloop
  endfacet
  facet normal -0.000000e+00 -9.957993e-01 -9.156307e-02
    outer loop
      vertex   2.128573e+01 -1.446993e+01 2.393553e+01
      vertex   1.678573e+01 -1.446993e+01 2.393553e+01
      vertex   2.128573e+01 -1.444745e+01 2.369106e+01
    endloop
  endfacet
  facet normal -0.000000e+00 -9.957993e-01 -9.156307e-02
    outer loop
      vertex   2.128573e+01 -1.444745e+01 2.369106e+01
      vertex   1.678573e+01 -1.446993e+01 2.393553e+01
      vertex   1.678573e+01 -1.444745e+01 2.369106e+01
    endloop
  endfacet
  facet normal -0.000000e+00 -9.411926e-01 -3.378706e-01
    outer loop
      vertex   2.128573e+01 -1.444745e+01 2.369106e+01
      vertex   1.678573e+01 -1.444745e+01 2.369106e+01
      vertex   2.128573e+01 -1.436450e+01 2.346000e+01
    endloop
  endfacet
  facet normal -0.000000e+00 -9.411926e-01 -3.378706e-01
    outer loop
      vertex   2.128573e+01 -1.436450e+01 2.346000e+01
      vertex   1.678573e+01 -1.444745e+01 2.369106e+01
      vertex   1.678573e+01 -1.436450e+01 2.346000e+01
    endloop
  endfacet
  facet normal -0.000000e+00 -8.266796e-01 -5.626730e-01
    outer loop
      vertex   2.128573e+01 -1.436450e+01 2.346000e+01
      vertex   1.678573e+01 -1.436450e+01 2.346000e+01
      vertex   2.128573e+01 -1.422637e+01 2.325705e+01
    endloop
  endfacet
  facet normal -0.000000e+00 -8.266796e-01 -5.626730e-01
    outer loop
      vertex   2.128573e+01 -1.422637e+01 2.325705e+01
      vertex   1.678573e+01 -1.436450e+01 2.346000e+01
      vertex   1.678573e+01 -1.422637e+01 2.325705e+01
    endloop
  endfacet
  facet normal -0.000000e+00 -6.595490e-01 -7.516616e-01
    outer loop
      vertex   2.128573e+01 -1.422637e+01 2.325705e+01
      vertex   1.678573e+01 -1.422637e+01 2.325705e+01
      vertex   2.128573e+01 -1.404184e+01 2.309514e+01
    endloop
  endfacet
  facet normal -0.000000e+00 -6.595490e-01 -7.516616e-01
    outer loop
      vertex   2.128573e+01 -1.404184e+01 2.309514e+01
      vertex   1.678573e+01 -1.422637e+01 2.325705e+01
      vertex   1.678573e+01 -1.404184e+01 2.309514e+01
    endloop
  endfacet
  facet normal -0.000000e+00 -4.504386e-01 -8.928074e-01
    outer loop
      vertex   2.128573e+01 -1.404184e+01 2.309514e+01
      vertex   1.678573e+01 -1.404184e+01 2.309514e+01
      vertex   2.128573e+01 -1.382266e+01 2.298456e+01
    endloop
  endfacet
  facet normal -0.000000e+00 -4.504386e-01 -8.928074e-01
    outer loop
      vertex   2.128573e+01 -1.382266e+01 2.298456e+01
      vertex   1.678573e+01 -1.404184e+01 2.309514e+01
      vertex   1.678573e+01 -1.382266e+01 2.298456e+01
    endloop
  endfacet
  facet normal -0.000000e+00 -2.126581e-01 -9.771267e-01
    outer loop
      vertex   2.128573e+01 -1.382266e+01 2.298456e+01
      vertex   1.678573e+01 -1.382266e+01 2.298456e+01
      vertex   2.128573e+01 -1.358278e+01 2.293235e+01
    endloop
  endfacet
  facet normal -0.000000e+00 -2.126581e-01 -9.771267e-01
    outer loop
      vertex   2.128573e+01 -1.358278e+01 2.293235e+01
      vertex   1.678573e+01 -1.382266e+01 2.298456e+01
      vertex   1.678573e+01 -1.358278e+01 2.293235e+01
    endloop
  endfacet
  facet normal 5.616487e-19 -1.442108e-01 9.895470e-01
    outer loop
      vertex   2.128573e+01 -1.375811e+01 2.483920e+01
      vertex   2.128573e+01 -1.351518e+01 2.487460e+01
      vertex   1.678573e+01 -1.351518e+01 2.487460e+01
    endloop
  endfacet
  facet normal -0.000000e+00 1.080355e-01 9.941470e-01
    outer loop
      vertex   1.678573e+01 -1.351518e+01 2.487460e+01
      vertex   2.128573e+01 -1.351518e+01 2.487460e+01
      vertex   1.678573e+01 -1.327112e+01 2.484808e+01
    endloop
  endfacet
  facet normal -1.710753e-19 1.080355e-01 9.941470e-01
    outer loop
      vertex   1.678573e+01 -1.351518e+01 2.487460e+01
      vertex   1.678573e+01 -1.327112e+01 2.484808e+01
      vertex   1.228573e+01 -1.327112e+01 2.484808e+01
    endloop
  endfacet
  facet normal -0.000000e+00 3.534053e-01 9.354703e-01
    outer loop
      vertex   1.228573e+01 -1.327112e+01 2.484808e+01
      vertex   1.678573e+01 -1.327112e+01 2.484808e+01
      vertex   1.228573e+01 -1.304146e+01 2.476132e+01
    endloop
  endfacet
  facet normal 6.929112e-19 3.534053e-01 9.354703e-01
    outer loop
      vertex   1.228573e+01 -1.327112e+01 2.484808e+01
      vertex   1.228573e+01 -1.304146e+01 2.476132e+01
      vertex   7.785728e+00 -1.304146e+01 2.476132e+01
    endloop
  endfacet
  facet normal -0.000000e+00 5.762811e-01 8.172515e-01
    outer loop
      vertex   7.785728e+00 -1.304146e+01 2.476132e+01
      vertex   1.228573e+01 -1.304146e+01 2.476132e+01
      vertex   2.128573e+01 -1.284083e+01 2.461984e+01
    endloop
  endfacet
  facet normal -2.497303e-19 5.762811e-01 8.172515e-01
    outer loop
      vertex   7.785728e+00 -1.304146e+01 2.476132e+01
      vertex   2.128573e+01 -1.284083e+01 2.461984e+01
      vertex   -5.714272e+00 -1.284083e+01 2.461984e+01
    endloop
  endfacet
  facet normal -1.710753e-19 1.080355e-01 9.941470e-01
    outer loop
      vertex   2.128573e+01 -1.351518e+01 2.487460e+01
      vertex   2.128573e+01 -1.327112e+01 2.484808e+01
      vertex   1.678573e+01 -1.327112e+01 2.484808e+01
    endloop
  endfacet
  facet normal -0.000000e+00 3.534053e-01 9.354703e-01
    outer loop
      vertex   1.678573e+01 -1.327112e+01 2.484808e+01
      vertex   2.128573e+01 -1.327112e+01 2.484808e+01
      vertex   1.678573e+01 -1.304146e+01 2.476132e+01
    endloop
  endfacet
  facet normal 6.929112e-19 3.534053e-01 9.354703e-01
    outer loop
      vertex   1.678573e+01 -1.327112e+01 2.484808e+01
      vertex   1.678573e+01 -1.304146e+01 2.476132e+01
      vertex   1.228573e+01 -1.304146e+01 2.476132e+01
    endloop
  endfacet
  facet normal -0.000000e+00 5.762811e-01 8.172515e-01
    outer loop
      vertex   1.228573e+01 -1.304146e+01 2.476132e+01
      vertex   1.678573e+01 -1.304146e+01 2.476132e+01
      vertex   2.128573e+01 -1.284083e+01 2.461984e+01
    endloop
  endfacet
  facet normal 6.929112e-19 3.534053e-01 9.354703e-01
    outer loop
      vertex   2.128573e+01 -1.327112e+01 2.484808e+01
      vertex   2.128573e+01 -1.304146e+01 2.476132e+01
      vertex   1.678573e+01 -1.304146e+01 2.476132e+01
    endloop
  endfacet
  facet normal -0.000000e+00 5.762811e-01 8.172515e-01
    outer loop
      vertex   1.678573e+01 -1.304146e+01 2.476132e+01
      vertex   2.128573e+01 -1.304146e+01 2.476132e+01
      vertex   2.128573e+01 -1.284083e+01 2.461984e+01
    endloop
  endfacet
  facet normal -1.257262e-18 -6.595490e-01 -7.516616e-01
    outer loop
      vertex   -5.714272e+00 -1.422637e+01 2.325705e+01
      vertex   -5.714272e+00 -1.404184e+01 2.309514e+01
      vertex   -1.214272e+00 -1.404184e+01 2.309514e+01
    endloop
  endfacet
  facet normal -0.000000e+00 -4.504386e-01 -8.928074e-01
    outer loop
      vertex   -1.214272e+00 -1.404184e+01 2.309514e+01
      vertex   -5.714272e+00 -1.404184e+01 2.309514e+01
      vertex   -1.214272e+00 -1.382266e+01 2.298456e+01
    endloop
  endfacet
  facet normal -1.358972e-18 -4.504386e-01 -8.928074e-01
    outer loop
      vertex   -1.214272e+00 -1.404184e+01 2.309514e+01
      vertex   -1.214272e+00 -1.382266e+01 2.298456e+01
      vertex   3.285728e+00 -1.382266e+01 2.298456e+01
    endloop
  endfacet
  facet normal -0.000000e+00 -2.126581e-01 -9.771267e-01
    outer loop
      vertex   3.285728e+00 -1.382266e+01 2.298456e+01
      vertex   -1.214272e+00 -1.382266e+01 2.298456e+01
      vertex   3.285728e+00 -1.358278e+01 2.293235e+01
    endloop
  endfacet
  facet normal 3.220925e-19 -2.126581e-01 -9.771267e-01
    outer loop
      vertex   3.285728e+00 -1.382266e+01 2.298456e+01
      vertex   3.285728e+00 -1.358278e+01 2.293235e+01
      vertex   7.785728e+00 -1.358278e+01 2.293235e+01
    endloop
  endfacet
  facet normal 0.000000e+00 3.865800e-02 -9.992525e-01
    outer loop
      vertex   7.785728e+00 -1.358278e+01 2.293235e+01
      vertex   3.285728e+00 -1.358278e+01 2.293235e+01
      vertex   -5.714272e+00 -1.333746e+01 2.294184e+01
    endloop
  endfacet
  facet normal -7.677721e-21 3.865800e-02 -9.992525e-01
    outer loop
      vertex   7.785728e+00 -1.358278e+01 2.293235e+01
      vertex   -5.714272e+00 -1.333746e+01 2.294184e+01
      vertex   2.128573e+01 -1.333746e+01 2.294184e+01
    endloop
  endfacet
  facet normal -1.358972e-18 -4.504386e-01 -8.928074e-01
    outer loop
      vertex   -5.714272e+00 -1.404184e+01 2.309514e+01
      vertex   -5.714272e+00 -1.382266e+01 2.298456e+01
      vertex   -1.214272e+00 -1.382266e+01 2.298456e+01
    endloop
  endfacet
  facet normal -0.000000e+00 -2.126581e-01 -9.771267e-01
    outer loop
      vertex   -1.214272e+00 -1.382266e+01 2.298456e+01
      vertex   -5.714272e+00 -1.382266e+01 2.298456e+01
      vertex   -1.214272e+00 -1.358278e+01 2.293235e+01
    endloop
  endfacet
  facet normal 3.220925e-19 -2.126581e-01 -9.771267e-01
    outer loop
      vertex   -1.214272e+00 -1.382266e+01 2.298456e+01
      vertex   -1.214272e+00 -1.358278e+01 2.293235e+01
      vertex   3.285728e+00 -1.358278e+01 2.293235e+01
    endloop
  endfacet
  facet normal 0.000000e+00 3.865800e-02 -9.992525e-01
    outer loop
      vertex   3.285728e+00 -1.358278e+01 2.293235e+01
      vertex   -1.214272e+00 -1.358278e+01 2.293235e+01
      vertex   -5.714272e+00 -1.333746e+01 2.294184e+01
    endloop
  endfacet
  facet normal 3.220925e-19 -2.126581e-01 -9.771267e-01
    outer loop
      vertex   -5.714272e+00 -1.382266e+01 2.298456e+01
      vertex   -5.714272e+00 -1.358278e+01 2.293235e+01
      vertex   -1.214272e+00 -1.358278e+01 2.293235e+01
    endloop
  endfacet
  facet normal 0.000000e+00 3.865800e-02 -9.992525e-01
    outer loop
      vertex   -1.214272e+00 -1.358278e+01 2.293235e+01
      vertex   -5.714272e+00 -1.358278e+01 2.293235e+01
      vertex   -5.714272e+00 -1.333746e+01 2.294184e+01
    endloop
  endfacet
  facet normal 0.000000e+00 -2.126581e-01 -9.771267e-01
    outer loop
      vertex   1.228573e+01 -1.358278e+01 2.293235e+01
      vertex   1.678573e+01 -1.358278e+01 2.293235e+01
      vertex   1.228573e+01 -1.382266e+01 2.298456e+01
    endloop
  endfacet
  facet normal 0.000000e+00 -2.126581e-01 -9.771267e-01
    outer loop
      vertex   1.228573e+01 -1.382266e+01 2.298456e+01
      vertex   1.678573e+01 -1.358278e+01 2.293235e+01
      vertex   1.678573e+01 -1.382266e+01 2.298456e+01
    endloop
  endfacet
  facet normal 0.000000e+00 -4.504386e-01 -8.928074e-01
    outer loop
      vertex   1.228573e+01 -1.382266e+01 2.298456e+01
      vertex   1.678573e+01 -1.382266e+01 2.298456e+01
      vertex   1.228573e+01 -1.404184e+01 2.309514e+01
    endloop
  endfacet
  facet normal 0.000000e+00 -4.504386e-01 -8.928074e-01
    outer loop
      vertex   1.228573e+01 -1.404184e+01 2.309514e+01
      vertex   1.678573e+01 -1.382266e+01 2.298456e+01
      vertex   1.678573e+01 -1.404184e+01 2.309514e+01
    endloop
  endfacet
  facet normal 0.000000e+00 -6.595490e-01 -7.516616e-01
    outer loop
      vertex   1.228573e+01 -1.404184e+01 2.309514e+01
      vertex   1.678573e+01 -1.404184e+01 2.309514e+01
      vertex   1.228573e+01 -1.422637e+01 2.325705e+01
    endloop
  endfacet
  facet normal 0.000000e+00 -6.595490e-01 -7.516616e-01
    outer loop
      vertex   1.228573e+01 -1.422637e+01 2.325705e+01
      vertex   1.678573e+01 -1.404184e+01 2.309514e+01
      vertex   1.678573e+01 -1.422637e+01 2.325705e+01
    endloop
  endfacet
  facet normal 0.000000e+00 -8.266796e-01 -5.626730e-01
    outer loop
      vertex   1.228573e+01 -1.422637e+01 2.325705e+01
      vertex   1.678573e+01 -1.422637e+01 2.325705e+01
      vertex   1.228573e+01 -1.436450e+01 2.346000e+01
    endloop
  endfacet
  facet normal 0.000000e+00 -8.266796e-01 -5.626730e-01
    outer loop
      vertex   1.228573e+01 -1.436450e+01 2.346000e+01
      vertex   1.678573e+01 -1.422637e+01 2.325705e+01
      vertex   1.678573e+01 -1.436450e+01 2.346000e+01
    endloop
  endfacet
  facet normal 0.000000e+00 -9.411926e-01 -3.378706e-01
    outer loop
      vertex   1.228573e+01 -1.436450e+01 2.346000e+01
      vertex   1.678573e+01 -1.436450e+01 2.346000e+01
      vertex   1.228573e+01 -1.444745e+01 2.369106e+01
    endloop
  endfacet
  facet normal 0.000000e+00 -9.411926e-01 -3.378706e-01
    outer loop
      vertex   1.228573e+01 -1.444745e+01 2.369106e+01
      vertex   1.678573e+01 -1.436450e+01 2.346000e+01
      vertex   1.678573e+01 -1.444745e+01 2.369106e+01
    endloop
  endfacet
  facet normal 0.000000e+00 -9.957993e-01 -9.156307e-02
    outer loop
      vertex   1.228573e+01 -1.444745e+01 2.369106e+01
      vertex   1.678573e+01 -1.444745e+01 2.369106e+01
      vertex   1.228573e+01 -1.446993e+01 2.393553e+01
    endloop
  endfacet
  facet normal 0.000000e+00 -9.957993e-01 -9.156307e-02
    outer loop
      vertex   1.228573e+01 -1.446993e+01 2.393553e+01
      vertex   1.678573e+01 -1.444745e+01 2.369106e+01
      vertex   1.678573e+01 -1.446993e+01 2.393553e+01
    endloop
  endfacet
  facet normal 0.000000e+00 -9.870241e-01 1.605724e-01
    outer loop
      vertex   1.228573e+01 -1.446993e+01 2.393553e+01
      vertex   1.678573e+01 -1.446993e+01 2.393553e+01
      vertex   1.228573e+01 -1.443051e+01 2.417784e+01
    endloop
  endfacet
  facet normal 0.000000e+00 -9.870241e-01 1.605724e-01
    outer loop
      vertex   1.228573e+01 -1.443051e+01 2.417784e+01
      vertex   1.678573e+01 -1.446993e+01 2.393553e+01
      vertex   1.678573e+01 -1.443051e+01 2.417784e+01
    endloop
  endfacet
  facet normal 0.000000e+00 -9.154254e-01 4.024876e-01
    outer loop
      vertex   1.228573e+01 -1.443051e+01 2.417784e+01
      vertex   1.678573e+01 -1.443051e+01 2.417784e+01
      vertex   1.228573e+01 -1.433170e+01 2.440257e+01
    endloop
  endfacet
  facet normal 0.000000e+00 -9.154254e-01 4.024876e-01
    outer loop
      vertex   1.228573e+01 -1.433170e+01 2.440257e+01
      vertex   1.678573e+01 -1.443051e+01 2.417784e+01
      vertex   1.678573e+01 -1.433170e+01 2.440257e+01
    endloop
  endfacet
  facet normal 0.000000e+00 -7.855606e-01 6.187847e-01
    outer loop
      vertex   1.228573e+01 -1.433170e+01 2.440257e+01
      vertex   1.678573e+01 -1.433170e+01 2.440257e+01
      vertex   1.228573e+01 -1.417979e+01 2.459542e+01
    endloop
  endfacet
  facet normal 3.100969e-16 -7.855606e-01 6.187847e-01
    outer loop
      vertex   1.228573e+01 -1.417979e+01 2.459542e+01
      vertex   1.678573e+01 -1.433170e+01 2.440257e+01
      vertex   1.678573e+01 -1.417979e+01 2.459542e+01
    endloop
  endfacet
  facet normal 2.390958e-16 -6.056954e-01 7.956966e-01
    outer loop
      vertex   1.228573e+01 -1.417979e+01 2.459542e+01
      vertex   1.678573e+01 -1.417979e+01 2.459542e+01
      vertex   1.228573e+01 -1.398445e+01 2.474412e+01
    endloop
  endfacet
  facet normal 0.000000e+00 -6.056954e-01 7.956966e-01
    outer loop
      vertex   1.228573e+01 -1.398445e+01 2.474412e+01
      vertex   1.678573e+01 -1.417979e+01 2.459542e+01
      vertex   1.678573e+01 -1.398445e+01 2.474412e+01
    endloop
  endfacet
  facet normal 0.000000e+00 -3.872781e-01 9.219630e-01
    outer loop
      vertex   1.228573e+01 -1.398445e+01 2.474412e+01
      vertex   1.678573e+01 -1.398445e+01 2.474412e+01
      vertex   1.228573e+01 -1.375811e+01 2.483920e+01
    endloop
  endfacet
  facet normal 0.000000e+00 -3.872781e-01 9.219630e-01
    outer loop
      vertex   1.228573e+01 -1.375811e+01 2.483920e+01
      vertex   1.678573e+01 -1.398445e+01 2.474412e+01
      vertex   1.678573e+01 -1.375811e+01 2.483920e+01
    endloop
  endfacet
  facet normal 0.000000e+00 -1.442108e-01 9.895470e-01
    outer loop
      vertex   1.228573e+01 -1.375811e+01 2.483920e+01
      vertex   1.678573e+01 -1.375811e+01 2.483920e+01
      vertex   1.228573e+01 -1.351518e+01 2.487460e+01
    endloop
  endfacet
  facet normal -5.261691e-19 -2.126581e-01 -9.771267e-01
    outer loop
      vertex   1.228573e+01 -1.358278e+01 2.293235e+01
      vertex   1.228573e+01 -1.382266e+01 2.298456e+01
      vertex   7.785728e+00 -1.382266e+01 2.298456e+01
    endloop
  endfacet
  facet normal 0.000000e+00 -4.504386e-01 -8.928074e-01
    outer loop
      vertex   7.785728e+00 -1.382266e+01 2.298456e+01
      vertex   1.228573e+01 -1.382266e+01 2.298456e+01
      vertex   7.785728e+00 -1.404184e+01 2.309514e+01
    endloop
  endfacet
  facet normal -1.578651e-19 -4.504386e-01 -8.928074e-01
    outer loop
      vertex   7.785728e+00 -1.382266e+01 2.298456e+01
      vertex   7.785728e+00 -1.404184e+01 2.309514e+01
      vertex   3.285728e+00 -1.404184e+01 2.309514e+01
    endloop
  endfacet
  facet normal 0.000000e+00 -6.595490e-01 -7.516616e-01
    outer loop
      vertex   3.285728e+00 -1.404184e+01 2.309514e+01
      vertex   7.785728e+00 -1.404184e+01 2.309514e+01
      vertex   3.285728e+00 -1.422637e+01 2.325705e+01
    endloop
  endfacet
  facet normal -1.257262e-18 -6.595490e-01 -7.516616e-01
    outer loop
      vertex   3.285728e+00 -1.404184e+01 2.309514e+01
      vertex   3.285728e+00 -1.422637e+01 2.325705e+01
      vertex   -1.214272e+00 -1.422637e+01 2.325705e+01
    endloop
  endfacet
  facet normal 0.000000e+00 -8.266796e-01 -5.626730e-01
    outer loop
      vertex   -1.214272e+00 -1.422637e+01 2.325705e+01
      vertex   3.285728e+00 -1.422637e+01 2.325705e+01
      vertex   -1.214272e+00 -1.436450e+01 2.346000e+01
    endloop
  endfacet
  facet normal 0.000000e+00 -4.504386e-01 -8.928074e-01
    outer loop
      vertex   7.785728e+00 -1.404184e+01 2.309514e+01
      vertex   1.228573e+01 -1.382266e+01 2.298456e+01
      vertex   1.228573e+01 -1.404184e+01 2.309514e+01
    endloop
  endfacet
  facet normal 0.000000e+00 -6.595490e-01 -7.516616e-01
    outer loop
      vertex   7.785728e+00 -1.404184e+01 2.309514e+01
      vertex   1.228573e+01 -1.404184e+01 2.309514e+01
      vertex   7.785728e+00 -1.422637e+01 2.325705e+01
    endloop
  endfacet
  facet normal 0.000000e+00 -6.595490e-01 -7.516616e-01
    outer loop
      vertex   7.785728e+00 -1.422637e+01 2.325705e+01
      vertex   1.228573e+01 -1.404184e+01 2.309514e+01
      vertex   1.228573e+01 -1.422637e+01 2.325705e+01
    endloop
  endfacet
  facet normal 0.000000e+00 -8.266796e-01 -5.626730e-01
    outer loop
      vertex   7.785728e+00 -1.422637e+01 2.325705e+01
      vertex   1.228573e+01 -1.422637e+01 2.325705e+01
      vertex   7.785728e+00 -1.436450e+01 2.346000e+01
    endloop
  endfacet
  facet normal 0.000000e+00 -8.266796e-01 -5.626730e-01
    outer loop
      vertex   7.785728e+00 -1.436450e+01 2.346000e+01
      vertex   1.228573e+01 -1.422637e+01 2.325705e+01
      vertex   1.228573e+01 -1.436450e+01 2.346000e+01
    endloop
  endfacet
  facet normal 0.000000e+00 -9.411926e-01 -3.378706e-01
    outer loop
      vertex   7.785728e+00 -1.436450e+01 2.346000e+01
      vertex   1.228573e+01 -1.436450e+01 2.346000e+01
      vertex   7.785728e+00 -1.444745e+01 2.369106e+01
    endloop
  endfacet
  facet normal 0.000000e+00 -9.411926e-01 -3.378706e-01
    outer loop
      vertex   7.785728e+00 -1.444745e+01 2.369106e+01
      vertex   1.228573e+01 -1.436450e+01 2.346000e+01
      vertex   1.228573e+01 -1.444745e+01 2.369106e+01
    endloop
  endfacet
  facet normal 0.000000e+00 -9.957993e-01 -9.156307e-02
    outer loop
      vertex   7.785728e+00 -1.444745e+01 2.369106e+01
      vertex   1.228573e+01 -1.444745e+01 2.369106e+01
      vertex   7.785728e+00 -1.446993e+01 2.393553e+01
    endloop
  endfacet
  facet normal 0.000000e+00 -9.957993e-01 -9.156307e-02
    outer loop
      vertex   7.785728e+00 -1.446993e+01 2.393553e+01
      vertex   1.228573e+01 -1.444745e+01 2.369106e+01
      vertex   1.228573e+01 -1.446993e+01 2.393553e+01
    endloop
  endfacet
  facet normal 0.000000e+00 -9.870241e-01 1.605724e-01
    outer loop
      vertex   7.785728e+00 -1.446993e+01 2.393553e+01
      vertex   1.228573e+01 -1.446993e+01 2.393553e+01
      vertex   7.785728e+00 -1.443051e+01 2.417784e+01
    endloop
  endfacet
  facet normal 0.000000e+00 -9.870241e-01 1.605724e-01
    outer loop
      vertex   7.785728e+00 -1.443051e+01 2.417784e+01
      vertex   1.228573e+01 -1.446993e+01 2.393553e+01
      vertex   1.228573e+01 -1.443051e+01 2.417784e+01
    endloop
  endfacet
  facet normal 0.000000e+00 -9.154254e-01 4.024876e-01
    outer loop
      vertex   7.785728e+00 -1.443051e+01 2.417784e+01
      vertex   1.228573e+01 -1.443051e+01 2.417784e+01
      vertex   7.785728e+00 -1.433170e+01 2.440257e+01
    endloop
  endfacet
  facet normal 0.000000e+00 -9.154254e-01 4.024876e-01
    outer loop
      vertex   7.785728e+00 -1.433170e+01 2.440257e+01
      vertex   1.228573e+01 -1.443051e+01 2.417784e+01
      vertex   1.228573e+01 -1.433170e+01 2.440257e+01
    endloop
  endfacet
  facet normal 0.000000e+00 -7.855606e-01 6.187847e-01
    outer loop
      vertex   7.785728e+00 -1.433170e+01 2.440257e+01
      vertex   1.228573e+01 -1.433170e+01 2.440257e+01
      vertex   7.785728e+00 -1.417979e+01 2.459542e+01
    endloop
  endfacet
  facet normal -4.885255e-16 -7.855606e-01 6.187847e-01
    outer loop
      vertex   7.785728e+00 -1.417979e+01 2.459542e+01
      vertex   1.228573e+01 -1.433170e+01 2.440257e+01
      vertex   1.228573e+01 -1.417979e+01 2.459542e+01
    endloop
  endfacet
  facet normal -6.281961e-16 -6.056954e-01 7.956966e-01
    outer loop
      vertex   7.785728e+00 -1.417979e+01 2.459542e+01
      vertex   1.228573e+01 -1.417979e+01 2.459542e+01
      vertex   7.785728e+00 -1.398445e+01 2.474412e+01
    endloop
  endfacet
  facet normal 0.000000e+00 -6.056954e-01 7.956966e-01
    outer loop
      vertex   7.785728e+00 -1.398445e+01 2.474412e+01
      vertex   1.228573e+01 -1.417979e+01 2.459542e+01
      vertex   1.228573e+01 -1.398445e+01 2.474412e+01
    endloop
  endfacet
  facet normal 0.000000e+00 -3.872781e-01 9.219630e-01
    outer loop
      vertex   7.785728e+00 -1.398445e+01 2.474412e+01
      vertex   1.228573e+01 -1.398445e+01 2.474412e+01
      vertex   7.785728e+00 -1.375811e+01 2.483920e+01
    endloop
  endfacet
  facet normal 0.000000e+00 -3.872781e-01 9.219630e-01
    outer loop
      vertex   7.785728e+00 -1.375811e+01 2.483920e+01
      vertex   1.228573e+01 -1.398445e+01 2.474412e+01
      vertex   1.228573e+01 -1.375811e+01 2.483920e+01
    endloop
  endfacet
  facet normal 0.000000e+00 -1.442108e-01 9.895470e-01
    outer loop
      vertex   7.785728e+00 -1.375811e+01 2.483920e+01
      vertex   1.228573e+01 -1.375811e+01 2.483920e+01
      vertex   7.785728e+00 -1.351518e+01 2.487460e+01
    endloop
  endfacet
  facet normal 0.000000e+00 -1.442108e-01 9.895470e-01
    outer loop
      vertex   7.785728e+00 -1.351518e+01 2.487460e+01
      vertex   1.228573e+01 -1.375811e+01 2.483920e+01
      vertex   1.228573e+01 -1.351518e+01 2.487460e+01
    endloop
  endfacet
  facet normal -0.000000e+00 1.080355e-01 9.941470e-01
    outer loop
      vertex   7.785728e+00 -1.351518e+01 2.487460e+01
      vertex   1.228573e+01 -1.351518e+01 2.487460e+01
      vertex   7.785728e+00 -1.327112e+01 2.484808e+01
    endloop
  endfacet
  facet normal -1.257262e-18 -6.595490e-01 -7.516616e-01
    outer loop
      vertex   7.785728e+00 -1.404184e+01 2.309514e+01
      vertex   7.785728e+00 -1.422637e+01 2.325705e+01
      vertex   3.285728e+00 -1.422637e+01 2.325705e+01
    endloop
  endfacet
  facet normal 0.000000e+00 -8.266796e-01 -5.626730e-01
    outer loop
      vertex   3.285728e+00 -1.422637e+01 2.325705e+01
      vertex   7.785728e+00 -1.422637e+01 2.325705e+01
      vertex   3.285728e+00 -1.436450e+01 2.346000e+01
    endloop
  endfacet
  facet normal -4.060620e-19 -8.266796e-01 -5.626730e-01
    outer loop
      vertex   3.285728e+00 -1.422637e+01 2.325705e+01
      vertex   3.285728e+00 -1.436450e+01 2.346000e+01
      vertex   -1.214272e+00 -1.436450e+01 2.346000e+01
    endloop
  endfacet
  facet normal 0.000000e+00 -9.411926e-01 -3.378706e-01
    outer loop
      vertex   -1.214272e+00 -1.436450e+01 2.346000e+01
      vertex   3.285728e+00 -1.436450e+01 2.346000e+01
      vertex   -1.214272e+00 -1.444745e+01 2.369106e+01
    endloop
  endfacet
  facet normal 0.000000e+00 -8.266796e-01 -5.626730e-01
    outer loop
      vertex   3.285728e+00 -1.436450e+01 2.346000e+01
      vertex   7.785728e+00 -1.422637e+01 2.325705e+01
      vertex   7.785728e+00 -1.436450e+01 2.346000e+01
    endloop
  endfacet
  facet normal 0.000000e+00 -9.411926e-01 -3.378706e-01
    outer loop
      vertex   3.285728e+00 -1.436450e+01 2.346000e+01
      vertex   7.785728e+00 -1.436450e+01 2.346000e+01
      vertex   3.285728e+00 -1.444745e+01 2.369106e+01
    endloop
  endfacet
  facet normal 0.000000e+00 -9.411926e-01 -3.378706e-01
    outer loop
      vertex   3.285728e+00 -1.444745e+01 2.369106e+01
      vertex   7.785728e+00 -1.436450e+01 2.346000e+01
      vertex   7.785728e+00 -1.444745e+01 2.369106e+01
    endloop
  endfacet
  facet normal 0.000000e+00 -9.957993e-01 -9.156307e-02
    outer loop
      vertex   3.285728e+00 -1.444745e+01 2.369106e+01
      vertex   7.785728e+00 -1.444745e+01 2.369106e+01
      vertex   3.285728e+00 -1.446993e+01 2.393553e+01
    endloop
  endfacet
  facet normal 0.000000e+00 -9.957993e-01 -9.156307e-02
    outer loop
      vertex   3.285728e+00 -1.446993e+01 2.393553e+01
      vertex   7.785728e+00 -1.444745e+01 2.369106e+01
      vertex   7.785728e+00 -1.446993e+01 2.393553e+01
    endloop
  endfacet
  facet normal 0.000000e+00 -9.870241e-01 1.605724e-01
    outer loop
      vertex   3.285728e+00 -1.446993e+01 2.393553e+01
      vertex   7.785728e+00 -1.446993e+01 2.393553e+01
      vertex   3.285728e+00 -1.443051e+01 2.417784e+01
    endloop
  endfacet
  facet normal 0.000000e+00 -9.870241e-01 1.605724e-01
    outer loop
      vertex   3.285728e+00 -1.443051e+01 2.417784e+01
      vertex   7.785728e+00 -1.446993e+01 2.393553e+01
      vertex   7.785728e+00 -1.443051e+01 2.417784e+01
    endloop
  endfacet
  facet normal 0.000000e+00 -9.154254e-01 4.024876e-01
    outer loop
      vertex   3.285728e+00 -1.443051e+01 2.417784e+01
      vertex   7.785728e+00 -1.443051e+01 2.417784e+01
      vertex   3.285728e+00 -1.433170e+01 2.440257e+01
    endloop
  endfacet
  facet normal 0.000000e+00 -9.154254e-01 4.024876e-01
    outer loop
      vertex   3.285728e+00 -1.433170e+01 2.440257e+01
      vertex   7.785728e+00 -1.443051e+01 2.417784e+01
      vertex   7.785728e+00 -1.433170e+01 2.440257e+01
    endloop
  endfacet
  facet normal 0.000000e+00 -7.855606e-01 6.187847e-01
    outer loop
      vertex   3.285728e+00 -1.433170e+01 2.440257e+01
      vertex   7.785728e+00 -1.433170e+01 2.440257e+01
      vertex   3.285728e+00 -1.417979e+01 2.459542e+01
    endloop
  endfacet
  facet normal 0.000000e+00 -7.855606e-01 6.187847e-01
    outer loop
      vertex   3.285728e+00 -1.417979e+01 2.459542e+01
      vertex   7.785728e+00 -1.433170e+01 2.440257e+01
      vertex   7.785728e+00 -1.417979e+01 2.459542e+01
    endloop
  endfacet
  facet normal 0.000000e+00 -6.056954e-01 7.956966e-01
    outer loop
      vertex   3.285728e+00 -1.417979e+01 2.459542e+01
      vertex   7.785728e+00 -1.417979e+01 2.459542e+01
      vertex   3.285728e+00 -1.398445e+01 2.474412e+01
    endloop
  endfacet
  facet normal 0.000000e+00 -6.056954e-01 7.956966e-01
    outer loop
      vertex   3.285728e+00 -1.398445e+01 2.474412e+01
      vertex   7.785728e+00 -1.417979e+01 2.459542e+01
      vertex   7.785728e+00 -1.398445e+01 2.474412e+01
    endloop
  endfacet
  facet normal 0.000000e+00 -3.872781e-01 9.219630e-01
    outer loop
      vertex   3.285728e+00 -1.398445e+01 2.474412e+01
      vertex   7.785728e+00 -1.398445e+01 2.474412e+01
      vertex   3.285728e+00 -1.375811e+01 2.483920e+01
    endloop
  endfacet
  facet normal 0.000000e+00 -3.872781e-01 9.219630e-01
    outer loop
      vertex   3.285728e+00 -1.375811e+01 2.483920e+01
      vertex   7.785728e+00 -1.398445e+01 2.474412e+01
      vertex   7.785728e+00 -1.375811e+01 2.483920e+01
    endloop
  endfacet
  facet normal 0.000000e+00 -1.442108e-01 9.895470e-01
    outer loop
      vertex   3.285728e+00 -1.375811e+01 2.483920e+01
      vertex   7.785728e+00 -1.375811e+01 2.483920e+01
      vertex   3.285728e+00 -1.351518e+01 2.487460e+01
    endloop
  endfacet
  facet normal 5.692661e-17 -1.442108e-01 9.895470e-01
    outer loop
      vertex   3.285728e+00 -1.351518e+01 2.487460e+01
      vertex   7.785728e+00 -1.375811e+01 2.483920e+01
      vertex   7.785728e+00 -1.351518e+01 2.487460e+01
    endloop
  endfacet
  facet normal -4.264656e-17 1.080355e-01 9.941470e-01
    outer loop
      vertex   3.285728e+00 -1.351518e+01 2.487460e+01
      vertex   7.785728e+00 -1.351518e+01 2.487460e+01
      vertex   3.285728e+00 -1.327112e+01 2.484808e+01
    endloop
  endfacet
  facet normal -0.000000e+00 1.080355e-01 9.941470e-01
    outer loop
      vertex   3.285728e+00 -1.327112e+01 2.484808e+01
      vertex   7.785728e+00 -1.351518e+01 2.487460e+01
      vertex   7.785728e+00 -1.327112e+01 2.484808e+01
    endloop
  endfacet
  facet normal -0.000000e+00 3.534053e-01 9.354703e-01
    outer loop
      vertex   3.285728e+00 -1.327112e+01 2.484808e+01
      vertex   7.785728e+00 -1.327112e+01 2.484808e+01
      vertex   3.285728e+00 -1.304146e+01 2.476132e+01
    endloop
  endfacet
  facet normal -1.334448e-19 -9.957993e-01 -9.156307e-02
    outer loop
      vertex   -1.214272e+00 -1.446993e+01 2.393553e+01
      vertex   -1.214272e+00 -1.444745e+01 2.369106e+01
      vertex   3.285728e+00 -1.444745e+01 2.369106e+01
    endloop
  endfacet
  facet normal -0.000000e+00 -9.411926e-01 -3.378706e-01
    outer loop
      vertex   3.285728e+00 -1.444745e+01 2.369106e+01
      vertex   -1.214272e+00 -1.444745e+01 2.369106e+01
      vertex   3.285728e+00 -1.436450e+01 2.346000e+01
    endloop
  endfacet
  facet normal 0.000000e+00 -9.957993e-01 -9.156307e-02
    outer loop
      vertex   -1.214272e+00 -1.446993e+01 2.393553e+01
      vertex   3.285728e+00 -1.444745e+01 2.369106e+01
      vertex   3.285728e+00 -1.446993e+01 2.393553e+01
    endloop
  endfacet
  facet normal -6.619382e-20 -9.870241e-01 1.605724e-01
    outer loop
      vertex   -1.214272e+00 -1.443051e+01 2.417784e+01
      vertex   -1.214272e+00 -1.446993e+01 2.393553e+01
      vertex   3.285728e+00 -1.446993e+01 2.393553e+01
    endloop
  endfacet
  facet normal 0.000000e+00 -9.870241e-01 1.605724e-01
    outer loop
      vertex   -1.214272e+00 -1.443051e+01 2.417784e+01
      vertex   3.285728e+00 -1.446993e+01 2.393553e+01
      vertex   3.285728e+00 -1.443051e+01 2.417784e+01
    endloop
  endfacet
  facet normal 9.013968e-19 -9.154254e-01 4.024876e-01
    outer loop
      vertex   -1.214272e+00 -1.433170e+01 2.440257e+01
      vertex   -1.214272e+00 -1.443051e+01 2.417784e+01
      vertex   3.285728e+00 -1.443051e+01 2.417784e+01
    endloop
  endfacet
  facet normal 0.000000e+00 -9.154254e-01 4.024876e-01
    outer loop
      vertex   -1.214272e+00 -1.433170e+01 2.440257e+01
      vertex   3.285728e+00 -1.443051e+01 2.417784e+01
      vertex   3.285728e+00 -1.433170e+01 2.440257e+01
    endloop
  endfacet
  facet normal -1.384482e-18 -7.855606e-01 6.187847e-01
    outer loop
      vertex   -1.214272e+00 -1.417979e+01 2.459542e+01
      vertex   -1.214272e+00 -1.433170e+01 2.440257e+01
      vertex   3.285728e+00 -1.433170e+01 2.440257e+01
    endloop
  endfacet
  facet normal 0.000000e+00 -7.855606e-01 6.187847e-01
    outer loop
      vertex   -1.214272e+00 -1.417979e+01 2.459542e+01
      vertex   3.285728e+00 -1.433170e+01 2.440257e+01
      vertex   3.285728e+00 -1.417979e+01 2.459542e+01
    endloop
  endfacet
  facet normal 7.474733e-19 -6.056954e-01 7.956966e-01
    outer loop
      vertex   -1.214272e+00 -1.398445e+01 2.474412e+01
      vertex   -1.214272e+00 -1.417979e+01 2.459542e+01
      vertex   3.285728e+00 -1.417979e+01 2.459542e+01
    endloop
  endfacet
  facet normal 0.000000e+00 -6.056954e-01 7.956966e-01
    outer loop
      vertex   -1.214272e+00 -1.398445e+01 2.474412e+01
      vertex   3.285728e+00 -1.417979e+01 2.459542e+01
      vertex   3.285728e+00 -1.398445e+01 2.474412e+01
    endloop
  endfacet
  facet normal 1.003981e-18 -3.872781e-01 9.219630e-01
    outer loop
      vertex   -1.214272e+00 -1.375811e+01 2.483920e+01
      vertex   -1.214272e+00 -1.398445e+01 2.474412e+01
      vertex   3.285728e+00 -1.398445e+01 2.474412e+01
    endloop
  endfacet
  facet normal 0.000000e+00 -3.872781e-01 9.219630e-01
    outer loop
      vertex   -1.214272e+00 -1.375811e+01 2.483920e+01
      vertex   3.285728e+00 -1.398445e+01 2.474412e+01
      vertex   3.285728e+00 -1.375811e+01 2.483920e+01
    endloop
  endfacet
  facet normal 1.644835e-19 -1.442108e-01 9.895470e-01
    outer loop
      vertex   -1.214272e+00 -1.351518e+01 2.487460e+01
      vertex   -1.214272e+00 -1.375811e+01 2.483920e+01
      vertex   3.285728e+00 -1.375811e+01 2.483920e+01
    endloop
  endfacet
  facet normal 0.000000e+00 -1.442108e-01 9.895470e-01
    outer loop
      vertex   -1.214272e+00 -1.351518e+01 2.487460e+01
      vertex   3.285728e+00 -1.375811e+01 2.483920e+01
      vertex   3.285728e+00 -1.351518e+01 2.487460e+01
    endloop
  endfacet
  facet normal 3.645788e-19 1.080355e-01 9.941470e-01
    outer loop
      vertex   -1.214272e+00 -1.327112e+01 2.484808e+01
      vertex   -1.214272e+00 -1.351518e+01 2.487460e+01
      vertex   3.285728e+00 -1.351518e+01 2.487460e+01
    endloop
  endfacet
  facet normal -0.000000e+00 1.080355e-01 9.941470e-01
    outer loop
      vertex   -1.214272e+00 -1.327112e+01 2.484808e+01
      vertex   3.285728e+00 -1.351518e+01 2.487460e+01
      vertex   3.285728e+00 -1.327112e+01 2.484808e+01
    endloop
  endfacet
  facet normal 6.929112e-19 3.534053e-01 9.354703e-01
    outer loop
      vertex   -1.214272e+00 -1.304146e+01 2.476132e+01
      vertex   -1.214272e+00 -1.327112e+01 2.484808e+01
      vertex   3.285728e+00 -1.327112e+01 2.484808e+01
    endloop
  endfacet
  facet normal -0.000000e+00 3.534053e-01 9.354703e-01
    outer loop
      vertex   -1.214272e+00 -1.304146e+01 2.476132e+01
      vertex   3.285728e+00 -1.327112e+01 2.484808e+01
      vertex   3.285728e+00 -1.304146e+01 2.476132e+01
    endloop
  endfacet
  facet normal 0.000000e+00 8.736140e-01 4.866196e-01
    outer loop
      vertex   2.128573e+01 -1.284083e+01 2.461984e+01
      vertex   2.128573e+01 -1.127013e+01 2.180000e+01
      vertex   -5.714272e+00 -1.284083e+01 2.461984e+01
    endloop
  endfacet
  facet normal -2.345096e-18 8.736140e-01 4.866196e-01
    outer loop
      vertex   -5.714272e+00 -1.284083e+01 2.461984e+01
      vertex   2.128573e+01 -1.127013e+01 2.180000e+01
      vertex   -5.714272e+00 -1.127013e+01 2.180000e+01
    endloop
  endfacet
  facet normal -1.000000e+00 0.000000e+00 0.000000e+00
    outer loop
      vertex   -5.714272e+00 -1.358278e+01 2.293235e+01
      vertex   -5.714272e+00 -1.284083e+01 2.461984e+01
      vertex   -5.714272e+00 -1.333746e+01 2.294184e+01
    endloop
  endfacet
  facet normal -1.000000e+00 0.000000e+00 0.000000e+00
    outer loop
      vertex   -5.714272e+00 -1.333746e+01 2.294184e+01
      vertex   -5.714272e+00 -1.284083e+01 2.461984e+01
      vertex   -5.714272e+00 -1.127013e+01 2.180000e+01
    endloop
  endfacet
  facet normal -1.000000e+00 0.000000e+00 0.000000e+00
    outer loop
      vertex   -5.714272e+00 -1.333746e+01 2.294184e+01
      vertex   -5.714272e+00 -1.127013e+01 2.180000e+01
      vertex   -5.714272e+00 -1.333746e+01 2.180000e+01
    endloop
  endfacet
  facet normal -1.000000e+00 0.000000e+00 0.000000e+00
    outer loop
      vertex   -5.714272e+00 -1.358278e+01 2.293235e+01
      vertex   -5.714272e+00 -1.382266e+01 2.298456e+01
      vertex   -5.714272e+00 -1.284083e+01 2.461984e+01
    endloop
  endfacet
  facet normal -1.000000e+00 0.000000e+00 0.000000e+00
    outer loop
      vertex   -5.714272e+00 -1.284083e+01 2.461984e+01
      vertex   -5.714272e+00 -1.382266e+01 2.298456e+01
      vertex   -5.714272e+00 -1.404184e+01 2.309514e+01
    endloop
  endfacet
  facet normal -1.000000e+00 0.000000e+00 0.000000e+00
    outer loop
      vertex   -5.714272e+00 -1.284083e+01 2.461984e+01
      vertex   -5.714272e+00 -1.404184e+01 2.309514e+01
      vertex   -5.714272e+00 -1.422637e+01 2.325705e+01
    endloop
  endfacet
  facet normal -1.000000e+00 0.000000e+00 0.000000e+00
    outer loop
      vertex   -5.714272e+00 -1.422637e+01 2.325705e+01
      vertex   -5.714272e+00 -1.436450e+01 2.346000e+01
      vertex   -5.714272e+00 -1.284083e+01 2.461984e+01
    endloop
  endfacet
  facet normal -1.000000e+00 0.000000e+00 0.000000e+00
    outer loop
      vertex   -5.714272e+00 -1.284083e+01 2.461984e+01
      vertex   -5.714272e+00 -1.436450e+01 2.346000e+01
      vertex   -5.714272e+00 -1.444745e+01 2.369106e+01
    endloop
  endfacet
  facet normal -1.000000e+00 0.000000e+00 0.000000e+00
    outer loop
      vertex   -5.714272e+00 -1.284083e+01 2.461984e+01
      vertex   -5.714272e+00 -1.444745e+01 2.369106e+01
      vertex   -5.714272e+00 -1.446993e+01 2.393553e+01
    endloop
  endfacet
  facet normal -1.000000e+00 0.000000e+00 0.000000e+00
    outer loop
      vertex   -5.714272e+00 -1.446993e+01 2.393553e+01
      vertex   -5.714272e+00 -1.443051e+01 2.417784e+01
      vertex   -5.714272e+00 -1.284083e+01 2.461984e+01
    endloop
  endfacet
  facet normal -1.000000e+00 0.000000e+00 0.000000e+00
    outer loop
      vertex   -5.714272e+00 -1.284083e+01 2.461984e+01
      vertex   -5.714272e+00 -1.443051e+01 2.417784e+01
      vertex   -5.714272e+00 -1.433170e+01 2.440257e+01
    endloop
  endfacet
  facet normal -1.000000e+00 0.000000e+00 0.000000e+00
    outer loop
      vertex   -5.714272e+00 -1.284083e+01 2.461984e+01
      vertex   -5.714272e+00 -1.433170e+01 2.440257e+01
      vertex   -5.714272e+00 -1.417979e+01 2.459542e+01
    endloop
  endfacet
  facet normal -1.000000e+00 0.000000e+00 0.000000e+00
    outer loop
      vertex   -5.714272e+00 -1.417979e+01 2.459542e+01
      vertex   -5.714272e+00 -1.398445e+01 2.474412e+01
      vertex   -5.714272e+00 -1.284083e+01 2.461984e+01
    endloop
  endfacet
  facet normal -1.000000e+00 0.000000e+00 0.000000e+00
    outer loop
      vertex   -5.714272e+00 -1.284083e+01 2.461984e+01
      vertex   -5.714272e+00 -1.398445e+01 2.474412e+01
      vertex   -5.714272e+00 -1.304146e+01 2.476132e+01
    endloop
  endfacet
  facet normal -1.000000e+00 -0.000000e+00 0.000000e+00
    outer loop
      vertex   -5.714272e+00 -1.304146e+01 2.476132e+01
      vertex   -5.714272e+00 -1.398445e+01 2.474412e+01
      vertex   -5.714272e+00 -1.375811e+01 2.483920e+01
    endloop
  endfacet
  facet normal -1.000000e+00 0.000000e+00 0.000000e+00
    outer loop
      vertex   -5.714272e+00 -1.304146e+01 2.476132e+01
      vertex   -5.714272e+00 -1.375811e+01 2.483920e+01
      vertex   -5.714272e+00 -1.327112e+01 2.484808e+01
    endloop
  endfacet
  facet normal -1.000000e+00 -0.000000e+00 0.000000e+00
    outer loop
      vertex   -5.714272e+00 -1.327112e+01 2.484808e+01
      vertex   -5.714272e+00 -1.375811e+01 2.483920e+01
      vertex   -5.714272e+00 -1.351518e+01 2.487460e+01
    endloop
  endfacet
  facet normal -2.794271e-01 -9.601669e-01 7.092620e-20
    outer loop
      vertex   2.044879e+01 1.094678e+01 1.410000e+01
      vertex   2.028573e+01 1.099424e+01 1.410000e+01
      vertex   2.028573e+01 1.099424e+01 7.700000e+00
    endloop
  endfacet
  facet normal -4.281249e-01 -9.037196e-01 0.000000e+00
    outer loop
      vertex   2.028573e+01 1.099424e+01 7.700000e+00
      vertex   2.028573e+01 1.099424e+01 1.410000e+01
      vertex   2.000810e+01 1.112576e+01 1.410000e+01
    endloop
  endfacet
  facet normal -4.281249e-01 -9.037196e-01 4.854648e-19
    outer loop
      vertex   2.028573e+01 1.099424e+01 7.700000e+00
      vertex   2.000810e+01 1.112576e+01 1.410000e+01
      vertex   2.000810e+01 1.112576e+01 7.700000e+00
    endloop
  endfacet
  facet normal -6.032555e-01 -7.975480e-01 0.000000e+00
    outer loop
      vertex   2.000810e+01 1.112576e+01 7.700000e+00
      vertex   2.000810e+01 1.112576e+01 1.410000e+01
      vertex   1.976310e+01 1.131108e+01 1.410000e+01
    endloop
  endfacet
  facet normal -6.032555e-01 -7.975480e-01 -1.318923e-18
    outer loop
      vertex   2.000810e+01 1.112576e+01 7.700000e+00
      vertex   1.976310e+01 1.131108e+01 1.410000e+01
      vertex   1.976310e+01 1.131108e+01 7.700000e+00
    endloop
  endfacet
  facet normal -7.530837e-01 -6.579247e-01 0.000000e+00
    outer loop
      vertex   1.976310e+01 1.131108e+01 7.700000e+00
      vertex   1.976310e+01 1.131108e+01 1.410000e+01
      vertex   1.956098e+01 1.154243e+01 1.410000e+01
    endloop
  endfacet
  facet normal -7.530837e-01 -6.579247e-01 -1.626490e-18
    outer loop
      vertex   1.976310e+01 1.131108e+01 7.700000e+00
      vertex   1.956098e+01 1.154243e+01 1.410000e+01
      vertex   1.956098e+01 1.154243e+01 7.700000e+00
    endloop
  endfacet
  facet normal -8.713252e-01 -4.907059e-01 0.000000e+00
    outer loop
      vertex   1.956098e+01 1.154243e+01 7.700000e+00
      vertex   1.956098e+01 1.154243e+01 1.410000e+01
      vertex   1.941024e+01 1.181010e+01 1.410000e+01
    endloop
  endfacet
  facet normal -8.713252e-01 -4.907059e-01 -5.097314e-19
    outer loop
      vertex   1.956098e+01 1.154243e+01 7.700000e+00
      vertex   1.941024e+01 1.181010e+01 1.410000e+01
      vertex   1.941024e+01 1.181010e+01 7.700000e+00
    endloop
  endfacet
  facet normal -9.530206e-01 -3.029054e-01 0.000000e+00
    outer loop
      vertex   1.941024e+01 1.181010e+01 7.700000e+00
      vertex   1.941024e+01 1.181010e+01 1.410000e+01
      vertex   1.931719e+01 1.210287e+01 1.410000e+01
    endloop
  endfacet
  facet normal -9.530206e-01 -3.029054e-01 1.837077e-19
    outer loop
      vertex   1.941024e+01 1.181010e+01 7.700000e+00
      vertex   1.931719e+01 1.210287e+01 1.410000e+01
      vertex   1.931719e+01 1.210287e+01 7.700000e+00
    endloop
  endfacet
  facet normal -9.947433e-01 -1.024001e-01 0.000000e+00
    outer loop
      vertex   1.931719e+01 1.210287e+01 7.700000e+00
      vertex   1.931719e+01 1.210287e+01 1.410000e+01
      vertex   1.928573e+01 1.240845e+01 1.410000e+01
    endloop
  endfacet
  facet normal -9.947433e-01 -1.024001e-01 -1.108096e-19
    outer loop
      vertex   1.931719e+01 1.210287e+01 7.700000e+00
      vertex   1.928573e+01 1.240845e+01 1.410000e+01
      vertex   1.928573e+01 1.240845e+01 7.700000e+00
    endloop
  endfacet
  facet normal -2.794271e-01 -9.601669e-01 7.092620e-20
    outer loop
      vertex   2.028573e+01 1.099424e+01 7.700000e+00
      vertex   2.044879e+01 1.094678e+01 7.700000e+00
      vertex   2.044879e+01 1.094678e+01 1.410000e+01
    endloop
  endfacet
  facet normal -1.691020e-01 -9.855986e-01 -0.000000e+00
    outer loop
      vertex   2.044879e+01 1.094678e+01 1.410000e+01
      vertex   2.044879e+01 1.094678e+01 7.700000e+00
      vertex   2.061617e+01 1.091806e+01 7.700000e+00
    endloop
  endfacet
  facet normal -1.691020e-01 -9.855986e-01 -3.447333e-19
    outer loop
      vertex   2.044879e+01 1.094678e+01 1.410000e+01
      vertex   2.061617e+01 1.091806e+01 7.700000e+00
      vertex   2.061617e+01 1.091806e+01 1.410000e+01
    endloop
  endfacet
  facet normal -5.660921e-02 -9.983964e-01 -0.000000e+00
    outer loop
      vertex   2.061617e+01 1.091806e+01 1.410000e+01
      vertex   2.061617e+01 1.091806e+01 7.700000e+00
      vertex   2.078573e+01 1.090845e+01 1.410000e+01
    endloop
  endfacet
  facet normal -5.660921e-02 -9.983964e-01 -2.771107e-16
    outer loop
      vertex   2.078573e+01 1.090845e+01 1.410000e+01
      vertex   2.061617e+01 1.091806e+01 7.700000e+00
      vertex   2.078573e+01 1.090845e+01 7.700000e+00
    endloop
  endfacet
  facet normal 1.184238e-15 -1.000000e+00 -2.775558e-16
    outer loop
      vertex   2.078573e+01 1.090845e+01 1.410000e+01
      vertex   2.078573e+01 1.090845e+01 7.700000e+00
      vertex   2.228573e+01 1.090845e+01 1.410000e+01
    endloop
  endfacet
  facet normal 0.000000e+00 -1.000000e+00 -0.000000e+00
    outer loop
      vertex   2.228573e+01 1.090845e+01 1.410000e+01
      vertex   2.078573e+01 1.090845e+01 7.700000e+00
      vertex   2.228573e+01 1.090845e+01 7.700000e+00
    endloop
  endfacet
  facet normal -2.794271e-01 9.601669e-01 7.994663e-16
    outer loop
      vertex   2.044879e+01 1.537012e+01 7.700000e+00
      vertex   2.028573e+01 1.532266e+01 7.700000e+00
      vertex   2.028573e+01 1.532266e+01 1.410000e+01
    endloop
  endfacet
  facet normal -4.281249e-01 9.037196e-01 7.524977e-16
    outer loop
      vertex   2.028573e+01 1.532266e+01 1.410000e+01
      vertex   2.028573e+01 1.532266e+01 7.700000e+00
      vertex   2.000810e+01 1.519114e+01 7.700000e+00
    endloop
  endfacet
  facet normal -4.281249e-01 9.037196e-01 7.512552e-16
    outer loop
      vertex   2.028573e+01 1.532266e+01 1.410000e+01
      vertex   2.000810e+01 1.519114e+01 7.700000e+00
      vertex   2.000810e+01 1.519114e+01 1.410000e+01
    endloop
  endfacet
  facet normal -6.032555e-01 7.975480e-01 6.640921e-16
    outer loop
      vertex   2.000810e+01 1.519114e+01 1.410000e+01
      vertex   2.000810e+01 1.519114e+01 7.700000e+00
      vertex   1.976310e+01 1.500582e+01 7.700000e+00
    endloop
  endfacet
  facet normal -6.032555e-01 7.975480e-01 6.648271e-16
    outer loop
      vertex   2.000810e+01 1.519114e+01 1.410000e+01
      vertex   1.976310e+01 1.500582e+01 7.700000e+00
      vertex   1.976310e+01 1.500582e+01 1.410000e+01
    endloop
  endfacet
  facet normal -7.530837e-01 6.579247e-01 5.478323e-16
    outer loop
      vertex   1.976310e+01 1.500582e+01 1.410000e+01
      vertex   1.976310e+01 1.500582e+01 7.700000e+00
      vertex   1.956098e+01 1.477448e+01 7.700000e+00
    endloop
  endfacet
  facet normal -7.530837e-01 6.579247e-01 3.660571e-16
    outer loop
      vertex   1.976310e+01 1.500582e+01 1.410000e+01
      vertex   1.956098e+01 1.477448e+01 7.700000e+00
      vertex   1.956098e+01 1.477448e+01 1.410000e+01
    endloop
  endfacet
  facet normal -8.713252e-01 4.907059e-01 2.723965e-16
    outer loop
      vertex   1.956098e+01 1.477448e+01 1.410000e+01
      vertex   1.956098e+01 1.477448e+01 7.700000e+00
      vertex   1.941024e+01 1.450680e+01 7.700000e+00
    endloop
  endfacet
  facet normal -8.713252e-01 4.907059e-01 4.084640e-16
    outer loop
      vertex   1.956098e+01 1.477448e+01 1.410000e+01
      vertex   1.941024e+01 1.450680e+01 7.700000e+00
      vertex   1.941024e+01 1.450680e+01 1.410000e+01
    endloop
  endfacet
  facet normal -9.530206e-01 3.029054e-01 2.522195e-16
    outer loop
      vertex   1.941024e+01 1.450680e+01 1.410000e+01
      vertex   1.941024e+01 1.450680e+01 7.700000e+00
      vertex   1.931719e+01 1.421404e+01 7.700000e+00
    endloop
  endfacet
  facet normal -9.530206e-01 3.029054e-01 2.521612e-16
    outer loop
      vertex   1.941024e+01 1.450680e+01 1.410000e+01
      vertex   1.931719e+01 1.421404e+01 7.700000e+00
      vertex   1.931719e+01 1.421404e+01 1.410000e+01
    endloop
  endfacet
  facet normal -9.947433e-01 1.024001e-01 8.526525e-17
    outer loop
      vertex   1.931719e+01 1.421404e+01 1.410000e+01
      vertex   1.931719e+01 1.421404e+01 7.700000e+00
      vertex   1.928573e+01 1.390845e+01 7.700000e+00
    endloop
  endfacet
  facet normal -9.947433e-01 1.024001e-01 5.727456e-17
    outer loop
      vertex   1.931719e+01 1.421404e+01 1.410000e+01
      vertex   1.928573e+01 1.390845e+01 7.700000e+00
      vertex   1.928573e+01 1.390845e+01 1.410000e+01
    endloop
  endfacet
  facet normal -2.794271e-01 9.601669e-01 7.994663e-16
    outer loop
      vertex   2.028573e+01 1.532266e+01 1.410000e+01
      vertex   2.044879e+01 1.537012e+01 1.410000e+01
      vertex   2.044879e+01 1.537012e+01 7.700000e+00
    endloop
  endfacet
  facet normal -1.691020e-01 9.855986e-01 8.206757e-16
    outer loop
      vertex   2.044879e+01 1.537012e+01 7.700000e+00
      vertex   2.044879e+01 1.537012e+01 1.410000e+01
      vertex   2.061617e+01 1.539884e+01 1.410000e+01
    endloop
  endfacet
  facet normal -1.691020e-01 9.855986e-01 5.469862e-16
    outer loop
      vertex   2.044879e+01 1.537012e+01 7.700000e+00
      vertex   2.061617e+01 1.539884e+01 1.410000e+01
      vertex   2.061617e+01 1.539884e+01 7.700000e+00
    endloop
  endfacet
  facet normal -5.660921e-02 9.983964e-01 5.542213e-16
    outer loop
      vertex   2.061617e+01 1.539884e+01 7.700000e+00
      vertex   2.061617e+01 1.539884e+01 1.410000e+01
      vertex   2.078573e+01 1.540845e+01 7.700000e+00
    endloop
  endfacet
  facet normal -5.660921e-02 9.983964e-01 1.108443e-15
    outer loop
      vertex   2.078573e+01 1.540845e+01 7.700000e+00
      vertex   2.061617e+01 1.539884e+01 1.410000e+01
      vertex   2.078573e+01 1.540845e+01 1.410000e+01
    endloop
  endfacet
  facet normal -0.000000e+00 -0.000000e+00 1.000000e+00
    outer loop
      vertex   1.931719e+01 1.210287e+01 1.410000e+01
      vertex   1.941024e+01 1.181010e+01 1.410000e+01
      vertex   1.928573e+01 1.240845e+01 1.410000e+01
    endloop
  endfacet
  facet normal -3.165556e-15 -6.587131e-16 1.000000e+00
    outer loop
      vertex   1.928573e+01 1.240845e+01 1.410000e+01
      vertex   1.941024e+01 1.181010e+01 1.410000e+01
      vertex   1.941024e+01 1.450680e+01 1.410000e+01
    endloop
  endfacet
  facet normal -3.422460e-14 1.184238e-15 1.000000e+00
    outer loop
      vertex   1.928573e+01 1.240845e+01 1.410000e+01
      vertex   1.941024e+01 1.450680e+01 1.410000e+01
      vertex   1.928573e+01 1.390845e+01 1.410000e+01
    endloop
  endfacet
  facet normal 5.410023e-14 -1.719507e-14 1.000000e+00
    outer loop
      vertex   1.928573e+01 1.390845e+01 1.410000e+01
      vertex   1.941024e+01 1.450680e+01 1.410000e+01
      vertex   1.931719e+01 1.421404e+01 1.410000e+01
    endloop
  endfacet
  facet normal 1.169648e-15 -6.587131e-16 1.000000e+00
    outer loop
      vertex   1.941024e+01 1.450680e+01 1.410000e+01
      vertex   1.941024e+01 1.181010e+01 1.410000e+01
      vertex   1.956098e+01 1.477448e+01 1.410000e+01
    endloop
  endfacet
  facet normal -9.759128e-16 -5.496067e-16 1.000000e+00
    outer loop
      vertex   1.956098e+01 1.477448e+01 1.410000e+01
      vertex   1.941024e+01 1.181010e+01 1.410000e+01
      vertex   1.956098e+01 1.154243e+01 1.410000e+01
    endloop
  endfacet
  facet normal 6.290992e-16 -5.496067e-16 1.000000e+00
    outer loop
      vertex   1.956098e+01 1.477448e+01 1.410000e+01
      vertex   1.956098e+01 1.154243e+01 1.410000e+01
      vertex   1.976310e+01 1.500582e+01 1.410000e+01
    endloop
  endfacet
  facet normal -5.503167e-16 -4.807791e-16 1.000000e+00
    outer loop
      vertex   1.976310e+01 1.500582e+01 1.410000e+01
      vertex   1.956098e+01 1.154243e+01 1.410000e+01
      vertex   1.976310e+01 1.131108e+01 1.410000e+01
    endloop
  endfacet
  facet normal 3.636555e-16 -4.807791e-16 1.000000e+00
    outer loop
      vertex   1.976310e+01 1.500582e+01 1.410000e+01
      vertex   1.976310e+01 1.131108e+01 1.410000e+01
      vertex   2.000810e+01 1.519114e+01 1.410000e+01
    endloop
  endfacet
  facet normal -3.305010e-16 -4.369466e-16 1.000000e+00
    outer loop
      vertex   2.000810e+01 1.519114e+01 1.410000e+01
      vertex   1.976310e+01 1.131108e+01 1.410000e+01
      vertex   2.000810e+01 1.112576e+01 1.410000e+01
    endloop
  endfacet
  facet normal -4.458214e-14 -4.369466e-16 1.000000e+00
    outer loop
      vertex   2.000810e+01 1.519114e+01 1.410000e+01
      vertex   2.000810e+01 1.112576e+01 1.410000e+01
      vertex   2.028573e+01 1.532266e+01 1.410000e+01
    endloop
  endfacet
  facet normal -7.759376e-15 -2.872752e-15 1.000000e+00
    outer loop
      vertex   2.028573e+01 1.532266e+01 1.410000e+01
      vertex   2.000810e+01 1.112576e+01 1.410000e+01
      vertex   2.028573e+01 1.099424e+01 1.410000e+01
    endloop
  endfacet
  facet normal -1.000000e+00 0.000000e+00 0.000000e+00
    outer loop
      vertex   1.928573e+01 1.240845e+01 7.700000e+00
      vertex   1.928573e+01 1.240845e+01 1.410000e+01
      vertex   1.928573e+01 1.390845e+01 7.700000e+00
    endloop
  endfacet
  facet normal -1.000000e+00 0.000000e+00 0.000000e+00
    outer loop
      vertex   1.928573e+01 1.390845e+01 7.700000e+00
      vertex   1.928573e+01 1.240845e+01 1.410000e+01
      vertex   1.928573e+01 1.390845e+01 1.410000e+01
    endloop
  endfacet
  facet normal -2.794271e-01 9.601669e-01 -2.665331e-16
    outer loop
      vertex   2.044879e+01 -4.629881e+00 7.700000e+00
      vertex   2.028573e+01 -4.677336e+00 7.700000e+00
      vertex   2.028573e+01 -4.677336e+00 1.410000e+01
    endloop
  endfacet
  facet normal -4.281249e-01 9.037196e-01 -2.508326e-16
    outer loop
      vertex   2.028573e+01 -4.677336e+00 1.410000e+01
      vertex   2.028573e+01 -4.677336e+00 7.700000e+00
      vertex   2.000810e+01 -4.808856e+00 7.700000e+00
    endloop
  endfacet
  facet normal -4.281249e-01 9.037196e-01 -2.501165e-16
    outer loop
      vertex   2.028573e+01 -4.677336e+00 1.410000e+01
      vertex   2.000810e+01 -4.808856e+00 7.700000e+00
      vertex   2.000810e+01 -4.808856e+00 1.410000e+01
    endloop
  endfacet
  facet normal -6.032555e-01 7.975480e-01 -2.213640e-16
    outer loop
      vertex   2.000810e+01 -4.808856e+00 1.410000e+01
      vertex   2.000810e+01 -4.808856e+00 7.700000e+00
      vertex   1.976310e+01 -4.994176e+00 7.700000e+00
    endloop
  endfacet
  facet normal -6.032555e-01 7.975480e-01 -2.204544e-16
    outer loop
      vertex   2.000810e+01 -4.808856e+00 1.410000e+01
      vertex   1.976310e+01 -4.994176e+00 7.700000e+00
      vertex   1.976310e+01 -4.994176e+00 1.410000e+01
    endloop
  endfacet
  facet normal -7.530837e-01 6.579247e-01 -1.826108e-16
    outer loop
      vertex   1.976310e+01 -4.994176e+00 1.410000e+01
      vertex   1.976310e+01 -4.994176e+00 7.700000e+00
      vertex   1.956098e+01 -5.225524e+00 7.700000e+00
    endloop
  endfacet
  facet normal -7.530837e-01 6.579247e-01 -1.840572e-16
    outer loop
      vertex   1.976310e+01 -4.994176e+00 1.410000e+01
      vertex   1.956098e+01 -5.225524e+00 7.700000e+00
      vertex   1.956098e+01 -5.225524e+00 1.410000e+01
    endloop
  endfacet
  facet normal -8.713252e-01 4.907059e-01 -1.361983e-16
    outer loop
      vertex   1.956098e+01 -5.225524e+00 1.410000e+01
      vertex   1.956098e+01 -5.225524e+00 7.700000e+00
      vertex   1.941024e+01 -5.493195e+00 7.700000e+00
    endloop
  endfacet
  facet normal -8.713252e-01 4.907059e-01 -6.694890e-17
    outer loop
      vertex   1.956098e+01 -5.225524e+00 1.410000e+01
      vertex   1.941024e+01 -5.493195e+00 7.700000e+00
      vertex   1.941024e+01 -5.493195e+00 1.410000e+01
    endloop
  endfacet
  facet normal -9.530206e-01 3.029054e-01 -4.203658e-17
    outer loop
      vertex   1.941024e+01 -5.493195e+00 1.410000e+01
      vertex   1.941024e+01 -5.493195e+00 7.700000e+00
      vertex   1.931719e+01 -5.785964e+00 7.700000e+00
    endloop
  endfacet
  facet normal -9.530206e-01 3.029054e-01 -4.140067e-17
    outer loop
      vertex   1.941024e+01 -5.493195e+00 1.410000e+01
      vertex   1.931719e+01 -5.785964e+00 7.700000e+00
      vertex   1.931719e+01 -5.785964e+00 1.410000e+01
    endloop
  endfacet
  facet normal -9.947433e-01 1.024001e-01 -1.421087e-17
    outer loop
      vertex   1.931719e+01 -5.785964e+00 1.410000e+01
      vertex   1.931719e+01 -5.785964e+00 7.700000e+00
      vertex   1.928573e+01 -6.091549e+00 7.700000e+00
    endloop
  endfacet
  facet normal -9.947433e-01 1.024001e-01 -1.410007e-17
    outer loop
      vertex   1.931719e+01 -5.785964e+00 1.410000e+01
      vertex   1.928573e+01 -6.091549e+00 7.700000e+00
      vertex   1.928573e+01 -6.091549e+00 1.410000e+01
    endloop
  endfacet
  facet normal -2.794271e-01 9.601669e-01 -1.332643e-16
    outer loop
      vertex   2.028573e+01 -4.677336e+00 1.410000e+01
      vertex   2.044879e+01 -4.629881e+00 1.410000e+01
      vertex   2.044879e+01 -4.629881e+00 7.700000e+00
    endloop
  endfacet
  facet normal -1.691020e-01 9.855986e-01 -1.367793e-16
    outer loop
      vertex   2.044879e+01 -4.629881e+00 7.700000e+00
      vertex   2.044879e+01 -4.629881e+00 1.410000e+01
      vertex   2.061617e+01 -4.601163e+00 1.410000e+01
    endloop
  endfacet
  facet normal -1.691020e-01 9.855986e-01 -1.364385e-16
    outer loop
      vertex   2.044879e+01 -4.629881e+00 7.700000e+00
      vertex   2.061617e+01 -4.601163e+00 1.410000e+01
      vertex   2.061617e+01 -4.601163e+00 7.700000e+00
    endloop
  endfacet
  facet normal -5.660921e-02 9.983964e-01 -1.385553e-16
    outer loop
      vertex   2.061617e+01 -4.601163e+00 7.700000e+00
      vertex   2.061617e+01 -4.601163e+00 1.410000e+01
      vertex   2.078573e+01 -4.591549e+00 7.700000e+00
    endloop
  endfacet
  facet normal -5.660921e-02 9.983964e-01 -1.385553e-16
    outer loop
      vertex   2.078573e+01 -4.591549e+00 7.700000e+00
      vertex   2.061617e+01 -4.601163e+00 1.410000e+01
      vertex   2.078573e+01 -4.591549e+00 1.410000e+01
    endloop
  endfacet
  facet normal -4.930381e-31 1.000000e+00 -1.387779e-16
    outer loop
      vertex   2.078573e+01 -4.591549e+00 7.700000e+00
      vertex   2.078573e+01 -4.591549e+00 1.410000e+01
      vertex   2.228573e+01 -4.591549e+00 7.700000e+00
    endloop
  endfacet
  facet normal -5.921189e-16 1.000000e+00 -2.775558e-16
    outer loop
      vertex   2.228573e+01 -4.591549e+00 7.700000e+00
      vertex   2.078573e+01 -4.591549e+00 1.410000e+01
      vertex   2.228573e+01 -4.591549e+00 1.410000e+01
    endloop
  endfacet
  facet normal -2.794271e-01 -9.601669e-01 -4.512243e-21
    outer loop
      vertex   2.044879e+01 -9.053217e+00 1.410000e+01
      vertex   2.028573e+01 -9.005763e+00 1.410000e+01
      vertex   2.028573e+01 -9.005763e+00 7.700000e+00
    endloop
  endfacet
  facet normal -4.281249e-01 -9.037196e-01 0.000000e+00
    outer loop
      vertex   2.028573e+01 -9.005763e+00 7.700000e+00
      vertex   2.028573e+01 -9.005763e+00 1.410000e+01
      vertex   2.000810e+01 -8.874243e+00 1.410000e+01
    endloop
  endfacet
  facet normal -4.281249e-01 -9.037196e-01 1.174791e-18
    outer loop
      vertex   2.028573e+01 -9.005763e+00 7.700000e+00
      vertex   2.000810e+01 -8.874243e+00 1.410000e+01
      vertex   2.000810e+01 -8.874243e+00 7.700000e+00
    endloop
  endfacet
  facet normal -6.032555e-01 -7.975480e-01 0.000000e+00
    outer loop
      vertex   2.000810e+01 -8.874243e+00 7.700000e+00
      vertex   2.000810e+01 -8.874243e+00 1.410000e+01
      vertex   1.976310e+01 -8.688922e+00 1.410000e+01
    endloop
  endfacet
  facet normal -6.032555e-01 -7.975480e-01 1.637882e-18
    outer loop
      vertex   2.000810e+01 -8.874243e+00 7.700000e+00
      vertex   1.976310e+01 -8.688922e+00 1.410000e+01
      vertex   1.976310e+01 -8.688922e+00 7.700000e+00
    endloop
  endfacet
  facet normal -7.530837e-01 -6.579247e-01 0.000000e+00
    outer loop
      vertex   1.976310e+01 -8.688922e+00 7.700000e+00
      vertex   1.976310e+01 -8.688922e+00 1.410000e+01
      vertex   1.956098e+01 -8.457575e+00 1.410000e+01
    endloop
  endfacet
  facet normal -7.530837e-01 -6.579247e-01 9.900421e-19
    outer loop
      vertex   1.976310e+01 -8.688922e+00 7.700000e+00
      vertex   1.956098e+01 -8.457575e+00 1.410000e+01
      vertex   1.956098e+01 -8.457575e+00 7.700000e+00
    endloop
  endfacet
  facet normal -8.713252e-01 -4.907059e-01 0.000000e+00
    outer loop
      vertex   1.956098e+01 -8.457575e+00 7.700000e+00
      vertex   1.956098e+01 -8.457575e+00 1.410000e+01
      vertex   1.941024e+01 -8.189903e+00 1.410000e+01
    endloop
  endfacet
  facet normal -8.713252e-01 -4.907059e-01 9.346713e-19
    outer loop
      vertex   1.956098e+01 -8.457575e+00 7.700000e+00
      vertex   1.941024e+01 -8.189903e+00 1.410000e+01
      vertex   1.941024e+01 -8.189903e+00 7.700000e+00
    endloop
  endfacet
  facet normal -9.530206e-01 -3.029054e-01 0.000000e+00
    outer loop
      vertex   1.941024e+01 -8.189903e+00 7.700000e+00
      vertex   1.941024e+01 -8.189903e+00 1.410000e+01
      vertex   1.931719e+01 -7.897135e+00 1.410000e+01
    endloop
  endfacet
  facet normal -9.530206e-01 -3.029054e-01 1.837077e-19
    outer loop
      vertex   1.941024e+01 -8.189903e+00 7.700000e+00
      vertex   1.931719e+01 -7.897135e+00 1.410000e+01
      vertex   1.931719e+01 -7.897135e+00 7.700000e+00
    endloop
  endfacet
  facet normal -9.947433e-01 -1.024001e-01 0.000000e+00
    outer loop
      vertex   1.931719e+01 -7.897135e+00 7.700000e+00
      vertex   1.931719e+01 -7.897135e+00 1.410000e+01
      vertex   1.928573e+01 -7.591549e+00 1.410000e+01
    endloop
  endfacet
  facet normal -9.947433e-01 -1.024001e-01 -1.713082e-20
    outer loop
      vertex   1.931719e+01 -7.897135e+00 7.700000e+00
      vertex   1.928573e+01 -7.591549e+00 1.410000e+01
      vertex   1.928573e+01 -7.591549e+00 7.700000e+00
    endloop
  endfacet
  facet normal -2.794271e-01 -9.601669e-01 -4.512243e-21
    outer loop
      vertex   2.028573e+01 -9.005763e+00 7.700000e+00
      vertex   2.044879e+01 -9.053217e+00 7.700000e+00
      vertex   2.044879e+01 -9.053217e+00 1.410000e+01
    endloop
  endfacet
  facet normal -1.691020e-01 -9.855986e-01 -0.000000e+00
    outer loop
      vertex   2.044879e+01 -9.053217e+00 1.410000e+01
      vertex   2.044879e+01 -9.053217e+00 7.700000e+00
      vertex   2.061617e+01 -9.081936e+00 7.700000e+00
    endloop
  endfacet
  facet normal -1.691020e-01 -9.855986e-01 -2.240134e-20
    outer loop
      vertex   2.044879e+01 -9.053217e+00 1.410000e+01
      vertex   2.061617e+01 -9.081936e+00 7.700000e+00
      vertex   2.061617e+01 -9.081936e+00 1.410000e+01
    endloop
  endfacet
  facet normal -5.660921e-02 -9.983964e-01 -0.000000e+00
    outer loop
      vertex   2.061617e+01 -9.081936e+00 1.410000e+01
      vertex   2.061617e+01 -9.081936e+00 7.700000e+00
      vertex   2.078573e+01 -9.091549e+00 1.410000e+01
    endloop
  endfacet
  facet normal -5.660921e-02 -9.983964e-01 -0.000000e+00
    outer loop
      vertex   2.078573e+01 -9.091549e+00 1.410000e+01
      vertex   2.061617e+01 -9.081936e+00 7.700000e+00
      vertex   2.078573e+01 -9.091549e+00 7.700000e+00
    endloop
  endfacet
  facet normal -7.996610e-14 3.148365e-14 -1.000000e+00
    outer loop
      vertex   1.931719e+01 -5.785964e+00 7.700000e+00
      vertex   1.941024e+01 -5.493195e+00 7.700000e+00
      vertex   1.928573e+01 -6.091549e+00 7.700000e+00
    endloop
  endfacet
  facet normal 8.083054e-14 -1.976139e-15 -1.000000e+00
    outer loop
      vertex   1.928573e+01 -6.091549e+00 7.700000e+00
      vertex   1.941024e+01 -5.493195e+00 7.700000e+00
      vertex   1.941024e+01 -8.189903e+00 7.700000e+00
    endloop
  endfacet
  facet normal 2.538390e-13 8.289665e-15 -1.000000e+00
    outer loop
      vertex   1.928573e+01 -6.091549e+00 7.700000e+00
      vertex   1.941024e+01 -8.189903e+00 7.700000e+00
      vertex   1.928573e+01 -7.591549e+00 7.700000e+00
    endloop
  endfacet
  facet normal -4.333939e-13 -1.347150e-13 -1.000000e+00
    outer loop
      vertex   1.928573e+01 -7.591549e+00 7.700000e+00
      vertex   1.941024e+01 -8.189903e+00 7.700000e+00
      vertex   1.931719e+01 -7.897135e+00 7.700000e+00
    endloop
  endfacet
  facet normal -1.529279e-14 -1.976139e-15 -1.000000e+00
    outer loop
      vertex   1.941024e+01 -8.189903e+00 7.700000e+00
      vertex   1.941024e+01 -5.493195e+00 7.700000e+00
      vertex   1.956098e+01 -8.457575e+00 7.700000e+00
    endloop
  endfacet
  facet normal 1.275976e-14 -5.496067e-16 -1.000000e+00
    outer loop
      vertex   1.956098e+01 -8.457575e+00 7.700000e+00
      vertex   1.941024e+01 -5.493195e+00 7.700000e+00
      vertex   1.956098e+01 -5.225524e+00 7.700000e+00
    endloop
  endfacet
  facet normal -9.417953e-15 -5.496067e-16 -1.000000e+00
    outer loop
      vertex   1.956098e+01 -8.457575e+00 7.700000e+00
      vertex   1.956098e+01 -5.225524e+00 7.700000e+00
      vertex   1.976310e+01 -8.688922e+00 7.700000e+00
    endloop
  endfacet
  facet normal 8.238537e-15 4.807791e-16 -1.000000e+00
    outer loop
      vertex   1.976310e+01 -8.688922e+00 7.700000e+00
      vertex   1.956098e+01 -5.225524e+00 7.700000e+00
      vertex   1.976310e+01 -4.994176e+00 7.700000e+00
    endloop
  endfacet
  facet normal -6.886571e-15 4.807791e-16 -1.000000e+00
    outer loop
      vertex   1.976310e+01 -8.688922e+00 7.700000e+00
      vertex   1.976310e+01 -4.994176e+00 7.700000e+00
      vertex   2.000810e+01 -8.874243e+00 7.700000e+00
    endloop
  endfacet
  facet normal 6.258723e-15 1.310840e-15 -1.000000e+00
    outer loop
      vertex   2.000810e+01 -8.874243e+00 7.700000e+00
      vertex   1.976310e+01 -4.994176e+00 7.700000e+00
      vertex   2.000810e+01 -4.808856e+00 7.700000e+00
    endloop
  endfacet
  facet normal -7.296117e-14 1.310840e-15 -1.000000e+00
    outer loop
      vertex   2.000810e+01 -8.874243e+00 7.700000e+00
      vertex   2.000810e+01 -4.808856e+00 7.700000e+00
      vertex   2.028573e+01 -9.005763e+00 7.700000e+00
    endloop
  endfacet
  facet normal -5.865534e-14 2.257162e-15 -1.000000e+00
    outer loop
      vertex   2.028573e+01 -9.005763e+00 7.700000e+00
      vertex   2.000810e+01 -4.808856e+00 7.700000e+00
      vertex   2.028573e+01 -4.677336e+00 7.700000e+00
    endloop
  endfacet
  facet normal -1.000000e+00 -0.000000e+00 0.000000e+00
    outer loop
      vertex   1.928573e+01 -6.091549e+00 1.410000e+01
      vertex   1.928573e+01 -6.091549e+00 7.700000e+00
      vertex   1.928573e+01 -7.591549e+00 1.410000e+01
    endloop
  endfacet
  facet normal -1.000000e+00 0.000000e+00 0.000000e+00
    outer loop
      vertex   1.928573e+01 -7.591549e+00 1.410000e+01
      vertex   1.928573e+01 -6.091549e+00 7.700000e+00
      vertex   1.928573e+01 -7.591549e+00 7.700000e+00
    endloop
  endfacet
  facet normal 1.070874e-17 -8.191520e-01 5.735764e-01
    outer loop
      vertex   -1.121427e+01 4.784016e-01 2.114715e+00
      vertex   1.257183e+01 4.784016e-01 2.114715e+00
      vertex   -1.121427e+01 1.658451e+00 3.800000e+00
    endloop
  endfacet
  facet normal -2.553233e-17 -8.191520e-01 5.735764e-01
    outer loop
      vertex   -1.121427e+01 1.658451e+00 3.800000e+00
      vertex   1.257183e+01 4.784016e-01 2.114715e+00
      vertex   1.258099e+01 1.658451e+00 3.800000e+00
    endloop
  endfacet
  facet normal 0.000000e+00 -6.766751e-01 -7.362817e-01
    outer loop
      vertex   -1.121427e+01 -1.602035e+01 2.180000e+01
      vertex   -1.121427e+01 -1.433904e+01 2.025480e+01
      vertex   2.028573e+01 -1.602035e+01 2.180000e+01
    endloop
  endfacet
  facet normal -3.787445e-17 -6.766751e-01 -7.362817e-01
    outer loop
      vertex   2.028573e+01 -1.602035e+01 2.180000e+01
      vertex   -1.121427e+01 -1.433904e+01 2.025480e+01
      vertex   2.028573e+01 -1.433904e+01 2.025480e+01
    endloop
  endfacet
  facet normal -1.000000e+00 1.976309e-16 -6.180403e-16
    outer loop
      vertex   2.028573e+01 -1.065215e+01 1.932189e+01
      vertex   2.028573e+01 -1.018059e+01 1.947268e+01
      vertex   2.028573e+01 -9.005763e+00 1.410000e+01
    endloop
  endfacet
  facet normal -1.000000e+00 2.089871e-16 -6.155571e-16
    outer loop
      vertex   2.028573e+01 -9.005763e+00 1.410000e+01
      vertex   2.028573e+01 -1.018059e+01 1.947268e+01
      vertex   2.028573e+01 -9.412095e+00 1.973359e+01
    endloop
  endfacet
  facet normal -1.000000e+00 1.510393e-16 -6.197366e-16
    outer loop
      vertex   2.028573e+01 -9.005763e+00 1.410000e+01
      vertex   2.028573e+01 -9.412095e+00 1.973359e+01
      vertex   2.028573e+01 -8.623599e+00 1.992576e+01
    endloop
  endfacet
  facet normal -1.000000e+00 9.360600e-17 -6.159691e-16
    outer loop
      vertex   2.028573e+01 -8.623599e+00 1.992576e+01
      vertex   2.028573e+01 -7.821235e+00 2.004769e+01
      vertex   2.028573e+01 -9.005763e+00 1.410000e+01
    endloop
  endfacet
  facet normal -1.000000e+00 3.789534e-17 -6.048739e-16
    outer loop
      vertex   2.028573e+01 -9.005763e+00 1.410000e+01
      vertex   2.028573e+01 -7.821235e+00 2.004769e+01
      vertex   2.028573e+01 -7.011248e+00 2.009843e+01
    endloop
  endfacet
  facet normal -1.000000e+00 0.000000e+00 -5.922735e-16
    outer loop
      vertex   2.028573e+01 -9.005763e+00 1.410000e+01
      vertex   2.028573e+01 -7.011248e+00 2.009843e+01
      vertex   2.028573e+01 -4.677336e+00 1.410000e+01
    endloop
  endfacet
  facet normal -1.000000e+00 -1.536357e-17 -5.982512e-16
    outer loop
      vertex   2.028573e+01 -4.677336e+00 1.410000e+01
      vertex   2.028573e+01 -7.011248e+00 2.009843e+01
      vertex   2.028573e+01 -6.199940e+00 2.007760e+01
    endloop
  endfacet
  facet normal -1.000000e+00 -7.004175e-17 -6.121787e-16
    outer loop
      vertex   2.028573e+01 -4.677336e+00 1.410000e+01
      vertex   2.028573e+01 -6.199940e+00 2.007760e+01
      vertex   2.028573e+01 -5.393624e+00 1.998535e+01
    endloop
  endfacet
  facet normal -1.000000e+00 -1.268914e-16 -6.190978e-16
    outer loop
      vertex   2.028573e+01 -5.393624e+00 1.998535e+01
      vertex   2.028573e+01 -4.598577e+00 1.982239e+01
      vertex   2.028573e+01 -4.677336e+00 1.410000e+01
    endloop
  endfacet
  facet normal -1.000000e+00 -1.847818e-16 -6.183010e-16
    outer loop
      vertex   2.028573e+01 -4.677336e+00 1.410000e+01
      vertex   2.028573e+01 -4.598577e+00 1.982239e+01
      vertex   2.028573e+01 -3.820984e+00 1.959000e+01
    endloop
  endfacet
  facet normal -1.000000e+00 -2.424125e-16 -6.093115e-16
    outer loop
      vertex   2.028573e+01 -4.677336e+00 1.410000e+01
      vertex   2.028573e+01 -3.820984e+00 1.959000e+01
      vertex   2.028573e+01 -3.066896e+00 1.928999e+01
    endloop
  endfacet
  facet normal -1.000000e+00 0.000000e+00 -6.845314e-16
    outer loop
      vertex   2.028573e+01 -4.677336e+00 1.410000e+01
      vertex   2.028573e+01 -3.066896e+00 1.928999e+01
      vertex   2.028573e+01 -3.591549e+00 1.410000e+01
    endloop
  endfacet
  facet normal -1.000000e+00 -3.283168e-16 -6.513421e-16
    outer loop
      vertex   2.028573e+01 -3.591549e+00 1.410000e+01
      vertex   2.028573e+01 -3.066896e+00 1.928999e+01
      vertex   2.028573e+01 -2.342182e+00 1.892469e+01
    endloop
  endfacet
  facet normal -1.000000e+00 -3.934910e-16 -6.344650e-16
    outer loop
      vertex   2.028573e+01 -3.591549e+00 1.410000e+01
      vertex   2.028573e+01 -2.342182e+00 1.892469e+01
      vertex   2.028573e+01 -1.652481e+00 1.849695e+01
    endloop
  endfacet
  facet normal -1.000000e+00 -4.552919e-16 -6.072106e-16
    outer loop
      vertex   2.028573e+01 -1.652481e+00 1.849695e+01
      vertex   2.028573e+01 -1.003161e+00 1.801008e+01
      vertex   2.028573e+01 -3.591549e+00 1.410000e+01
    endloop
  endfacet
  facet normal -1.000000e+00 -5.116708e-16 -5.698890e-16
    outer loop
      vertex   2.028573e+01 -3.591549e+00 1.410000e+01
      vertex   2.028573e+01 -1.003161e+00 1.801008e+01
      vertex   2.028573e+01 -3.992747e-01 1.746788e+01
    endloop
  endfacet
  facet normal -1.000000e+00 -5.607502e-16 -5.233687e-16
    outer loop
      vertex   2.028573e+01 -3.591549e+00 1.410000e+01
      vertex   2.028573e+01 -3.992747e-01 1.746788e+01
      vertex   2.028573e+01 1.544792e-01 1.687458e+01
    endloop
  endfacet
  facet normal -1.000000e+00 -6.009971e-16 -4.690303e-16
    outer loop
      vertex   2.028573e+01 1.544792e-01 1.687458e+01
      vertex   2.028573e+01 6.537912e-01 1.623478e+01
      vertex   2.028573e+01 -3.591549e+00 1.410000e+01
    endloop
  endfacet
  facet normal -1.000000e+00 -6.313589e-16 -4.086512e-16
    outer loop
      vertex   2.028573e+01 -3.591549e+00 1.410000e+01
      vertex   2.028573e+01 6.537912e-01 1.623478e+01
      vertex   2.028573e+01 1.094776e+00 1.555347e+01
    endloop
  endfacet
  facet normal -1.000000e+00 -6.513353e-16 -3.442424e-16
    outer loop
      vertex   2.028573e+01 -3.591549e+00 1.410000e+01
      vertex   2.028573e+01 1.094776e+00 1.555347e+01
      vertex   2.028573e+01 1.474001e+00 1.483594e+01
    endloop
  endfacet
  facet normal -1.000000e+00 -6.609786e-16 -2.778672e-16
    outer loop
      vertex   2.028573e+01 1.474001e+00 1.483594e+01
      vertex   2.028573e+01 1.788516e+00 1.408779e+01
      vertex   2.028573e+01 -3.591549e+00 1.410000e+01
    endloop
  endfacet
  facet normal -1.000000e+00 -6.608278e-16 -2.114730e-16
    outer loop
      vertex   2.028573e+01 -3.591549e+00 1.410000e+01
      vertex   2.028573e+01 1.788516e+00 1.408779e+01
      vertex   2.028573e+01 2.035873e+00 1.331482e+01
    endloop
  endfacet
  facet normal -1.000000e+00 -6.517989e-16 -1.467617e-16
    outer loop
      vertex   2.028573e+01 -3.591549e+00 1.410000e+01
      vertex   2.028573e+01 2.035873e+00 1.331482e+01
      vertex   2.028573e+01 2.214147e+00 1.252307e+01
    endloop
  endfacet
  facet normal -1.000000e+00 -6.350534e-16 -8.511061e-17
    outer loop
      vertex   2.028573e+01 2.214147e+00 1.252307e+01
      vertex   2.028573e+01 2.321952e+00 1.171869e+01
      vertex   2.028573e+01 -3.591549e+00 1.410000e+01
    endloop
  endfacet
  facet normal -1.000000e+00 -6.118714e-16 -2.754298e-17
    outer loop
      vertex   2.028573e+01 -3.591549e+00 1.410000e+01
      vertex   2.028573e+01 2.321952e+00 1.171869e+01
      vertex   2.028573e+01 2.358447e+00 1.090793e+01
    endloop
  endfacet
  facet normal -1.000000e+00 -5.970951e-16 -4.143179e-32
    outer loop
      vertex   2.028573e+01 -3.591549e+00 1.410000e+01
      vertex   2.028573e+01 2.358447e+00 1.090793e+01
      vertex   2.028573e+01 -3.591549e+00 7.700000e+00
    endloop
  endfacet
  facet normal -1.000000e+00 -6.113630e-16 2.646371e-17
    outer loop
      vertex   2.028573e+01 -3.591549e+00 7.700000e+00
      vertex   2.028573e+01 2.358447e+00 1.090793e+01
      vertex   2.028573e+01 2.323350e+00 1.009712e+01
    endloop
  endfacet
  facet normal -1.000000e+00 -6.346577e-16 8.394369e-17
    outer loop
      vertex   2.028573e+01 -3.591549e+00 7.700000e+00
      vertex   2.028573e+01 2.323350e+00 1.009712e+01
      vertex   2.028573e+01 2.216933e+00 9.292548e+00
    endloop
  endfacet
  facet normal -1.000000e+00 -6.515415e-16 1.455237e-16
    outer loop
      vertex   2.028573e+01 2.216933e+00 9.292548e+00
      vertex   2.028573e+01 2.040024e+00 8.500489e+00
      vertex   2.028573e+01 -3.591549e+00 7.700000e+00
    endloop
  endfacet
  facet normal -1.000000e+00 -6.607330e-16 2.101872e-16
    outer loop
      vertex   2.028573e+01 -3.591549e+00 7.700000e+00
      vertex   2.028573e+01 2.040024e+00 8.500489e+00
      vertex   2.028573e+01 1.794000e+00 7.727102e+00
    endloop
  endfacet
  facet normal -1.000000e+00 -6.610670e-16 2.765638e-16
    outer loop
      vertex   2.028573e+01 -3.591549e+00 7.700000e+00
      vertex   2.028573e+01 1.794000e+00 7.727102e+00
      vertex   2.028573e+01 1.480776e+00 6.978406e+00
    endloop
  endfacet
  facet normal -1.000000e+00 -6.516218e-16 3.429574e-16
    outer loop
      vertex   2.028573e+01 1.480776e+00 6.978406e+00
      vertex   2.028573e+01 1.102789e+00 6.260227e+00
      vertex   2.028573e+01 -3.591549e+00 7.700000e+00
    endloop
  endfacet
  facet normal -1.000000e+00 -6.318495e-16 4.074243e-16
    outer loop
      vertex   2.028573e+01 -3.591549e+00 7.700000e+00
      vertex   2.028573e+01 1.102789e+00 6.260227e+00
      vertex   2.028573e+01 6.629801e-01 5.578155e+00
    endloop
  endfacet
  facet normal -1.000000e+00 -6.016877e-16 4.679019e-16
    outer loop
      vertex   2.028573e+01 -3.591549e+00 7.700000e+00
      vertex   2.028573e+01 6.629801e-01 5.578155e+00
      vertex   2.028573e+01 1.647723e-01 4.937496e+00
    endloop
  endfacet
  facet normal -1.000000e+00 -5.616256e-16 5.223765e-16
    outer loop
      vertex   2.028573e+01 1.647723e-01 4.937496e+00
      vertex   2.028573e+01 -3.879576e-01 4.343236e+00
      vertex   2.028573e+01 -3.591549e+00 7.700000e+00
    endloop
  endfacet
  facet normal -1.000000e+00 -3.989318e-16 6.776464e-16
    outer loop
      vertex   2.028573e+01 -3.591549e+00 7.700000e+00
      vertex   2.028573e+01 -3.879576e-01 4.343236e+00
      vertex   2.028573e+01 -1.310727e+00 3.800000e+00
    endloop
  endfacet
  facet normal -1.000000e+00 4.470979e-30 9.109522e-16
    outer loop
      vertex   2.028573e+01 -3.591549e+00 7.700000e+00
      vertex   2.028573e+01 -1.310727e+00 3.800000e+00
      vertex   2.028573e+01 -4.677336e+00 7.700000e+00
    endloop
  endfacet
  facet normal -1.000000e+00 -3.197840e-16 6.349041e-16
    outer loop
      vertex   2.028573e+01 -4.677336e+00 7.700000e+00
      vertex   2.028573e+01 -1.310727e+00 3.800000e+00
      vertex   2.028573e+01 -8.323531e+00 5.863510e+00
    endloop
  endfacet
  facet normal -1.000000e+00 0.000000e+00 0.000000e+00
    outer loop
      vertex   2.028573e+01 -4.677336e+00 7.700000e+00
      vertex   2.028573e+01 -8.323531e+00 5.863510e+00
      vertex   2.028573e+01 -9.005763e+00 7.700000e+00
    endloop
  endfacet
  facet normal -1.000000e+00 0.000000e+00 0.000000e+00
    outer loop
      vertex   2.028573e+01 -9.005763e+00 7.700000e+00
      vertex   2.028573e+01 -8.323531e+00 5.863510e+00
      vertex   2.028573e+01 -8.852421e+00 6.050372e+00
    endloop
  endfacet
  facet normal -1.000000e+00 0.000000e+00 -0.000000e+00
    outer loop
      vertex   2.028573e+01 -9.005763e+00 7.700000e+00
      vertex   2.028573e+01 -8.852421e+00 6.050372e+00
      vertex   2.028573e+01 -9.358355e+00 6.292594e+00
    endloop
  endfacet
  facet normal -1.000000e+00 0.000000e+00 0.000000e+00
    outer loop
      vertex   2.028573e+01 -3.879576e-01 4.343236e+00
      vertex   2.028573e+01 -9.909083e-01 3.800000e+00
      vertex   2.028573e+01 -1.310727e+00 3.800000e+00
    endloop
  endfacet
  facet normal -1.000000e+00 0.000000e+00 0.000000e+00
    outer loop
      vertex   2.028573e+01 -9.358355e+00 6.292594e+00
      vertex   2.028573e+01 -9.835559e+00 6.587413e+00
      vertex   2.028573e+01 -9.005763e+00 7.700000e+00
    endloop
  endfacet
  facet normal -1.000000e+00 0.000000e+00 0.000000e+00
    outer loop
      vertex   2.028573e+01 -9.005763e+00 7.700000e+00
      vertex   2.028573e+01 -9.835559e+00 6.587413e+00
      vertex   2.028573e+01 -1.009155e+01 7.700000e+00
    endloop
  endfacet
  facet normal -1.000000e+00 0.000000e+00 -0.000000e+00
    outer loop
      vertex   2.028573e+01 -1.009155e+01 7.700000e+00
      vertex   2.028573e+01 -9.835559e+00 6.587413e+00
      vertex   2.028573e+01 -1.027858e+01 6.931463e+00
    endloop
  endfacet
  facet normal -1.000000e+00 0.000000e+00 0.000000e+00
    outer loop
      vertex   2.028573e+01 -1.009155e+01 7.700000e+00
      vertex   2.028573e+01 -1.027858e+01 6.931463e+00
      vertex   2.028573e+01 -1.068237e+01 7.320815e+00
    endloop
  endfacet
  facet normal -1.000000e+00 0.000000e+00 0.000000e+00
    outer loop
      vertex   2.028573e+01 -1.068237e+01 7.320815e+00
      vertex   2.028573e+01 -1.104232e+01 7.751026e+00
      vertex   2.028573e+01 -1.009155e+01 7.700000e+00
    endloop
  endfacet
  facet normal -1.000000e+00 0.000000e+00 0.000000e+00
    outer loop
      vertex   2.028573e+01 -1.009155e+01 7.700000e+00
      vertex   2.028573e+01 -1.104232e+01 7.751026e+00
      vertex   2.028573e+01 -1.135431e+01 8.217185e+00
    endloop
  endfacet
  facet normal -1.000000e+00 0.000000e+00 0.000000e+00
    outer loop
      vertex   2.028573e+01 -1.009155e+01 7.700000e+00
      vertex   2.028573e+01 -1.135431e+01 8.217185e+00
      vertex   2.028573e+01 -1.161478e+01 8.713969e+00
    endloop
  endfacet
  facet normal -1.000000e+00 0.000000e+00 0.000000e+00
    outer loop
      vertex   2.028573e+01 -1.161478e+01 8.713969e+00
      vertex   2.028573e+01 -1.182077e+01 9.235708e+00
      vertex   2.028573e+01 -1.009155e+01 7.700000e+00
    endloop
  endfacet
  facet normal -1.000000e+00 0.000000e+00 0.000000e+00
    outer loop
      vertex   2.028573e+01 -1.009155e+01 7.700000e+00
      vertex   2.028573e+01 -1.182077e+01 9.235708e+00
      vertex   2.028573e+01 -1.009155e+01 1.410000e+01
    endloop
  endfacet
  facet normal -1.000000e+00 6.546564e-16 -2.327255e-16
    outer loop
      vertex   2.028573e+01 -1.009155e+01 1.410000e+01
      vertex   2.028573e+01 -1.182077e+01 9.235708e+00
      vertex   2.028573e+01 -1.353436e+01 1.968107e+01
    endloop
  endfacet
  facet normal -1.000000e+00 -4.125594e-16 -8.910607e-16
    outer loop
      vertex   2.028573e+01 -1.009155e+01 1.410000e+01
      vertex   2.028573e+01 -1.353436e+01 1.968107e+01
      vertex   2.028573e+01 -1.308509e+01 1.947306e+01
    endloop
  endfacet
  facet normal -1.000000e+00 -3.049983e-15 -1.019449e-15
    outer loop
      vertex   2.028573e+01 -1.602035e+01 2.180000e+01
      vertex   2.028573e+01 -1.433904e+01 2.025480e+01
      vertex   2.028573e+01 -1.182077e+01 9.235708e+00
    endloop
  endfacet
  facet normal -1.000000e+00 -3.208865e-16 -3.957488e-16
    outer loop
      vertex   2.028573e+01 -1.182077e+01 9.235708e+00
      vertex   2.028573e+01 -1.433904e+01 2.025480e+01
      vertex   2.028573e+01 -1.395449e+01 1.994299e+01
    endloop
  endfacet
  facet normal -1.000000e+00 -2.361957e-16 -3.788719e-16
    outer loop
      vertex   2.028573e+01 -1.182077e+01 9.235708e+00
      vertex   2.028573e+01 -1.395449e+01 1.994299e+01
      vertex   2.028573e+01 -1.353436e+01 1.968107e+01
    endloop
  endfacet
  facet normal -1.000000e+00 -2.575548e-16 -8.047017e-16
    outer loop
      vertex   2.028573e+01 -1.308509e+01 1.947306e+01
      vertex   2.028573e+01 -1.261356e+01 1.932215e+01
      vertex   2.028573e+01 -1.009155e+01 1.410000e+01
    endloop
  endfacet
  facet normal -1.000000e+00 -1.407380e-16 -7.482855e-16
    outer loop
      vertex   2.028573e+01 -1.009155e+01 1.410000e+01
      vertex   2.028573e+01 -1.261356e+01 1.932215e+01
      vertex   2.028573e+01 -1.212701e+01 1.923063e+01
    endloop
  endfacet
  facet normal -1.000000e+00 -4.411482e-17 -7.099526e-16
    outer loop
      vertex   2.028573e+01 -1.009155e+01 1.410000e+01
      vertex   2.028573e+01 -1.212701e+01 1.923063e+01
      vertex   2.028573e+01 -1.163287e+01 1.919993e+01
    endloop
  endfacet
  facet normal -1.000000e+00 4.230989e-17 -6.838329e-16
    outer loop
      vertex   2.028573e+01 -1.163287e+01 1.919993e+01
      vertex   2.028573e+01 -1.113873e+01 1.923050e+01
      vertex   2.028573e+01 -1.009155e+01 1.410000e+01
    endloop
  endfacet
  facet normal -1.000000e+00 1.252488e-16 -6.669043e-16
    outer loop
      vertex   2.028573e+01 -1.009155e+01 1.410000e+01
      vertex   2.028573e+01 -1.113873e+01 1.923050e+01
      vertex   2.028573e+01 -1.065215e+01 1.932189e+01
    endloop
  endfacet
  facet normal -1.000000e+00 0.000000e+00 -6.803506e-16
    outer loop
      vertex   2.028573e+01 -1.009155e+01 1.410000e+01
      vertex   2.028573e+01 -1.065215e+01 1.932189e+01
      vertex   2.028573e+01 -9.005763e+00 1.410000e+01
    endloop
  endfacet
  facet normal 0.000000e+00 1.000000e+00 0.000000e+00
    outer loop
      vertex   2.378573e+01 -1.009155e+01 1.410000e+01
      vertex   2.378573e+01 -1.009155e+01 7.700000e+00
      vertex   2.028573e+01 -1.009155e+01 1.410000e+01
    endloop
  endfacet
  facet normal 0.000000e+00 1.000000e+00 0.000000e+00
    outer loop
      vertex   2.028573e+01 -1.009155e+01 1.410000e+01
      vertex   2.378573e+01 -1.009155e+01 7.700000e+00
      vertex   2.028573e+01 -1.009155e+01 7.700000e+00
    endloop
  endfacet
  facet normal -1.000000e+00 0.000000e+00 -6.803506e-16
    outer loop
      vertex   2.028573e+01 1.532266e+01 1.410000e+01
      vertex   2.028573e+01 1.696905e+01 1.932189e+01
      vertex   2.028573e+01 1.640845e+01 1.410000e+01
    endloop
  endfacet
  facet normal -1.000000e+00 -1.252488e-16 -6.669043e-16
    outer loop
      vertex   2.028573e+01 1.640845e+01 1.410000e+01
      vertex   2.028573e+01 1.696905e+01 1.932189e+01
      vertex   2.028573e+01 1.745563e+01 1.923050e+01
    endloop
  endfacet
  facet normal -1.000000e+00 -4.230989e-17 -6.838329e-16
    outer loop
      vertex   2.028573e+01 1.640845e+01 1.410000e+01
      vertex   2.028573e+01 1.745563e+01 1.923050e+01
      vertex   2.028573e+01 1.794977e+01 1.919993e+01
    endloop
  endfacet
  facet normal -1.000000e+00 1.701455e-30 -5.922735e-16
    outer loop
      vertex   2.028573e+01 1.099424e+01 1.410000e+01
      vertex   2.028573e+01 1.332815e+01 2.009843e+01
      vertex   2.028573e+01 1.532266e+01 1.410000e+01
    endloop
  endfacet
  facet normal -1.000000e+00 -3.789534e-17 -6.048739e-16
    outer loop
      vertex   2.028573e+01 1.532266e+01 1.410000e+01
      vertex   2.028573e+01 1.332815e+01 2.009843e+01
      vertex   2.028573e+01 1.413814e+01 2.004769e+01
    endloop
  endfacet
  facet normal -1.000000e+00 -9.360600e-17 -6.159691e-16
    outer loop
      vertex   2.028573e+01 1.532266e+01 1.410000e+01
      vertex   2.028573e+01 1.413814e+01 2.004769e+01
      vertex   2.028573e+01 1.494050e+01 1.992576e+01
    endloop
  endfacet
  facet normal -1.000000e+00 -1.007910e-29 -6.845314e-16
    outer loop
      vertex   2.028573e+01 9.908451e+00 1.410000e+01
      vertex   2.028573e+01 9.383797e+00 1.928999e+01
      vertex   2.028573e+01 1.099424e+01 1.410000e+01
    endloop
  endfacet
  facet normal -1.000000e+00 2.424125e-16 -6.093115e-16
    outer loop
      vertex   2.028573e+01 1.099424e+01 1.410000e+01
      vertex   2.028573e+01 9.383797e+00 1.928999e+01
      vertex   2.028573e+01 1.013788e+01 1.959000e+01
    endloop
  endfacet
  facet normal -1.000000e+00 1.847818e-16 -6.183010e-16
    outer loop
      vertex   2.028573e+01 1.099424e+01 1.410000e+01
      vertex   2.028573e+01 1.013788e+01 1.959000e+01
      vertex   2.028573e+01 1.091548e+01 1.982239e+01
    endloop
  endfacet
  facet normal -1.000000e+00 5.970951e-16 -1.657272e-31
    outer loop
      vertex   2.028573e+01 9.908451e+00 7.700000e+00
      vertex   2.028573e+01 3.958454e+00 1.090793e+01
      vertex   2.028573e+01 9.908451e+00 1.410000e+01
    endloop
  endfacet
  facet normal -1.000000e+00 6.118714e-16 -2.754298e-17
    outer loop
      vertex   2.028573e+01 9.908451e+00 1.410000e+01
      vertex   2.028573e+01 3.958454e+00 1.090793e+01
      vertex   2.028573e+01 3.994950e+00 1.171869e+01
    endloop
  endfacet
  facet normal -1.000000e+00 6.350534e-16 -8.511061e-17
    outer loop
      vertex   2.028573e+01 9.908451e+00 1.410000e+01
      vertex   2.028573e+01 3.994950e+00 1.171869e+01
      vertex   2.028573e+01 4.102754e+00 1.252307e+01
    endloop
  endfacet
  facet normal -1.000000e+00 7.451632e-31 9.109522e-16
    outer loop
      vertex   2.028573e+01 1.099424e+01 7.700000e+00
      vertex   2.028573e+01 7.627628e+00 3.800000e+00
      vertex   2.028573e+01 9.908451e+00 7.700000e+00
    endloop
  endfacet
  facet normal -1.000000e+00 3.989318e-16 6.776464e-16
    outer loop
      vertex   2.028573e+01 9.908451e+00 7.700000e+00
      vertex   2.028573e+01 7.627628e+00 3.800000e+00
      vertex   2.028573e+01 6.704859e+00 4.343236e+00
    endloop
  endfacet
  facet normal -1.000000e+00 5.616256e-16 5.223765e-16
    outer loop
      vertex   2.028573e+01 9.908451e+00 7.700000e+00
      vertex   2.028573e+01 6.704859e+00 4.343236e+00
      vertex   2.028573e+01 6.152129e+00 4.937496e+00
    endloop
  endfacet
  facet normal -1.000000e+00 3.197840e-16 6.349041e-16
    outer loop
      vertex   2.028573e+01 7.627628e+00 3.800000e+00
      vertex   2.028573e+01 1.099424e+01 7.700000e+00
      vertex   2.028573e+01 1.464043e+01 5.863510e+00
    endloop
  endfacet
  facet normal -1.000000e+00 0.000000e+00 0.000000e+00
    outer loop
      vertex   2.028573e+01 1.464043e+01 5.863510e+00
      vertex   2.028573e+01 1.099424e+01 7.700000e+00
      vertex   2.028573e+01 1.532266e+01 7.700000e+00
    endloop
  endfacet
  facet normal -1.000000e+00 0.000000e+00 0.000000e+00
    outer loop
      vertex   2.028573e+01 1.464043e+01 5.863510e+00
      vertex   2.028573e+01 1.532266e+01 7.700000e+00
      vertex   2.028573e+01 1.516932e+01 6.050372e+00
    endloop
  endfacet
  facet normal -1.000000e+00 0.000000e+00 0.000000e+00
    outer loop
      vertex   2.028573e+01 1.516932e+01 6.050372e+00
      vertex   2.028573e+01 1.532266e+01 7.700000e+00
      vertex   2.028573e+01 1.567526e+01 6.292594e+00
    endloop
  endfacet
  facet normal -1.000000e+00 0.000000e+00 0.000000e+00
    outer loop
      vertex   2.028573e+01 1.567526e+01 6.292594e+00
      vertex   2.028573e+01 1.532266e+01 7.700000e+00
      vertex   2.028573e+01 1.615246e+01 6.587413e+00
    endloop
  endfacet
  facet normal -1.000000e+00 0.000000e+00 0.000000e+00
    outer loop
      vertex   2.028573e+01 1.615246e+01 6.587413e+00
      vertex   2.028573e+01 1.532266e+01 7.700000e+00
      vertex   2.028573e+01 1.640845e+01 7.700000e+00
    endloop
  endfacet
  facet normal -1.000000e+00 0.000000e+00 0.000000e+00
    outer loop
      vertex   2.028573e+01 1.615246e+01 6.587413e+00
      vertex   2.028573e+01 1.640845e+01 7.700000e+00
      vertex   2.028573e+01 1.659549e+01 6.931463e+00
    endloop
  endfacet
  facet normal -1.000000e+00 0.000000e+00 0.000000e+00
    outer loop
      vertex   2.028573e+01 1.659549e+01 6.931463e+00
      vertex   2.028573e+01 1.640845e+01 7.700000e+00
      vertex   2.028573e+01 1.699928e+01 7.320815e+00
    endloop
  endfacet
  facet normal -1.000000e+00 0.000000e+00 0.000000e+00
    outer loop
      vertex   2.028573e+01 1.699928e+01 7.320815e+00
      vertex   2.028573e+01 1.640845e+01 7.700000e+00
      vertex   2.028573e+01 1.735922e+01 7.751026e+00
    endloop
  endfacet
  facet normal -1.000000e+00 -0.000000e+00 0.000000e+00
    outer loop
      vertex   2.028573e+01 1.735922e+01 7.751026e+00
      vertex   2.028573e+01 1.640845e+01 7.700000e+00
      vertex   2.028573e+01 1.767121e+01 8.217185e+00
    endloop
  endfacet
  facet normal -1.000000e+00 -0.000000e+00 0.000000e+00
    outer loop
      vertex   2.028573e+01 1.767121e+01 8.217185e+00
      vertex   2.028573e+01 1.640845e+01 7.700000e+00
      vertex   2.028573e+01 1.793169e+01 8.713969e+00
    endloop
  endfacet
  facet normal -1.000000e+00 -0.000000e+00 0.000000e+00
    outer loop
      vertex   2.028573e+01 1.793169e+01 8.713969e+00
      vertex   2.028573e+01 1.640845e+01 7.700000e+00
      vertex   2.028573e+01 1.813767e+01 9.235708e+00
    endloop
  endfacet
  facet normal -1.000000e+00 -0.000000e+00 0.000000e+00
    outer loop
      vertex   2.028573e+01 1.813767e+01 9.235708e+00
      vertex   2.028573e+01 1.640845e+01 7.700000e+00
      vertex   2.028573e+01 1.640845e+01 1.410000e+01
    endloop
  endfacet
  facet normal -1.000000e+00 -6.546564e-16 -2.327255e-16
    outer loop
      vertex   2.028573e+01 1.813767e+01 9.235708e+00
      vertex   2.028573e+01 1.640845e+01 1.410000e+01
      vertex   2.028573e+01 1.985126e+01 1.968107e+01
    endloop
  endfacet
  facet normal -1.000000e+00 4.125594e-16 -8.910607e-16
    outer loop
      vertex   2.028573e+01 1.985126e+01 1.968107e+01
      vertex   2.028573e+01 1.640845e+01 1.410000e+01
      vertex   2.028573e+01 1.940199e+01 1.947306e+01
    endloop
  endfacet
  facet normal -1.000000e+00 2.575548e-16 -8.047017e-16
    outer loop
      vertex   2.028573e+01 1.940199e+01 1.947306e+01
      vertex   2.028573e+01 1.640845e+01 1.410000e+01
      vertex   2.028573e+01 1.893046e+01 1.932215e+01
    endloop
  endfacet
  facet normal -1.000000e+00 1.407380e-16 -7.482855e-16
    outer loop
      vertex   2.028573e+01 1.893046e+01 1.932215e+01
      vertex   2.028573e+01 1.640845e+01 1.410000e+01
      vertex   2.028573e+01 1.844391e+01 1.923063e+01
    endloop
  endfacet
  facet normal -1.000000e+00 4.411482e-17 -7.099526e-16
    outer loop
      vertex   2.028573e+01 1.844391e+01 1.923063e+01
      vertex   2.028573e+01 1.640845e+01 1.410000e+01
      vertex   2.028573e+01 1.794977e+01 1.919993e+01
    endloop
  endfacet
  facet normal -1.000000e+00 3.049983e-15 -1.019449e-15
    outer loop
      vertex   2.028573e+01 2.233725e+01 2.180000e+01
      vertex   2.028573e+01 1.813767e+01 9.235708e+00
      vertex   2.028573e+01 2.065595e+01 2.025480e+01
    endloop
  endfacet
  facet normal -1.000000e+00 3.208865e-16 -3.957488e-16
    outer loop
      vertex   2.028573e+01 2.065595e+01 2.025480e+01
      vertex   2.028573e+01 1.813767e+01 9.235708e+00
      vertex   2.028573e+01 2.027139e+01 1.994299e+01
    endloop
  endfacet
  facet normal -1.000000e+00 2.361957e-16 -3.788719e-16
    outer loop
      vertex   2.028573e+01 2.027139e+01 1.994299e+01
      vertex   2.028573e+01 1.813767e+01 9.235708e+00
      vertex   2.028573e+01 1.985126e+01 1.968107e+01
    endloop
  endfacet
  facet normal -1.000000e+00 -0.000000e+00 0.000000e+00
    outer loop
      vertex   2.028573e+01 7.627628e+00 3.800000e+00
      vertex   2.028573e+01 7.307810e+00 3.800000e+00
      vertex   2.028573e+01 6.704859e+00 4.343236e+00
    endloop
  endfacet
  facet normal -1.000000e+00 6.016877e-16 4.679019e-16
    outer loop
      vertex   2.028573e+01 6.152129e+00 4.937496e+00
      vertex   2.028573e+01 5.653921e+00 5.578155e+00
      vertex   2.028573e+01 9.908451e+00 7.700000e+00
    endloop
  endfacet
  facet normal -1.000000e+00 6.318495e-16 4.074243e-16
    outer loop
      vertex   2.028573e+01 9.908451e+00 7.700000e+00
      vertex   2.028573e+01 5.653921e+00 5.578155e+00
      vertex   2.028573e+01 5.214112e+00 6.260227e+00
    endloop
  endfacet
  facet normal -1.000000e+00 6.516218e-16 3.429574e-16
    outer loop
      vertex   2.028573e+01 9.908451e+00 7.700000e+00
      vertex   2.028573e+01 5.214112e+00 6.260227e+00
      vertex   2.028573e+01 4.836125e+00 6.978406e+00
    endloop
  endfacet
  facet normal -1.000000e+00 6.610670e-16 2.765638e-16
    outer loop
      vertex   2.028573e+01 4.836125e+00 6.978406e+00
      vertex   2.028573e+01 4.522901e+00 7.727102e+00
      vertex   2.028573e+01 9.908451e+00 7.700000e+00
    endloop
  endfacet
  facet normal -1.000000e+00 6.607330e-16 2.101872e-16
    outer loop
      vertex   2.028573e+01 9.908451e+00 7.700000e+00
      vertex   2.028573e+01 4.522901e+00 7.727102e+00
      vertex   2.028573e+01 4.276877e+00 8.500489e+00
    endloop
  endfacet
  facet normal -1.000000e+00 6.515415e-16 1.455237e-16
    outer loop
      vertex   2.028573e+01 9.908451e+00 7.700000e+00
      vertex   2.028573e+01 4.276877e+00 8.500489e+00
      vertex   2.028573e+01 4.099969e+00 9.292548e+00
    endloop
  endfacet
  facet normal -1.000000e+00 6.346577e-16 8.394369e-17
    outer loop
      vertex   2.028573e+01 4.099969e+00 9.292548e+00
      vertex   2.028573e+01 3.993551e+00 1.009712e+01
      vertex   2.028573e+01 9.908451e+00 7.700000e+00
    endloop
  endfacet
  facet normal -1.000000e+00 6.113630e-16 2.646371e-17
    outer loop
      vertex   2.028573e+01 9.908451e+00 7.700000e+00
      vertex   2.028573e+01 3.993551e+00 1.009712e+01
      vertex   2.028573e+01 3.958454e+00 1.090793e+01
    endloop
  endfacet
  facet normal -1.000000e+00 6.517989e-16 -1.467617e-16
    outer loop
      vertex   2.028573e+01 4.102754e+00 1.252307e+01
      vertex   2.028573e+01 4.281029e+00 1.331482e+01
      vertex   2.028573e+01 9.908451e+00 1.410000e+01
    endloop
  endfacet
  facet normal -1.000000e+00 6.608278e-16 -2.114730e-16
    outer loop
      vertex   2.028573e+01 9.908451e+00 1.410000e+01
      vertex   2.028573e+01 4.281029e+00 1.331482e+01
      vertex   2.028573e+01 4.528386e+00 1.408779e+01
    endloop
  endfacet
  facet normal -1.000000e+00 6.609786e-16 -2.778672e-16
    outer loop
      vertex   2.028573e+01 9.908451e+00 1.410000e+01
      vertex   2.028573e+01 4.528386e+00 1.408779e+01
      vertex   2.028573e+01 4.842901e+00 1.483594e+01
    endloop
  endfacet
  facet normal -1.000000e+00 6.513353e-16 -3.442424e-16
    outer loop
      vertex   2.028573e+01 4.842901e+00 1.483594e+01
      vertex   2.028573e+01 5.222126e+00 1.555347e+01
      vertex   2.028573e+01 9.908451e+00 1.410000e+01
    endloop
  endfacet
  facet normal -1.000000e+00 6.313589e-16 -4.086512e-16
    outer loop
      vertex   2.028573e+01 9.908451e+00 1.410000e+01
      vertex   2.028573e+01 5.222126e+00 1.555347e+01
      vertex   2.028573e+01 5.663110e+00 1.623478e+01
    endloop
  endfacet
  facet normal -1.000000e+00 6.009971e-16 -4.690303e-16
    outer loop
      vertex   2.028573e+01 9.908451e+00 1.410000e+01
      vertex   2.028573e+01 5.663110e+00 1.623478e+01
      vertex   2.028573e+01 6.162422e+00 1.687458e+01
    endloop
  endfacet
  facet normal -1.000000e+00 5.607502e-16 -5.233687e-16
    outer loop
      vertex   2.028573e+01 6.162422e+00 1.687458e+01
      vertex   2.028573e+01 6.716176e+00 1.746788e+01
      vertex   2.028573e+01 9.908451e+00 1.410000e+01
    endloop
  endfacet
  facet normal -1.000000e+00 5.116708e-16 -5.698890e-16
    outer loop
      vertex   2.028573e+01 9.908451e+00 1.410000e+01
      vertex   2.028573e+01 6.716176e+00 1.746788e+01
      vertex   2.028573e+01 7.320063e+00 1.801008e+01
    endloop
  endfacet
  facet normal -1.000000e+00 4.552919e-16 -6.072106e-16
    outer loop
      vertex   2.028573e+01 9.908451e+00 1.410000e+01
      vertex   2.028573e+01 7.320063e+00 1.801008e+01
      vertex   2.028573e+01 7.969383e+00 1.849695e+01
    endloop
  endfacet
  facet normal -1.000000e+00 3.934910e-16 -6.344650e-16
    outer loop
      vertex   2.028573e+01 7.969383e+00 1.849695e+01
      vertex   2.028573e+01 8.659083e+00 1.892469e+01
      vertex   2.028573e+01 9.908451e+00 1.410000e+01
    endloop
  endfacet
  facet normal -1.000000e+00 3.283168e-16 -6.513421e-16
    outer loop
      vertex   2.028573e+01 9.908451e+00 1.410000e+01
      vertex   2.028573e+01 8.659083e+00 1.892469e+01
      vertex   2.028573e+01 9.383797e+00 1.928999e+01
    endloop
  endfacet
  facet normal -1.000000e+00 1.268914e-16 -6.190978e-16
    outer loop
      vertex   2.028573e+01 1.091548e+01 1.982239e+01
      vertex   2.028573e+01 1.171053e+01 1.998535e+01
      vertex   2.028573e+01 1.099424e+01 1.410000e+01
    endloop
  endfacet
  facet normal -1.000000e+00 7.004175e-17 -6.121787e-16
    outer loop
      vertex   2.028573e+01 1.099424e+01 1.410000e+01
      vertex   2.028573e+01 1.171053e+01 1.998535e+01
      vertex   2.028573e+01 1.251684e+01 2.007760e+01
    endloop
  endfacet
  facet normal -1.000000e+00 1.536357e-17 -5.982512e-16
    outer loop
      vertex   2.028573e+01 1.099424e+01 1.410000e+01
      vertex   2.028573e+01 1.251684e+01 2.007760e+01
      vertex   2.028573e+01 1.332815e+01 2.009843e+01
    endloop
  endfacet
  facet normal -1.000000e+00 -1.510393e-16 -6.197366e-16
    outer loop
      vertex   2.028573e+01 1.494050e+01 1.992576e+01
      vertex   2.028573e+01 1.572900e+01 1.973359e+01
      vertex   2.028573e+01 1.532266e+01 1.410000e+01
    endloop
  endfacet
  facet normal -1.000000e+00 -2.089871e-16 -6.155571e-16
    outer loop
      vertex   2.028573e+01 1.532266e+01 1.410000e+01
      vertex   2.028573e+01 1.572900e+01 1.973359e+01
      vertex   2.028573e+01 1.649749e+01 1.947268e+01
    endloop
  endfacet
  facet normal -1.000000e+00 -1.976309e-16 -6.180403e-16
    outer loop
      vertex   2.028573e+01 1.532266e+01 1.410000e+01
      vertex   2.028573e+01 1.649749e+01 1.947268e+01
      vertex   2.028573e+01 1.696905e+01 1.932189e+01
    endloop
  endfacet
  facet normal 0.000000e+00 -1.000000e+00 0.000000e+00
    outer loop
      vertex   2.078573e+01 -9.091549e+00 1.410000e+01
      vertex   2.078573e+01 -9.091549e+00 7.700000e+00
      vertex   2.228573e+01 -9.091549e+00 1.410000e+01
    endloop
  endfacet
  facet normal 0.000000e+00 -1.000000e+00 -0.000000e+00
    outer loop
      vertex   2.228573e+01 -9.091549e+00 1.410000e+01
      vertex   2.078573e+01 -9.091549e+00 7.700000e+00
      vertex   2.228573e+01 -9.091549e+00 7.700000e+00
    endloop
  endfacet
  facet normal -6.398449e-14 0.000000e+00 1.000000e+00
    outer loop
      vertex   2.028573e+01 -9.005763e+00 1.410000e+01
      vertex   2.028573e+01 -4.677336e+00 1.410000e+01
      vertex   2.000810e+01 -8.874243e+00 1.410000e+01
    endloop
  endfacet
  facet normal -6.398449e-14 0.000000e+00 1.000000e+00
    outer loop
      vertex   2.000810e+01 -8.874243e+00 1.410000e+01
      vertex   2.028573e+01 -4.677336e+00 1.410000e+01
      vertex   2.000810e+01 -4.808856e+00 1.410000e+01
    endloop
  endfacet
  facet normal 0.000000e+00 -0.000000e+00 1.000000e+00
    outer loop
      vertex   2.000810e+01 -8.874243e+00 1.410000e+01
      vertex   2.000810e+01 -4.808856e+00 1.410000e+01
      vertex   1.976310e+01 -8.688922e+00 1.410000e+01
    endloop
  endfacet
  facet normal 0.000000e+00 0.000000e+00 1.000000e+00
    outer loop
      vertex   1.976310e+01 -8.688922e+00 1.410000e+01
      vertex   2.000810e+01 -4.808856e+00 1.410000e+01
      vertex   1.976310e+01 -4.994176e+00 1.410000e+01
    endloop
  endfacet
  facet normal 0.000000e+00 -0.000000e+00 1.000000e+00
    outer loop
      vertex   1.976310e+01 -8.688922e+00 1.410000e+01
      vertex   1.976310e+01 -4.994176e+00 1.410000e+01
      vertex   1.956098e+01 -8.457575e+00 1.410000e+01
    endloop
  endfacet
  facet normal 0.000000e+00 0.000000e+00 1.000000e+00
    outer loop
      vertex   1.956098e+01 -8.457575e+00 1.410000e+01
      vertex   1.976310e+01 -4.994176e+00 1.410000e+01
      vertex   1.956098e+01 -5.225524e+00 1.410000e+01
    endloop
  endfacet
  facet normal 0.000000e+00 -0.000000e+00 1.000000e+00
    outer loop
      vertex   1.956098e+01 -8.457575e+00 1.410000e+01
      vertex   1.956098e+01 -5.225524e+00 1.410000e+01
      vertex   1.941024e+01 -8.189903e+00 1.410000e+01
    endloop
  endfacet
  facet normal 0.000000e+00 0.000000e+00 1.000000e+00
    outer loop
      vertex   1.941024e+01 -8.189903e+00 1.410000e+01
      vertex   1.956098e+01 -5.225524e+00 1.410000e+01
      vertex   1.941024e+01 -5.493195e+00 1.410000e+01
    endloop
  endfacet
  facet normal 1.426677e-14 -0.000000e+00 1.000000e+00
    outer loop
      vertex   1.941024e+01 -8.189903e+00 1.410000e+01
      vertex   1.941024e+01 -5.493195e+00 1.410000e+01
      vertex   1.928573e+01 -7.591549e+00 1.410000e+01
    endloop
  endfacet
  facet normal 1.426677e-14 -0.000000e+00 1.000000e+00
    outer loop
      vertex   1.928573e+01 -7.591549e+00 1.410000e+01
      vertex   1.941024e+01 -5.493195e+00 1.410000e+01
      vertex   1.928573e+01 -6.091549e+00 1.410000e+01
    endloop
  endfacet
  facet normal -2.705011e-14 8.597534e-15 1.000000e+00
    outer loop
      vertex   1.928573e+01 -6.091549e+00 1.410000e+01
      vertex   1.941024e+01 -5.493195e+00 1.410000e+01
      vertex   1.931719e+01 -5.785964e+00 1.410000e+01
    endloop
  endfacet
  facet normal -2.705011e-14 -8.597534e-15 1.000000e+00
    outer loop
      vertex   1.928573e+01 -7.591549e+00 1.410000e+01
      vertex   1.931719e+01 -7.897135e+00 1.410000e+01
      vertex   1.941024e+01 -8.189903e+00 1.410000e+01
    endloop
  endfacet
  facet normal -3.286920e-30 1.000000e+00 1.110223e-15
    outer loop
      vertex   2.078573e+01 1.540845e+01 7.700000e+00
      vertex   2.078573e+01 1.540845e+01 1.410000e+01
      vertex   2.228573e+01 1.540845e+01 7.700000e+00
    endloop
  endfacet
  facet normal -1.184238e-15 1.000000e+00 8.326673e-16
    outer loop
      vertex   2.228573e+01 1.540845e+01 7.700000e+00
      vertex   2.078573e+01 1.540845e+01 1.410000e+01
      vertex   2.228573e+01 1.540845e+01 1.410000e+01
    endloop
  endfacet
  facet normal 5.807208e-14 -1.025983e-15 -1.000000e+00
    outer loop
      vertex   2.028573e+01 1.532266e+01 7.700000e+00
      vertex   2.028573e+01 1.099424e+01 7.700000e+00
      vertex   2.000810e+01 1.519114e+01 7.700000e+00
    endloop
  endfacet
  facet normal 5.046310e-14 -1.529313e-15 -1.000000e+00
    outer loop
      vertex   2.000810e+01 1.519114e+01 7.700000e+00
      vertex   2.028573e+01 1.099424e+01 7.700000e+00
      vertex   2.000810e+01 1.112576e+01 7.700000e+00
    endloop
  endfacet
  facet normal -9.718586e-15 -1.529313e-15 -1.000000e+00
    outer loop
      vertex   2.000810e+01 1.519114e+01 7.700000e+00
      vertex   2.000810e+01 1.112576e+01 7.700000e+00
      vertex   1.976310e+01 1.500582e+01 7.700000e+00
    endloop
  endfacet
  facet normal 1.069351e-14 -2.403896e-16 -1.000000e+00
    outer loop
      vertex   1.976310e+01 1.500582e+01 7.700000e+00
      vertex   2.000810e+01 1.112576e+01 7.700000e+00
      vertex   1.976310e+01 1.131108e+01 7.700000e+00
    endloop
  endfacet
  facet normal -4.119268e-15 -2.403896e-16 -1.000000e+00
    outer loop
      vertex   1.976310e+01 1.500582e+01 7.700000e+00
      vertex   1.976310e+01 1.131108e+01 7.700000e+00
      vertex   1.956098e+01 1.477448e+01 7.700000e+00
    endloop
  endfacet
  facet normal 4.708976e-15 2.748034e-16 -1.000000e+00
    outer loop
      vertex   1.956098e+01 1.477448e+01 7.700000e+00
      vertex   1.976310e+01 1.131108e+01 7.700000e+00
      vertex   1.956098e+01 1.154243e+01 7.700000e+00
    endloop
  endfacet
  facet normal -1.816373e-14 2.748034e-16 -1.000000e+00
    outer loop
      vertex   1.956098e+01 1.477448e+01 7.700000e+00
      vertex   1.956098e+01 1.154243e+01 7.700000e+00
      vertex   1.941024e+01 1.450680e+01 7.700000e+00
    endloop
  endfacet
  facet normal 2.176954e-14 2.305496e-15 -1.000000e+00
    outer loop
      vertex   1.941024e+01 1.450680e+01 7.700000e+00
      vertex   1.956098e+01 1.154243e+01 7.700000e+00
      vertex   1.941024e+01 1.181010e+01 7.700000e+00
    endloop
  endfacet
  facet normal -8.954671e-14 2.305496e-15 -1.000000e+00
    outer loop
      vertex   1.941024e+01 1.450680e+01 7.700000e+00
      vertex   1.941024e+01 1.181010e+01 7.700000e+00
      vertex   1.928573e+01 1.390845e+01 7.700000e+00
    endloop
  endfacet
  facet normal -2.481479e-13 -7.105427e-15 -1.000000e+00
    outer loop
      vertex   1.928573e+01 1.390845e+01 7.700000e+00
      vertex   1.941024e+01 1.181010e+01 7.700000e+00
      vertex   1.928573e+01 1.240845e+01 7.700000e+00
    endloop
  endfacet
  facet normal 4.333939e-13 1.347150e-13 -1.000000e+00
    outer loop
      vertex   1.928573e+01 1.240845e+01 7.700000e+00
      vertex   1.941024e+01 1.181010e+01 7.700000e+00
      vertex   1.931719e+01 1.210287e+01 7.700000e+00
    endloop
  endfacet
  facet normal 1.211334e-13 -4.153443e-14 -1.000000e+00
    outer loop
      vertex   1.928573e+01 1.390845e+01 7.700000e+00
      vertex   1.931719e+01 1.421404e+01 7.700000e+00
      vertex   1.941024e+01 1.450680e+01 7.700000e+00
    endloop
  endfacet
  facet normal 1.065814e-14 -1.776357e-15 -1.000000e+00
    outer loop
      vertex   2.228573e+01 1.090845e+01 1.410000e+01
      vertex   2.228573e+01 9.908451e+00 1.410000e+01
      vertex   2.078573e+01 1.090845e+01 1.410000e+01
    endloop
  endfacet
  facet normal 0.000000e+00 -1.776357e-14 -1.000000e+00
    outer loop
      vertex   2.078573e+01 1.090845e+01 1.410000e+01
      vertex   2.228573e+01 9.908451e+00 1.410000e+01
      vertex   2.028573e+01 9.908451e+00 1.410000e+01
    endloop
  endfacet
  facet normal -6.210588e-14 1.328937e-14 -1.000000e+00
    outer loop
      vertex   2.078573e+01 1.090845e+01 1.410000e+01
      vertex   2.028573e+01 9.908451e+00 1.410000e+01
      vertex   2.061617e+01 1.091806e+01 1.410000e+01
    endloop
  endfacet
  facet normal -1.143288e-15 -6.663572e-15 -1.000000e+00
    outer loop
      vertex   2.061617e+01 1.091806e+01 1.410000e+01
      vertex   2.028573e+01 9.908451e+00 1.410000e+01
      vertex   2.044879e+01 1.094678e+01 1.410000e+01
    endloop
  endfacet
  facet normal 5.018348e-14 -1.472408e-14 -1.000000e+00
    outer loop
      vertex   2.044879e+01 1.094678e+01 1.410000e+01
      vertex   2.028573e+01 9.908451e+00 1.410000e+01
      vertex   2.028573e+01 1.099424e+01 1.410000e+01
    endloop
  endfacet
  facet normal 0.000000e+00 -1.000000e+00 0.000000e+00
    outer loop
      vertex   2.378573e+01 1.640845e+01 7.700000e+00
      vertex   2.378573e+01 1.640845e+01 1.410000e+01
      vertex   2.028573e+01 1.640845e+01 7.700000e+00
    endloop
  endfacet
  facet normal 0.000000e+00 -1.000000e+00 0.000000e+00
    outer loop
      vertex   2.028573e+01 1.640845e+01 7.700000e+00
      vertex   2.378573e+01 1.640845e+01 1.410000e+01
      vertex   2.028573e+01 1.640845e+01 1.410000e+01
    endloop
  endfacet
  facet normal -4.207258e-30 3.552714e-15 -1.000000e+00
    outer loop
      vertex   2.078573e+01 1.540845e+01 1.410000e+01
      vertex   2.028573e+01 1.640845e+01 1.410000e+01
      vertex   2.228573e+01 1.540845e+01 1.410000e+01
    endloop
  endfacet
  facet normal 0.000000e+00 3.552714e-15 -1.000000e+00
    outer loop
      vertex   2.228573e+01 1.540845e+01 1.410000e+01
      vertex   2.028573e+01 1.640845e+01 1.410000e+01
      vertex   2.378573e+01 1.640845e+01 1.410000e+01
    endloop
  endfacet
  facet normal 6.901021e-16 2.517561e-15 -1.000000e+00
    outer loop
      vertex   2.228573e+01 1.540845e+01 1.410000e+01
      vertex   2.378573e+01 1.640845e+01 1.410000e+01
      vertex   2.378573e+01 1.146935e+01 1.410000e+01
    endloop
  endfacet
  facet normal -2.057137e-14 -6.732970e-15 -1.000000e+00
    outer loop
      vertex   2.078573e+01 1.540845e+01 1.410000e+01
      vertex   2.061617e+01 1.539884e+01 1.410000e+01
      vertex   2.028573e+01 1.640845e+01 1.410000e+01
    endloop
  endfacet
  facet normal 0.000000e+00 0.000000e+00 -1.000000e+00
    outer loop
      vertex   2.028573e+01 1.640845e+01 1.410000e+01
      vertex   2.061617e+01 1.539884e+01 1.410000e+01
      vertex   2.044879e+01 1.537012e+01 1.410000e+01
    endloop
  endfacet
  facet normal 0.000000e+00 0.000000e+00 -1.000000e+00
    outer loop
      vertex   2.028573e+01 1.640845e+01 1.410000e+01
      vertex   2.044879e+01 1.537012e+01 1.410000e+01
      vertex   2.028573e+01 1.532266e+01 1.410000e+01
    endloop
  endfacet
  facet normal 0.000000e+00 2.254772e-15 -1.000000e+00
    outer loop
      vertex   2.378573e+01 1.146935e+01 1.410000e+01
      vertex   2.228573e+01 1.146935e+01 1.410000e+01
      vertex   2.228573e+01 1.540845e+01 1.410000e+01
    endloop
  endfacet
  facet normal -0.000000e+00 8.881784e-16 1.000000e+00
    outer loop
      vertex   2.078573e+01 1.090845e+01 7.700000e+00
      vertex   2.028573e+01 9.908451e+00 7.700000e+00
      vertex   2.228573e+01 1.090845e+01 7.700000e+00
    endloop
  endfacet
  facet normal 0.000000e+00 8.881784e-16 1.000000e+00
    outer loop
      vertex   2.228573e+01 1.090845e+01 7.700000e+00
      vertex   2.028573e+01 9.908451e+00 7.700000e+00
      vertex   2.378573e+01 9.908451e+00 7.700000e+00
    endloop
  endfacet
  facet normal -4.099285e-16 2.732857e-16 1.000000e+00
    outer loop
      vertex   2.228573e+01 1.090845e+01 7.700000e+00
      vertex   2.378573e+01 9.908451e+00 7.700000e+00
      vertex   2.378573e+01 1.640845e+01 7.700000e+00
    endloop
  endfacet
  facet normal 1.533058e-14 -6.777113e-15 1.000000e+00
    outer loop
      vertex   2.078573e+01 1.090845e+01 7.700000e+00
      vertex   2.061617e+01 1.091806e+01 7.700000e+00
      vertex   2.028573e+01 9.908451e+00 7.700000e+00
    endloop
  endfacet
  facet normal -2.858220e-16 -1.665893e-15 1.000000e+00
    outer loop
      vertex   2.028573e+01 9.908451e+00 7.700000e+00
      vertex   2.061617e+01 1.091806e+01 7.700000e+00
      vertex   2.044879e+01 1.094678e+01 7.700000e+00
    endloop
  endfacet
  facet normal -1.610249e-14 8.180047e-16 1.000000e+00
    outer loop
      vertex   2.028573e+01 9.908451e+00 7.700000e+00
      vertex   2.044879e+01 1.094678e+01 7.700000e+00
      vertex   2.028573e+01 1.099424e+01 7.700000e+00
    endloop
  endfacet
  facet normal 5.921189e-16 -0.000000e+00 1.000000e+00
    outer loop
      vertex   2.228573e+01 1.090845e+01 7.700000e+00
      vertex   2.378573e+01 1.640845e+01 7.700000e+00
      vertex   2.228573e+01 1.540845e+01 7.700000e+00
    endloop
  endfacet
  facet normal 0.000000e+00 8.881784e-16 1.000000e+00
    outer loop
      vertex   2.228573e+01 1.540845e+01 7.700000e+00
      vertex   2.378573e+01 1.640845e+01 7.700000e+00
      vertex   2.028573e+01 1.640845e+01 7.700000e+00
    endloop
  endfacet
  facet normal -2.960595e-15 -5.033011e-15 1.000000e+00
    outer loop
      vertex   2.228573e+01 1.540845e+01 7.700000e+00
      vertex   2.028573e+01 1.640845e+01 7.700000e+00
      vertex   2.078573e+01 1.540845e+01 7.700000e+00
    endloop
  endfacet
  facet normal 4.604072e-14 1.946765e-14 1.000000e+00
    outer loop
      vertex   2.078573e+01 1.540845e+01 7.700000e+00
      vertex   2.028573e+01 1.640845e+01 7.700000e+00
      vertex   2.061617e+01 1.539884e+01 7.700000e+00
    endloop
  endfacet
  facet normal -7.145551e-16 4.164732e-15 1.000000e+00
    outer loop
      vertex   2.061617e+01 1.539884e+01 7.700000e+00
      vertex   2.028573e+01 1.640845e+01 7.700000e+00
      vertex   2.044879e+01 1.537012e+01 7.700000e+00
    endloop
  endfacet
  facet normal -4.806940e-14 -3.272019e-15 1.000000e+00
    outer loop
      vertex   2.044879e+01 1.537012e+01 7.700000e+00
      vertex   2.028573e+01 1.640845e+01 7.700000e+00
      vertex   2.028573e+01 1.532266e+01 7.700000e+00
    endloop
  endfacet
  facet normal 0.000000e+00 1.000000e+00 -1.007140e-15
    outer loop
      vertex   2.228573e+01 9.908451e+00 1.410000e+01
      vertex   2.228573e+01 9.908451e+00 1.233624e+01
      vertex   2.028573e+01 9.908451e+00 1.410000e+01
    endloop
  endfacet
  facet normal 6.434071e-16 1.000000e+00 -2.775558e-16
    outer loop
      vertex   2.028573e+01 9.908451e+00 1.410000e+01
      vertex   2.228573e+01 9.908451e+00 1.233624e+01
      vertex   2.028573e+01 9.908451e+00 7.700000e+00
    endloop
  endfacet
  facet normal 0.000000e+00 1.000000e+00 0.000000e+00
    outer loop
      vertex   2.028573e+01 9.908451e+00 7.700000e+00
      vertex   2.228573e+01 9.908451e+00 1.233624e+01
      vertex   2.378573e+01 9.908451e+00 7.700000e+00
    endloop
  endfacet
  facet normal 0.000000e+00 1.000000e+00 -0.000000e+00
    outer loop
      vertex   2.378573e+01 9.908451e+00 7.700000e+00
      vertex   2.228573e+01 9.908451e+00 1.233624e+01
      vertex   2.378573e+01 9.908451e+00 1.233624e+01
    endloop
  endfacet
  facet normal 0.000000e+00 -1.776357e-15 1.000000e+00
    outer loop
      vertex   2.028573e+01 -1.009155e+01 7.700000e+00
      vertex   2.378573e+01 -1.009155e+01 7.700000e+00
      vertex   2.228573e+01 -9.091549e+00 7.700000e+00
    endloop
  endfacet
  facet normal 4.554761e-16 -1.093143e-15 1.000000e+00
    outer loop
      vertex   2.228573e+01 -9.091549e+00 7.700000e+00
      vertex   2.378573e+01 -1.009155e+01 7.700000e+00
      vertex   2.378573e+01 -3.591549e+00 7.700000e+00
    endloop
  endfacet
  facet normal 6.579099e-17 -9.868649e-16 1.000000e+00
    outer loop
      vertex   2.228573e+01 -9.091549e+00 7.700000e+00
      vertex   2.378573e+01 -3.591549e+00 7.700000e+00
      vertex   2.228573e+01 -4.591549e+00 7.700000e+00
    endloop
  endfacet
  facet normal 0.000000e+00 -8.881784e-16 1.000000e+00
    outer loop
      vertex   2.228573e+01 -4.591549e+00 7.700000e+00
      vertex   2.378573e+01 -3.591549e+00 7.700000e+00
      vertex   2.028573e+01 -3.591549e+00 7.700000e+00
    endloop
  endfacet
  facet normal 3.552714e-15 6.217249e-15 1.000000e+00
    outer loop
      vertex   2.228573e+01 -4.591549e+00 7.700000e+00
      vertex   2.028573e+01 -3.591549e+00 7.700000e+00
      vertex   2.078573e+01 -4.591549e+00 7.700000e+00
    endloop
  endfacet
  facet normal -6.646517e-14 -2.879170e-14 1.000000e+00
    outer loop
      vertex   2.078573e+01 -4.591549e+00 7.700000e+00
      vertex   2.028573e+01 -3.591549e+00 7.700000e+00
      vertex   2.061617e+01 -4.601163e+00 7.700000e+00
    endloop
  endfacet
  facet normal 1.143288e-15 -6.663572e-15 1.000000e+00
    outer loop
      vertex   2.061617e+01 -4.601163e+00 7.700000e+00
      vertex   2.028573e+01 -3.591549e+00 7.700000e+00
      vertex   2.044879e+01 -4.629881e+00 7.700000e+00
    endloop
  endfacet
  facet normal 7.482753e-14 4.908028e-15 1.000000e+00
    outer loop
      vertex   2.044879e+01 -4.629881e+00 7.700000e+00
      vertex   2.028573e+01 -3.591549e+00 7.700000e+00
      vertex   2.028573e+01 -4.677336e+00 7.700000e+00
    endloop
  endfacet
  facet normal 0.000000e+00 -1.776357e-15 1.000000e+00
    outer loop
      vertex   2.228573e+01 -9.091549e+00 7.700000e+00
      vertex   2.078573e+01 -9.091549e+00 7.700000e+00
      vertex   2.028573e+01 -1.009155e+01 7.700000e+00
    endloop
  endfacet
  facet normal -2.047343e-14 8.460356e-15 1.000000e+00
    outer loop
      vertex   2.028573e+01 -1.009155e+01 7.700000e+00
      vertex   2.078573e+01 -9.091549e+00 7.700000e+00
      vertex   2.061617e+01 -9.081936e+00 7.700000e+00
    endloop
  endfacet
  facet normal 2.858220e-16 1.665893e-15 1.000000e+00
    outer loop
      vertex   2.028573e+01 -1.009155e+01 7.700000e+00
      vertex   2.061617e+01 -9.081936e+00 7.700000e+00
      vertex   2.044879e+01 -9.053217e+00 7.700000e+00
    endloop
  endfacet
  facet normal 2.652007e-14 -2.454014e-15 1.000000e+00
    outer loop
      vertex   2.044879e+01 -9.053217e+00 7.700000e+00
      vertex   2.028573e+01 -9.005763e+00 7.700000e+00
      vertex   2.028573e+01 -1.009155e+01 7.700000e+00
    endloop
  endfacet
  facet normal 0.000000e+00 -2.254772e-15 -1.000000e+00
    outer loop
      vertex   2.228573e+01 -5.152444e+00 1.410000e+01
      vertex   2.378573e+01 -5.152444e+00 1.410000e+01
      vertex   2.228573e+01 -9.091549e+00 1.410000e+01
    endloop
  endfacet
  facet normal 1.634572e-15 -2.877212e-15 -1.000000e+00
    outer loop
      vertex   2.228573e+01 -9.091549e+00 1.410000e+01
      vertex   2.378573e+01 -5.152444e+00 1.410000e+01
      vertex   2.378573e+01 -1.009155e+01 1.410000e+01
    endloop
  endfacet
  facet normal 0.000000e+00 -5.329071e-15 -1.000000e+00
    outer loop
      vertex   2.228573e+01 -9.091549e+00 1.410000e+01
      vertex   2.378573e+01 -1.009155e+01 1.410000e+01
      vertex   2.028573e+01 -1.009155e+01 1.410000e+01
    endloop
  endfacet
  facet normal 0.000000e+00 0.000000e+00 -1.000000e+00
    outer loop
      vertex   2.028573e+01 -9.005763e+00 1.410000e+01
      vertex   2.044879e+01 -9.053217e+00 1.410000e+01
      vertex   2.028573e+01 -1.009155e+01 1.410000e+01
    endloop
  endfacet
  facet normal 0.000000e+00 0.000000e+00 -1.000000e+00
    outer loop
      vertex   2.028573e+01 -1.009155e+01 1.410000e+01
      vertex   2.044879e+01 -9.053217e+00 1.410000e+01
      vertex   2.061617e+01 -9.081936e+00 1.410000e+01
    endloop
  endfacet
  facet normal 0.000000e+00 0.000000e+00 -1.000000e+00
    outer loop
      vertex   2.028573e+01 -1.009155e+01 1.410000e+01
      vertex   2.061617e+01 -9.081936e+00 1.410000e+01
      vertex   2.078573e+01 -9.091549e+00 1.410000e+01
    endloop
  endfacet
  facet normal -3.552714e-15 1.776357e-15 -1.000000e+00
    outer loop
      vertex   2.078573e+01 -9.091549e+00 1.410000e+01
      vertex   2.228573e+01 -9.091549e+00 1.410000e+01
      vertex   2.028573e+01 -1.009155e+01 1.410000e+01
    endloop
  endfacet
  facet normal -0.000000e+00 0.000000e+00 -1.000000e+00
    outer loop
      vertex   2.228573e+01 -4.591549e+00 1.410000e+01
      vertex   2.078573e+01 -4.591549e+00 1.410000e+01
      vertex   2.228573e+01 -3.591549e+00 1.410000e+01
    endloop
  endfacet
  facet normal 0.000000e+00 0.000000e+00 -1.000000e+00
    outer loop
      vertex   2.228573e+01 -3.591549e+00 1.410000e+01
      vertex   2.078573e+01 -4.591549e+00 1.410000e+01
      vertex   2.028573e+01 -3.591549e+00 1.410000e+01
    endloop
  endfacet
  facet normal 0.000000e+00 0.000000e+00 -1.000000e+00
    outer loop
      vertex   2.028573e+01 -3.591549e+00 1.410000e+01
      vertex   2.078573e+01 -4.591549e+00 1.410000e+01
      vertex   2.061617e+01 -4.601163e+00 1.410000e+01
    endloop
  endfacet
  facet normal 0.000000e+00 0.000000e+00 -1.000000e+00
    outer loop
      vertex   2.028573e+01 -3.591549e+00 1.410000e+01
      vertex   2.061617e+01 -4.601163e+00 1.410000e+01
      vertex   2.044879e+01 -4.629881e+00 1.410000e+01
    endloop
  endfacet
  facet normal -0.000000e+00 0.000000e+00 -1.000000e+00
    outer loop
      vertex   2.044879e+01 -4.629881e+00 1.410000e+01
      vertex   2.028573e+01 -4.677336e+00 1.410000e+01
      vertex   2.028573e+01 -3.591549e+00 1.410000e+01
    endloop
  endfacet
  facet normal -2.960595e-16 -1.000000e+00 -9.578656e-17
    outer loop
      vertex   2.378573e+01 -3.591549e+00 1.233624e+01
      vertex   2.228573e+01 -3.591549e+00 1.233624e+01
      vertex   2.378573e+01 -3.591549e+00 7.700000e+00
    endloop
  endfacet
  facet normal 0.000000e+00 -1.000000e+00 0.000000e+00
    outer loop
      vertex   2.378573e+01 -3.591549e+00 7.700000e+00
      vertex   2.228573e+01 -3.591549e+00 1.233624e+01
      vertex   2.028573e+01 -3.591549e+00 7.700000e+00
    endloop
  endfacet
  facet normal 1.608518e-16 -1.000000e+00 -6.938894e-17
    outer loop
      vertex   2.028573e+01 -3.591549e+00 7.700000e+00
      vertex   2.228573e+01 -3.591549e+00 1.233624e+01
      vertex   2.028573e+01 -3.591549e+00 1.410000e+01
    endloop
  endfacet
  facet normal 2.220446e-16 -1.000000e+00 0.000000e+00
    outer loop
      vertex   2.028573e+01 -3.591549e+00 1.410000e+01
      vertex   2.228573e+01 -3.591549e+00 1.233624e+01
      vertex   2.228573e+01 -3.591549e+00 1.410000e+01
    endloop
  endfacet
  facet normal -0.000000e+00 8.845267e-01 4.664895e-01
    outer loop
      vertex   2.153573e+01 5.708451e+00 2.030000e+01
      vertex   2.378573e+01 5.708451e+00 2.030000e+01
      vertex   2.228573e+01 6.103992e+00 1.955000e+01
    endloop
  endfacet
  facet normal -7.371114e-16 8.845267e-01 4.664895e-01
    outer loop
      vertex   2.228573e+01 6.103992e+00 1.955000e+01
      vertex   2.378573e+01 5.708451e+00 2.030000e+01
      vertex   2.378573e+01 9.908451e+00 1.233624e+01
    endloop
  endfacet
  facet normal -1.413724e-16 8.845267e-01 4.664895e-01
    outer loop
      vertex   2.228573e+01 6.103992e+00 1.955000e+01
      vertex   2.378573e+01 9.908451e+00 1.233624e+01
      vertex   2.228573e+01 9.908451e+00 1.233624e+01
    endloop
  endfacet
  facet normal -3.000846e-14 8.845267e-01 -4.664895e-01
    outer loop
      vertex   2.378573e+01 -1.170658e+00 2.165000e+01
      vertex   2.378573e+01 -5.152444e+00 1.410000e+01
      vertex   2.363573e+01 -1.091549e+00 2.180000e+01
    endloop
  endfacet
  facet normal 6.577491e-16 8.845267e-01 -4.664895e-01
    outer loop
      vertex   2.363573e+01 -1.091549e+00 2.180000e+01
      vertex   2.378573e+01 -5.152444e+00 1.410000e+01
      vertex   2.228573e+01 -1.841549e+00 2.037790e+01
    endloop
  endfacet
  facet normal 1.870518e-15 8.845267e-01 -4.664895e-01
    outer loop
      vertex   2.363573e+01 -1.091549e+00 2.180000e+01
      vertex   2.228573e+01 -1.841549e+00 2.037790e+01
      vertex   2.153573e+01 -1.091549e+00 2.180000e+01
    endloop
  endfacet
  facet normal 0.000000e+00 8.845267e-01 -4.664895e-01
    outer loop
      vertex   2.378573e+01 -5.152444e+00 1.410000e+01
      vertex   2.228573e+01 -5.152444e+00 1.410000e+01
      vertex   2.228573e+01 -1.841549e+00 2.037790e+01
    endloop
  endfacet
  facet normal -2.618725e-16 -8.845267e-01 4.664895e-01
    outer loop
      vertex   2.228573e+01 -3.591549e+00 1.233624e+01
      vertex   2.378573e+01 -3.591549e+00 1.233624e+01
      vertex   2.228573e+01 2.129090e-01 1.955000e+01
    endloop
  endfacet
  facet normal -7.563093e-16 -8.845267e-01 4.664895e-01
    outer loop
      vertex   2.228573e+01 2.129090e-01 1.955000e+01
      vertex   2.378573e+01 -3.591549e+00 1.233624e+01
      vertex   2.378573e+01 6.084507e-01 2.030000e+01
    endloop
  endfacet
  facet normal 7.274236e-18 -8.845267e-01 4.664895e-01
    outer loop
      vertex   2.228573e+01 2.129090e-01 1.955000e+01
      vertex   2.378573e+01 6.084507e-01 2.030000e+01
      vertex   2.153573e+01 6.084507e-01 2.030000e+01
    endloop
  endfacet
  facet normal -3.432574e-16 0.000000e+00 1.000000e+00
    outer loop
      vertex   2.363573e+01 6.084507e-01 2.180000e+01
      vertex   2.363573e+01 5.708451e+00 2.180000e+01
      vertex   1.328573e+01 6.084507e-01 2.180000e+01
    endloop
  endfacet
  facet normal -3.432574e-16 0.000000e+00 1.000000e+00
    outer loop
      vertex   1.328573e+01 6.084507e-01 2.180000e+01
      vertex   2.363573e+01 5.708451e+00 2.180000e+01
      vertex   1.328573e+01 5.708451e+00 2.180000e+01
    endloop
  endfacet
  facet normal -1.000000e+00 0.000000e+00 0.000000e+00
    outer loop
      vertex   1.328573e+01 -1.091549e+00 2.030000e+01
      vertex   1.328573e+01 6.084507e-01 2.030000e+01
      vertex   1.328573e+01 -1.091549e+00 1.900000e+01
    endloop
  endfacet
  facet normal -1.000000e+00 0.000000e+00 0.000000e+00
    outer loop
      vertex   1.328573e+01 -1.091549e+00 1.900000e+01
      vertex   1.328573e+01 6.084507e-01 2.030000e+01
      vertex   1.328573e+01 5.708451e+00 2.030000e+01
    endloop
  endfacet
  facet normal -1.000000e+00 0.000000e+00 0.000000e+00
    outer loop
      vertex   1.328573e+01 -1.091549e+00 1.900000e+01
      vertex   1.328573e+01 5.708451e+00 2.030000e+01
      vertex   1.328573e+01 7.408451e+00 1.900000e+01
    endloop
  endfacet
  facet normal -1.000000e+00 0.000000e+00 0.000000e+00
    outer loop
      vertex   1.328573e+01 7.408451e+00 1.900000e+01
      vertex   1.328573e+01 5.708451e+00 2.030000e+01
      vertex   1.328573e+01 7.408451e+00 2.030000e+01
    endloop
  endfacet
  facet normal -1.000000e+00 0.000000e+00 0.000000e+00
    outer loop
      vertex   1.328573e+01 6.084507e-01 2.030000e+01
      vertex   1.328573e+01 6.084507e-01 2.180000e+01
      vertex   1.328573e+01 5.708451e+00 2.030000e+01
    endloop
  endfacet
  facet normal -1.000000e+00 0.000000e+00 0.000000e+00
    outer loop
      vertex   1.328573e+01 5.708451e+00 2.030000e+01
      vertex   1.328573e+01 6.084507e-01 2.180000e+01
      vertex   1.328573e+01 5.708451e+00 2.180000e+01
    endloop
  endfacet
  facet normal 0.000000e+00 -0.000000e+00 1.000000e+00
    outer loop
      vertex   2.153573e+01 5.708451e+00 2.030000e+01
      vertex   2.153573e+01 7.408451e+00 2.030000e+01
      vertex   1.328573e+01 5.708451e+00 2.030000e+01
    endloop
  endfacet
  facet normal 0.000000e+00 0.000000e+00 1.000000e+00
    outer loop
      vertex   1.328573e+01 5.708451e+00 2.030000e+01
      vertex   2.153573e+01 7.408451e+00 2.030000e+01
      vertex   1.328573e+01 7.408451e+00 2.030000e+01
    endloop
  endfacet
  facet normal 0.000000e+00 -0.000000e+00 1.000000e+00
    outer loop
      vertex   2.153573e+01 -1.091549e+00 2.030000e+01
      vertex   2.153573e+01 6.084507e-01 2.030000e+01
      vertex   1.328573e+01 -1.091549e+00 2.030000e+01
    endloop
  endfacet
  facet normal 0.000000e+00 0.000000e+00 1.000000e+00
    outer loop
      vertex   1.328573e+01 -1.091549e+00 2.030000e+01
      vertex   2.153573e+01 6.084507e-01 2.030000e+01
      vertex   1.328573e+01 6.084507e-01 2.030000e+01
    endloop
  endfacet
  facet normal 1.501751e-16 -1.000000e+00 1.125241e-14
    outer loop
      vertex   2.363573e+01 6.084507e-01 2.180000e+01
      vertex   1.328573e+01 6.084507e-01 2.180000e+01
      vertex   2.378573e+01 6.084507e-01 2.165000e+01
    endloop
  endfacet
  facet normal -1.491773e-17 -1.000000e+00 -3.040921e-16
    outer loop
      vertex   2.378573e+01 6.084507e-01 2.165000e+01
      vertex   1.328573e+01 6.084507e-01 2.180000e+01
      vertex   2.153573e+01 6.084507e-01 2.030000e+01
    endloop
  endfacet
  facet normal 0.000000e+00 -1.000000e+00 -3.289550e-16
    outer loop
      vertex   2.378573e+01 6.084507e-01 2.165000e+01
      vertex   2.153573e+01 6.084507e-01 2.030000e+01
      vertex   2.378573e+01 6.084507e-01 2.030000e+01
    endloop
  endfacet
  facet normal 0.000000e+00 -1.000000e+00 -2.220446e-16
    outer loop
      vertex   1.328573e+01 6.084507e-01 2.180000e+01
      vertex   1.328573e+01 6.084507e-01 2.030000e+01
      vertex   2.153573e+01 6.084507e-01 2.030000e+01
    endloop
  endfacet
  facet normal 0.000000e+00 3.214859e-01 -9.469144e-01
    outer loop
      vertex   2.028573e+01 -1.018059e+01 1.947268e+01
      vertex   -1.121427e+01 -1.018059e+01 1.947268e+01
      vertex   4.535728e+00 -9.412095e+00 1.973359e+01
    endloop
  endfacet
  facet normal 0.000000e+00 3.214859e-01 -9.469144e-01
    outer loop
      vertex   4.535728e+00 -9.412095e+00 1.973359e+01
      vertex   -1.121427e+01 -1.018059e+01 1.947268e+01
      vertex   -1.121427e+01 -9.412095e+00 1.973359e+01
    endloop
  endfacet
  facet normal 0.000000e+00 2.367845e-01 -9.715622e-01
    outer loop
      vertex   4.535728e+00 -9.412095e+00 1.973359e+01
      vertex   -1.121427e+01 -9.412095e+00 1.973359e+01
      vertex   4.535728e+00 -8.623599e+00 1.992576e+01
    endloop
  endfacet
  facet normal 0.000000e+00 2.367845e-01 -9.715622e-01
    outer loop
      vertex   4.535728e+00 -8.623599e+00 1.992576e+01
      vertex   -1.121427e+01 -9.412095e+00 1.973359e+01
      vertex   -1.121427e+01 -8.623599e+00 1.992576e+01
    endloop
  endfacet
  facet normal 0.000000e+00 1.502405e-01 -9.886495e-01
    outer loop
      vertex   4.535728e+00 -8.623599e+00 1.992576e+01
      vertex   -1.121427e+01 -8.623599e+00 1.992576e+01
      vertex   4.535728e+00 -7.821235e+00 2.004769e+01
    endloop
  endfacet
  facet normal 1.694481e-17 1.502405e-01 -9.886495e-01
    outer loop
      vertex   4.535728e+00 -7.821235e+00 2.004769e+01
      vertex   -1.121427e+01 -8.623599e+00 1.992576e+01
      vertex   -1.121427e+01 -7.821235e+00 2.004769e+01
    endloop
  endfacet
  facet normal 7.052124e-18 6.252739e-02 -9.980432e-01
    outer loop
      vertex   4.535728e+00 -7.821235e+00 2.004769e+01
      vertex   -1.121427e+01 -7.821235e+00 2.004769e+01
      vertex   4.535728e+00 -7.011248e+00 2.009843e+01
    endloop
  endfacet
  facet normal 0.000000e+00 6.252739e-02 -9.980432e-01
    outer loop
      vertex   4.535728e+00 -7.011248e+00 2.009843e+01
      vertex   -1.121427e+01 -7.821235e+00 2.004769e+01
      vertex   -1.121427e+01 -7.011248e+00 2.009843e+01
    endloop
  endfacet
  facet normal -0.000000e+00 -2.567234e-02 -9.996704e-01
    outer loop
      vertex   4.535728e+00 -7.011248e+00 2.009843e+01
      vertex   -1.121427e+01 -7.011248e+00 2.009843e+01
      vertex   4.535728e+00 -6.199940e+00 2.007760e+01
    endloop
  endfacet
  facet normal -0.000000e+00 -2.567234e-02 -9.996704e-01
    outer loop
      vertex   4.535728e+00 -6.199940e+00 2.007760e+01
      vertex   -1.121427e+01 -7.011248e+00 2.009843e+01
      vertex   -1.121427e+01 -6.199940e+00 2.007760e+01
    endloop
  endfacet
  facet normal -0.000000e+00 -1.136723e-01 -9.935183e-01
    outer loop
      vertex   4.535728e+00 -6.199940e+00 2.007760e+01
      vertex   -1.121427e+01 -6.199940e+00 2.007760e+01
      vertex   4.535728e+00 -5.393624e+00 1.998535e+01
    endloop
  endfacet
  facet normal -0.000000e+00 -1.136723e-01 -9.935183e-01
    outer loop
      vertex   4.535728e+00 -5.393624e+00 1.998535e+01
      vertex   -1.121427e+01 -6.199940e+00 2.007760e+01
      vertex   -1.121427e+01 -5.393624e+00 1.998535e+01
    endloop
  endfacet
  facet normal -0.000000e+00 -2.007877e-01 -9.796348e-01
    outer loop
      vertex   4.535728e+00 -5.393624e+00 1.998535e+01
      vertex   -1.121427e+01 -5.393624e+00 1.998535e+01
      vertex   4.535728e+00 -4.598577e+00 1.982239e+01
    endloop
  endfacet
  facet normal -0.000000e+00 -2.007877e-01 -9.796348e-01
    outer loop
      vertex   4.535728e+00 -4.598577e+00 1.982239e+01
      vertex   -1.121427e+01 -5.393624e+00 1.998535e+01
      vertex   -1.121427e+01 -4.598577e+00 1.982239e+01
    endloop
  endfacet
  facet normal -0.000000e+00 -2.863405e-01 -9.581279e-01
    outer loop
      vertex   4.535728e+00 -4.598577e+00 1.982239e+01
      vertex   -1.121427e+01 -4.598577e+00 1.982239e+01
      vertex   4.535728e+00 -3.820984e+00 1.959000e+01
    endloop
  endfacet
  facet normal -8.073698e-18 -2.863405e-01 -9.581279e-01
    outer loop
      vertex   4.535728e+00 -3.820984e+00 1.959000e+01
      vertex   -1.121427e+01 -4.598577e+00 1.982239e+01
      vertex   -1.121427e+01 -3.820984e+00 1.959000e+01
    endloop
  endfacet
  facet normal -1.042313e-17 -3.696652e-01 -9.291650e-01
    outer loop
      vertex   4.535728e+00 -3.820984e+00 1.959000e+01
      vertex   -1.121427e+01 -3.820984e+00 1.959000e+01
      vertex   4.535728e+00 -3.066896e+00 1.928999e+01
    endloop
  endfacet
  facet normal -0.000000e+00 -3.696652e-01 -9.291650e-01
    outer loop
      vertex   4.535728e+00 -3.066896e+00 1.928999e+01
      vertex   -1.121427e+01 -3.820984e+00 1.959000e+01
      vertex   -1.121427e+01 -3.066896e+00 1.928999e+01
    endloop
  endfacet
  facet normal -0.000000e+00 -4.501131e-01 -8.929716e-01
    outer loop
      vertex   4.535728e+00 -3.066896e+00 1.928999e+01
      vertex   -1.121427e+01 -3.066896e+00 1.928999e+01
      vertex   4.535728e+00 -2.342182e+00 1.892469e+01
    endloop
  endfacet
  facet normal 5.076581e-17 -4.501131e-01 -8.929716e-01
    outer loop
      vertex   4.535728e+00 -2.342182e+00 1.892469e+01
      vertex   -1.121427e+01 -3.066896e+00 1.928999e+01
      vertex   -1.121427e+01 -2.342182e+00 1.892469e+01
    endloop
  endfacet
  facet normal 5.944404e-17 -5.270583e-01 -8.498291e-01
    outer loop
      vertex   4.535728e+00 -2.342182e+00 1.892469e+01
      vertex   -1.121427e+01 -2.342182e+00 1.892469e+01
      vertex   4.535728e+00 -1.652481e+00 1.849695e+01
    endloop
  endfacet
  facet normal 3.715253e-17 -5.270583e-01 -8.498291e-01
    outer loop
      vertex   4.535728e+00 -1.652481e+00 1.849695e+01
      vertex   -1.121427e+01 -2.342182e+00 1.892469e+01
      vertex   -1.121427e+01 -1.652481e+00 1.849695e+01
    endloop
  endfacet
  facet normal 4.228731e-17 -5.999021e-01 -8.000734e-01
    outer loop
      vertex   4.535728e+00 -1.652481e+00 1.849695e+01
      vertex   -1.121427e+01 -1.652481e+00 1.849695e+01
      vertex   4.535728e+00 -1.003161e+00 1.801008e+01
    endloop
  endfacet
  facet normal -4.228731e-17 -5.999021e-01 -8.000734e-01
    outer loop
      vertex   4.535728e+00 -1.003161e+00 1.801008e+01
      vertex   -1.121427e+01 -1.652481e+00 1.849695e+01
      vertex   -1.121427e+01 -1.003161e+00 1.801008e+01
    endloop
  endfacet
  facet normal -4.709302e-17 -6.680775e-01 -7.440917e-01
    outer loop
      vertex   4.535728e+00 -1.003161e+00 1.801008e+01
      vertex   -1.121427e+01 -1.003161e+00 1.801008e+01
      vertex   4.535728e+00 -3.992747e-01 1.746788e+01
    endloop
  endfacet
  facet normal 9.418603e-17 -6.680775e-01 -7.440917e-01
    outer loop
      vertex   4.535728e+00 -3.992747e-01 1.746788e+01
      vertex   -1.121427e+01 -1.003161e+00 1.801008e+01
      vertex   -1.121427e+01 -3.992747e-01 1.746788e+01
    endloop
  endfacet
  facet normal 1.030645e-16 -7.310540e-01 -6.823196e-01
    outer loop
      vertex   4.535728e+00 -3.992747e-01 1.746788e+01
      vertex   -1.121427e+01 -3.992747e-01 1.746788e+01
      vertex   4.535728e+00 1.544792e-01 1.687458e+01
    endloop
  endfacet
  facet normal 5.153225e-17 -7.310540e-01 -6.823196e-01
    outer loop
      vertex   4.535728e+00 1.544792e-01 1.687458e+01
      vertex   -1.121427e+01 -3.992747e-01 1.746788e+01
      vertex   -1.121427e+01 1.544792e-01 1.687458e+01
    endloop
  endfacet
  facet normal 5.557048e-17 -7.883416e-01 -6.152378e-01
    outer loop
      vertex   4.535728e+00 1.544792e-01 1.687458e+01
      vertex   -1.121427e+01 1.544792e-01 1.687458e+01
      vertex   4.535728e+00 6.537912e-01 1.623478e+01
    endloop
  endfacet
  facet normal -5.557048e-17 -7.883416e-01 -6.152378e-01
    outer loop
      vertex   4.535728e+00 6.537912e-01 1.623478e+01
      vertex   -1.121427e+01 1.544792e-01 1.687458e+01
      vertex   -1.121427e+01 6.537912e-01 1.623478e+01
    endloop
  endfacet
  facet normal -5.917626e-17 -8.394945e-01 -5.433682e-01
    outer loop
      vertex   4.535728e+00 6.537912e-01 1.623478e+01
      vertex   -1.121427e+01 6.537912e-01 1.623478e+01
      vertex   4.535728e+00 1.094776e+00 1.555347e+01
    endloop
  endfacet
  facet normal 5.917626e-17 -8.394945e-01 -5.433682e-01
    outer loop
      vertex   4.535728e+00 1.094776e+00 1.555347e+01
      vertex   -1.121427e+01 6.537912e-01 1.623478e+01
      vertex   -1.121427e+01 1.094776e+00 1.555347e+01
    endloop
  endfacet
  facet normal 6.232154e-17 -8.841145e-01 -4.672703e-01
    outer loop
      vertex   4.535728e+00 1.094776e+00 1.555347e+01
      vertex   -1.121427e+01 1.094776e+00 1.555347e+01
      vertex   4.535728e+00 1.474001e+00 1.483594e+01
    endloop
  endfacet
  facet normal 9.620662e-18 -8.841145e-01 -4.672703e-01
    outer loop
      vertex   4.535728e+00 1.474001e+00 1.483594e+01
      vertex   -1.121427e+01 1.094776e+00 1.555347e+01
      vertex   -1.121427e+01 1.474001e+00 1.483594e+01
    endloop
  endfacet
  facet normal 2.127375e-17 -9.218545e-01 -3.875362e-01
    outer loop
      vertex   4.535728e+00 1.474001e+00 1.483594e+01
      vertex   -1.121427e+01 1.474001e+00 1.483594e+01
      vertex   4.535728e+00 1.788516e+00 1.408779e+01
    endloop
  endfacet
  facet normal -4.370810e-17 -9.218545e-01 -3.875362e-01
    outer loop
      vertex   4.535728e+00 1.788516e+00 1.408779e+01
      vertex   -1.121427e+01 1.474001e+00 1.483594e+01
      vertex   -1.121427e+01 1.788516e+00 1.408779e+01
    endloop
  endfacet
  facet normal -3.437519e-17 -9.524208e-01 -3.047863e-01
    outer loop
      vertex   4.535728e+00 1.788516e+00 1.408779e+01
      vertex   -1.121427e+01 1.788516e+00 1.408779e+01
      vertex   4.535728e+00 2.035873e+00 1.331482e+01
    endloop
  endfacet
  facet normal 6.875038e-17 -9.524208e-01 -3.047863e-01
    outer loop
      vertex   4.535728e+00 2.035873e+00 1.331482e+01
      vertex   -1.121427e+01 1.788516e+00 1.408779e+01
      vertex   -1.121427e+01 2.035873e+00 1.331482e+01
    endloop
  endfacet
  facet normal 4.954956e-17 -9.755754e-01 -2.196646e-01
    outer loop
      vertex   4.535728e+00 2.035873e+00 1.331482e+01
      vertex   -1.121427e+01 2.035873e+00 1.331482e+01
      vertex   4.535728e+00 2.214147e+00 1.252307e+01
    endloop
  endfacet
  facet normal -2.477478e-17 -9.755754e-01 -2.196646e-01
    outer loop
      vertex   4.535728e+00 2.214147e+00 1.252307e+01
      vertex   -1.121427e+01 2.035873e+00 1.331482e+01
      vertex   -1.121427e+01 2.214147e+00 1.252307e+01
    endloop
  endfacet
  facet normal -1.498157e-17 -9.911384e-01 -1.328336e-01
    outer loop
      vertex   4.535728e+00 2.214147e+00 1.252307e+01
      vertex   -1.121427e+01 2.214147e+00 1.252307e+01
      vertex   4.535728e+00 2.321952e+00 1.171869e+01
    endloop
  endfacet
  facet normal -6.885725e-17 -9.911384e-01 -1.328336e-01
    outer loop
      vertex   4.535728e+00 2.321952e+00 1.171869e+01
      vertex   -1.121427e+01 2.214147e+00 1.252307e+01
      vertex   -1.121427e+01 2.321952e+00 1.171869e+01
    endloop
  endfacet
  facet normal -7.943107e-17 -9.989884e-01 -4.496879e-02
    outer loop
      vertex   4.535728e+00 2.321952e+00 1.171869e+01
      vertex   -1.121427e+01 2.321952e+00 1.171869e+01
      vertex   4.535728e+00 2.358447e+00 1.090793e+01
    endloop
  endfacet
  facet normal 5.071785e-18 -9.989884e-01 -4.496879e-02
    outer loop
      vertex   4.535728e+00 2.358447e+00 1.090793e+01
      vertex   -1.121427e+01 2.321952e+00 1.171869e+01
      vertex   -1.121427e+01 2.358447e+00 1.090793e+01
    endloop
  endfacet
  facet normal -4.877472e-18 -9.990645e-01 4.324592e-02
    outer loop
      vertex   4.535728e+00 2.358447e+00 1.090793e+01
      vertex   -1.121427e+01 2.358447e+00 1.090793e+01
      vertex   4.535728e+00 2.323350e+00 1.009712e+01
    endloop
  endfacet
  facet normal -4.877472e-18 -9.990645e-01 4.324592e-02
    outer loop
      vertex   4.535728e+00 2.323350e+00 1.009712e+01
      vertex   -1.121427e+01 2.358447e+00 1.090793e+01
      vertex   -1.121427e+01 2.323350e+00 1.009712e+01
    endloop
  endfacet
  facet normal -1.478877e-17 -9.913660e-01 1.311241e-01
    outer loop
      vertex   4.535728e+00 2.323350e+00 1.009712e+01
      vertex   -1.121427e+01 2.323350e+00 1.009712e+01
      vertex   4.535728e+00 2.216933e+00 9.292548e+00
    endloop
  endfacet
  facet normal 4.111661e-17 -9.913660e-01 1.311241e-01
    outer loop
      vertex   4.535728e+00 2.216933e+00 9.292548e+00
      vertex   -1.121427e+01 2.323350e+00 1.009712e+01
      vertex   -1.121427e+01 2.216933e+00 9.292548e+00
    endloop
  endfacet
  facet normal 3.045122e-17 -9.759528e-01 2.179819e-01
    outer loop
      vertex   4.535728e+00 2.216933e+00 9.292548e+00
      vertex   -1.121427e+01 2.216933e+00 9.292548e+00
      vertex   4.535728e+00 2.040024e+00 8.500489e+00
    endloop
  endfacet
  facet normal -2.458499e-17 -9.759528e-01 2.179819e-01
    outer loop
      vertex   4.535728e+00 2.040024e+00 8.500489e+00
      vertex   -1.121427e+01 2.216933e+00 9.292548e+00
      vertex   -1.121427e+01 2.040024e+00 8.500489e+00
    endloop
  endfacet
  facet normal -3.418989e-17 -9.529450e-01 3.031434e-01
    outer loop
      vertex   4.535728e+00 2.040024e+00 8.500489e+00
      vertex   -1.121427e+01 2.040024e+00 8.500489e+00
      vertex   4.535728e+00 1.794000e+00 7.727102e+00
    endloop
  endfacet
  facet normal 3.298353e-17 -9.529450e-01 3.031434e-01
    outer loop
      vertex   4.535728e+00 1.794000e+00 7.727102e+00
      vertex   -1.121427e+01 2.040024e+00 8.500489e+00
      vertex   -1.121427e+01 1.794000e+00 7.727102e+00
    endloop
  endfacet
  facet normal 2.150013e-17 -9.225214e-01 3.859458e-01
    outer loop
      vertex   4.535728e+00 1.794000e+00 7.727102e+00
      vertex   -1.121427e+01 1.794000e+00 7.727102e+00
      vertex   4.535728e+00 1.480776e+00 6.978406e+00
    endloop
  endfacet
  facet normal -2.642360e-19 -9.225214e-01 3.859458e-01
    outer loop
      vertex   4.535728e+00 1.480776e+00 6.978406e+00
      vertex   -1.121427e+01 1.794000e+00 7.727102e+00
      vertex   -1.121427e+01 1.480776e+00 6.978406e+00
    endloop
  endfacet
  facet normal -1.641500e-17 -8.849190e-01 4.657449e-01
    outer loop
      vertex   4.535728e+00 1.480776e+00 6.978406e+00
      vertex   -1.121427e+01 1.480776e+00 6.978406e+00
      vertex   4.535728e+00 1.102789e+00 6.260227e+00
    endloop
  endfacet
  facet normal -1.641500e-17 -8.849190e-01 4.657449e-01
    outer loop
      vertex   4.535728e+00 1.102789e+00 6.260227e+00
      vertex   -1.121427e+01 1.480776e+00 6.978406e+00
      vertex   -1.121427e+01 1.102789e+00 6.260227e+00
    endloop
  endfacet
  facet normal -3.243803e-17 -8.404303e-01 5.419197e-01
    outer loop
      vertex   4.535728e+00 1.102789e+00 6.260227e+00
      vertex   -1.121427e+01 1.102789e+00 6.260227e+00
      vertex   4.535728e+00 6.629801e-01 5.578155e+00
    endloop
  endfacet
  facet normal -1.877948e-18 -8.404303e-01 5.419197e-01
    outer loop
      vertex   4.535728e+00 6.629801e-01 5.578155e+00
      vertex   -1.121427e+01 1.102789e+00 6.260227e+00
      vertex   -1.121427e+01 6.629801e-01 5.578155e+00
    endloop
  endfacet
  facet normal -1.359070e-17 -7.894015e-01 6.138773e-01
    outer loop
      vertex   4.535728e+00 6.629801e-01 5.578155e+00
      vertex   -1.121427e+01 6.629801e-01 5.578155e+00
      vertex   4.535728e+00 1.647723e-01 4.937496e+00
    endloop
  endfacet
  facet normal 4.205449e-17 -7.894015e-01 6.138773e-01
    outer loop
      vertex   4.535728e+00 1.647723e-01 4.937496e+00
      vertex   -1.121427e+01 6.629801e-01 5.578155e+00
      vertex   -1.121427e+01 1.647723e-01 4.937496e+00
    endloop
  endfacet
  facet normal 2.641744e-17 -7.322296e-01 6.810578e-01
    outer loop
      vertex   4.535728e+00 1.647723e-01 4.937496e+00
      vertex   -1.121427e+01 1.647723e-01 4.937496e+00
      vertex   4.535728e+00 -3.879576e-01 4.343236e+00
    endloop
  endfacet
  facet normal -3.840640e-17 -7.322296e-01 6.810578e-01
    outer loop
      vertex   4.535728e+00 -3.879576e-01 4.343236e+00
      vertex   -1.121427e+01 1.647723e-01 4.937496e+00
      vertex   -1.121427e+01 -3.879576e-01 4.343236e+00
    endloop
  endfacet
  facet normal -4.189599e-17 -6.693597e-01 7.429385e-01
    outer loop
      vertex   4.535728e+00 -3.879576e-01 4.343236e+00
      vertex   -1.121427e+01 -3.879576e-01 4.343236e+00
      vertex   -1.121427e+01 -9.909083e-01 3.800000e+00
    endloop
  endfacet
  facet normal 0.000000e+00 -6.693597e-01 7.429385e-01
    outer loop
      vertex   -1.121427e+01 -9.909083e-01 3.800000e+00
      vertex   2.028573e+01 -9.909083e-01 3.800000e+00
      vertex   4.535728e+00 -3.879576e-01 4.343236e+00
    endloop
  endfacet
  facet normal 4.189599e-17 -6.693597e-01 7.429385e-01
    outer loop
      vertex   4.535728e+00 -3.879576e-01 4.343236e+00
      vertex   2.028573e+01 -9.909083e-01 3.800000e+00
      vertex   2.028573e+01 -3.879576e-01 4.343236e+00
    endloop
  endfacet
  facet normal 3.840640e-17 -7.322296e-01 6.810578e-01
    outer loop
      vertex   4.535728e+00 -3.879576e-01 4.343236e+00
      vertex   2.028573e+01 -3.879576e-01 4.343236e+00
      vertex   4.535728e+00 1.647723e-01 4.937496e+00
    endloop
  endfacet
  facet normal -2.641744e-17 -7.322296e-01 6.810578e-01
    outer loop
      vertex   4.535728e+00 1.647723e-01 4.937496e+00
      vertex   2.028573e+01 -3.879576e-01 4.343236e+00
      vertex   2.028573e+01 1.647723e-01 4.937496e+00
    endloop
  endfacet
  facet normal -4.205449e-17 -7.894015e-01 6.138773e-01
    outer loop
      vertex   4.535728e+00 1.647723e-01 4.937496e+00
      vertex   2.028573e+01 1.647723e-01 4.937496e+00
      vertex   4.535728e+00 6.629801e-01 5.578155e+00
    endloop
  endfacet
  facet normal 1.359070e-17 -7.894015e-01 6.138773e-01
    outer loop
      vertex   4.535728e+00 6.629801e-01 5.578155e+00
      vertex   2.028573e+01 1.647723e-01 4.937496e+00
      vertex   2.028573e+01 6.629801e-01 5.578155e+00
    endloop
  endfacet
  facet normal 1.877948e-18 -8.404303e-01 5.419197e-01
    outer loop
      vertex   4.535728e+00 6.629801e-01 5.578155e+00
      vertex   2.028573e+01 6.629801e-01 5.578155e+00
      vertex   4.535728e+00 1.102789e+00 6.260227e+00
    endloop
  endfacet
  facet normal 3.243803e-17 -8.404303e-01 5.419197e-01
    outer loop
      vertex   4.535728e+00 1.102789e+00 6.260227e+00
      vertex   2.028573e+01 6.629801e-01 5.578155e+00
      vertex   2.028573e+01 1.102789e+00 6.260227e+00
    endloop
  endfacet
  facet normal 1.641500e-17 -8.849190e-01 4.657449e-01
    outer loop
      vertex   4.535728e+00 1.102789e+00 6.260227e+00
      vertex   2.028573e+01 1.102789e+00 6.260227e+00
      vertex   4.535728e+00 1.480776e+00 6.978406e+00
    endloop
  endfacet
  facet normal 1.641500e-17 -8.849190e-01 4.657449e-01
    outer loop
      vertex   4.535728e+00 1.480776e+00 6.978406e+00
      vertex   2.028573e+01 1.102789e+00 6.260227e+00
      vertex   2.028573e+01 1.480776e+00 6.978406e+00
    endloop
  endfacet
  facet normal 2.642360e-19 -9.225214e-01 3.859458e-01
    outer loop
      vertex   4.535728e+00 1.480776e+00 6.978406e+00
      vertex   2.028573e+01 1.480776e+00 6.978406e+00
      vertex   4.535728e+00 1.794000e+00 7.727102e+00
    endloop
  endfacet
  facet normal -2.150013e-17 -9.225214e-01 3.859458e-01
    outer loop
      vertex   4.535728e+00 1.794000e+00 7.727102e+00
      vertex   2.028573e+01 1.480776e+00 6.978406e+00
      vertex   2.028573e+01 1.794000e+00 7.727102e+00
    endloop
  endfacet
  facet normal -3.298353e-17 -9.529450e-01 3.031434e-01
    outer loop
      vertex   4.535728e+00 1.794000e+00 7.727102e+00
      vertex   2.028573e+01 1.794000e+00 7.727102e+00
      vertex   4.535728e+00 2.040024e+00 8.500489e+00
    endloop
  endfacet
  facet normal 3.418989e-17 -9.529450e-01 3.031434e-01
    outer loop
      vertex   4.535728e+00 2.040024e+00 8.500489e+00
      vertex   2.028573e+01 1.794000e+00 7.727102e+00
      vertex   2.028573e+01 2.040024e+00 8.500489e+00
    endloop
  endfacet
  facet normal 2.458499e-17 -9.759528e-01 2.179819e-01
    outer loop
      vertex   4.535728e+00 2.040024e+00 8.500489e+00
      vertex   2.028573e+01 2.040024e+00 8.500489e+00
      vertex   4.535728e+00 2.216933e+00 9.292548e+00
    endloop
  endfacet
  facet normal -3.045122e-17 -9.759528e-01 2.179819e-01
    outer loop
      vertex   4.535728e+00 2.216933e+00 9.292548e+00
      vertex   2.028573e+01 2.040024e+00 8.500489e+00
      vertex   2.028573e+01 2.216933e+00 9.292548e+00
    endloop
  endfacet
  facet normal -4.111661e-17 -9.913660e-01 1.311241e-01
    outer loop
      vertex   4.535728e+00 2.216933e+00 9.292548e+00
      vertex   2.028573e+01 2.216933e+00 9.292548e+00
      vertex   4.535728e+00 2.323350e+00 1.009712e+01
    endloop
  endfacet
  facet normal 1.478877e-17 -9.913660e-01 1.311241e-01
    outer loop
      vertex   4.535728e+00 2.323350e+00 1.009712e+01
      vertex   2.028573e+01 2.216933e+00 9.292548e+00
      vertex   2.028573e+01 2.323350e+00 1.009712e+01
    endloop
  endfacet
  facet normal 4.877472e-18 -9.990645e-01 4.324592e-02
    outer loop
      vertex   4.535728e+00 2.323350e+00 1.009712e+01
      vertex   2.028573e+01 2.323350e+00 1.009712e+01
      vertex   4.535728e+00 2.358447e+00 1.090793e+01
    endloop
  endfacet
  facet normal 4.877472e-18 -9.990645e-01 4.324592e-02
    outer loop
      vertex   4.535728e+00 2.358447e+00 1.090793e+01
      vertex   2.028573e+01 2.323350e+00 1.009712e+01
      vertex   2.028573e+01 2.358447e+00 1.090793e+01
    endloop
  endfacet
  facet normal -5.071785e-18 -9.989884e-01 -4.496879e-02
    outer loop
      vertex   4.535728e+00 2.358447e+00 1.090793e+01
      vertex   2.028573e+01 2.358447e+00 1.090793e+01
      vertex   4.535728e+00 2.321952e+00 1.171869e+01
    endloop
  endfacet
  facet normal 7.943107e-17 -9.989884e-01 -4.496879e-02
    outer loop
      vertex   4.535728e+00 2.321952e+00 1.171869e+01
      vertex   2.028573e+01 2.358447e+00 1.090793e+01
      vertex   2.028573e+01 2.321952e+00 1.171869e+01
    endloop
  endfacet
  facet normal 6.885725e-17 -9.911384e-01 -1.328336e-01
    outer loop
      vertex   4.535728e+00 2.321952e+00 1.171869e+01
      vertex   2.028573e+01 2.321952e+00 1.171869e+01
      vertex   4.535728e+00 2.214147e+00 1.252307e+01
    endloop
  endfacet
  facet normal 1.498157e-17 -9.911384e-01 -1.328336e-01
    outer loop
      vertex   4.535728e+00 2.214147e+00 1.252307e+01
      vertex   2.028573e+01 2.321952e+00 1.171869e+01
      vertex   2.028573e+01 2.214147e+00 1.252307e+01
    endloop
  endfacet
  facet normal 2.477478e-17 -9.755754e-01 -2.196646e-01
    outer loop
      vertex   4.535728e+00 2.214147e+00 1.252307e+01
      vertex   2.028573e+01 2.214147e+00 1.252307e+01
      vertex   4.535728e+00 2.035873e+00 1.331482e+01
    endloop
  endfacet
  facet normal -4.954956e-17 -9.755754e-01 -2.196646e-01
    outer loop
      vertex   4.535728e+00 2.035873e+00 1.331482e+01
      vertex   2.028573e+01 2.214147e+00 1.252307e+01
      vertex   2.028573e+01 2.035873e+00 1.331482e+01
    endloop
  endfacet
  facet normal -6.875038e-17 -9.524208e-01 -3.047863e-01
    outer loop
      vertex   4.535728e+00 2.035873e+00 1.331482e+01
      vertex   2.028573e+01 2.035873e+00 1.331482e+01
      vertex   4.535728e+00 1.788516e+00 1.408779e+01
    endloop
  endfacet
  facet normal 3.437519e-17 -9.524208e-01 -3.047863e-01
    outer loop
      vertex   4.535728e+00 1.788516e+00 1.408779e+01
      vertex   2.028573e+01 2.035873e+00 1.331482e+01
      vertex   2.028573e+01 1.788516e+00 1.408779e+01
    endloop
  endfacet
  facet normal 4.370810e-17 -9.218545e-01 -3.875362e-01
    outer loop
      vertex   4.535728e+00 1.788516e+00 1.408779e+01
      vertex   2.028573e+01 1.788516e+00 1.408779e+01
      vertex   4.535728e+00 1.474001e+00 1.483594e+01
    endloop
  endfacet
  facet normal -2.127375e-17 -9.218545e-01 -3.875362e-01
    outer loop
      vertex   4.535728e+00 1.474001e+00 1.483594e+01
      vertex   2.028573e+01 1.788516e+00 1.408779e+01
      vertex   2.028573e+01 1.474001e+00 1.483594e+01
    endloop
  endfacet
  facet normal -9.620662e-18 -8.841145e-01 -4.672703e-01
    outer loop
      vertex   4.535728e+00 1.474001e+00 1.483594e+01
      vertex   2.028573e+01 1.474001e+00 1.483594e+01
      vertex   4.535728e+00 1.094776e+00 1.555347e+01
    endloop
  endfacet
  facet normal -6.232154e-17 -8.841145e-01 -4.672703e-01
    outer loop
      vertex   4.535728e+00 1.094776e+00 1.555347e+01
      vertex   2.028573e+01 1.474001e+00 1.483594e+01
      vertex   2.028573e+01 1.094776e+00 1.555347e+01
    endloop
  endfacet
  facet normal -5.917626e-17 -8.394945e-01 -5.433682e-01
    outer loop
      vertex   4.535728e+00 1.094776e+00 1.555347e+01
      vertex   2.028573e+01 1.094776e+00 1.555347e+01
      vertex   4.535728e+00 6.537912e-01 1.623478e+01
    endloop
  endfacet
  facet normal 5.917626e-17 -8.394945e-01 -5.433682e-01
    outer loop
      vertex   4.535728e+00 6.537912e-01 1.623478e+01
      vertex   2.028573e+01 1.094776e+00 1.555347e+01
      vertex   2.028573e+01 6.537912e-01 1.623478e+01
    endloop
  endfacet
  facet normal 5.557048e-17 -7.883416e-01 -6.152378e-01
    outer loop
      vertex   4.535728e+00 6.537912e-01 1.623478e+01
      vertex   2.028573e+01 6.537912e-01 1.623478e+01
      vertex   4.535728e+00 1.544792e-01 1.687458e+01
    endloop
  endfacet
  facet normal -5.557048e-17 -7.883416e-01 -6.152378e-01
    outer loop
      vertex   4.535728e+00 1.544792e-01 1.687458e+01
      vertex   2.028573e+01 6.537912e-01 1.623478e+01
      vertex   2.028573e+01 1.544792e-01 1.687458e+01
    endloop
  endfacet
  facet normal -5.153225e-17 -7.310540e-01 -6.823196e-01
    outer loop
      vertex   4.535728e+00 1.544792e-01 1.687458e+01
      vertex   2.028573e+01 1.544792e-01 1.687458e+01
      vertex   4.535728e+00 -3.992747e-01 1.746788e+01
    endloop
  endfacet
  facet normal -1.030645e-16 -7.310540e-01 -6.823196e-01
    outer loop
      vertex   4.535728e+00 -3.992747e-01 1.746788e+01
      vertex   2.028573e+01 1.544792e-01 1.687458e+01
      vertex   2.028573e+01 -3.992747e-01 1.746788e+01
    endloop
  endfacet
  facet normal -9.418603e-17 -6.680775e-01 -7.440917e-01
    outer loop
      vertex   4.535728e+00 -3.992747e-01 1.746788e+01
      vertex   2.028573e+01 -3.992747e-01 1.746788e+01
      vertex   4.535728e+00 -1.003161e+00 1.801008e+01
    endloop
  endfacet
  facet normal 4.709302e-17 -6.680775e-01 -7.440917e-01
    outer loop
      vertex   4.535728e+00 -1.003161e+00 1.801008e+01
      vertex   2.028573e+01 -3.992747e-01 1.746788e+01
      vertex   2.028573e+01 -1.003161e+00 1.801008e+01
    endloop
  endfacet
  facet normal 4.228731e-17 -5.999021e-01 -8.000734e-01
    outer loop
      vertex   4.535728e+00 -1.003161e+00 1.801008e+01
      vertex   2.028573e+01 -1.003161e+00 1.801008e+01
      vertex   4.535728e+00 -1.652481e+00 1.849695e+01
    endloop
  endfacet
  facet normal -4.228731e-17 -5.999021e-01 -8.000734e-01
    outer loop
      vertex   4.535728e+00 -1.652481e+00 1.849695e+01
      vertex   2.028573e+01 -1.003161e+00 1.801008e+01
      vertex   2.028573e+01 -1.652481e+00 1.849695e+01
    endloop
  endfacet
  facet normal -3.715253e-17 -5.270583e-01 -8.498291e-01
    outer loop
      vertex   4.535728e+00 -1.652481e+00 1.849695e+01
      vertex   2.028573e+01 -1.652481e+00 1.849695e+01
      vertex   4.535728e+00 -2.342182e+00 1.892469e+01
    endloop
  endfacet
  facet normal -5.944404e-17 -5.270583e-01 -8.498291e-01
    outer loop
      vertex   4.535728e+00 -2.342182e+00 1.892469e+01
      vertex   2.028573e+01 -1.652481e+00 1.849695e+01
      vertex   2.028573e+01 -2.342182e+00 1.892469e+01
    endloop
  endfacet
  facet normal -5.076581e-17 -4.501131e-01 -8.929716e-01
    outer loop
      vertex   4.535728e+00 -2.342182e+00 1.892469e+01
      vertex   2.028573e+01 -2.342182e+00 1.892469e+01
      vertex   4.535728e+00 -3.066896e+00 1.928999e+01
    endloop
  endfacet
  facet normal 0.000000e+00 -4.501131e-01 -8.929716e-01
    outer loop
      vertex   4.535728e+00 -3.066896e+00 1.928999e+01
      vertex   2.028573e+01 -2.342182e+00 1.892469e+01
      vertex   2.028573e+01 -3.066896e+00 1.928999e+01
    endloop
  endfacet
  facet normal 0.000000e+00 -3.696652e-01 -9.291650e-01
    outer loop
      vertex   4.535728e+00 -3.066896e+00 1.928999e+01
      vertex   2.028573e+01 -3.066896e+00 1.928999e+01
      vertex   4.535728e+00 -3.820984e+00 1.959000e+01
    endloop
  endfacet
  facet normal 1.042313e-17 -3.696652e-01 -9.291650e-01
    outer loop
      vertex   4.535728e+00 -3.820984e+00 1.959000e+01
      vertex   2.028573e+01 -3.066896e+00 1.928999e+01
      vertex   2.028573e+01 -3.820984e+00 1.959000e+01
    endloop
  endfacet
  facet normal 8.073698e-18 -2.863405e-01 -9.581279e-01
    outer loop
      vertex   4.535728e+00 -3.820984e+00 1.959000e+01
      vertex   2.028573e+01 -3.820984e+00 1.959000e+01
      vertex   4.535728e+00 -4.598577e+00 1.982239e+01
    endloop
  endfacet
  facet normal 0.000000e+00 -2.863405e-01 -9.581279e-01
    outer loop
      vertex   4.535728e+00 -4.598577e+00 1.982239e+01
      vertex   2.028573e+01 -3.820984e+00 1.959000e+01
      vertex   2.028573e+01 -4.598577e+00 1.982239e+01
    endloop
  endfacet
  facet normal 0.000000e+00 -2.007877e-01 -9.796348e-01
    outer loop
      vertex   4.535728e+00 -4.598577e+00 1.982239e+01
      vertex   2.028573e+01 -4.598577e+00 1.982239e+01
      vertex   4.535728e+00 -5.393624e+00 1.998535e+01
    endloop
  endfacet
  facet normal 0.000000e+00 -2.007877e-01 -9.796348e-01
    outer loop
      vertex   4.535728e+00 -5.393624e+00 1.998535e+01
      vertex   2.028573e+01 -4.598577e+00 1.982239e+01
      vertex   2.028573e+01 -5.393624e+00 1.998535e+01
    endloop
  endfacet
  facet normal 0.000000e+00 -1.136723e-01 -9.935183e-01
    outer loop
      vertex   4.535728e+00 -5.393624e+00 1.998535e+01
      vertex   2.028573e+01 -5.393624e+00 1.998535e+01
      vertex   4.535728e+00 -6.199940e+00 2.007760e+01
    endloop
  endfacet
  facet normal 0.000000e+00 -1.136723e-01 -9.935183e-01
    outer loop
      vertex   4.535728e+00 -6.199940e+00 2.007760e+01
      vertex   2.028573e+01 -5.393624e+00 1.998535e+01
      vertex   2.028573e+01 -6.199940e+00 2.007760e+01
    endloop
  endfacet
  facet normal 0.000000e+00 -2.567234e-02 -9.996704e-01
    outer loop
      vertex   4.535728e+00 -6.199940e+00 2.007760e+01
      vertex   2.028573e+01 -6.199940e+00 2.007760e+01
      vertex   4.535728e+00 -7.011248e+00 2.009843e+01
    endloop
  endfacet
  facet normal 0.000000e+00 -2.567234e-02 -9.996704e-01
    outer loop
      vertex   4.535728e+00 -7.011248e+00 2.009843e+01
      vertex   2.028573e+01 -6.199940e+00 2.007760e+01
      vertex   2.028573e+01 -7.011248e+00 2.009843e+01
    endloop
  endfacet
  facet normal 0.000000e+00 6.252739e-02 -9.980432e-01
    outer loop
      vertex   4.535728e+00 -7.011248e+00 2.009843e+01
      vertex   2.028573e+01 -7.011248e+00 2.009843e+01
      vertex   4.535728e+00 -7.821235e+00 2.004769e+01
    endloop
  endfacet
  facet normal -7.052124e-18 6.252739e-02 -9.980432e-01
    outer loop
      vertex   4.535728e+00 -7.821235e+00 2.004769e+01
      vertex   2.028573e+01 -7.011248e+00 2.009843e+01
      vertex   2.028573e+01 -7.821235e+00 2.004769e+01
    endloop
  endfacet
  facet normal -1.694481e-17 1.502405e-01 -9.886495e-01
    outer loop
      vertex   4.535728e+00 -7.821235e+00 2.004769e+01
      vertex   2.028573e+01 -7.821235e+00 2.004769e+01
      vertex   4.535728e+00 -8.623599e+00 1.992576e+01
    endloop
  endfacet
  facet normal 0.000000e+00 1.502405e-01 -9.886495e-01
    outer loop
      vertex   4.535728e+00 -8.623599e+00 1.992576e+01
      vertex   2.028573e+01 -7.821235e+00 2.004769e+01
      vertex   2.028573e+01 -8.623599e+00 1.992576e+01
    endloop
  endfacet
  facet normal 0.000000e+00 2.367845e-01 -9.715622e-01
    outer loop
      vertex   4.535728e+00 -8.623599e+00 1.992576e+01
      vertex   2.028573e+01 -8.623599e+00 1.992576e+01
      vertex   4.535728e+00 -9.412095e+00 1.973359e+01
    endloop
  endfacet
  facet normal 0.000000e+00 2.367845e-01 -9.715622e-01
    outer loop
      vertex   4.535728e+00 -9.412095e+00 1.973359e+01
      vertex   2.028573e+01 -8.623599e+00 1.992576e+01
      vertex   2.028573e+01 -9.412095e+00 1.973359e+01
    endloop
  endfacet
  facet normal 0.000000e+00 3.214859e-01 -9.469144e-01
    outer loop
      vertex   4.535728e+00 -9.412095e+00 1.973359e+01
      vertex   2.028573e+01 -9.412095e+00 1.973359e+01
      vertex   2.028573e+01 -1.018059e+01 1.947268e+01
    endloop
  endfacet
  facet normal -1.065497e-16 -6.298127e-01 -7.767470e-01
    outer loop
      vertex   -1.121427e+01 -1.395449e+01 1.994299e+01
      vertex   -7.142723e-01 -1.395449e+01 1.994299e+01
      vertex   -1.121427e+01 -1.433904e+01 2.025480e+01
    endloop
  endfacet
  facet normal -3.929788e-19 -6.298127e-01 -7.767470e-01
    outer loop
      vertex   -1.121427e+01 -1.433904e+01 2.025480e+01
      vertex   -7.142723e-01 -1.395449e+01 1.994299e+01
      vertex   9.785728e+00 -1.395449e+01 1.994299e+01
    endloop
  endfacet
  facet normal -3.551657e-17 -6.298127e-01 -7.767470e-01
    outer loop
      vertex   -1.121427e+01 -1.433904e+01 2.025480e+01
      vertex   9.785728e+00 -1.395449e+01 1.994299e+01
      vertex   2.028573e+01 -1.433904e+01 2.025480e+01
    endloop
  endfacet
  facet normal -1.578531e-19 -6.298127e-01 -7.767470e-01
    outer loop
      vertex   2.028573e+01 -1.433904e+01 2.025480e+01
      vertex   9.785728e+00 -1.395449e+01 1.994299e+01
      vertex   2.028573e+01 -1.395449e+01 1.994299e+01
    endloop
  endfacet
  facet normal -0.000000e+00 -5.290335e-01 -8.486009e-01
    outer loop
      vertex   2.028573e+01 -1.395449e+01 1.994299e+01
      vertex   9.785728e+00 -1.395449e+01 1.994299e+01
      vertex   2.028573e+01 -1.353436e+01 1.968107e+01
    endloop
  endfacet
  facet normal -0.000000e+00 -5.290335e-01 -8.486009e-01
    outer loop
      vertex   2.028573e+01 -1.353436e+01 1.968107e+01
      vertex   9.785728e+00 -1.395449e+01 1.994299e+01
      vertex   9.785728e+00 -1.353436e+01 1.968107e+01
    endloop
  endfacet
  facet normal -0.000000e+00 -4.201498e-01 -9.074548e-01
    outer loop
      vertex   2.028573e+01 -1.353436e+01 1.968107e+01
      vertex   9.785728e+00 -1.353436e+01 1.968107e+01
      vertex   2.028573e+01 -1.308509e+01 1.947306e+01
    endloop
  endfacet
  facet normal -0.000000e+00 -4.201498e-01 -9.074548e-01
    outer loop
      vertex   2.028573e+01 -1.308509e+01 1.947306e+01
      vertex   9.785728e+00 -1.353436e+01 1.968107e+01
      vertex   9.785728e+00 -1.308509e+01 1.947306e+01
    endloop
  endfacet
  facet normal -0.000000e+00 -3.048297e-01 -9.524069e-01
    outer loop
      vertex   2.028573e+01 -1.308509e+01 1.947306e+01
      vertex   9.785728e+00 -1.308509e+01 1.947306e+01
      vertex   2.028573e+01 -1.261356e+01 1.932215e+01
    endloop
  endfacet
  facet normal -0.000000e+00 -3.048297e-01 -9.524069e-01
    outer loop
      vertex   2.028573e+01 -1.261356e+01 1.932215e+01
      vertex   9.785728e+00 -1.308509e+01 1.947306e+01
      vertex   9.785728e+00 -1.261356e+01 1.932215e+01
    endloop
  endfacet
  facet normal -0.000000e+00 -1.848397e-01 -9.827687e-01
    outer loop
      vertex   2.028573e+01 -1.261356e+01 1.932215e+01
      vertex   9.785728e+00 -1.261356e+01 1.932215e+01
      vertex   2.028573e+01 -1.212701e+01 1.923063e+01
    endloop
  endfacet
  facet normal -0.000000e+00 -1.848397e-01 -9.827687e-01
    outer loop
      vertex   2.028573e+01 -1.212701e+01 1.923063e+01
      vertex   9.785728e+00 -1.261356e+01 1.932215e+01
      vertex   9.785728e+00 -1.212701e+01 1.923063e+01
    endloop
  endfacet
  facet normal -0.000000e+00 -6.201809e-02 -9.980750e-01
    outer loop
      vertex   2.028573e+01 -1.212701e+01 1.923063e+01
      vertex   9.785728e+00 -1.212701e+01 1.923063e+01
      vertex   2.028573e+01 -1.163287e+01 1.919993e+01
    endloop
  endfacet
  facet normal -0.000000e+00 -6.201809e-02 -9.980750e-01
    outer loop
      vertex   2.028573e+01 -1.163287e+01 1.919993e+01
      vertex   9.785728e+00 -1.212701e+01 1.923063e+01
      vertex   9.785728e+00 -1.163287e+01 1.919993e+01
    endloop
  endfacet
  facet normal 0.000000e+00 6.175360e-02 -9.980914e-01
    outer loop
      vertex   2.028573e+01 -1.163287e+01 1.919993e+01
      vertex   9.785728e+00 -1.163287e+01 1.919993e+01
      vertex   2.028573e+01 -1.113873e+01 1.923050e+01
    endloop
  endfacet
  facet normal 0.000000e+00 6.175360e-02 -9.980914e-01
    outer loop
      vertex   2.028573e+01 -1.113873e+01 1.923050e+01
      vertex   9.785728e+00 -1.163287e+01 1.919993e+01
      vertex   9.785728e+00 -1.113873e+01 1.923050e+01
    endloop
  endfacet
  facet normal 0.000000e+00 1.845793e-01 -9.828176e-01
    outer loop
      vertex   2.028573e+01 -1.113873e+01 1.923050e+01
      vertex   9.785728e+00 -1.113873e+01 1.923050e+01
      vertex   2.028573e+01 -1.065215e+01 1.932189e+01
    endloop
  endfacet
  facet normal -3.325400e-16 1.845793e-01 -9.828176e-01
    outer loop
      vertex   2.028573e+01 -1.065215e+01 1.932189e+01
      vertex   9.785728e+00 -1.113873e+01 1.923050e+01
      vertex   9.785728e+00 -1.065215e+01 1.932189e+01
    endloop
  endfacet
  facet normal -3.222777e-16 3.045773e-01 -9.524876e-01
    outer loop
      vertex   2.028573e+01 -1.065215e+01 1.932189e+01
      vertex   9.785728e+00 -1.065215e+01 1.932189e+01
      vertex   2.028573e+01 -1.018059e+01 1.947268e+01
    endloop
  endfacet
  facet normal 2.126825e-19 3.045773e-01 -9.524876e-01
    outer loop
      vertex   2.028573e+01 -1.018059e+01 1.947268e+01
      vertex   9.785728e+00 -1.065215e+01 1.932189e+01
      vertex   -7.142723e-01 -1.065215e+01 1.932189e+01
    endloop
  endfacet
  facet normal 0.000000e+00 3.045773e-01 -9.524876e-01
    outer loop
      vertex   2.028573e+01 -1.018059e+01 1.947268e+01
      vertex   -7.142723e-01 -1.065215e+01 1.932189e+01
      vertex   -1.121427e+01 -1.018059e+01 1.947268e+01
    endloop
  endfacet
  facet normal 3.224904e-16 3.045773e-01 -9.524876e-01
    outer loop
      vertex   -1.121427e+01 -1.018059e+01 1.947268e+01
      vertex   -7.142723e-01 -1.065215e+01 1.932189e+01
      vertex   -1.121427e+01 -1.065215e+01 1.932189e+01
    endloop
  endfacet
  facet normal 3.325400e-16 1.845793e-01 -9.828176e-01
    outer loop
      vertex   -1.121427e+01 -1.065215e+01 1.932189e+01
      vertex   -7.142723e-01 -1.065215e+01 1.932189e+01
      vertex   -1.121427e+01 -1.113873e+01 1.923050e+01
    endloop
  endfacet
  facet normal 0.000000e+00 1.845793e-01 -9.828176e-01
    outer loop
      vertex   -1.121427e+01 -1.113873e+01 1.923050e+01
      vertex   -7.142723e-01 -1.065215e+01 1.932189e+01
      vertex   -7.142723e-01 -1.113873e+01 1.923050e+01
    endloop
  endfacet
  facet normal 0.000000e+00 6.175360e-02 -9.980914e-01
    outer loop
      vertex   -1.121427e+01 -1.113873e+01 1.923050e+01
      vertex   -7.142723e-01 -1.113873e+01 1.923050e+01
      vertex   -1.121427e+01 -1.163287e+01 1.919993e+01
    endloop
  endfacet
  facet normal 0.000000e+00 6.175360e-02 -9.980914e-01
    outer loop
      vertex   -1.121427e+01 -1.163287e+01 1.919993e+01
      vertex   -7.142723e-01 -1.113873e+01 1.923050e+01
      vertex   -7.142723e-01 -1.163287e+01 1.919993e+01
    endloop
  endfacet
  facet normal 0.000000e+00 -6.201809e-02 -9.980750e-01
    outer loop
      vertex   -1.121427e+01 -1.163287e+01 1.919993e+01
      vertex   -7.142723e-01 -1.163287e+01 1.919993e+01
      vertex   -1.121427e+01 -1.212701e+01 1.923063e+01
    endloop
  endfacet
  facet normal 0.000000e+00 -6.201809e-02 -9.980750e-01
    outer loop
      vertex   -1.121427e+01 -1.212701e+01 1.923063e+01
      vertex   -7.142723e-01 -1.163287e+01 1.919993e+01
      vertex   -7.142723e-01 -1.212701e+01 1.923063e+01
    endloop
  endfacet
  facet normal 0.000000e+00 -1.848397e-01 -9.827687e-01
    outer loop
      vertex   -1.121427e+01 -1.212701e+01 1.923063e+01
      vertex   -7.142723e-01 -1.212701e+01 1.923063e+01
      vertex   -1.121427e+01 -1.261356e+01 1.932215e+01
    endloop
  endfacet
  facet normal 0.000000e+00 -1.848397e-01 -9.827687e-01
    outer loop
      vertex   -1.121427e+01 -1.261356e+01 1.932215e+01
      vertex   -7.142723e-01 -1.212701e+01 1.923063e+01
      vertex   -7.142723e-01 -1.261356e+01 1.932215e+01
    endloop
  endfacet
  facet normal 0.000000e+00 -3.048297e-01 -9.524069e-01
    outer loop
      vertex   -1.121427e+01 -1.261356e+01 1.932215e+01
      vertex   -7.142723e-01 -1.261356e+01 1.932215e+01
      vertex   -1.121427e+01 -1.308509e+01 1.947306e+01
    endloop
  endfacet
  facet normal 0.000000e+00 -3.048297e-01 -9.524069e-01
    outer loop
      vertex   -1.121427e+01 -1.308509e+01 1.947306e+01
      vertex   -7.142723e-01 -1.261356e+01 1.932215e+01
      vertex   -7.142723e-01 -1.308509e+01 1.947306e+01
    endloop
  endfacet
  facet normal 0.000000e+00 -4.201498e-01 -9.074548e-01
    outer loop
      vertex   -1.121427e+01 -1.308509e+01 1.947306e+01
      vertex   -7.142723e-01 -1.308509e+01 1.947306e+01
      vertex   -1.121427e+01 -1.353436e+01 1.968107e+01
    endloop
  endfacet
  facet normal 0.000000e+00 -4.201498e-01 -9.074548e-01
    outer loop
      vertex   -1.121427e+01 -1.353436e+01 1.968107e+01
      vertex   -7.142723e-01 -1.308509e+01 1.947306e+01
      vertex   -7.142723e-01 -1.353436e+01 1.968107e+01
    endloop
  endfacet
  facet normal 0.000000e+00 -5.290335e-01 -8.486009e-01
    outer loop
      vertex   -1.121427e+01 -1.353436e+01 1.968107e+01
      vertex   -7.142723e-01 -1.353436e+01 1.968107e+01
      vertex   -1.121427e+01 -1.395449e+01 1.994299e+01
    endloop
  endfacet
  facet normal -8.950022e-17 -5.290335e-01 -8.486009e-01
    outer loop
      vertex   -1.121427e+01 -1.395449e+01 1.994299e+01
      vertex   -7.142723e-01 -1.353436e+01 1.968107e+01
      vertex   -7.142723e-01 -1.395449e+01 1.994299e+01
    endloop
  endfacet
  facet normal -6.916247e-19 -5.290335e-01 -8.486009e-01
    outer loop
      vertex   9.785728e+00 -1.353436e+01 1.968107e+01
      vertex   9.785728e+00 -1.395449e+01 1.994299e+01
      vertex   -7.142723e-01 -1.395449e+01 1.994299e+01
    endloop
  endfacet
  facet normal 1.081268e-16 -5.290335e-01 -8.486009e-01
    outer loop
      vertex   9.785728e+00 -1.353436e+01 1.968107e+01
      vertex   -7.142723e-01 -1.395449e+01 1.994299e+01
      vertex   -7.142723e-01 -1.353436e+01 1.968107e+01
    endloop
  endfacet
  facet normal 1.653510e-16 -4.201498e-01 -9.074548e-01
    outer loop
      vertex   9.785728e+00 -1.308509e+01 1.947306e+01
      vertex   9.785728e+00 -1.353436e+01 1.968107e+01
      vertex   -7.142723e-01 -1.353436e+01 1.968107e+01
    endloop
  endfacet
  facet normal -0.000000e+00 -4.201498e-01 -9.074548e-01
    outer loop
      vertex   9.785728e+00 -1.308509e+01 1.947306e+01
      vertex   -7.142723e-01 -1.353436e+01 1.968107e+01
      vertex   -7.142723e-01 -1.308509e+01 1.947306e+01
    endloop
  endfacet
  facet normal 4.437003e-19 -3.048297e-01 -9.524069e-01
    outer loop
      vertex   9.785728e+00 -1.261356e+01 1.932215e+01
      vertex   9.785728e+00 -1.308509e+01 1.947306e+01
      vertex   -7.142723e-01 -1.308509e+01 1.947306e+01
    endloop
  endfacet
  facet normal -5.157012e-17 -3.048297e-01 -9.524069e-01
    outer loop
      vertex   9.785728e+00 -1.261356e+01 1.932215e+01
      vertex   -7.142723e-01 -1.308509e+01 1.947306e+01
      vertex   -7.142723e-01 -1.261356e+01 1.932215e+01
    endloop
  endfacet
  facet normal -3.110334e-17 -1.848397e-01 -9.827687e-01
    outer loop
      vertex   9.785728e+00 -1.212701e+01 1.923063e+01
      vertex   9.785728e+00 -1.261356e+01 1.932215e+01
      vertex   -7.142723e-01 -1.261356e+01 1.932215e+01
    endloop
  endfacet
  facet normal -0.000000e+00 -1.848397e-01 -9.827687e-01
    outer loop
      vertex   9.785728e+00 -1.212701e+01 1.923063e+01
      vertex   -7.142723e-01 -1.261356e+01 1.932215e+01
      vertex   -7.142723e-01 -1.212701e+01 1.923063e+01
    endloop
  endfacet
  facet normal -2.323993e-20 -6.201809e-02 -9.980750e-01
    outer loop
      vertex   9.785728e+00 -1.163287e+01 1.919993e+01
      vertex   9.785728e+00 -1.212701e+01 1.923063e+01
      vertex   -7.142723e-01 -1.212701e+01 1.923063e+01
    endloop
  endfacet
  facet normal -1.049202e-17 -6.201809e-02 -9.980750e-01
    outer loop
      vertex   9.785728e+00 -1.163287e+01 1.919993e+01
      vertex   -7.142723e-01 -1.212701e+01 1.923063e+01
      vertex   -7.142723e-01 -1.163287e+01 1.919993e+01
    endloop
  endfacet
  facet normal 1.045411e-17 6.175360e-02 -9.980914e-01
    outer loop
      vertex   9.785728e+00 -1.113873e+01 1.923050e+01
      vertex   9.785728e+00 -1.163287e+01 1.919993e+01
      vertex   -7.142723e-01 -1.163287e+01 1.919993e+01
    endloop
  endfacet
  facet normal 0.000000e+00 6.175360e-02 -9.980914e-01
    outer loop
      vertex   9.785728e+00 -1.113873e+01 1.923050e+01
      vertex   -7.142723e-01 -1.163287e+01 1.919993e+01
      vertex   -7.142723e-01 -1.113873e+01 1.923050e+01
    endloop
  endfacet
  facet normal 5.923000e-19 1.845793e-01 -9.828176e-01
    outer loop
      vertex   9.785728e+00 -1.065215e+01 1.932189e+01
      vertex   9.785728e+00 -1.113873e+01 1.923050e+01
      vertex   -7.142723e-01 -1.113873e+01 1.923050e+01
    endloop
  endfacet
  facet normal 0.000000e+00 1.845793e-01 -9.828176e-01
    outer loop
      vertex   9.785728e+00 -1.065215e+01 1.932189e+01
      vertex   -7.142723e-01 -1.113873e+01 1.923050e+01
      vertex   -7.142723e-01 -1.065215e+01 1.932189e+01
    endloop
  endfacet
  facet normal 0.000000e+00 -8.824920e-01 4.703275e-01
    outer loop
      vertex   -1.121427e+01 4.556553e-01 2.072036e+00
      vertex   -1.018004e+01 4.556553e-01 2.072036e+00
      vertex   -1.121427e+01 4.784016e-01 2.114715e+00
    endloop
  endfacet
  facet normal -4.266074e-19 -8.824920e-01 4.703275e-01
    outer loop
      vertex   -1.121427e+01 4.784016e-01 2.114715e+00
      vertex   -1.018004e+01 4.556553e-01 2.072036e+00
      vertex   -9.145805e+00 4.556553e-01 2.072036e+00
    endloop
  endfacet
  facet normal -4.266074e-19 -8.824920e-01 4.703275e-01
    outer loop
      vertex   -1.121427e+01 4.784016e-01 2.114715e+00
      vertex   -9.145805e+00 4.556553e-01 2.072036e+00
      vertex   -8.111571e+00 4.556553e-01 2.072036e+00
    endloop
  endfacet
  facet normal 0.000000e+00 -9.695879e-01 2.447433e-01
    outer loop
      vertex   -8.111571e+00 4.556553e-01 2.072036e+00
      vertex   -9.145805e+00 4.556553e-01 2.072036e+00
      vertex   -8.111571e+00 4.438188e-01 2.025144e+00
    endloop
  endfacet
  facet normal -8.341362e-19 -9.695879e-01 2.447433e-01
    outer loop
      vertex   -8.111571e+00 4.556553e-01 2.072036e+00
      vertex   -8.111571e+00 4.438188e-01 2.025144e+00
      vertex   -7.077337e+00 4.438188e-01 2.025144e+00
    endloop
  endfacet
  facet normal 0.000000e+00 -9.999882e-01 4.848118e-03
    outer loop
      vertex   -7.077337e+00 4.438188e-01 2.025144e+00
      vertex   -8.111571e+00 4.438188e-01 2.025144e+00
      vertex   -7.077337e+00 4.435844e-01 1.976781e+00
    endloop
  endfacet
  facet normal 1.486542e-21 -9.999882e-01 4.848118e-03
    outer loop
      vertex   -7.077337e+00 4.438188e-01 2.025144e+00
      vertex   -7.077337e+00 4.435844e-01 1.976781e+00
      vertex   -6.043103e+00 4.435844e-01 1.976781e+00
    endloop
  endfacet
  facet normal -0.000000e+00 -9.719154e-01 -2.353306e-01
    outer loop
      vertex   -6.043103e+00 4.435844e-01 1.976781e+00
      vertex   -7.077337e+00 4.435844e-01 1.976781e+00
      vertex   -6.043103e+00 4.549656e-01 1.929777e+00
    endloop
  endfacet
  facet normal -4.430518e-19 -9.719154e-01 -2.353306e-01
    outer loop
      vertex   -6.043103e+00 4.435844e-01 1.976781e+00
      vertex   -6.043103e+00 4.549656e-01 1.929777e+00
      vertex   -5.008870e+00 4.549656e-01 1.929777e+00
    endloop
  endfacet
  facet normal -0.000000e+00 -8.870108e-01 -4.617486e-01
    outer loop
      vertex   -5.008870e+00 4.549656e-01 1.929777e+00
      vertex   -6.043103e+00 4.549656e-01 1.929777e+00
      vertex   -5.008870e+00 4.772970e-01 1.886879e+00
    endloop
  endfacet
  facet normal 7.413041e-19 -8.870108e-01 -4.617486e-01
    outer loop
      vertex   -5.008870e+00 4.549656e-01 1.929777e+00
      vertex   -5.008870e+00 4.772970e-01 1.886879e+00
      vertex   -3.974636e+00 4.772970e-01 1.886879e+00
    endloop
  endfacet
  facet normal -0.000000e+00 -7.502393e-01 -6.611664e-01
    outer loop
      vertex   -3.974636e+00 4.772970e-01 1.886879e+00
      vertex   -5.008870e+00 4.772970e-01 1.886879e+00
      vertex   -3.974636e+00 5.092729e-01 1.850595e+00
    endloop
  endfacet
  facet normal -1.874429e-18 -7.502393e-01 -6.611664e-01
    outer loop
      vertex   -3.974636e+00 4.772970e-01 1.886879e+00
      vertex   -3.974636e+00 5.092729e-01 1.850595e+00
      vertex   -2.940402e+00 5.092729e-01 1.850595e+00
    endloop
  endfacet
  facet normal -0.000000e+00 -5.695983e-01 -8.219232e-01
    outer loop
      vertex   -2.940402e+00 5.092729e-01 1.850595e+00
      vertex   -3.974636e+00 5.092729e-01 1.850595e+00
      vertex   -2.940402e+00 5.490233e-01 1.823048e+00
    endloop
  endfacet
  facet normal -1.044812e-18 -5.695983e-01 -8.219232e-01
    outer loop
      vertex   -2.940402e+00 5.092729e-01 1.850595e+00
      vertex   -2.940402e+00 5.490233e-01 1.823048e+00
      vertex   -1.906168e+00 5.490233e-01 1.823048e+00
    endloop
  endfacet
  facet normal -0.000000e+00 -3.556508e-01 -9.346189e-01
    outer loop
      vertex   -1.906168e+00 5.490233e-01 1.823048e+00
      vertex   -2.940402e+00 5.490233e-01 1.823048e+00
      vertex   -1.906168e+00 5.942241e-01 1.805847e+00
    endloop
  endfacet
  facet normal -6.148603e-19 -3.556508e-01 -9.346189e-01
    outer loop
      vertex   -1.906168e+00 5.490233e-01 1.823048e+00
      vertex   -1.906168e+00 5.942241e-01 1.805847e+00
      vertex   -8.719344e-01 5.942241e-01 1.805847e+00
    endloop
  endfacet
  facet normal -0.000000e+00 -1.209069e-01 -9.926639e-01
    outer loop
      vertex   -8.719344e-01 5.942241e-01 1.805847e+00
      vertex   -1.906168e+00 5.942241e-01 1.805847e+00
      vertex   -1.121427e+01 6.422320e-01 1.800000e+00
    endloop
  endfacet
  facet normal 0.000000e+00 -1.209069e-01 -9.926639e-01
    outer loop
      vertex   -8.719344e-01 5.942241e-01 1.805847e+00
      vertex   -1.121427e+01 6.422320e-01 1.800000e+00
      vertex   1.622994e-01 5.942241e-01 1.805847e+00
    endloop
  endfacet
  facet normal -2.276942e-18 -1.209069e-01 -9.926639e-01
    outer loop
      vertex   1.622994e-01 5.942241e-01 1.805847e+00
      vertex   -1.121427e+01 6.422320e-01 1.800000e+00
      vertex   1.257310e+01 6.422320e-01 1.800000e+00
    endloop
  endfacet
  facet normal 0.000000e+00 -1.209069e-01 -9.926639e-01
    outer loop
      vertex   1.622994e-01 5.942241e-01 1.805847e+00
      vertex   1.257310e+01 6.422320e-01 1.800000e+00
      vertex   1.196533e+00 5.942241e-01 1.805847e+00
    endloop
  endfacet
  facet normal 0.000000e+00 -1.209069e-01 -9.926639e-01
    outer loop
      vertex   1.196533e+00 5.942241e-01 1.805847e+00
      vertex   1.257310e+01 6.422320e-01 1.800000e+00
      vertex   2.230767e+00 5.942241e-01 1.805847e+00
    endloop
  endfacet
  facet normal 0.000000e+00 -3.556508e-01 -9.346189e-01
    outer loop
      vertex   1.196533e+00 5.942241e-01 1.805847e+00
      vertex   2.230767e+00 5.942241e-01 1.805847e+00
      vertex   1.196533e+00 5.490233e-01 1.823048e+00
    endloop
  endfacet
  facet normal 0.000000e+00 -3.556508e-01 -9.346189e-01
    outer loop
      vertex   1.196533e+00 5.490233e-01 1.823048e+00
      vertex   2.230767e+00 5.942241e-01 1.805847e+00
      vertex   2.230767e+00 5.490233e-01 1.823048e+00
    endloop
  endfacet
  facet normal 0.000000e+00 -5.695983e-01 -8.219232e-01
    outer loop
      vertex   1.196533e+00 5.490233e-01 1.823048e+00
      vertex   2.230767e+00 5.490233e-01 1.823048e+00
      vertex   1.196533e+00 5.092729e-01 1.850595e+00
    endloop
  endfacet
  facet normal 0.000000e+00 -5.695983e-01 -8.219232e-01
    outer loop
      vertex   1.196533e+00 5.092729e-01 1.850595e+00
      vertex   2.230767e+00 5.490233e-01 1.823048e+00
      vertex   2.230767e+00 5.092729e-01 1.850595e+00
    endloop
  endfacet
  facet normal 0.000000e+00 -7.502393e-01 -6.611664e-01
    outer loop
      vertex   1.196533e+00 5.092729e-01 1.850595e+00
      vertex   2.230767e+00 5.092729e-01 1.850595e+00
      vertex   1.196533e+00 4.772970e-01 1.886879e+00
    endloop
  endfacet
  facet normal 0.000000e+00 -7.502393e-01 -6.611664e-01
    outer loop
      vertex   1.196533e+00 4.772970e-01 1.886879e+00
      vertex   2.230767e+00 5.092729e-01 1.850595e+00
      vertex   2.230767e+00 4.772970e-01 1.886879e+00
    endloop
  endfacet
  facet normal 0.000000e+00 -8.870108e-01 -4.617486e-01
    outer loop
      vertex   1.196533e+00 4.772970e-01 1.886879e+00
      vertex   2.230767e+00 4.772970e-01 1.886879e+00
      vertex   1.196533e+00 4.549656e-01 1.929777e+00
    endloop
  endfacet
  facet normal 0.000000e+00 -8.870108e-01 -4.617486e-01
    outer loop
      vertex   1.196533e+00 4.549656e-01 1.929777e+00
      vertex   2.230767e+00 4.772970e-01 1.886879e+00
      vertex   2.230767e+00 4.549656e-01 1.929777e+00
    endloop
  endfacet
  facet normal 0.000000e+00 -9.719154e-01 -2.353306e-01
    outer loop
      vertex   1.196533e+00 4.549656e-01 1.929777e+00
      vertex   2.230767e+00 4.549656e-01 1.929777e+00
      vertex   1.196533e+00 4.435844e-01 1.976781e+00
    endloop
  endfacet
  facet normal 0.000000e+00 -9.719154e-01 -2.353306e-01
    outer loop
      vertex   1.196533e+00 4.435844e-01 1.976781e+00
      vertex   2.230767e+00 4.549656e-01 1.929777e+00
      vertex   2.230767e+00 4.435844e-01 1.976781e+00
    endloop
  endfacet
  facet normal 0.000000e+00 -9.999882e-01 4.848118e-03
    outer loop
      vertex   1.196533e+00 4.435844e-01 1.976781e+00
      vertex   2.230767e+00 4.435844e-01 1.976781e+00
      vertex   1.196533e+00 4.438188e-01 2.025144e+00
    endloop
  endfacet
  facet normal 0.000000e+00 -9.999882e-01 4.848118e-03
    outer loop
      vertex   1.196533e+00 4.438188e-01 2.025144e+00
      vertex   2.230767e+00 4.435844e-01 1.976781e+00
      vertex   2.230767e+00 4.438188e-01 2.025144e+00
    endloop
  endfacet
  facet normal 0.000000e+00 -9.695879e-01 2.447433e-01
    outer loop
      vertex   1.196533e+00 4.438188e-01 2.025144e+00
      vertex   2.230767e+00 4.438188e-01 2.025144e+00
      vertex   1.196533e+00 4.556553e-01 2.072036e+00
    endloop
  endfacet
  facet normal 0.000000e+00 -9.695879e-01 2.447433e-01
    outer loop
      vertex   1.196533e+00 4.556553e-01 2.072036e+00
      vertex   2.230767e+00 4.438188e-01 2.025144e+00
      vertex   2.230767e+00 4.556553e-01 2.072036e+00
    endloop
  endfacet
  facet normal 0.000000e+00 -8.824920e-01 4.703275e-01
    outer loop
      vertex   1.196533e+00 4.556553e-01 2.072036e+00
      vertex   2.230767e+00 4.556553e-01 2.072036e+00
      vertex   1.257183e+01 4.784016e-01 2.114715e+00
    endloop
  endfacet
  facet normal -7.473523e-19 -8.824920e-01 4.703275e-01
    outer loop
      vertex   1.257183e+01 4.784016e-01 2.114715e+00
      vertex   2.230767e+00 4.556553e-01 2.072036e+00
      vertex   3.265001e+00 4.556553e-01 2.072036e+00
    endloop
  endfacet
  facet normal -7.473523e-19 -8.824920e-01 4.703275e-01
    outer loop
      vertex   1.257183e+01 4.784016e-01 2.114715e+00
      vertex   3.265001e+00 4.556553e-01 2.072036e+00
      vertex   4.299235e+00 4.556553e-01 2.072036e+00
    endloop
  endfacet
  facet normal 0.000000e+00 -9.695879e-01 2.447433e-01
    outer loop
      vertex   4.299235e+00 4.556553e-01 2.072036e+00
      vertex   3.265001e+00 4.556553e-01 2.072036e+00
      vertex   4.299235e+00 4.438188e-01 2.025144e+00
    endloop
  endfacet
  facet normal -8.529382e-19 -9.695879e-01 2.447433e-01
    outer loop
      vertex   4.299235e+00 4.556553e-01 2.072036e+00
      vertex   4.299235e+00 4.438188e-01 2.025144e+00
      vertex   5.333468e+00 4.438188e-01 2.025144e+00
    endloop
  endfacet
  facet normal 0.000000e+00 -9.999882e-01 4.848118e-03
    outer loop
      vertex   5.333468e+00 4.438188e-01 2.025144e+00
      vertex   4.299235e+00 4.438188e-01 2.025144e+00
      vertex   5.333468e+00 4.435844e-01 1.976781e+00
    endloop
  endfacet
  facet normal -1.424441e-20 -9.999882e-01 4.848118e-03
    outer loop
      vertex   5.333468e+00 4.438188e-01 2.025144e+00
      vertex   5.333468e+00 4.435844e-01 1.976781e+00
      vertex   6.367702e+00 4.435844e-01 1.976781e+00
    endloop
  endfacet
  facet normal -0.000000e+00 -9.719154e-01 -2.353306e-01
    outer loop
      vertex   6.367702e+00 4.435844e-01 1.976781e+00
      vertex   5.333468e+00 4.435844e-01 1.976781e+00
      vertex   6.367702e+00 4.549656e-01 1.929777e+00
    endloop
  endfacet
  facet normal -4.430518e-19 -9.719154e-01 -2.353306e-01
    outer loop
      vertex   6.367702e+00 4.435844e-01 1.976781e+00
      vertex   6.367702e+00 4.549656e-01 1.929777e+00
      vertex   7.401936e+00 4.549656e-01 1.929777e+00
    endloop
  endfacet
  facet normal -0.000000e+00 -8.870108e-01 -4.617486e-01
    outer loop
      vertex   7.401936e+00 4.549656e-01 1.929777e+00
      vertex   6.367702e+00 4.549656e-01 1.929777e+00
      vertex   7.401936e+00 4.772970e-01 1.886879e+00
    endloop
  endfacet
  facet normal 7.413041e-19 -8.870108e-01 -4.617486e-01
    outer loop
      vertex   7.401936e+00 4.549656e-01 1.929777e+00
      vertex   7.401936e+00 4.772970e-01 1.886879e+00
      vertex   8.436170e+00 4.772970e-01 1.886879e+00
    endloop
  endfacet
  facet normal -0.000000e+00 -7.502393e-01 -6.611664e-01
    outer loop
      vertex   8.436170e+00 4.772970e-01 1.886879e+00
      vertex   7.401936e+00 4.772970e-01 1.886879e+00
      vertex   8.436170e+00 5.092729e-01 1.850595e+00
    endloop
  endfacet
  facet normal 6.279573e-19 -7.502393e-01 -6.611664e-01
    outer loop
      vertex   8.436170e+00 4.772970e-01 1.886879e+00
      vertex   8.436170e+00 5.092729e-01 1.850595e+00
      vertex   9.470404e+00 5.092729e-01 1.850595e+00
    endloop
  endfacet
  facet normal -0.000000e+00 -5.695983e-01 -8.219232e-01
    outer loop
      vertex   9.470404e+00 5.092729e-01 1.850595e+00
      vertex   8.436170e+00 5.092729e-01 1.850595e+00
      vertex   9.470404e+00 5.490233e-01 1.823048e+00
    endloop
  endfacet
  facet normal 7.281209e-19 -5.695983e-01 -8.219232e-01
    outer loop
      vertex   9.470404e+00 5.092729e-01 1.850595e+00
      vertex   9.470404e+00 5.490233e-01 1.823048e+00
      vertex   1.050464e+01 5.490233e-01 1.823048e+00
    endloop
  endfacet
  facet normal -0.000000e+00 -3.556508e-01 -9.346189e-01
    outer loop
      vertex   1.050464e+01 5.490233e-01 1.823048e+00
      vertex   9.470404e+00 5.490233e-01 1.823048e+00
      vertex   1.050464e+01 5.942241e-01 1.805847e+00
    endloop
  endfacet
  facet normal -9.232117e-19 -3.556508e-01 -9.346189e-01
    outer loop
      vertex   1.050464e+01 5.490233e-01 1.823048e+00
      vertex   1.050464e+01 5.942241e-01 1.805847e+00
      vertex   1.153887e+01 5.942241e-01 1.805847e+00
    endloop
  endfacet
  facet normal -0.000000e+00 -1.209069e-01 -9.926639e-01
    outer loop
      vertex   1.153887e+01 5.942241e-01 1.805847e+00
      vertex   1.050464e+01 5.942241e-01 1.805847e+00
      vertex   1.257310e+01 6.422320e-01 1.800000e+00
    endloop
  endfacet
  facet normal 0.000000e+00 -1.209069e-01 -9.926639e-01
    outer loop
      vertex   1.153887e+01 5.942241e-01 1.805847e+00
      vertex   1.257310e+01 6.422320e-01 1.800000e+00
      vertex   1.257273e+01 5.942241e-01 1.805847e+00
    endloop
  endfacet
  facet normal 0.000000e+00 -9.695879e-01 2.447433e-01
    outer loop
      vertex   -1.018004e+01 4.556553e-01 2.072036e+00
      vertex   -1.121427e+01 4.556553e-01 2.072036e+00
      vertex   -1.018004e+01 4.438188e-01 2.025144e+00
    endloop
  endfacet
  facet normal 0.000000e+00 -9.695879e-01 2.447433e-01
    outer loop
      vertex   -1.018004e+01 4.438188e-01 2.025144e+00
      vertex   -1.121427e+01 4.556553e-01 2.072036e+00
      vertex   -1.121427e+01 4.438188e-01 2.025144e+00
    endloop
  endfacet
  facet normal 0.000000e+00 -9.999882e-01 4.848118e-03
    outer loop
      vertex   -1.018004e+01 4.438188e-01 2.025144e+00
      vertex   -1.121427e+01 4.438188e-01 2.025144e+00
      vertex   -1.018004e+01 4.435844e-01 1.976781e+00
    endloop
  endfacet
  facet normal 5.367307e-17 -9.999882e-01 4.848118e-03
    outer loop
      vertex   -1.018004e+01 4.435844e-01 1.976781e+00
      vertex   -1.121427e+01 4.438188e-01 2.025144e+00
      vertex   -1.121427e+01 4.435844e-01 1.976781e+00
    endloop
  endfacet
  facet normal 5.216629e-17 -9.719154e-01 -2.353306e-01
    outer loop
      vertex   -1.018004e+01 4.435844e-01 1.976781e+00
      vertex   -1.121427e+01 4.435844e-01 1.976781e+00
      vertex   -1.018004e+01 4.549656e-01 1.929777e+00
    endloop
  endfacet
  facet normal -0.000000e+00 -9.719154e-01 -2.353306e-01
    outer loop
      vertex   -1.018004e+01 4.549656e-01 1.929777e+00
      vertex   -1.121427e+01 4.435844e-01 1.976781e+00
      vertex   -1.121427e+01 4.549656e-01 1.929777e+00
    endloop
  endfacet
  facet normal -0.000000e+00 -8.870108e-01 -4.617486e-01
    outer loop
      vertex   -1.018004e+01 4.549656e-01 1.929777e+00
      vertex   -1.121427e+01 4.549656e-01 1.929777e+00
      vertex   -1.018004e+01 4.772970e-01 1.886879e+00
    endloop
  endfacet
  facet normal -0.000000e+00 -8.870108e-01 -4.617486e-01
    outer loop
      vertex   -1.018004e+01 4.772970e-01 1.886879e+00
      vertex   -1.121427e+01 4.549656e-01 1.929777e+00
      vertex   -1.121427e+01 4.772970e-01 1.886879e+00
    endloop
  endfacet
  facet normal -0.000000e+00 -7.502393e-01 -6.611664e-01
    outer loop
      vertex   -1.018004e+01 4.772970e-01 1.886879e+00
      vertex   -1.121427e+01 4.772970e-01 1.886879e+00
      vertex   -1.018004e+01 5.092729e-01 1.850595e+00
    endloop
  endfacet
  facet normal -8.053623e-17 -7.502393e-01 -6.611664e-01
    outer loop
      vertex   -1.018004e+01 5.092729e-01 1.850595e+00
      vertex   -1.121427e+01 4.772970e-01 1.886879e+00
      vertex   -1.121427e+01 5.092729e-01 1.850595e+00
    endloop
  endfacet
  facet normal -6.114490e-17 -5.695983e-01 -8.219232e-01
    outer loop
      vertex   -1.018004e+01 5.092729e-01 1.850595e+00
      vertex   -1.121427e+01 5.092729e-01 1.850595e+00
      vertex   -1.018004e+01 5.490233e-01 1.823048e+00
    endloop
  endfacet
  facet normal -3.529252e-16 -5.695983e-01 -8.219232e-01
    outer loop
      vertex   -1.018004e+01 5.490233e-01 1.823048e+00
      vertex   -1.121427e+01 5.092729e-01 1.850595e+00
      vertex   -1.121427e+01 5.490233e-01 1.823048e+00
    endloop
  endfacet
  facet normal -4.013156e-16 -3.556508e-01 -9.346189e-01
    outer loop
      vertex   -1.018004e+01 5.490233e-01 1.823048e+00
      vertex   -1.121427e+01 5.490233e-01 1.823048e+00
      vertex   -1.018004e+01 5.942241e-01 1.805847e+00
    endloop
  endfacet
  facet normal -0.000000e+00 -3.556508e-01 -9.346189e-01
    outer loop
      vertex   -1.018004e+01 5.942241e-01 1.805847e+00
      vertex   -1.121427e+01 5.490233e-01 1.823048e+00
      vertex   -1.121427e+01 5.942241e-01 1.805847e+00
    endloop
  endfacet
  facet normal -0.000000e+00 -1.209069e-01 -9.926639e-01
    outer loop
      vertex   -1.018004e+01 5.942241e-01 1.805847e+00
      vertex   -1.121427e+01 5.942241e-01 1.805847e+00
      vertex   -1.121427e+01 6.422320e-01 1.800000e+00
    endloop
  endfacet
  facet normal -0.000000e+00 -3.556508e-01 -9.346189e-01
    outer loop
      vertex   1.257273e+01 5.942241e-01 1.805847e+00
      vertex   1.257238e+01 5.490233e-01 1.823048e+00
      vertex   1.153887e+01 5.942241e-01 1.805847e+00
    endloop
  endfacet
  facet normal -9.238581e-19 -3.556508e-01 -9.346189e-01
    outer loop
      vertex   1.153887e+01 5.942241e-01 1.805847e+00
      vertex   1.257238e+01 5.490233e-01 1.823048e+00
      vertex   1.153887e+01 5.490233e-01 1.823048e+00
    endloop
  endfacet
  facet normal -9.232117e-19 -3.556508e-01 -9.346189e-01
    outer loop
      vertex   1.153887e+01 5.942241e-01 1.805847e+00
      vertex   1.153887e+01 5.490233e-01 1.823048e+00
      vertex   1.050464e+01 5.490233e-01 1.823048e+00
    endloop
  endfacet
  facet normal 0.000000e+00 -5.695983e-01 -8.219232e-01
    outer loop
      vertex   1.050464e+01 5.490233e-01 1.823048e+00
      vertex   1.153887e+01 5.490233e-01 1.823048e+00
      vertex   1.050464e+01 5.092729e-01 1.850595e+00
    endloop
  endfacet
  facet normal 7.281209e-19 -5.695983e-01 -8.219232e-01
    outer loop
      vertex   1.050464e+01 5.490233e-01 1.823048e+00
      vertex   1.050464e+01 5.092729e-01 1.850595e+00
      vertex   9.470404e+00 5.092729e-01 1.850595e+00
    endloop
  endfacet
  facet normal 0.000000e+00 -7.502393e-01 -6.611664e-01
    outer loop
      vertex   9.470404e+00 5.092729e-01 1.850595e+00
      vertex   1.050464e+01 5.092729e-01 1.850595e+00
      vertex   9.470404e+00 4.772970e-01 1.886879e+00
    endloop
  endfacet
  facet normal 6.279573e-19 -7.502393e-01 -6.611664e-01
    outer loop
      vertex   9.470404e+00 5.092729e-01 1.850595e+00
      vertex   9.470404e+00 4.772970e-01 1.886879e+00
      vertex   8.436170e+00 4.772970e-01 1.886879e+00
    endloop
  endfacet
  facet normal 0.000000e+00 -8.870108e-01 -4.617486e-01
    outer loop
      vertex   8.436170e+00 4.772970e-01 1.886879e+00
      vertex   9.470404e+00 4.772970e-01 1.886879e+00
      vertex   8.436170e+00 4.549656e-01 1.929777e+00
    endloop
  endfacet
  facet normal 7.413041e-19 -8.870108e-01 -4.617486e-01
    outer loop
      vertex   8.436170e+00 4.772970e-01 1.886879e+00
      vertex   8.436170e+00 4.549656e-01 1.929777e+00
      vertex   7.401936e+00 4.549656e-01 1.929777e+00
    endloop
  endfacet
  facet normal 0.000000e+00 -9.719154e-01 -2.353306e-01
    outer loop
      vertex   7.401936e+00 4.549656e-01 1.929777e+00
      vertex   8.436170e+00 4.549656e-01 1.929777e+00
      vertex   7.401936e+00 4.435844e-01 1.976781e+00
    endloop
  endfacet
  facet normal -4.430518e-19 -9.719154e-01 -2.353306e-01
    outer loop
      vertex   7.401936e+00 4.549656e-01 1.929777e+00
      vertex   7.401936e+00 4.435844e-01 1.976781e+00
      vertex   6.367702e+00 4.435844e-01 1.976781e+00
    endloop
  endfacet
  facet normal 0.000000e+00 -9.999882e-01 4.848118e-03
    outer loop
      vertex   6.367702e+00 4.435844e-01 1.976781e+00
      vertex   7.401936e+00 4.435844e-01 1.976781e+00
      vertex   6.367702e+00 4.438188e-01 2.025144e+00
    endloop
  endfacet
  facet normal -1.424441e-20 -9.999882e-01 4.848118e-03
    outer loop
      vertex   6.367702e+00 4.435844e-01 1.976781e+00
      vertex   6.367702e+00 4.438188e-01 2.025144e+00
      vertex   5.333468e+00 4.438188e-01 2.025144e+00
    endloop
  endfacet
  facet normal 0.000000e+00 -9.695879e-01 2.447433e-01
    outer loop
      vertex   5.333468e+00 4.438188e-01 2.025144e+00
      vertex   6.367702e+00 4.438188e-01 2.025144e+00
      vertex   5.333468e+00 4.556553e-01 2.072036e+00
    endloop
  endfacet
  facet normal -8.529382e-19 -9.695879e-01 2.447433e-01
    outer loop
      vertex   5.333468e+00 4.438188e-01 2.025144e+00
      vertex   5.333468e+00 4.556553e-01 2.072036e+00
      vertex   4.299235e+00 4.556553e-01 2.072036e+00
    endloop
  endfacet
  facet normal 0.000000e+00 -8.824920e-01 4.703275e-01
    outer loop
      vertex   4.299235e+00 4.556553e-01 2.072036e+00
      vertex   5.333468e+00 4.556553e-01 2.072036e+00
      vertex   1.257183e+01 4.784016e-01 2.114715e+00
    endloop
  endfacet
  facet normal -0.000000e+00 -5.695983e-01 -8.219232e-01
    outer loop
      vertex   1.257238e+01 5.490233e-01 1.823048e+00
      vertex   1.257207e+01 5.092729e-01 1.850595e+00
      vertex   1.153887e+01 5.490233e-01 1.823048e+00
    endloop
  endfacet
  facet normal 7.288483e-19 -5.695983e-01 -8.219232e-01
    outer loop
      vertex   1.153887e+01 5.490233e-01 1.823048e+00
      vertex   1.257207e+01 5.092729e-01 1.850595e+00
      vertex   1.153887e+01 5.092729e-01 1.850595e+00
    endloop
  endfacet
  facet normal 7.281209e-19 -5.695983e-01 -8.219232e-01
    outer loop
      vertex   1.153887e+01 5.490233e-01 1.823048e+00
      vertex   1.153887e+01 5.092729e-01 1.850595e+00
      vertex   1.050464e+01 5.092729e-01 1.850595e+00
    endloop
  endfacet
  facet normal 0.000000e+00 -7.502393e-01 -6.611664e-01
    outer loop
      vertex   1.050464e+01 5.092729e-01 1.850595e+00
      vertex   1.153887e+01 5.092729e-01 1.850595e+00
      vertex   1.050464e+01 4.772970e-01 1.886879e+00
    endloop
  endfacet
  facet normal 6.279573e-19 -7.502393e-01 -6.611664e-01
    outer loop
      vertex   1.050464e+01 5.092729e-01 1.850595e+00
      vertex   1.050464e+01 4.772970e-01 1.886879e+00
      vertex   9.470404e+00 4.772970e-01 1.886879e+00
    endloop
  endfacet
  facet normal 0.000000e+00 -8.870108e-01 -4.617486e-01
    outer loop
      vertex   9.470404e+00 4.772970e-01 1.886879e+00
      vertex   1.050464e+01 4.772970e-01 1.886879e+00
      vertex   9.470404e+00 4.549656e-01 1.929777e+00
    endloop
  endfacet
  facet normal 7.413041e-19 -8.870108e-01 -4.617486e-01
    outer loop
      vertex   9.470404e+00 4.772970e-01 1.886879e+00
      vertex   9.470404e+00 4.549656e-01 1.929777e+00
      vertex   8.436170e+00 4.549656e-01 1.929777e+00
    endloop
  endfacet
  facet normal 0.000000e+00 -9.719154e-01 -2.353306e-01
    outer loop
      vertex   8.436170e+00 4.549656e-01 1.929777e+00
      vertex   9.470404e+00 4.549656e-01 1.929777e+00
      vertex   8.436170e+00 4.435844e-01 1.976781e+00
    endloop
  endfacet
  facet normal -4.430518e-19 -9.719154e-01 -2.353306e-01
    outer loop
      vertex   8.436170e+00 4.549656e-01 1.929777e+00
      vertex   8.436170e+00 4.435844e-01 1.976781e+00
      vertex   7.401936e+00 4.435844e-01 1.976781e+00
    endloop
  endfacet
  facet normal 0.000000e+00 -9.999882e-01 4.848118e-03
    outer loop
      vertex   7.401936e+00 4.435844e-01 1.976781e+00
      vertex   8.436170e+00 4.435844e-01 1.976781e+00
      vertex   7.401936e+00 4.438188e-01 2.025144e+00
    endloop
  endfacet
  facet normal -1.424441e-20 -9.999882e-01 4.848118e-03
    outer loop
      vertex   7.401936e+00 4.435844e-01 1.976781e+00
      vertex   7.401936e+00 4.438188e-01 2.025144e+00
      vertex   6.367702e+00 4.438188e-01 2.025144e+00
    endloop
  endfacet
  facet normal 0.000000e+00 -9.695879e-01 2.447433e-01
    outer loop
      vertex   6.367702e+00 4.438188e-01 2.025144e+00
      vertex   7.401936e+00 4.438188e-01 2.025144e+00
      vertex   6.367702e+00 4.556553e-01 2.072036e+00
    endloop
  endfacet
  facet normal -8.529382e-19 -9.695879e-01 2.447433e-01
    outer loop
      vertex   6.367702e+00 4.438188e-01 2.025144e+00
      vertex   6.367702e+00 4.556553e-01 2.072036e+00
      vertex   5.333468e+00 4.556553e-01 2.072036e+00
    endloop
  endfacet
  facet normal 0.000000e+00 -8.824920e-01 4.703275e-01
    outer loop
      vertex   5.333468e+00 4.556553e-01 2.072036e+00
      vertex   6.367702e+00 4.556553e-01 2.072036e+00
      vertex   1.257183e+01 4.784016e-01 2.114715e+00
    endloop
  endfacet
  facet normal -0.000000e+00 -7.502393e-01 -6.611664e-01
    outer loop
      vertex   1.257207e+01 5.092729e-01 1.850595e+00
      vertex   1.257182e+01 4.772970e-01 1.886879e+00
      vertex   1.153887e+01 5.092729e-01 1.850595e+00
    endloop
  endfacet
  facet normal 6.287358e-19 -7.502393e-01 -6.611664e-01
    outer loop
      vertex   1.153887e+01 5.092729e-01 1.850595e+00
      vertex   1.257182e+01 4.772970e-01 1.886879e+00
      vertex   1.153887e+01 4.772970e-01 1.886879e+00
    endloop
  endfacet
  facet normal 6.279573e-19 -7.502393e-01 -6.611664e-01
    outer loop
      vertex   1.153887e+01 5.092729e-01 1.850595e+00
      vertex   1.153887e+01 4.772970e-01 1.886879e+00
      vertex   1.050464e+01 4.772970e-01 1.886879e+00
    endloop
  endfacet
  facet normal 0.000000e+00 -8.870108e-01 -4.617486e-01
    outer loop
      vertex   1.050464e+01 4.772970e-01 1.886879e+00
      vertex   1.153887e+01 4.772970e-01 1.886879e+00
      vertex   1.050464e+01 4.549656e-01 1.929777e+00
    endloop
  endfacet
  facet normal 7.413041e-19 -8.870108e-01 -4.617486e-01
    outer loop
      vertex   1.050464e+01 4.772970e-01 1.886879e+00
      vertex   1.050464e+01 4.549656e-01 1.929777e+00
      vertex   9.470404e+00 4.549656e-01 1.929777e+00
    endloop
  endfacet
  facet normal 0.000000e+00 -9.719154e-01 -2.353306e-01
    outer loop
      vertex   9.470404e+00 4.549656e-01 1.929777e+00
      vertex   1.050464e+01 4.549656e-01 1.929777e+00
      vertex   9.470404e+00 4.435844e-01 1.976781e+00
    endloop
  endfacet
  facet normal -4.430518e-19 -9.719154e-01 -2.353306e-01
    outer loop
      vertex   9.470404e+00 4.549656e-01 1.929777e+00
      vertex   9.470404e+00 4.435844e-01 1.976781e+00
      vertex   8.436170e+00 4.435844e-01 1.976781e+00
    endloop
  endfacet
  facet normal 0.000000e+00 -9.999882e-01 4.848118e-03
    outer loop
      vertex   8.436170e+00 4.435844e-01 1.976781e+00
      vertex   9.470404e+00 4.435844e-01 1.976781e+00
      vertex   8.436170e+00 4.438188e-01 2.025144e+00
    endloop
  endfacet
  facet normal -1.424441e-20 -9.999882e-01 4.848118e-03
    outer loop
      vertex   8.436170e+00 4.435844e-01 1.976781e+00
      vertex   8.436170e+00 4.438188e-01 2.025144e+00
      vertex   7.401936e+00 4.438188e-01 2.025144e+00
    endloop
  endfacet
  facet normal 0.000000e+00 -9.695879e-01 2.447433e-01
    outer loop
      vertex   7.401936e+00 4.438188e-01 2.025144e+00
      vertex   8.436170e+00 4.438188e-01 2.025144e+00
      vertex   7.401936e+00 4.556553e-01 2.072036e+00
    endloop
  endfacet
  facet normal -8.529382e-19 -9.695879e-01 2.447433e-01
    outer loop
      vertex   7.401936e+00 4.438188e-01 2.025144e+00
      vertex   7.401936e+00 4.556553e-01 2.072036e+00
      vertex   6.367702e+00 4.556553e-01 2.072036e+00
    endloop
  endfacet
  facet normal 0.000000e+00 -8.824920e-01 4.703275e-01
    outer loop
      vertex   6.367702e+00 4.556553e-01 2.072036e+00
      vertex   7.401936e+00 4.556553e-01 2.072036e+00
      vertex   1.257183e+01 4.784016e-01 2.114715e+00
    endloop
  endfacet
  facet normal -0.000000e+00 -8.870108e-01 -4.617486e-01
    outer loop
      vertex   1.257182e+01 4.772970e-01 1.886879e+00
      vertex   1.257165e+01 4.549656e-01 1.929777e+00
      vertex   1.153887e+01 4.772970e-01 1.886879e+00
    endloop
  endfacet
  facet normal 5.857262e-19 -8.870108e-01 -4.617486e-01
    outer loop
      vertex   1.153887e+01 4.772970e-01 1.886879e+00
      vertex   1.257165e+01 4.549656e-01 1.929777e+00
      vertex   1.153887e+01 4.549656e-01 1.929777e+00
    endloop
  endfacet
  facet normal 9.595961e-17 -8.870108e-01 -4.617486e-01
    outer loop
      vertex   1.153887e+01 4.772970e-01 1.886879e+00
      vertex   1.153887e+01 4.549656e-01 1.929777e+00
      vertex   1.050464e+01 4.549656e-01 1.929777e+00
    endloop
  endfacet
  facet normal 1.043326e-16 -9.719154e-01 -2.353306e-01
    outer loop
      vertex   1.050464e+01 4.549656e-01 1.929777e+00
      vertex   1.153887e+01 4.549656e-01 1.929777e+00
      vertex   1.050464e+01 4.435844e-01 1.976781e+00
    endloop
  endfacet
  facet normal -4.430518e-19 -9.719154e-01 -2.353306e-01
    outer loop
      vertex   1.050464e+01 4.549656e-01 1.929777e+00
      vertex   1.050464e+01 4.435844e-01 1.976781e+00
      vertex   9.470404e+00 4.435844e-01 1.976781e+00
    endloop
  endfacet
  facet normal 0.000000e+00 -9.999882e-01 4.848118e-03
    outer loop
      vertex   9.470404e+00 4.435844e-01 1.976781e+00
      vertex   1.050464e+01 4.435844e-01 1.976781e+00
      vertex   9.470404e+00 4.438188e-01 2.025144e+00
    endloop
  endfacet
  facet normal -1.424441e-20 -9.999882e-01 4.848118e-03
    outer loop
      vertex   9.470404e+00 4.435844e-01 1.976781e+00
      vertex   9.470404e+00 4.438188e-01 2.025144e+00
      vertex   8.436170e+00 4.438188e-01 2.025144e+00
    endloop
  endfacet
  facet normal 0.000000e+00 -9.695879e-01 2.447433e-01
    outer loop
      vertex   8.436170e+00 4.438188e-01 2.025144e+00
      vertex   9.470404e+00 4.438188e-01 2.025144e+00
      vertex   8.436170e+00 4.556553e-01 2.072036e+00
    endloop
  endfacet
  facet normal -8.529382e-19 -9.695879e-01 2.447433e-01
    outer loop
      vertex   8.436170e+00 4.438188e-01 2.025144e+00
      vertex   8.436170e+00 4.556553e-01 2.072036e+00
      vertex   7.401936e+00 4.556553e-01 2.072036e+00
    endloop
  endfacet
  facet normal 0.000000e+00 -8.824920e-01 4.703275e-01
    outer loop
      vertex   7.401936e+00 4.556553e-01 2.072036e+00
      vertex   8.436170e+00 4.556553e-01 2.072036e+00
      vertex   1.257183e+01 4.784016e-01 2.114715e+00
    endloop
  endfacet
  facet normal -0.000000e+00 -9.719154e-01 -2.353306e-01
    outer loop
      vertex   1.257165e+01 4.549656e-01 1.929777e+00
      vertex   1.257156e+01 4.435844e-01 1.976781e+00
      vertex   1.153887e+01 4.549656e-01 1.929777e+00
    endloop
  endfacet
  facet normal -5.297579e-17 -9.719154e-01 -2.353306e-01
    outer loop
      vertex   1.153887e+01 4.549656e-01 1.929777e+00
      vertex   1.257156e+01 4.435844e-01 1.976781e+00
      vertex   1.153887e+01 4.435844e-01 1.976781e+00
    endloop
  endfacet
  facet normal -7.305051e-19 -9.719154e-01 -2.353306e-01
    outer loop
      vertex   1.153887e+01 4.549656e-01 1.929777e+00
      vertex   1.153887e+01 4.435844e-01 1.976781e+00
      vertex   1.050464e+01 4.435844e-01 1.976781e+00
    endloop
  endfacet
  facet normal 0.000000e+00 -9.999882e-01 4.848118e-03
    outer loop
      vertex   1.050464e+01 4.435844e-01 1.976781e+00
      vertex   1.153887e+01 4.435844e-01 1.976781e+00
      vertex   1.050464e+01 4.438188e-01 2.025144e+00
    endloop
  endfacet
  facet normal -1.424441e-20 -9.999882e-01 4.848118e-03
    outer loop
      vertex   1.050464e+01 4.435844e-01 1.976781e+00
      vertex   1.050464e+01 4.438188e-01 2.025144e+00
      vertex   9.470404e+00 4.438188e-01 2.025144e+00
    endloop
  endfacet
  facet normal 0.000000e+00 -9.695879e-01 2.447433e-01
    outer loop
      vertex   9.470404e+00 4.438188e-01 2.025144e+00
      vertex   1.050464e+01 4.438188e-01 2.025144e+00
      vertex   9.470404e+00 4.556553e-01 2.072036e+00
    endloop
  endfacet
  facet normal -8.529382e-19 -9.695879e-01 2.447433e-01
    outer loop
      vertex   9.470404e+00 4.438188e-01 2.025144e+00
      vertex   9.470404e+00 4.556553e-01 2.072036e+00
      vertex   8.436170e+00 4.556553e-01 2.072036e+00
    endloop
  endfacet
  facet normal 0.000000e+00 -8.824920e-01 4.703275e-01
    outer loop
      vertex   8.436170e+00 4.556553e-01 2.072036e+00
      vertex   9.470404e+00 4.556553e-01 2.072036e+00
      vertex   1.257183e+01 4.784016e-01 2.114715e+00
    endloop
  endfacet
  facet normal -5.375322e-17 -9.999882e-01 4.848118e-03
    outer loop
      vertex   1.153887e+01 4.435844e-01 1.976781e+00
      vertex   1.257156e+01 4.435844e-01 1.976781e+00
      vertex   1.153887e+01 4.438188e-01 2.025144e+00
    endloop
  endfacet
  facet normal 0.000000e+00 -9.999882e-01 4.848118e-03
    outer loop
      vertex   1.153887e+01 4.438188e-01 2.025144e+00
      vertex   1.257156e+01 4.435844e-01 1.976781e+00
      vertex   1.257156e+01 4.438188e-01 2.025144e+00
    endloop
  endfacet
  facet normal 0.000000e+00 -9.695879e-01 2.447433e-01
    outer loop
      vertex   1.153887e+01 4.438188e-01 2.025144e+00
      vertex   1.257156e+01 4.438188e-01 2.025144e+00
      vertex   1.153887e+01 4.556553e-01 2.072036e+00
    endloop
  endfacet
  facet normal 0.000000e+00 -9.695879e-01 2.447433e-01
    outer loop
      vertex   1.153887e+01 4.556553e-01 2.072036e+00
      vertex   1.257156e+01 4.438188e-01 2.025144e+00
      vertex   1.257166e+01 4.556553e-01 2.072036e+00
    endloop
  endfacet
  facet normal 0.000000e+00 -8.824920e-01 4.703275e-01
    outer loop
      vertex   1.153887e+01 4.556553e-01 2.072036e+00
      vertex   1.257166e+01 4.556553e-01 2.072036e+00
      vertex   1.257183e+01 4.784016e-01 2.114715e+00
    endloop
  endfacet
  facet normal 2.019537e-16 -8.824920e-01 4.703275e-01
    outer loop
      vertex   1.196533e+00 4.556553e-01 2.072036e+00
      vertex   1.257183e+01 4.784016e-01 2.114715e+00
      vertex   1.622994e-01 4.556553e-01 2.072036e+00
    endloop
  endfacet
  facet normal 8.826893e-18 -8.824920e-01 4.703275e-01
    outer loop
      vertex   1.622994e-01 4.556553e-01 2.072036e+00
      vertex   1.257183e+01 4.784016e-01 2.114715e+00
      vertex   -1.121427e+01 4.784016e-01 2.114715e+00
    endloop
  endfacet
  facet normal 0.000000e+00 -8.824920e-01 4.703275e-01
    outer loop
      vertex   1.622994e-01 4.556553e-01 2.072036e+00
      vertex   -1.121427e+01 4.784016e-01 2.114715e+00
      vertex   -8.719344e-01 4.556553e-01 2.072036e+00
    endloop
  endfacet
  facet normal 0.000000e+00 -8.824920e-01 4.703275e-01
    outer loop
      vertex   -8.719344e-01 4.556553e-01 2.072036e+00
      vertex   -1.121427e+01 4.784016e-01 2.114715e+00
      vertex   -1.906168e+00 4.556553e-01 2.072036e+00
    endloop
  endfacet
  facet normal 0.000000e+00 -9.695879e-01 2.447433e-01
    outer loop
      vertex   -8.719344e-01 4.556553e-01 2.072036e+00
      vertex   -1.906168e+00 4.556553e-01 2.072036e+00
      vertex   -8.719344e-01 4.438188e-01 2.025144e+00
    endloop
  endfacet
  facet normal 1.050902e-16 -9.695879e-01 2.447433e-01
    outer loop
      vertex   -8.719344e-01 4.438188e-01 2.025144e+00
      vertex   -1.906168e+00 4.556553e-01 2.072036e+00
      vertex   -1.906168e+00 4.438188e-01 2.025144e+00
    endloop
  endfacet
  facet normal 2.081731e-18 -9.999882e-01 4.848118e-03
    outer loop
      vertex   -8.719344e-01 4.438188e-01 2.025144e+00
      vertex   -1.906168e+00 4.438188e-01 2.025144e+00
      vertex   -8.719344e-01 4.435844e-01 1.976781e+00
    endloop
  endfacet
  facet normal 0.000000e+00 -9.999882e-01 4.848118e-03
    outer loop
      vertex   -8.719344e-01 4.435844e-01 1.976781e+00
      vertex   -1.906168e+00 4.438188e-01 2.025144e+00
      vertex   -1.906168e+00 4.435844e-01 1.976781e+00
    endloop
  endfacet
  facet normal -0.000000e+00 -9.719154e-01 -2.353306e-01
    outer loop
      vertex   -8.719344e-01 4.435844e-01 1.976781e+00
      vertex   -1.906168e+00 4.435844e-01 1.976781e+00
      vertex   -8.719344e-01 4.549656e-01 1.929777e+00
    endloop
  endfacet
  facet normal -0.000000e+00 -9.719154e-01 -2.353306e-01
    outer loop
      vertex   -8.719344e-01 4.549656e-01 1.929777e+00
      vertex   -1.906168e+00 4.435844e-01 1.976781e+00
      vertex   -1.906168e+00 4.549656e-01 1.929777e+00
    endloop
  endfacet
  facet normal -0.000000e+00 -8.870108e-01 -4.617486e-01
    outer loop
      vertex   -8.719344e-01 4.549656e-01 1.929777e+00
      vertex   -1.906168e+00 4.549656e-01 1.929777e+00
      vertex   -8.719344e-01 4.772970e-01 1.886879e+00
    endloop
  endfacet
  facet normal -0.000000e+00 -8.870108e-01 -4.617486e-01
    outer loop
      vertex   -8.719344e-01 4.772970e-01 1.886879e+00
      vertex   -1.906168e+00 4.549656e-01 1.929777e+00
      vertex   -1.906168e+00 4.772970e-01 1.886879e+00
    endloop
  endfacet
  facet normal -0.000000e+00 -7.502393e-01 -6.611664e-01
    outer loop
      vertex   -8.719344e-01 4.772970e-01 1.886879e+00
      vertex   -1.906168e+00 4.772970e-01 1.886879e+00
      vertex   -8.719344e-01 5.092729e-01 1.850595e+00
    endloop
  endfacet
  facet normal -0.000000e+00 -7.502393e-01 -6.611664e-01
    outer loop
      vertex   -8.719344e-01 5.092729e-01 1.850595e+00
      vertex   -1.906168e+00 4.772970e-01 1.886879e+00
      vertex   -1.906168e+00 5.092729e-01 1.850595e+00
    endloop
  endfacet
  facet normal -0.000000e+00 -5.695983e-01 -8.219232e-01
    outer loop
      vertex   -8.719344e-01 5.092729e-01 1.850595e+00
      vertex   -1.906168e+00 5.092729e-01 1.850595e+00
      vertex   -8.719344e-01 5.490233e-01 1.823048e+00
    endloop
  endfacet
  facet normal -0.000000e+00 -5.695983e-01 -8.219232e-01
    outer loop
      vertex   -8.719344e-01 5.490233e-01 1.823048e+00
      vertex   -1.906168e+00 5.092729e-01 1.850595e+00
      vertex   -1.906168e+00 5.490233e-01 1.823048e+00
    endloop
  endfacet
  facet normal -0.000000e+00 -3.556508e-01 -9.346189e-01
    outer loop
      vertex   -8.719344e-01 5.490233e-01 1.823048e+00
      vertex   -1.906168e+00 5.490233e-01 1.823048e+00
      vertex   -8.719344e-01 5.942241e-01 1.805847e+00
    endloop
  endfacet
  facet normal 0.000000e+00 -9.695879e-01 2.447433e-01
    outer loop
      vertex   -9.145805e+00 4.556553e-01 2.072036e+00
      vertex   -1.018004e+01 4.556553e-01 2.072036e+00
      vertex   -9.145805e+00 4.438188e-01 2.025144e+00
    endloop
  endfacet
  facet normal 0.000000e+00 -9.695879e-01 2.447433e-01
    outer loop
      vertex   -9.145805e+00 4.438188e-01 2.025144e+00
      vertex   -1.018004e+01 4.556553e-01 2.072036e+00
      vertex   -1.018004e+01 4.438188e-01 2.025144e+00
    endloop
  endfacet
  facet normal 0.000000e+00 -9.999882e-01 4.848118e-03
    outer loop
      vertex   -9.145805e+00 4.438188e-01 2.025144e+00
      vertex   -1.018004e+01 4.438188e-01 2.025144e+00
      vertex   -9.145805e+00 4.435844e-01 1.976781e+00
    endloop
  endfacet
  facet normal 0.000000e+00 -9.999882e-01 4.848118e-03
    outer loop
      vertex   -9.145805e+00 4.435844e-01 1.976781e+00
      vertex   -1.018004e+01 4.438188e-01 2.025144e+00
      vertex   -1.018004e+01 4.435844e-01 1.976781e+00
    endloop
  endfacet
  facet normal -0.000000e+00 -9.719154e-01 -2.353306e-01
    outer loop
      vertex   -9.145805e+00 4.435844e-01 1.976781e+00
      vertex   -1.018004e+01 4.435844e-01 1.976781e+00
      vertex   -9.145805e+00 4.549656e-01 1.929777e+00
    endloop
  endfacet
  facet normal -0.000000e+00 -9.719154e-01 -2.353306e-01
    outer loop
      vertex   -9.145805e+00 4.549656e-01 1.929777e+00
      vertex   -1.018004e+01 4.435844e-01 1.976781e+00
      vertex   -1.018004e+01 4.549656e-01 1.929777e+00
    endloop
  endfacet
  facet normal -0.000000e+00 -8.870108e-01 -4.617486e-01
    outer loop
      vertex   -9.145805e+00 4.549656e-01 1.929777e+00
      vertex   -1.018004e+01 4.549656e-01 1.929777e+00
      vertex   -9.145805e+00 4.772970e-01 1.886879e+00
    endloop
  endfacet
  facet normal -0.000000e+00 -8.870108e-01 -4.617486e-01
    outer loop
      vertex   -9.145805e+00 4.772970e-01 1.886879e+00
      vertex   -1.018004e+01 4.549656e-01 1.929777e+00
      vertex   -1.018004e+01 4.772970e-01 1.886879e+00
    endloop
  endfacet
  facet normal -0.000000e+00 -7.502393e-01 -6.611664e-01
    outer loop
      vertex   -9.145805e+00 4.772970e-01 1.886879e+00
      vertex   -1.018004e+01 4.772970e-01 1.886879e+00
      vertex   -9.145805e+00 5.092729e-01 1.850595e+00
    endloop
  endfacet
  facet normal -0.000000e+00 -7.502393e-01 -6.611664e-01
    outer loop
      vertex   -9.145805e+00 5.092729e-01 1.850595e+00
      vertex   -1.018004e+01 4.772970e-01 1.886879e+00
      vertex   -1.018004e+01 5.092729e-01 1.850595e+00
    endloop
  endfacet
  facet normal -0.000000e+00 -5.695983e-01 -8.219232e-01
    outer loop
      vertex   -9.145805e+00 5.092729e-01 1.850595e+00
      vertex   -1.018004e+01 5.092729e-01 1.850595e+00
      vertex   -9.145805e+00 5.490233e-01 1.823048e+00
    endloop
  endfacet
  facet normal -0.000000e+00 -5.695983e-01 -8.219232e-01
    outer loop
      vertex   -9.145805e+00 5.490233e-01 1.823048e+00
      vertex   -1.018004e+01 5.092729e-01 1.850595e+00
      vertex   -1.018004e+01 5.490233e-01 1.823048e+00
    endloop
  endfacet
  facet normal -0.000000e+00 -3.556508e-01 -9.346189e-01
    outer loop
      vertex   -9.145805e+00 5.490233e-01 1.823048e+00
      vertex   -1.018004e+01 5.490233e-01 1.823048e+00
      vertex   -9.145805e+00 5.942241e-01 1.805847e+00
    endloop
  endfacet
  facet normal -0.000000e+00 -3.556508e-01 -9.346189e-01
    outer loop
      vertex   -9.145805e+00 5.942241e-01 1.805847e+00
      vertex   -1.018004e+01 5.490233e-01 1.823048e+00
      vertex   -1.018004e+01 5.942241e-01 1.805847e+00
    endloop
  endfacet
  facet normal -0.000000e+00 -1.209069e-01 -9.926639e-01
    outer loop
      vertex   -9.145805e+00 5.942241e-01 1.805847e+00
      vertex   -1.018004e+01 5.942241e-01 1.805847e+00
      vertex   -1.121427e+01 6.422320e-01 1.800000e+00
    endloop
  endfacet
  facet normal 0.000000e+00 -8.824920e-01 4.703275e-01
    outer loop
      vertex   -8.111571e+00 4.556553e-01 2.072036e+00
      vertex   -7.077337e+00 4.556553e-01 2.072036e+00
      vertex   -1.121427e+01 4.784016e-01 2.114715e+00
    endloop
  endfacet
  facet normal -4.266074e-19 -8.824920e-01 4.703275e-01
    outer loop
      vertex   -1.121427e+01 4.784016e-01 2.114715e+00
      vertex   -7.077337e+00 4.556553e-01 2.072036e+00
      vertex   -6.043103e+00 4.556553e-01 2.072036e+00
    endloop
  endfacet
  facet normal -4.266074e-19 -8.824920e-01 4.703275e-01
    outer loop
      vertex   -1.121427e+01 4.784016e-01 2.114715e+00
      vertex   -6.043103e+00 4.556553e-01 2.072036e+00
      vertex   -5.008870e+00 4.556553e-01 2.072036e+00
    endloop
  endfacet
  facet normal 0.000000e+00 -9.695879e-01 2.447433e-01
    outer loop
      vertex   -5.008870e+00 4.556553e-01 2.072036e+00
      vertex   -6.043103e+00 4.556553e-01 2.072036e+00
      vertex   -5.008870e+00 4.438188e-01 2.025144e+00
    endloop
  endfacet
  facet normal -8.341362e-19 -9.695879e-01 2.447433e-01
    outer loop
      vertex   -5.008870e+00 4.556553e-01 2.072036e+00
      vertex   -5.008870e+00 4.438188e-01 2.025144e+00
      vertex   -3.974636e+00 4.438188e-01 2.025144e+00
    endloop
  endfacet
  facet normal 0.000000e+00 -9.999882e-01 4.848118e-03
    outer loop
      vertex   -3.974636e+00 4.438188e-01 2.025144e+00
      vertex   -5.008870e+00 4.438188e-01 2.025144e+00
      vertex   -3.974636e+00 4.435844e-01 1.976781e+00
    endloop
  endfacet
  facet normal 1.486542e-21 -9.999882e-01 4.848118e-03
    outer loop
      vertex   -3.974636e+00 4.438188e-01 2.025144e+00
      vertex   -3.974636e+00 4.435844e-01 1.976781e+00
      vertex   -2.940402e+00 4.435844e-01 1.976781e+00
    endloop
  endfacet
  facet normal -0.000000e+00 -9.719154e-01 -2.353306e-01
    outer loop
      vertex   -2.940402e+00 4.435844e-01 1.976781e+00
      vertex   -3.974636e+00 4.435844e-01 1.976781e+00
      vertex   -2.940402e+00 4.549656e-01 1.929777e+00
    endloop
  endfacet
  facet normal -4.430518e-19 -9.719154e-01 -2.353306e-01
    outer loop
      vertex   -2.940402e+00 4.435844e-01 1.976781e+00
      vertex   -2.940402e+00 4.549656e-01 1.929777e+00
      vertex   -1.906168e+00 4.549656e-01 1.929777e+00
    endloop
  endfacet
  facet normal -0.000000e+00 -8.870108e-01 -4.617486e-01
    outer loop
      vertex   -1.906168e+00 4.549656e-01 1.929777e+00
      vertex   -2.940402e+00 4.549656e-01 1.929777e+00
      vertex   -1.906168e+00 4.772970e-01 1.886879e+00
    endloop
  endfacet
  facet normal 0.000000e+00 -9.695879e-01 2.447433e-01
    outer loop
      vertex   -8.111571e+00 4.556553e-01 2.072036e+00
      vertex   -7.077337e+00 4.438188e-01 2.025144e+00
      vertex   -7.077337e+00 4.556553e-01 2.072036e+00
    endloop
  endfacet
  facet normal -8.341362e-19 -9.695879e-01 2.447433e-01
    outer loop
      vertex   -7.077337e+00 4.556553e-01 2.072036e+00
      vertex   -7.077337e+00 4.438188e-01 2.025144e+00
      vertex   -6.043103e+00 4.438188e-01 2.025144e+00
    endloop
  endfacet
  facet normal 0.000000e+00 -9.695879e-01 2.447433e-01
    outer loop
      vertex   -7.077337e+00 4.556553e-01 2.072036e+00
      vertex   -6.043103e+00 4.438188e-01 2.025144e+00
      vertex   -6.043103e+00 4.556553e-01 2.072036e+00
    endloop
  endfacet
  facet normal -8.341362e-19 -9.695879e-01 2.447433e-01
    outer loop
      vertex   -6.043103e+00 4.556553e-01 2.072036e+00
      vertex   -6.043103e+00 4.438188e-01 2.025144e+00
      vertex   -5.008870e+00 4.438188e-01 2.025144e+00
    endloop
  endfacet
  facet normal 0.000000e+00 -8.824920e-01 4.703275e-01
    outer loop
      vertex   -5.008870e+00 4.556553e-01 2.072036e+00
      vertex   -3.974636e+00 4.556553e-01 2.072036e+00
      vertex   -1.121427e+01 4.784016e-01 2.114715e+00
    endloop
  endfacet
  facet normal -4.811396e-17 -8.824920e-01 4.703275e-01
    outer loop
      vertex   -1.121427e+01 4.784016e-01 2.114715e+00
      vertex   -3.974636e+00 4.556553e-01 2.072036e+00
      vertex   -2.940402e+00 4.556553e-01 2.072036e+00
    endloop
  endfacet
  facet normal -7.473523e-19 -8.824920e-01 4.703275e-01
    outer loop
      vertex   -1.121427e+01 4.784016e-01 2.114715e+00
      vertex   -2.940402e+00 4.556553e-01 2.072036e+00
      vertex   -1.906168e+00 4.556553e-01 2.072036e+00
    endloop
  endfacet
  facet normal 0.000000e+00 -9.695879e-01 2.447433e-01
    outer loop
      vertex   -1.906168e+00 4.556553e-01 2.072036e+00
      vertex   -2.940402e+00 4.556553e-01 2.072036e+00
      vertex   -1.906168e+00 4.438188e-01 2.025144e+00
    endloop
  endfacet
  facet normal 0.000000e+00 -9.695879e-01 2.447433e-01
    outer loop
      vertex   -5.008870e+00 4.556553e-01 2.072036e+00
      vertex   -3.974636e+00 4.438188e-01 2.025144e+00
      vertex   -3.974636e+00 4.556553e-01 2.072036e+00
    endloop
  endfacet
  facet normal -8.341362e-19 -9.695879e-01 2.447433e-01
    outer loop
      vertex   -3.974636e+00 4.556553e-01 2.072036e+00
      vertex   -3.974636e+00 4.438188e-01 2.025144e+00
      vertex   -2.940402e+00 4.438188e-01 2.025144e+00
    endloop
  endfacet
  facet normal -5.204137e-17 -9.695879e-01 2.447433e-01
    outer loop
      vertex   -3.974636e+00 4.556553e-01 2.072036e+00
      vertex   -2.940402e+00 4.438188e-01 2.025144e+00
      vertex   -2.940402e+00 4.556553e-01 2.072036e+00
    endloop
  endfacet
  facet normal -8.529382e-19 -9.695879e-01 2.447433e-01
    outer loop
      vertex   -2.940402e+00 4.556553e-01 2.072036e+00
      vertex   -2.940402e+00 4.438188e-01 2.025144e+00
      vertex   -1.906168e+00 4.438188e-01 2.025144e+00
    endloop
  endfacet
  facet normal 1.042373e-16 -9.695879e-01 2.447433e-01
    outer loop
      vertex   1.196533e+00 4.438188e-01 2.025144e+00
      vertex   1.196533e+00 4.556553e-01 2.072036e+00
      vertex   1.622994e-01 4.556553e-01 2.072036e+00
    endloop
  endfacet
  facet normal 0.000000e+00 -9.695879e-01 2.447433e-01
    outer loop
      vertex   1.622994e-01 4.556553e-01 2.072036e+00
      vertex   -8.719344e-01 4.556553e-01 2.072036e+00
      vertex   1.622994e-01 4.438188e-01 2.025144e+00
    endloop
  endfacet
  facet normal 0.000000e+00 -9.695879e-01 2.447433e-01
    outer loop
      vertex   1.622994e-01 4.438188e-01 2.025144e+00
      vertex   -8.719344e-01 4.556553e-01 2.072036e+00
      vertex   -8.719344e-01 4.438188e-01 2.025144e+00
    endloop
  endfacet
  facet normal 0.000000e+00 -9.999882e-01 4.848118e-03
    outer loop
      vertex   1.622994e-01 4.438188e-01 2.025144e+00
      vertex   -8.719344e-01 4.438188e-01 2.025144e+00
      vertex   1.622994e-01 4.435844e-01 1.976781e+00
    endloop
  endfacet
  facet normal 0.000000e+00 -9.999882e-01 4.848118e-03
    outer loop
      vertex   1.622994e-01 4.435844e-01 1.976781e+00
      vertex   -8.719344e-01 4.438188e-01 2.025144e+00
      vertex   -8.719344e-01 4.435844e-01 1.976781e+00
    endloop
  endfacet
  facet normal -0.000000e+00 -9.719154e-01 -2.353306e-01
    outer loop
      vertex   1.622994e-01 4.435844e-01 1.976781e+00
      vertex   -8.719344e-01 4.435844e-01 1.976781e+00
      vertex   1.622994e-01 4.549656e-01 1.929777e+00
    endloop
  endfacet
  facet normal -0.000000e+00 -9.719154e-01 -2.353306e-01
    outer loop
      vertex   1.622994e-01 4.549656e-01 1.929777e+00
      vertex   -8.719344e-01 4.435844e-01 1.976781e+00
      vertex   -8.719344e-01 4.549656e-01 1.929777e+00
    endloop
  endfacet
  facet normal -0.000000e+00 -8.870108e-01 -4.617486e-01
    outer loop
      vertex   1.622994e-01 4.549656e-01 1.929777e+00
      vertex   -8.719344e-01 4.549656e-01 1.929777e+00
      vertex   1.622994e-01 4.772970e-01 1.886879e+00
    endloop
  endfacet
  facet normal -0.000000e+00 -8.870108e-01 -4.617486e-01
    outer loop
      vertex   1.622994e-01 4.772970e-01 1.886879e+00
      vertex   -8.719344e-01 4.549656e-01 1.929777e+00
      vertex   -8.719344e-01 4.772970e-01 1.886879e+00
    endloop
  endfacet
  facet normal -0.000000e+00 -7.502393e-01 -6.611664e-01
    outer loop
      vertex   1.622994e-01 4.772970e-01 1.886879e+00
      vertex   -8.719344e-01 4.772970e-01 1.886879e+00
      vertex   1.622994e-01 5.092729e-01 1.850595e+00
    endloop
  endfacet
  facet normal -0.000000e+00 -7.502393e-01 -6.611664e-01
    outer loop
      vertex   1.622994e-01 5.092729e-01 1.850595e+00
      vertex   -8.719344e-01 4.772970e-01 1.886879e+00
      vertex   -8.719344e-01 5.092729e-01 1.850595e+00
    endloop
  endfacet
  facet normal -0.000000e+00 -5.695983e-01 -8.219232e-01
    outer loop
      vertex   1.622994e-01 5.092729e-01 1.850595e+00
      vertex   -8.719344e-01 5.092729e-01 1.850595e+00
      vertex   1.622994e-01 5.490233e-01 1.823048e+00
    endloop
  endfacet
  facet normal -0.000000e+00 -5.695983e-01 -8.219232e-01
    outer loop
      vertex   1.622994e-01 5.490233e-01 1.823048e+00
      vertex   -8.719344e-01 5.092729e-01 1.850595e+00
      vertex   -8.719344e-01 5.490233e-01 1.823048e+00
    endloop
  endfacet
  facet normal -0.000000e+00 -3.556508e-01 -9.346189e-01
    outer loop
      vertex   1.622994e-01 5.490233e-01 1.823048e+00
      vertex   -8.719344e-01 5.490233e-01 1.823048e+00
      vertex   1.622994e-01 5.942241e-01 1.805847e+00
    endloop
  endfacet
  facet normal -0.000000e+00 -3.556508e-01 -9.346189e-01
    outer loop
      vertex   1.622994e-01 5.942241e-01 1.805847e+00
      vertex   -8.719344e-01 5.490233e-01 1.823048e+00
      vertex   -8.719344e-01 5.942241e-01 1.805847e+00
    endloop
  endfacet
  facet normal 0.000000e+00 -9.695879e-01 2.447433e-01
    outer loop
      vertex   3.265001e+00 4.556553e-01 2.072036e+00
      vertex   2.230767e+00 4.556553e-01 2.072036e+00
      vertex   3.265001e+00 4.438188e-01 2.025144e+00
    endloop
  endfacet
  facet normal 0.000000e+00 -9.695879e-01 2.447433e-01
    outer loop
      vertex   3.265001e+00 4.438188e-01 2.025144e+00
      vertex   2.230767e+00 4.556553e-01 2.072036e+00
      vertex   2.230767e+00 4.438188e-01 2.025144e+00
    endloop
  endfacet
  facet normal 0.000000e+00 -9.999882e-01 4.848118e-03
    outer loop
      vertex   3.265001e+00 4.438188e-01 2.025144e+00
      vertex   2.230767e+00 4.438188e-01 2.025144e+00
      vertex   3.265001e+00 4.435844e-01 1.976781e+00
    endloop
  endfacet
  facet normal 0.000000e+00 -9.999882e-01 4.848118e-03
    outer loop
      vertex   3.265001e+00 4.435844e-01 1.976781e+00
      vertex   2.230767e+00 4.438188e-01 2.025144e+00
      vertex   2.230767e+00 4.435844e-01 1.976781e+00
    endloop
  endfacet
  facet normal -0.000000e+00 -9.719154e-01 -2.353306e-01
    outer loop
      vertex   3.265001e+00 4.435844e-01 1.976781e+00
      vertex   2.230767e+00 4.435844e-01 1.976781e+00
      vertex   3.265001e+00 4.549656e-01 1.929777e+00
    endloop
  endfacet
  facet normal -0.000000e+00 -9.719154e-01 -2.353306e-01
    outer loop
      vertex   3.265001e+00 4.549656e-01 1.929777e+00
      vertex   2.230767e+00 4.435844e-01 1.976781e+00
      vertex   2.230767e+00 4.549656e-01 1.929777e+00
    endloop
  endfacet
  facet normal -0.000000e+00 -8.870108e-01 -4.617486e-01
    outer loop
      vertex   3.265001e+00 4.549656e-01 1.929777e+00
      vertex   2.230767e+00 4.549656e-01 1.929777e+00
      vertex   3.265001e+00 4.772970e-01 1.886879e+00
    endloop
  endfacet
  facet normal -0.000000e+00 -8.870108e-01 -4.617486e-01
    outer loop
      vertex   3.265001e+00 4.772970e-01 1.886879e+00
      vertex   2.230767e+00 4.549656e-01 1.929777e+00
      vertex   2.230767e+00 4.772970e-01 1.886879e+00
    endloop
  endfacet
  facet normal -0.000000e+00 -7.502393e-01 -6.611664e-01
    outer loop
      vertex   3.265001e+00 4.772970e-01 1.886879e+00
      vertex   2.230767e+00 4.772970e-01 1.886879e+00
      vertex   3.265001e+00 5.092729e-01 1.850595e+00
    endloop
  endfacet
  facet normal -0.000000e+00 -7.502393e-01 -6.611664e-01
    outer loop
      vertex   3.265001e+00 5.092729e-01 1.850595e+00
      vertex   2.230767e+00 4.772970e-01 1.886879e+00
      vertex   2.230767e+00 5.092729e-01 1.850595e+00
    endloop
  endfacet
  facet normal -0.000000e+00 -5.695983e-01 -8.219232e-01
    outer loop
      vertex   3.265001e+00 5.092729e-01 1.850595e+00
      vertex   2.230767e+00 5.092729e-01 1.850595e+00
      vertex   3.265001e+00 5.490233e-01 1.823048e+00
    endloop
  endfacet
  facet normal -0.000000e+00 -5.695983e-01 -8.219232e-01
    outer loop
      vertex   3.265001e+00 5.490233e-01 1.823048e+00
      vertex   2.230767e+00 5.092729e-01 1.850595e+00
      vertex   2.230767e+00 5.490233e-01 1.823048e+00
    endloop
  endfacet
  facet normal -0.000000e+00 -3.556508e-01 -9.346189e-01
    outer loop
      vertex   3.265001e+00 5.490233e-01 1.823048e+00
      vertex   2.230767e+00 5.490233e-01 1.823048e+00
      vertex   3.265001e+00 5.942241e-01 1.805847e+00
    endloop
  endfacet
  facet normal -3.817818e-17 -3.556508e-01 -9.346189e-01
    outer loop
      vertex   3.265001e+00 5.942241e-01 1.805847e+00
      vertex   2.230767e+00 5.490233e-01 1.823048e+00
      vertex   2.230767e+00 5.942241e-01 1.805847e+00
    endloop
  endfacet
  facet normal -1.297904e-17 -1.209069e-01 -9.926639e-01
    outer loop
      vertex   3.265001e+00 5.942241e-01 1.805847e+00
      vertex   2.230767e+00 5.942241e-01 1.805847e+00
      vertex   1.257310e+01 6.422320e-01 1.800000e+00
    endloop
  endfacet
  facet normal 0.000000e+00 -8.824920e-01 4.703275e-01
    outer loop
      vertex   1.153887e+01 4.556553e-01 2.072036e+00
      vertex   1.257183e+01 4.784016e-01 2.114715e+00
      vertex   1.050464e+01 4.556553e-01 2.072036e+00
    endloop
  endfacet
  facet normal 0.000000e+00 -8.824920e-01 4.703275e-01
    outer loop
      vertex   1.050464e+01 4.556553e-01 2.072036e+00
      vertex   1.257183e+01 4.784016e-01 2.114715e+00
      vertex   9.470404e+00 4.556553e-01 2.072036e+00
    endloop
  endfacet
  facet normal 0.000000e+00 -9.695879e-01 2.447433e-01
    outer loop
      vertex   1.050464e+01 4.556553e-01 2.072036e+00
      vertex   9.470404e+00 4.556553e-01 2.072036e+00
      vertex   1.050464e+01 4.438188e-01 2.025144e+00
    endloop
  endfacet
  facet normal -8.529382e-19 -9.695879e-01 2.447433e-01
    outer loop
      vertex   1.153887e+01 4.438188e-01 2.025144e+00
      vertex   1.153887e+01 4.556553e-01 2.072036e+00
      vertex   1.050464e+01 4.556553e-01 2.072036e+00
    endloop
  endfacet
  facet normal 0.000000e+00 -9.695879e-01 2.447433e-01
    outer loop
      vertex   1.153887e+01 4.438188e-01 2.025144e+00
      vertex   1.050464e+01 4.556553e-01 2.072036e+00
      vertex   1.050464e+01 4.438188e-01 2.025144e+00
    endloop
  endfacet
  facet normal -8.341362e-19 -9.695879e-01 2.447433e-01
    outer loop
      vertex   -9.145805e+00 4.556553e-01 2.072036e+00
      vertex   -9.145805e+00 4.438188e-01 2.025144e+00
      vertex   -8.111571e+00 4.438188e-01 2.025144e+00
    endloop
  endfacet
  facet normal 0.000000e+00 -9.999882e-01 4.848118e-03
    outer loop
      vertex   -8.111571e+00 4.438188e-01 2.025144e+00
      vertex   -9.145805e+00 4.438188e-01 2.025144e+00
      vertex   -8.111571e+00 4.435844e-01 1.976781e+00
    endloop
  endfacet
  facet normal 1.486542e-21 -9.999882e-01 4.848118e-03
    outer loop
      vertex   -8.111571e+00 4.438188e-01 2.025144e+00
      vertex   -8.111571e+00 4.435844e-01 1.976781e+00
      vertex   -7.077337e+00 4.435844e-01 1.976781e+00
    endloop
  endfacet
  facet normal -0.000000e+00 -9.719154e-01 -2.353306e-01
    outer loop
      vertex   -7.077337e+00 4.435844e-01 1.976781e+00
      vertex   -8.111571e+00 4.435844e-01 1.976781e+00
      vertex   -7.077337e+00 4.549656e-01 1.929777e+00
    endloop
  endfacet
  facet normal -4.430518e-19 -9.719154e-01 -2.353306e-01
    outer loop
      vertex   -7.077337e+00 4.435844e-01 1.976781e+00
      vertex   -7.077337e+00 4.549656e-01 1.929777e+00
      vertex   -6.043103e+00 4.549656e-01 1.929777e+00
    endloop
  endfacet
  facet normal -0.000000e+00 -8.870108e-01 -4.617486e-01
    outer loop
      vertex   -6.043103e+00 4.549656e-01 1.929777e+00
      vertex   -7.077337e+00 4.549656e-01 1.929777e+00
      vertex   -6.043103e+00 4.772970e-01 1.886879e+00
    endloop
  endfacet
  facet normal 7.413041e-19 -8.870108e-01 -4.617486e-01
    outer loop
      vertex   -6.043103e+00 4.549656e-01 1.929777e+00
      vertex   -6.043103e+00 4.772970e-01 1.886879e+00
      vertex   -5.008870e+00 4.772970e-01 1.886879e+00
    endloop
  endfacet
  facet normal -0.000000e+00 -7.502393e-01 -6.611664e-01
    outer loop
      vertex   -5.008870e+00 4.772970e-01 1.886879e+00
      vertex   -6.043103e+00 4.772970e-01 1.886879e+00
      vertex   -5.008870e+00 5.092729e-01 1.850595e+00
    endloop
  endfacet
  facet normal -1.874429e-18 -7.502393e-01 -6.611664e-01
    outer loop
      vertex   -5.008870e+00 4.772970e-01 1.886879e+00
      vertex   -5.008870e+00 5.092729e-01 1.850595e+00
      vertex   -3.974636e+00 5.092729e-01 1.850595e+00
    endloop
  endfacet
  facet normal -0.000000e+00 -5.695983e-01 -8.219232e-01
    outer loop
      vertex   -3.974636e+00 5.092729e-01 1.850595e+00
      vertex   -5.008870e+00 5.092729e-01 1.850595e+00
      vertex   -3.974636e+00 5.490233e-01 1.823048e+00
    endloop
  endfacet
  facet normal -1.044812e-18 -5.695983e-01 -8.219232e-01
    outer loop
      vertex   -3.974636e+00 5.092729e-01 1.850595e+00
      vertex   -3.974636e+00 5.490233e-01 1.823048e+00
      vertex   -2.940402e+00 5.490233e-01 1.823048e+00
    endloop
  endfacet
  facet normal -0.000000e+00 -3.556508e-01 -9.346189e-01
    outer loop
      vertex   -2.940402e+00 5.490233e-01 1.823048e+00
      vertex   -3.974636e+00 5.490233e-01 1.823048e+00
      vertex   -2.940402e+00 5.942241e-01 1.805847e+00
    endloop
  endfacet
  facet normal -6.148603e-19 -3.556508e-01 -9.346189e-01
    outer loop
      vertex   -2.940402e+00 5.490233e-01 1.823048e+00
      vertex   -2.940402e+00 5.942241e-01 1.805847e+00
      vertex   -1.906168e+00 5.942241e-01 1.805847e+00
    endloop
  endfacet
  facet normal -0.000000e+00 -1.209069e-01 -9.926639e-01
    outer loop
      vertex   -1.906168e+00 5.942241e-01 1.805847e+00
      vertex   -2.940402e+00 5.942241e-01 1.805847e+00
      vertex   -1.121427e+01 6.422320e-01 1.800000e+00
    endloop
  endfacet
  facet normal 0.000000e+00 -9.999882e-01 4.848118e-03
    outer loop
      vertex   -8.111571e+00 4.435844e-01 1.976781e+00
      vertex   -9.145805e+00 4.438188e-01 2.025144e+00
      vertex   -9.145805e+00 4.435844e-01 1.976781e+00
    endloop
  endfacet
  facet normal 0.000000e+00 -9.999882e-01 4.848118e-03
    outer loop
      vertex   -7.077337e+00 4.438188e-01 2.025144e+00
      vertex   -6.043103e+00 4.435844e-01 1.976781e+00
      vertex   -6.043103e+00 4.438188e-01 2.025144e+00
    endloop
  endfacet
  facet normal 1.486542e-21 -9.999882e-01 4.848118e-03
    outer loop
      vertex   -6.043103e+00 4.438188e-01 2.025144e+00
      vertex   -6.043103e+00 4.435844e-01 1.976781e+00
      vertex   -5.008870e+00 4.435844e-01 1.976781e+00
    endloop
  endfacet
  facet normal 0.000000e+00 -9.999882e-01 4.848118e-03
    outer loop
      vertex   -6.043103e+00 4.438188e-01 2.025144e+00
      vertex   -5.008870e+00 4.435844e-01 1.976781e+00
      vertex   -5.008870e+00 4.438188e-01 2.025144e+00
    endloop
  endfacet
  facet normal 1.486542e-21 -9.999882e-01 4.848118e-03
    outer loop
      vertex   -5.008870e+00 4.438188e-01 2.025144e+00
      vertex   -5.008870e+00 4.435844e-01 1.976781e+00
      vertex   -3.974636e+00 4.435844e-01 1.976781e+00
    endloop
  endfacet
  facet normal 1.486542e-21 -9.999882e-01 4.848118e-03
    outer loop
      vertex   -1.906168e+00 4.435844e-01 1.976781e+00
      vertex   -1.906168e+00 4.438188e-01 2.025144e+00
      vertex   -2.940402e+00 4.438188e-01 2.025144e+00
    endloop
  endfacet
  facet normal 0.000000e+00 -9.999882e-01 4.848118e-03
    outer loop
      vertex   -1.906168e+00 4.435844e-01 1.976781e+00
      vertex   -2.940402e+00 4.438188e-01 2.025144e+00
      vertex   -2.940402e+00 4.435844e-01 1.976781e+00
    endloop
  endfacet
  facet normal 1.486542e-21 -9.999882e-01 4.848118e-03
    outer loop
      vertex   -2.940402e+00 4.435844e-01 1.976781e+00
      vertex   -2.940402e+00 4.438188e-01 2.025144e+00
      vertex   -3.974636e+00 4.438188e-01 2.025144e+00
    endloop
  endfacet
  facet normal -1.424441e-20 -9.999882e-01 4.848118e-03
    outer loop
      vertex   1.196533e+00 4.435844e-01 1.976781e+00
      vertex   1.196533e+00 4.438188e-01 2.025144e+00
      vertex   1.622994e-01 4.438188e-01 2.025144e+00
    endloop
  endfacet
  facet normal 0.000000e+00 -9.695879e-01 2.447433e-01
    outer loop
      vertex   1.622994e-01 4.438188e-01 2.025144e+00
      vertex   1.196533e+00 4.438188e-01 2.025144e+00
      vertex   1.622994e-01 4.556553e-01 2.072036e+00
    endloop
  endfacet
  facet normal 0.000000e+00 -9.999882e-01 4.848118e-03
    outer loop
      vertex   1.196533e+00 4.435844e-01 1.976781e+00
      vertex   1.622994e-01 4.438188e-01 2.025144e+00
      vertex   1.622994e-01 4.435844e-01 1.976781e+00
    endloop
  endfacet
  facet normal -8.529382e-19 -9.695879e-01 2.447433e-01
    outer loop
      vertex   3.265001e+00 4.556553e-01 2.072036e+00
      vertex   3.265001e+00 4.438188e-01 2.025144e+00
      vertex   4.299235e+00 4.438188e-01 2.025144e+00
    endloop
  endfacet
  facet normal 0.000000e+00 -9.999882e-01 4.848118e-03
    outer loop
      vertex   4.299235e+00 4.438188e-01 2.025144e+00
      vertex   3.265001e+00 4.438188e-01 2.025144e+00
      vertex   4.299235e+00 4.435844e-01 1.976781e+00
    endloop
  endfacet
  facet normal -1.424441e-20 -9.999882e-01 4.848118e-03
    outer loop
      vertex   4.299235e+00 4.438188e-01 2.025144e+00
      vertex   4.299235e+00 4.435844e-01 1.976781e+00
      vertex   5.333468e+00 4.435844e-01 1.976781e+00
    endloop
  endfacet
  facet normal -0.000000e+00 -9.719154e-01 -2.353306e-01
    outer loop
      vertex   5.333468e+00 4.435844e-01 1.976781e+00
      vertex   4.299235e+00 4.435844e-01 1.976781e+00
      vertex   5.333468e+00 4.549656e-01 1.929777e+00
    endloop
  endfacet
  facet normal -4.430518e-19 -9.719154e-01 -2.353306e-01
    outer loop
      vertex   5.333468e+00 4.435844e-01 1.976781e+00
      vertex   5.333468e+00 4.549656e-01 1.929777e+00
      vertex   6.367702e+00 4.549656e-01 1.929777e+00
    endloop
  endfacet
  facet normal -0.000000e+00 -8.870108e-01 -4.617486e-01
    outer loop
      vertex   6.367702e+00 4.549656e-01 1.929777e+00
      vertex   5.333468e+00 4.549656e-01 1.929777e+00
      vertex   6.367702e+00 4.772970e-01 1.886879e+00
    endloop
  endfacet
  facet normal 7.413041e-19 -8.870108e-01 -4.617486e-01
    outer loop
      vertex   6.367702e+00 4.549656e-01 1.929777e+00
      vertex   6.367702e+00 4.772970e-01 1.886879e+00
      vertex   7.401936e+00 4.772970e-01 1.886879e+00
    endloop
  endfacet
  facet normal -0.000000e+00 -7.502393e-01 -6.611664e-01
    outer loop
      vertex   7.401936e+00 4.772970e-01 1.886879e+00
      vertex   6.367702e+00 4.772970e-01 1.886879e+00
      vertex   7.401936e+00 5.092729e-01 1.850595e+00
    endloop
  endfacet
  facet normal 6.279573e-19 -7.502393e-01 -6.611664e-01
    outer loop
      vertex   7.401936e+00 4.772970e-01 1.886879e+00
      vertex   7.401936e+00 5.092729e-01 1.850595e+00
      vertex   8.436170e+00 5.092729e-01 1.850595e+00
    endloop
  endfacet
  facet normal -0.000000e+00 -5.695983e-01 -8.219232e-01
    outer loop
      vertex   8.436170e+00 5.092729e-01 1.850595e+00
      vertex   7.401936e+00 5.092729e-01 1.850595e+00
      vertex   8.436170e+00 5.490233e-01 1.823048e+00
    endloop
  endfacet
  facet normal 7.281209e-19 -5.695983e-01 -8.219232e-01
    outer loop
      vertex   8.436170e+00 5.092729e-01 1.850595e+00
      vertex   8.436170e+00 5.490233e-01 1.823048e+00
      vertex   9.470404e+00 5.490233e-01 1.823048e+00
    endloop
  endfacet
  facet normal -0.000000e+00 -3.556508e-01 -9.346189e-01
    outer loop
      vertex   9.470404e+00 5.490233e-01 1.823048e+00
      vertex   8.436170e+00 5.490233e-01 1.823048e+00
      vertex   9.470404e+00 5.942241e-01 1.805847e+00
    endloop
  endfacet
  facet normal -9.232117e-19 -3.556508e-01 -9.346189e-01
    outer loop
      vertex   9.470404e+00 5.490233e-01 1.823048e+00
      vertex   9.470404e+00 5.942241e-01 1.805847e+00
      vertex   1.050464e+01 5.942241e-01 1.805847e+00
    endloop
  endfacet
  facet normal -0.000000e+00 -1.209069e-01 -9.926639e-01
    outer loop
      vertex   1.050464e+01 5.942241e-01 1.805847e+00
      vertex   9.470404e+00 5.942241e-01 1.805847e+00
      vertex   1.257310e+01 6.422320e-01 1.800000e+00
    endloop
  endfacet
  facet normal 0.000000e+00 -9.999882e-01 4.848118e-03
    outer loop
      vertex   4.299235e+00 4.435844e-01 1.976781e+00
      vertex   3.265001e+00 4.438188e-01 2.025144e+00
      vertex   3.265001e+00 4.435844e-01 1.976781e+00
    endloop
  endfacet
  facet normal -1.424441e-20 -9.999882e-01 4.848118e-03
    outer loop
      vertex   1.153887e+01 4.435844e-01 1.976781e+00
      vertex   1.153887e+01 4.438188e-01 2.025144e+00
      vertex   1.050464e+01 4.438188e-01 2.025144e+00
    endloop
  endfacet
  facet normal -0.000000e+00 -9.719154e-01 -2.353306e-01
    outer loop
      vertex   -8.111571e+00 4.435844e-01 1.976781e+00
      vertex   -9.145805e+00 4.435844e-01 1.976781e+00
      vertex   -8.111571e+00 4.549656e-01 1.929777e+00
    endloop
  endfacet
  facet normal -0.000000e+00 -9.719154e-01 -2.353306e-01
    outer loop
      vertex   -8.111571e+00 4.549656e-01 1.929777e+00
      vertex   -9.145805e+00 4.435844e-01 1.976781e+00
      vertex   -9.145805e+00 4.549656e-01 1.929777e+00
    endloop
  endfacet
  facet normal -0.000000e+00 -8.870108e-01 -4.617486e-01
    outer loop
      vertex   -8.111571e+00 4.549656e-01 1.929777e+00
      vertex   -9.145805e+00 4.549656e-01 1.929777e+00
      vertex   -8.111571e+00 4.772970e-01 1.886879e+00
    endloop
  endfacet
  facet normal -0.000000e+00 -8.870108e-01 -4.617486e-01
    outer loop
      vertex   -8.111571e+00 4.772970e-01 1.886879e+00
      vertex   -9.145805e+00 4.549656e-01 1.929777e+00
      vertex   -9.145805e+00 4.772970e-01 1.886879e+00
    endloop
  endfacet
  facet normal -0.000000e+00 -7.502393e-01 -6.611664e-01
    outer loop
      vertex   -8.111571e+00 4.772970e-01 1.886879e+00
      vertex   -9.145805e+00 4.772970e-01 1.886879e+00
      vertex   -8.111571e+00 5.092729e-01 1.850595e+00
    endloop
  endfacet
  facet normal -0.000000e+00 -7.502393e-01 -6.611664e-01
    outer loop
      vertex   -8.111571e+00 5.092729e-01 1.850595e+00
      vertex   -9.145805e+00 4.772970e-01 1.886879e+00
      vertex   -9.145805e+00 5.092729e-01 1.850595e+00
    endloop
  endfacet
  facet normal -0.000000e+00 -5.695983e-01 -8.219232e-01
    outer loop
      vertex   -8.111571e+00 5.092729e-01 1.850595e+00
      vertex   -9.145805e+00 5.092729e-01 1.850595e+00
      vertex   -8.111571e+00 5.490233e-01 1.823048e+00
    endloop
  endfacet
  facet normal -0.000000e+00 -5.695983e-01 -8.219232e-01
    outer loop
      vertex   -8.111571e+00 5.490233e-01 1.823048e+00
      vertex   -9.145805e+00 5.092729e-01 1.850595e+00
      vertex   -9.145805e+00 5.490233e-01 1.823048e+00
    endloop
  endfacet
  facet normal -0.000000e+00 -3.556508e-01 -9.346189e-01
    outer loop
      vertex   -8.111571e+00 5.490233e-01 1.823048e+00
      vertex   -9.145805e+00 5.490233e-01 1.823048e+00
      vertex   -8.111571e+00 5.942241e-01 1.805847e+00
    endloop
  endfacet
  facet normal -0.000000e+00 -3.556508e-01 -9.346189e-01
    outer loop
      vertex   -8.111571e+00 5.942241e-01 1.805847e+00
      vertex   -9.145805e+00 5.490233e-01 1.823048e+00
      vertex   -9.145805e+00 5.942241e-01 1.805847e+00
    endloop
  endfacet
  facet normal -0.000000e+00 -1.209069e-01 -9.926639e-01
    outer loop
      vertex   -8.111571e+00 5.942241e-01 1.805847e+00
      vertex   -9.145805e+00 5.942241e-01 1.805847e+00
      vertex   -1.121427e+01 6.422320e-01 1.800000e+00
    endloop
  endfacet
  facet normal 0.000000e+00 -9.719154e-01 -2.353306e-01
    outer loop
      vertex   -6.043103e+00 4.435844e-01 1.976781e+00
      vertex   -5.008870e+00 4.549656e-01 1.929777e+00
      vertex   -5.008870e+00 4.435844e-01 1.976781e+00
    endloop
  endfacet
  facet normal -4.430518e-19 -9.719154e-01 -2.353306e-01
    outer loop
      vertex   -5.008870e+00 4.435844e-01 1.976781e+00
      vertex   -5.008870e+00 4.549656e-01 1.929777e+00
      vertex   -3.974636e+00 4.549656e-01 1.929777e+00
    endloop
  endfacet
  facet normal 0.000000e+00 -9.719154e-01 -2.353306e-01
    outer loop
      vertex   -5.008870e+00 4.435844e-01 1.976781e+00
      vertex   -3.974636e+00 4.549656e-01 1.929777e+00
      vertex   -3.974636e+00 4.435844e-01 1.976781e+00
    endloop
  endfacet
  facet normal -4.430518e-19 -9.719154e-01 -2.353306e-01
    outer loop
      vertex   -3.974636e+00 4.435844e-01 1.976781e+00
      vertex   -3.974636e+00 4.549656e-01 1.929777e+00
      vertex   -2.940402e+00 4.549656e-01 1.929777e+00
    endloop
  endfacet
  facet normal -4.430518e-19 -9.719154e-01 -2.353306e-01
    outer loop
      vertex   -1.906168e+00 4.549656e-01 1.929777e+00
      vertex   -1.906168e+00 4.435844e-01 1.976781e+00
      vertex   -2.940402e+00 4.435844e-01 1.976781e+00
    endloop
  endfacet
  facet normal -4.430518e-19 -9.719154e-01 -2.353306e-01
    outer loop
      vertex   1.196533e+00 4.549656e-01 1.929777e+00
      vertex   1.196533e+00 4.435844e-01 1.976781e+00
      vertex   1.622994e-01 4.435844e-01 1.976781e+00
    endloop
  endfacet
  facet normal -0.000000e+00 -9.719154e-01 -2.353306e-01
    outer loop
      vertex   1.196533e+00 4.549656e-01 1.929777e+00
      vertex   1.622994e-01 4.435844e-01 1.976781e+00
      vertex   1.622994e-01 4.549656e-01 1.929777e+00
    endloop
  endfacet
  facet normal -0.000000e+00 -9.719154e-01 -2.353306e-01
    outer loop
      vertex   4.299235e+00 4.435844e-01 1.976781e+00
      vertex   3.265001e+00 4.435844e-01 1.976781e+00
      vertex   4.299235e+00 4.549656e-01 1.929777e+00
    endloop
  endfacet
  facet normal -0.000000e+00 -9.719154e-01 -2.353306e-01
    outer loop
      vertex   4.299235e+00 4.549656e-01 1.929777e+00
      vertex   3.265001e+00 4.435844e-01 1.976781e+00
      vertex   3.265001e+00 4.549656e-01 1.929777e+00
    endloop
  endfacet
  facet normal -0.000000e+00 -8.870108e-01 -4.617486e-01
    outer loop
      vertex   4.299235e+00 4.549656e-01 1.929777e+00
      vertex   3.265001e+00 4.549656e-01 1.929777e+00
      vertex   4.299235e+00 4.772970e-01 1.886879e+00
    endloop
  endfacet
  facet normal -0.000000e+00 -8.870108e-01 -4.617486e-01
    outer loop
      vertex   4.299235e+00 4.772970e-01 1.886879e+00
      vertex   3.265001e+00 4.549656e-01 1.929777e+00
      vertex   3.265001e+00 4.772970e-01 1.886879e+00
    endloop
  endfacet
  facet normal -0.000000e+00 -7.502393e-01 -6.611664e-01
    outer loop
      vertex   4.299235e+00 4.772970e-01 1.886879e+00
      vertex   3.265001e+00 4.772970e-01 1.886879e+00
      vertex   4.299235e+00 5.092729e-01 1.850595e+00
    endloop
  endfacet
  facet normal -0.000000e+00 -7.502393e-01 -6.611664e-01
    outer loop
      vertex   4.299235e+00 5.092729e-01 1.850595e+00
      vertex   3.265001e+00 4.772970e-01 1.886879e+00
      vertex   3.265001e+00 5.092729e-01 1.850595e+00
    endloop
  endfacet
  facet normal -0.000000e+00 -5.695983e-01 -8.219232e-01
    outer loop
      vertex   4.299235e+00 5.092729e-01 1.850595e+00
      vertex   3.265001e+00 5.092729e-01 1.850595e+00
      vertex   4.299235e+00 5.490233e-01 1.823048e+00
    endloop
  endfacet
  facet normal -0.000000e+00 -5.695983e-01 -8.219232e-01
    outer loop
      vertex   4.299235e+00 5.490233e-01 1.823048e+00
      vertex   3.265001e+00 5.092729e-01 1.850595e+00
      vertex   3.265001e+00 5.490233e-01 1.823048e+00
    endloop
  endfacet
  facet normal -0.000000e+00 -3.556508e-01 -9.346189e-01
    outer loop
      vertex   4.299235e+00 5.490233e-01 1.823048e+00
      vertex   3.265001e+00 5.490233e-01 1.823048e+00
      vertex   4.299235e+00 5.942241e-01 1.805847e+00
    endloop
  endfacet
  facet normal -0.000000e+00 -3.556508e-01 -9.346189e-01
    outer loop
      vertex   4.299235e+00 5.942241e-01 1.805847e+00
      vertex   3.265001e+00 5.490233e-01 1.823048e+00
      vertex   3.265001e+00 5.942241e-01 1.805847e+00
    endloop
  endfacet
  facet normal -0.000000e+00 -1.209069e-01 -9.926639e-01
    outer loop
      vertex   4.299235e+00 5.942241e-01 1.805847e+00
      vertex   3.265001e+00 5.942241e-01 1.805847e+00
      vertex   1.257310e+01 6.422320e-01 1.800000e+00
    endloop
  endfacet
  facet normal -4.430518e-19 -9.719154e-01 -2.353306e-01
    outer loop
      vertex   -8.111571e+00 4.435844e-01 1.976781e+00
      vertex   -8.111571e+00 4.549656e-01 1.929777e+00
      vertex   -7.077337e+00 4.549656e-01 1.929777e+00
    endloop
  endfacet
  facet normal -0.000000e+00 -8.870108e-01 -4.617486e-01
    outer loop
      vertex   -7.077337e+00 4.549656e-01 1.929777e+00
      vertex   -8.111571e+00 4.549656e-01 1.929777e+00
      vertex   -7.077337e+00 4.772970e-01 1.886879e+00
    endloop
  endfacet
  facet normal 7.413041e-19 -8.870108e-01 -4.617486e-01
    outer loop
      vertex   -7.077337e+00 4.549656e-01 1.929777e+00
      vertex   -7.077337e+00 4.772970e-01 1.886879e+00
      vertex   -6.043103e+00 4.772970e-01 1.886879e+00
    endloop
  endfacet
  facet normal -0.000000e+00 -7.502393e-01 -6.611664e-01
    outer loop
      vertex   -6.043103e+00 4.772970e-01 1.886879e+00
      vertex   -7.077337e+00 4.772970e-01 1.886879e+00
      vertex   -6.043103e+00 5.092729e-01 1.850595e+00
    endloop
  endfacet
  facet normal -1.874429e-18 -7.502393e-01 -6.611664e-01
    outer loop
      vertex   -6.043103e+00 4.772970e-01 1.886879e+00
      vertex   -6.043103e+00 5.092729e-01 1.850595e+00
      vertex   -5.008870e+00 5.092729e-01 1.850595e+00
    endloop
  endfacet
  facet normal -0.000000e+00 -5.695983e-01 -8.219232e-01
    outer loop
      vertex   -5.008870e+00 5.092729e-01 1.850595e+00
      vertex   -6.043103e+00 5.092729e-01 1.850595e+00
      vertex   -5.008870e+00 5.490233e-01 1.823048e+00
    endloop
  endfacet
  facet normal -1.044812e-18 -5.695983e-01 -8.219232e-01
    outer loop
      vertex   -5.008870e+00 5.092729e-01 1.850595e+00
      vertex   -5.008870e+00 5.490233e-01 1.823048e+00
      vertex   -3.974636e+00 5.490233e-01 1.823048e+00
    endloop
  endfacet
  facet normal -0.000000e+00 -3.556508e-01 -9.346189e-01
    outer loop
      vertex   -3.974636e+00 5.490233e-01 1.823048e+00
      vertex   -5.008870e+00 5.490233e-01 1.823048e+00
      vertex   -3.974636e+00 5.942241e-01 1.805847e+00
    endloop
  endfacet
  facet normal -3.879304e-17 -3.556508e-01 -9.346189e-01
    outer loop
      vertex   -3.974636e+00 5.490233e-01 1.823048e+00
      vertex   -3.974636e+00 5.942241e-01 1.805847e+00
      vertex   -2.940402e+00 5.942241e-01 1.805847e+00
    endloop
  endfacet
  facet normal -1.297904e-17 -1.209069e-01 -9.926639e-01
    outer loop
      vertex   -2.940402e+00 5.942241e-01 1.805847e+00
      vertex   -3.974636e+00 5.942241e-01 1.805847e+00
      vertex   -1.121427e+01 6.422320e-01 1.800000e+00
    endloop
  endfacet
  facet normal -0.000000e+00 -8.870108e-01 -4.617486e-01
    outer loop
      vertex   -7.077337e+00 4.772970e-01 1.886879e+00
      vertex   -8.111571e+00 4.549656e-01 1.929777e+00
      vertex   -8.111571e+00 4.772970e-01 1.886879e+00
    endloop
  endfacet
  facet normal 0.000000e+00 -8.870108e-01 -4.617486e-01
    outer loop
      vertex   -5.008870e+00 4.549656e-01 1.929777e+00
      vertex   -3.974636e+00 4.772970e-01 1.886879e+00
      vertex   -3.974636e+00 4.549656e-01 1.929777e+00
    endloop
  endfacet
  facet normal 7.413041e-19 -8.870108e-01 -4.617486e-01
    outer loop
      vertex   -3.974636e+00 4.549656e-01 1.929777e+00
      vertex   -3.974636e+00 4.772970e-01 1.886879e+00
      vertex   -2.940402e+00 4.772970e-01 1.886879e+00
    endloop
  endfacet
  facet normal 0.000000e+00 -8.870108e-01 -4.617486e-01
    outer loop
      vertex   -3.974636e+00 4.549656e-01 1.929777e+00
      vertex   -2.940402e+00 4.772970e-01 1.886879e+00
      vertex   -2.940402e+00 4.549656e-01 1.929777e+00
    endloop
  endfacet
  facet normal 7.413041e-19 -8.870108e-01 -4.617486e-01
    outer loop
      vertex   -2.940402e+00 4.549656e-01 1.929777e+00
      vertex   -2.940402e+00 4.772970e-01 1.886879e+00
      vertex   -1.906168e+00 4.772970e-01 1.886879e+00
    endloop
  endfacet
  facet normal 7.413041e-19 -8.870108e-01 -4.617486e-01
    outer loop
      vertex   1.196533e+00 4.772970e-01 1.886879e+00
      vertex   1.196533e+00 4.549656e-01 1.929777e+00
      vertex   1.622994e-01 4.549656e-01 1.929777e+00
    endloop
  endfacet
  facet normal -0.000000e+00 -8.870108e-01 -4.617486e-01
    outer loop
      vertex   1.196533e+00 4.772970e-01 1.886879e+00
      vertex   1.622994e-01 4.549656e-01 1.929777e+00
      vertex   1.622994e-01 4.772970e-01 1.886879e+00
    endloop
  endfacet
  facet normal -4.430518e-19 -9.719154e-01 -2.353306e-01
    outer loop
      vertex   4.299235e+00 4.435844e-01 1.976781e+00
      vertex   4.299235e+00 4.549656e-01 1.929777e+00
      vertex   5.333468e+00 4.549656e-01 1.929777e+00
    endloop
  endfacet
  facet normal -0.000000e+00 -8.870108e-01 -4.617486e-01
    outer loop
      vertex   5.333468e+00 4.549656e-01 1.929777e+00
      vertex   4.299235e+00 4.549656e-01 1.929777e+00
      vertex   5.333468e+00 4.772970e-01 1.886879e+00
    endloop
  endfacet
  facet normal 7.413041e-19 -8.870108e-01 -4.617486e-01
    outer loop
      vertex   5.333468e+00 4.549656e-01 1.929777e+00
      vertex   5.333468e+00 4.772970e-01 1.886879e+00
      vertex   6.367702e+00 4.772970e-01 1.886879e+00
    endloop
  endfacet
  facet normal -0.000000e+00 -7.502393e-01 -6.611664e-01
    outer loop
      vertex   6.367702e+00 4.772970e-01 1.886879e+00
      vertex   5.333468e+00 4.772970e-01 1.886879e+00
      vertex   6.367702e+00 5.092729e-01 1.850595e+00
    endloop
  endfacet
  facet normal 6.279573e-19 -7.502393e-01 -6.611664e-01
    outer loop
      vertex   6.367702e+00 4.772970e-01 1.886879e+00
      vertex   6.367702e+00 5.092729e-01 1.850595e+00
      vertex   7.401936e+00 5.092729e-01 1.850595e+00
    endloop
  endfacet
  facet normal -0.000000e+00 -5.695983e-01 -8.219232e-01
    outer loop
      vertex   7.401936e+00 5.092729e-01 1.850595e+00
      vertex   6.367702e+00 5.092729e-01 1.850595e+00
      vertex   7.401936e+00 5.490233e-01 1.823048e+00
    endloop
  endfacet
  facet normal 7.281209e-19 -5.695983e-01 -8.219232e-01
    outer loop
      vertex   7.401936e+00 5.092729e-01 1.850595e+00
      vertex   7.401936e+00 5.490233e-01 1.823048e+00
      vertex   8.436170e+00 5.490233e-01 1.823048e+00
    endloop
  endfacet
  facet normal -0.000000e+00 -3.556508e-01 -9.346189e-01
    outer loop
      vertex   8.436170e+00 5.490233e-01 1.823048e+00
      vertex   7.401936e+00 5.490233e-01 1.823048e+00
      vertex   8.436170e+00 5.942241e-01 1.805847e+00
    endloop
  endfacet
  facet normal -9.232117e-19 -3.556508e-01 -9.346189e-01
    outer loop
      vertex   8.436170e+00 5.490233e-01 1.823048e+00
      vertex   8.436170e+00 5.942241e-01 1.805847e+00
      vertex   9.470404e+00 5.942241e-01 1.805847e+00
    endloop
  endfacet
  facet normal -0.000000e+00 -1.209069e-01 -9.926639e-01
    outer loop
      vertex   9.470404e+00 5.942241e-01 1.805847e+00
      vertex   8.436170e+00 5.942241e-01 1.805847e+00
      vertex   1.257310e+01 6.422320e-01 1.800000e+00
    endloop
  endfacet
  facet normal -0.000000e+00 -8.870108e-01 -4.617486e-01
    outer loop
      vertex   5.333468e+00 4.772970e-01 1.886879e+00
      vertex   4.299235e+00 4.549656e-01 1.929777e+00
      vertex   4.299235e+00 4.772970e-01 1.886879e+00
    endloop
  endfacet
  facet normal -0.000000e+00 -7.502393e-01 -6.611664e-01
    outer loop
      vertex   -7.077337e+00 4.772970e-01 1.886879e+00
      vertex   -8.111571e+00 4.772970e-01 1.886879e+00
      vertex   -7.077337e+00 5.092729e-01 1.850595e+00
    endloop
  endfacet
  facet normal -0.000000e+00 -7.502393e-01 -6.611664e-01
    outer loop
      vertex   -7.077337e+00 5.092729e-01 1.850595e+00
      vertex   -8.111571e+00 4.772970e-01 1.886879e+00
      vertex   -8.111571e+00 5.092729e-01 1.850595e+00
    endloop
  endfacet
  facet normal -0.000000e+00 -5.695983e-01 -8.219232e-01
    outer loop
      vertex   -7.077337e+00 5.092729e-01 1.850595e+00
      vertex   -8.111571e+00 5.092729e-01 1.850595e+00
      vertex   -7.077337e+00 5.490233e-01 1.823048e+00
    endloop
  endfacet
  facet normal -0.000000e+00 -5.695983e-01 -8.219232e-01
    outer loop
      vertex   -7.077337e+00 5.490233e-01 1.823048e+00
      vertex   -8.111571e+00 5.092729e-01 1.850595e+00
      vertex   -8.111571e+00 5.490233e-01 1.823048e+00
    endloop
  endfacet
  facet normal -0.000000e+00 -3.556508e-01 -9.346189e-01
    outer loop
      vertex   -7.077337e+00 5.490233e-01 1.823048e+00
      vertex   -8.111571e+00 5.490233e-01 1.823048e+00
      vertex   -7.077337e+00 5.942241e-01 1.805847e+00
    endloop
  endfacet
  facet normal -0.000000e+00 -3.556508e-01 -9.346189e-01
    outer loop
      vertex   -7.077337e+00 5.942241e-01 1.805847e+00
      vertex   -8.111571e+00 5.490233e-01 1.823048e+00
      vertex   -8.111571e+00 5.942241e-01 1.805847e+00
    endloop
  endfacet
  facet normal -0.000000e+00 -1.209069e-01 -9.926639e-01
    outer loop
      vertex   -7.077337e+00 5.942241e-01 1.805847e+00
      vertex   -8.111571e+00 5.942241e-01 1.805847e+00
      vertex   -1.121427e+01 6.422320e-01 1.800000e+00
    endloop
  endfacet
  facet normal -1.874429e-18 -7.502393e-01 -6.611664e-01
    outer loop
      vertex   -1.906168e+00 5.092729e-01 1.850595e+00
      vertex   -1.906168e+00 4.772970e-01 1.886879e+00
      vertex   -2.940402e+00 4.772970e-01 1.886879e+00
    endloop
  endfacet
  facet normal -0.000000e+00 -7.502393e-01 -6.611664e-01
    outer loop
      vertex   -1.906168e+00 5.092729e-01 1.850595e+00
      vertex   -2.940402e+00 4.772970e-01 1.886879e+00
      vertex   -2.940402e+00 5.092729e-01 1.850595e+00
    endloop
  endfacet
  facet normal -1.874429e-18 -7.502393e-01 -6.611664e-01
    outer loop
      vertex   -2.940402e+00 5.092729e-01 1.850595e+00
      vertex   -2.940402e+00 4.772970e-01 1.886879e+00
      vertex   -3.974636e+00 4.772970e-01 1.886879e+00
    endloop
  endfacet
  facet normal 6.279573e-19 -7.502393e-01 -6.611664e-01
    outer loop
      vertex   1.196533e+00 5.092729e-01 1.850595e+00
      vertex   1.196533e+00 4.772970e-01 1.886879e+00
      vertex   1.622994e-01 4.772970e-01 1.886879e+00
    endloop
  endfacet
  facet normal -8.053623e-17 -7.502393e-01 -6.611664e-01
    outer loop
      vertex   1.196533e+00 5.092729e-01 1.850595e+00
      vertex   1.622994e-01 4.772970e-01 1.886879e+00
      vertex   1.622994e-01 5.092729e-01 1.850595e+00
    endloop
  endfacet
  facet normal -0.000000e+00 -7.502393e-01 -6.611664e-01
    outer loop
      vertex   5.333468e+00 4.772970e-01 1.886879e+00
      vertex   4.299235e+00 4.772970e-01 1.886879e+00
      vertex   5.333468e+00 5.092729e-01 1.850595e+00
    endloop
  endfacet
  facet normal -0.000000e+00 -7.502393e-01 -6.611664e-01
    outer loop
      vertex   5.333468e+00 5.092729e-01 1.850595e+00
      vertex   4.299235e+00 4.772970e-01 1.886879e+00
      vertex   4.299235e+00 5.092729e-01 1.850595e+00
    endloop
  endfacet
  facet normal -0.000000e+00 -5.695983e-01 -8.219232e-01
    outer loop
      vertex   5.333468e+00 5.092729e-01 1.850595e+00
      vertex   4.299235e+00 5.092729e-01 1.850595e+00
      vertex   5.333468e+00 5.490233e-01 1.823048e+00
    endloop
  endfacet
  facet normal 3.529252e-16 -5.695983e-01 -8.219232e-01
    outer loop
      vertex   5.333468e+00 5.490233e-01 1.823048e+00
      vertex   4.299235e+00 5.092729e-01 1.850595e+00
      vertex   4.299235e+00 5.490233e-01 1.823048e+00
    endloop
  endfacet
  facet normal 4.013156e-16 -3.556508e-01 -9.346189e-01
    outer loop
      vertex   5.333468e+00 5.490233e-01 1.823048e+00
      vertex   4.299235e+00 5.490233e-01 1.823048e+00
      vertex   5.333468e+00 5.942241e-01 1.805847e+00
    endloop
  endfacet
  facet normal -0.000000e+00 -3.556508e-01 -9.346189e-01
    outer loop
      vertex   5.333468e+00 5.942241e-01 1.805847e+00
      vertex   4.299235e+00 5.490233e-01 1.823048e+00
      vertex   4.299235e+00 5.942241e-01 1.805847e+00
    endloop
  endfacet
  facet normal -0.000000e+00 -1.209069e-01 -9.926639e-01
    outer loop
      vertex   5.333468e+00 5.942241e-01 1.805847e+00
      vertex   4.299235e+00 5.942241e-01 1.805847e+00
      vertex   1.257310e+01 6.422320e-01 1.800000e+00
    endloop
  endfacet
  facet normal -1.874429e-18 -7.502393e-01 -6.611664e-01
    outer loop
      vertex   -7.077337e+00 4.772970e-01 1.886879e+00
      vertex   -7.077337e+00 5.092729e-01 1.850595e+00
      vertex   -6.043103e+00 5.092729e-01 1.850595e+00
    endloop
  endfacet
  facet normal -0.000000e+00 -5.695983e-01 -8.219232e-01
    outer loop
      vertex   -6.043103e+00 5.092729e-01 1.850595e+00
      vertex   -7.077337e+00 5.092729e-01 1.850595e+00
      vertex   -6.043103e+00 5.490233e-01 1.823048e+00
    endloop
  endfacet
  facet normal -1.044812e-18 -5.695983e-01 -8.219232e-01
    outer loop
      vertex   -6.043103e+00 5.092729e-01 1.850595e+00
      vertex   -6.043103e+00 5.490233e-01 1.823048e+00
      vertex   -5.008870e+00 5.490233e-01 1.823048e+00
    endloop
  endfacet
  facet normal -0.000000e+00 -3.556508e-01 -9.346189e-01
    outer loop
      vertex   -5.008870e+00 5.490233e-01 1.823048e+00
      vertex   -6.043103e+00 5.490233e-01 1.823048e+00
      vertex   -5.008870e+00 5.942241e-01 1.805847e+00
    endloop
  endfacet
  facet normal 2.238811e-19 -3.556508e-01 -9.346189e-01
    outer loop
      vertex   -5.008870e+00 5.490233e-01 1.823048e+00
      vertex   -5.008870e+00 5.942241e-01 1.805847e+00
      vertex   -3.974636e+00 5.942241e-01 1.805847e+00
    endloop
  endfacet
  facet normal -0.000000e+00 -1.209069e-01 -9.926639e-01
    outer loop
      vertex   -3.974636e+00 5.942241e-01 1.805847e+00
      vertex   -5.008870e+00 5.942241e-01 1.805847e+00
      vertex   -1.121427e+01 6.422320e-01 1.800000e+00
    endloop
  endfacet
  facet normal -0.000000e+00 -5.695983e-01 -8.219232e-01
    outer loop
      vertex   -6.043103e+00 5.490233e-01 1.823048e+00
      vertex   -7.077337e+00 5.092729e-01 1.850595e+00
      vertex   -7.077337e+00 5.490233e-01 1.823048e+00
    endloop
  endfacet
  facet normal -1.044812e-18 -5.695983e-01 -8.219232e-01
    outer loop
      vertex   -1.906168e+00 5.490233e-01 1.823048e+00
      vertex   -1.906168e+00 5.092729e-01 1.850595e+00
      vertex   -2.940402e+00 5.092729e-01 1.850595e+00
    endloop
  endfacet
  facet normal -6.218971e-17 -5.695983e-01 -8.219232e-01
    outer loop
      vertex   1.196533e+00 5.490233e-01 1.823048e+00
      vertex   1.196533e+00 5.092729e-01 1.850595e+00
      vertex   1.622994e-01 5.092729e-01 1.850595e+00
    endloop
  endfacet
  facet normal -0.000000e+00 -5.695983e-01 -8.219232e-01
    outer loop
      vertex   1.196533e+00 5.490233e-01 1.823048e+00
      vertex   1.622994e-01 5.092729e-01 1.850595e+00
      vertex   1.622994e-01 5.490233e-01 1.823048e+00
    endloop
  endfacet
  facet normal 6.279573e-19 -7.502393e-01 -6.611664e-01
    outer loop
      vertex   5.333468e+00 4.772970e-01 1.886879e+00
      vertex   5.333468e+00 5.092729e-01 1.850595e+00
      vertex   6.367702e+00 5.092729e-01 1.850595e+00
    endloop
  endfacet
  facet normal -0.000000e+00 -5.695983e-01 -8.219232e-01
    outer loop
      vertex   6.367702e+00 5.092729e-01 1.850595e+00
      vertex   5.333468e+00 5.092729e-01 1.850595e+00
      vertex   6.367702e+00 5.490233e-01 1.823048e+00
    endloop
  endfacet
  facet normal -6.041678e-17 -5.695983e-01 -8.219232e-01
    outer loop
      vertex   6.367702e+00 5.092729e-01 1.850595e+00
      vertex   6.367702e+00 5.490233e-01 1.823048e+00
      vertex   7.401936e+00 5.490233e-01 1.823048e+00
    endloop
  endfacet
  facet normal -3.817818e-17 -3.556508e-01 -9.346189e-01
    outer loop
      vertex   7.401936e+00 5.490233e-01 1.823048e+00
      vertex   6.367702e+00 5.490233e-01 1.823048e+00
      vertex   7.401936e+00 5.942241e-01 1.805847e+00
    endloop
  endfacet
  facet normal -9.232117e-19 -3.556508e-01 -9.346189e-01
    outer loop
      vertex   7.401936e+00 5.490233e-01 1.823048e+00
      vertex   7.401936e+00 5.942241e-01 1.805847e+00
      vertex   8.436170e+00 5.942241e-01 1.805847e+00
    endloop
  endfacet
  facet normal -0.000000e+00 -1.209069e-01 -9.926639e-01
    outer loop
      vertex   8.436170e+00 5.942241e-01 1.805847e+00
      vertex   7.401936e+00 5.942241e-01 1.805847e+00
      vertex   1.257310e+01 6.422320e-01 1.800000e+00
    endloop
  endfacet
  facet normal -0.000000e+00 -5.695983e-01 -8.219232e-01
    outer loop
      vertex   6.367702e+00 5.490233e-01 1.823048e+00
      vertex   5.333468e+00 5.092729e-01 1.850595e+00
      vertex   5.333468e+00 5.490233e-01 1.823048e+00
    endloop
  endfacet
  facet normal -0.000000e+00 -3.556508e-01 -9.346189e-01
    outer loop
      vertex   -6.043103e+00 5.490233e-01 1.823048e+00
      vertex   -7.077337e+00 5.490233e-01 1.823048e+00
      vertex   -6.043103e+00 5.942241e-01 1.805847e+00
    endloop
  endfacet
  facet normal -0.000000e+00 -3.556508e-01 -9.346189e-01
    outer loop
      vertex   -6.043103e+00 5.942241e-01 1.805847e+00
      vertex   -7.077337e+00 5.490233e-01 1.823048e+00
      vertex   -7.077337e+00 5.942241e-01 1.805847e+00
    endloop
  endfacet
  facet normal -0.000000e+00 -1.209069e-01 -9.926639e-01
    outer loop
      vertex   -6.043103e+00 5.942241e-01 1.805847e+00
      vertex   -7.077337e+00 5.942241e-01 1.805847e+00
      vertex   -1.121427e+01 6.422320e-01 1.800000e+00
    endloop
  endfacet
  facet normal -6.148603e-19 -3.556508e-01 -9.346189e-01
    outer loop
      vertex   1.196533e+00 5.942241e-01 1.805847e+00
      vertex   1.196533e+00 5.490233e-01 1.823048e+00
      vertex   1.622994e-01 5.490233e-01 1.823048e+00
    endloop
  endfacet
  facet normal -0.000000e+00 -3.556508e-01 -9.346189e-01
    outer loop
      vertex   1.196533e+00 5.942241e-01 1.805847e+00
      vertex   1.622994e-01 5.490233e-01 1.823048e+00
      vertex   1.622994e-01 5.942241e-01 1.805847e+00
    endloop
  endfacet
  facet normal -0.000000e+00 -3.556508e-01 -9.346189e-01
    outer loop
      vertex   6.367702e+00 5.490233e-01 1.823048e+00
      vertex   5.333468e+00 5.490233e-01 1.823048e+00
      vertex   6.367702e+00 5.942241e-01 1.805847e+00
    endloop
  endfacet
  facet normal -0.000000e+00 -3.556508e-01 -9.346189e-01
    outer loop
      vertex   6.367702e+00 5.942241e-01 1.805847e+00
      vertex   5.333468e+00 5.490233e-01 1.823048e+00
      vertex   5.333468e+00 5.942241e-01 1.805847e+00
    endloop
  endfacet
  facet normal -0.000000e+00 -1.209069e-01 -9.926639e-01
    outer loop
      vertex   6.367702e+00 5.942241e-01 1.805847e+00
      vertex   5.333468e+00 5.942241e-01 1.805847e+00
      vertex   1.257310e+01 6.422320e-01 1.800000e+00
    endloop
  endfacet
  facet normal -3.737047e-19 -1.209069e-01 -9.926639e-01
    outer loop
      vertex   -1.121427e+01 6.422320e-01 1.800000e+00
      vertex   -5.008870e+00 5.942241e-01 1.805847e+00
      vertex   -6.043103e+00 5.942241e-01 1.805847e+00
    endloop
  endfacet
  facet normal 0.000000e+00 -3.556508e-01 -9.346189e-01
    outer loop
      vertex   -6.043103e+00 5.942241e-01 1.805847e+00
      vertex   -5.008870e+00 5.942241e-01 1.805847e+00
      vertex   -6.043103e+00 5.490233e-01 1.823048e+00
    endloop
  endfacet
  facet normal -4.269089e-19 -1.209069e-01 -9.926639e-01
    outer loop
      vertex   1.257310e+01 6.422320e-01 1.800000e+00
      vertex   7.401936e+00 5.942241e-01 1.805847e+00
      vertex   6.367702e+00 5.942241e-01 1.805847e+00
    endloop
  endfacet
  facet normal 0.000000e+00 -3.556508e-01 -9.346189e-01
    outer loop
      vertex   6.367702e+00 5.942241e-01 1.805847e+00
      vertex   7.401936e+00 5.942241e-01 1.805847e+00
      vertex   6.367702e+00 5.490233e-01 1.823048e+00
    endloop
  endfacet
  facet normal 9.999699e-01 -7.763339e-03 -4.490024e-13
    outer loop
      vertex   1.261255e+01 5.722677e+00 1.805847e+00
      vertex   1.261290e+01 5.767878e+00 1.823048e+00
      vertex   1.261217e+01 5.674669e+00 1.800000e+00
    endloop
  endfacet
  facet normal 9.999699e-01 -7.763339e-03 -1.376922e-13
    outer loop
      vertex   1.261217e+01 5.674669e+00 1.800000e+00
      vertex   1.261290e+01 5.767878e+00 1.823048e+00
      vertex   1.261321e+01 5.807629e+00 1.850595e+00
    endloop
  endfacet
  facet normal 9.999699e-01 -7.763339e-03 -6.379912e-15
    outer loop
      vertex   1.261217e+01 5.674669e+00 1.800000e+00
      vertex   1.261321e+01 5.807629e+00 1.850595e+00
      vertex   1.261346e+01 5.839604e+00 1.886879e+00
    endloop
  endfacet
  facet normal 9.999699e-01 -7.763339e-03 -2.048378e-14
    outer loop
      vertex   1.261346e+01 5.839604e+00 1.886879e+00
      vertex   1.261363e+01 5.861936e+00 1.929777e+00
      vertex   1.261217e+01 5.674669e+00 1.800000e+00
    endloop
  endfacet
  facet normal 9.999699e-01 -7.763339e-03 -4.222671e-15
    outer loop
      vertex   1.261217e+01 5.674669e+00 1.800000e+00
      vertex   1.261363e+01 5.861936e+00 1.929777e+00
      vertex   1.261372e+01 5.873317e+00 1.976781e+00
    endloop
  endfacet
  facet normal 9.999699e-01 -7.763339e-03 3.725296e-15
    outer loop
      vertex   1.261217e+01 5.674669e+00 1.800000e+00
      vertex   1.261372e+01 5.873317e+00 1.976781e+00
      vertex   1.261372e+01 5.873083e+00 2.025144e+00
    endloop
  endfacet
  facet normal 9.999699e-01 -7.763339e-03 2.106125e-14
    outer loop
      vertex   1.261372e+01 5.873083e+00 2.025144e+00
      vertex   1.261362e+01 5.861246e+00 2.072036e+00
      vertex   1.261217e+01 5.674669e+00 1.800000e+00
    endloop
  endfacet
  facet normal 9.999699e-01 -7.763339e-03 -5.406240e-14
    outer loop
      vertex   1.261217e+01 5.674669e+00 1.800000e+00
      vertex   1.261362e+01 5.861246e+00 2.072036e+00
      vertex   1.261345e+01 5.838500e+00 2.114715e+00
    endloop
  endfacet
  facet normal 9.999699e-01 -7.763339e-03 -1.803596e-15
    outer loop
      vertex   1.261217e+01 5.674669e+00 1.800000e+00
      vertex   1.261345e+01 5.838500e+00 2.114715e+00
      vertex   1.257183e+01 4.784016e-01 2.114715e+00
    endloop
  endfacet
  facet normal 9.999699e-01 -7.763339e-03 2.946208e-15
    outer loop
      vertex   1.257183e+01 4.784016e-01 2.114715e+00
      vertex   1.261345e+01 5.838500e+00 2.114715e+00
      vertex   1.258099e+01 1.658451e+00 3.800000e+00
    endloop
  endfacet
  facet normal 9.999699e-01 -7.763339e-03 -1.150180e-15
    outer loop
      vertex   1.258099e+01 1.658451e+00 3.800000e+00
      vertex   1.261345e+01 5.838500e+00 2.114715e+00
      vertex   1.260429e+01 4.658451e+00 3.800000e+00
    endloop
  endfacet
  facet normal 9.999699e-01 -7.763339e-03 7.774083e-15
    outer loop
      vertex   1.261217e+01 5.674669e+00 1.800000e+00
      vertex   1.257183e+01 4.784016e-01 2.114715e+00
      vertex   1.257310e+01 6.422320e-01 1.800000e+00
    endloop
  endfacet
  facet normal 9.999699e-01 -7.763339e-03 5.694142e-14
    outer loop
      vertex   1.257310e+01 6.422320e-01 1.800000e+00
      vertex   1.257183e+01 4.784016e-01 2.114715e+00
      vertex   1.257166e+01 4.556553e-01 2.072036e+00
    endloop
  endfacet
  facet normal 9.999699e-01 -7.763339e-03 -1.930558e-14
    outer loop
      vertex   1.257310e+01 6.422320e-01 1.800000e+00
      vertex   1.257166e+01 4.556553e-01 2.072036e+00
      vertex   1.257156e+01 4.438188e-01 2.025144e+00
    endloop
  endfacet
  facet normal 9.999699e-01 -7.763339e-03 -3.480260e-15
    outer loop
      vertex   1.257156e+01 4.438188e-01 2.025144e+00
      vertex   1.257156e+01 4.435844e-01 1.976781e+00
      vertex   1.257310e+01 6.422320e-01 1.800000e+00
    endloop
  endfacet
  facet normal 9.999699e-01 -7.763339e-03 1.279640e-15
    outer loop
      vertex   1.257310e+01 6.422320e-01 1.800000e+00
      vertex   1.257156e+01 4.435844e-01 1.976781e+00
      vertex   1.257165e+01 4.549656e-01 1.929777e+00
    endloop
  endfacet
  facet normal 9.999699e-01 -7.763339e-03 1.248808e-14
    outer loop
      vertex   1.257310e+01 6.422320e-01 1.800000e+00
      vertex   1.257165e+01 4.549656e-01 1.929777e+00
      vertex   1.257182e+01 4.772970e-01 1.886879e+00
    endloop
  endfacet
  facet normal 9.999699e-01 -7.763339e-03 -1.093907e-14
    outer loop
      vertex   1.257182e+01 4.772970e-01 1.886879e+00
      vertex   1.257207e+01 5.092729e-01 1.850595e+00
      vertex   1.257310e+01 6.422320e-01 1.800000e+00
    endloop
  endfacet
  facet normal 9.999699e-01 -7.763339e-03 9.425937e-14
    outer loop
      vertex   1.257310e+01 6.422320e-01 1.800000e+00
      vertex   1.257207e+01 5.092729e-01 1.850595e+00
      vertex   1.257238e+01 5.490233e-01 1.823048e+00
    endloop
  endfacet
  facet normal 9.999699e-01 -7.763339e-03 3.057990e-13
    outer loop
      vertex   1.257310e+01 6.422320e-01 1.800000e+00
      vertex   1.257238e+01 5.490233e-01 1.823048e+00
      vertex   1.257273e+01 5.942241e-01 1.805847e+00
    endloop
  endfacet
  facet normal 0.000000e+00 0.000000e+00 -1.000000e+00
    outer loop
      vertex   -1.121427e+01 6.422320e-01 1.800000e+00
      vertex   -1.121427e+01 5.674669e+00 1.800000e+00
      vertex   1.257310e+01 6.422320e-01 1.800000e+00
    endloop
  endfacet
  facet normal 0.000000e+00 0.000000e+00 -1.000000e+00
    outer loop
      vertex   1.257310e+01 6.422320e-01 1.800000e+00
      vertex   -1.121427e+01 5.674669e+00 1.800000e+00
      vertex   1.261217e+01 5.674669e+00 1.800000e+00
    endloop
  endfacet
  facet normal 0.000000e+00 1.209069e-01 -9.926639e-01
    outer loop
      vertex   -1.121427e+01 5.722677e+00 1.805847e+00
      vertex   -1.017827e+01 5.722677e+00 1.805847e+00
      vertex   -1.121427e+01 5.674669e+00 1.800000e+00
    endloop
  endfacet
  facet normal 5.058516e-19 1.209069e-01 -9.926639e-01
    outer loop
      vertex   -1.121427e+01 5.674669e+00 1.800000e+00
      vertex   -1.017827e+01 5.722677e+00 1.805847e+00
      vertex   -9.142273e+00 5.722677e+00 1.805847e+00
    endloop
  endfacet
  facet normal 5.058516e-19 1.209069e-01 -9.926639e-01
    outer loop
      vertex   -1.121427e+01 5.674669e+00 1.800000e+00
      vertex   -9.142273e+00 5.722677e+00 1.805847e+00
      vertex   -8.106274e+00 5.722677e+00 1.805847e+00
    endloop
  endfacet
  facet normal 0.000000e+00 3.556508e-01 -9.346189e-01
    outer loop
      vertex   -8.106274e+00 5.722677e+00 1.805847e+00
      vertex   -9.142273e+00 5.722677e+00 1.805847e+00
      vertex   -8.106274e+00 5.767878e+00 1.823048e+00
    endloop
  endfacet
  facet normal -8.540540e-19 3.556508e-01 -9.346189e-01
    outer loop
      vertex   -8.106274e+00 5.722677e+00 1.805847e+00
      vertex   -8.106274e+00 5.767878e+00 1.823048e+00
      vertex   -7.070274e+00 5.767878e+00 1.823048e+00
    endloop
  endfacet
  facet normal 0.000000e+00 5.695983e-01 -8.219232e-01
    outer loop
      vertex   -7.070274e+00 5.767878e+00 1.823048e+00
      vertex   -8.106274e+00 5.767878e+00 1.823048e+00
      vertex   -7.070274e+00 5.807629e+00 1.850595e+00
    endloop
  endfacet
  facet normal -1.029115e-18 5.695983e-01 -8.219232e-01
    outer loop
      vertex   -7.070274e+00 5.767878e+00 1.823048e+00
      vertex   -7.070274e+00 5.807629e+00 1.850595e+00
      vertex   -6.034275e+00 5.807629e+00 1.850595e+00
    endloop
  endfacet
  facet normal 0.000000e+00 7.502393e-01 -6.611664e-01
    outer loop
      vertex   -6.034275e+00 5.807629e+00 1.850595e+00
      vertex   -7.070274e+00 5.807629e+00 1.850595e+00
      vertex   -6.034275e+00 5.839604e+00 1.886879e+00
    endloop
  endfacet
  facet normal 1.604020e-18 7.502393e-01 -6.611664e-01
    outer loop
      vertex   -6.034275e+00 5.807629e+00 1.850595e+00
      vertex   -6.034275e+00 5.839604e+00 1.886879e+00
      vertex   -4.998275e+00 5.839604e+00 1.886879e+00
    endloop
  endfacet
  facet normal 0.000000e+00 8.870108e-01 -4.617486e-01
    outer loop
      vertex   -4.998275e+00 5.839604e+00 1.886879e+00
      vertex   -6.034275e+00 5.839604e+00 1.886879e+00
      vertex   -4.998275e+00 5.861936e+00 1.929777e+00
    endloop
  endfacet
  facet normal 1.461448e-19 8.870108e-01 -4.617486e-01
    outer loop
      vertex   -4.998275e+00 5.839604e+00 1.886879e+00
      vertex   -4.998275e+00 5.861936e+00 1.929777e+00
      vertex   -3.962276e+00 5.861936e+00 1.929777e+00
    endloop
  endfacet
  facet normal 0.000000e+00 9.719154e-01 -2.353306e-01
    outer loop
      vertex   -3.962276e+00 5.861936e+00 1.929777e+00
      vertex   -4.998275e+00 5.861936e+00 1.929777e+00
      vertex   -3.962276e+00 5.873317e+00 1.976781e+00
    endloop
  endfacet
  facet normal 5.974658e-19 9.719154e-01 -2.353306e-01
    outer loop
      vertex   -3.962276e+00 5.861936e+00 1.929777e+00
      vertex   -3.962276e+00 5.873317e+00 1.976781e+00
      vertex   -2.926276e+00 5.873317e+00 1.976781e+00
    endloop
  endfacet
  facet normal 0.000000e+00 9.999882e-01 4.848118e-03
    outer loop
      vertex   -2.926276e+00 5.873317e+00 1.976781e+00
      vertex   -3.962276e+00 5.873317e+00 1.976781e+00
      vertex   -2.926276e+00 5.873083e+00 2.025144e+00
    endloop
  endfacet
  facet normal -6.313386e-21 9.999882e-01 4.848118e-03
    outer loop
      vertex   -2.926276e+00 5.873317e+00 1.976781e+00
      vertex   -2.926276e+00 5.873083e+00 2.025144e+00
      vertex   -1.890277e+00 5.873083e+00 2.025144e+00
    endloop
  endfacet
  facet normal 0.000000e+00 9.695879e-01 2.447433e-01
    outer loop
      vertex   -1.890277e+00 5.873083e+00 2.025144e+00
      vertex   -2.926276e+00 5.873083e+00 2.025144e+00
      vertex   -1.890277e+00 5.861246e+00 2.072036e+00
    endloop
  endfacet
  facet normal 8.514845e-19 9.695879e-01 2.447433e-01
    outer loop
      vertex   -1.890277e+00 5.873083e+00 2.025144e+00
      vertex   -1.890277e+00 5.861246e+00 2.072036e+00
      vertex   -8.542770e-01 5.861246e+00 2.072036e+00
    endloop
  endfacet
  facet normal 0.000000e+00 8.824920e-01 4.703275e-01
    outer loop
      vertex   -8.542770e-01 5.861246e+00 2.072036e+00
      vertex   -1.890277e+00 5.861246e+00 2.072036e+00
      vertex   -1.121427e+01 5.838500e+00 2.114715e+00
    endloop
  endfacet
  facet normal -0.000000e+00 8.824920e-01 4.703275e-01
    outer loop
      vertex   -8.542770e-01 5.861246e+00 2.072036e+00
      vertex   -1.121427e+01 5.838500e+00 2.114715e+00
      vertex   1.817225e-01 5.861246e+00 2.072036e+00
    endloop
  endfacet
  facet normal -8.726691e-18 8.824920e-01 4.703275e-01
    outer loop
      vertex   1.817225e-01 5.861246e+00 2.072036e+00
      vertex   -1.121427e+01 5.838500e+00 2.114715e+00
      vertex   1.261345e+01 5.838500e+00 2.114715e+00
    endloop
  endfacet
  facet normal -0.000000e+00 8.824920e-01 4.703275e-01
    outer loop
      vertex   1.817225e-01 5.861246e+00 2.072036e+00
      vertex   1.261345e+01 5.838500e+00 2.114715e+00
      vertex   1.217722e+00 5.861246e+00 2.072036e+00
    endloop
  endfacet
  facet normal -0.000000e+00 8.824920e-01 4.703275e-01
    outer loop
      vertex   1.217722e+00 5.861246e+00 2.072036e+00
      vertex   1.261345e+01 5.838500e+00 2.114715e+00
      vertex   2.253722e+00 5.861246e+00 2.072036e+00
    endloop
  endfacet
  facet normal -0.000000e+00 9.695879e-01 2.447433e-01
    outer loop
      vertex   1.217722e+00 5.861246e+00 2.072036e+00
      vertex   2.253722e+00 5.861246e+00 2.072036e+00
      vertex   1.217722e+00 5.873083e+00 2.025144e+00
    endloop
  endfacet
  facet normal -0.000000e+00 9.695879e-01 2.447433e-01
    outer loop
      vertex   1.217722e+00 5.873083e+00 2.025144e+00
      vertex   2.253722e+00 5.861246e+00 2.072036e+00
      vertex   2.253722e+00 5.873083e+00 2.025144e+00
    endloop
  endfacet
  facet normal -0.000000e+00 9.999882e-01 4.848118e-03
    outer loop
      vertex   1.217722e+00 5.873083e+00 2.025144e+00
      vertex   2.253722e+00 5.873083e+00 2.025144e+00
      vertex   1.217722e+00 5.873317e+00 1.976781e+00
    endloop
  endfacet
  facet normal -0.000000e+00 9.999882e-01 4.848118e-03
    outer loop
      vertex   1.217722e+00 5.873317e+00 1.976781e+00
      vertex   2.253722e+00 5.873083e+00 2.025144e+00
      vertex   2.253722e+00 5.873317e+00 1.976781e+00
    endloop
  endfacet
  facet normal 0.000000e+00 9.719154e-01 -2.353306e-01
    outer loop
      vertex   1.217722e+00 5.873317e+00 1.976781e+00
      vertex   2.253722e+00 5.873317e+00 1.976781e+00
      vertex   1.217722e+00 5.861936e+00 1.929777e+00
    endloop
  endfacet
  facet normal -8.332381e-16 9.719154e-01 -2.353306e-01
    outer loop
      vertex   1.217722e+00 5.861936e+00 1.929777e+00
      vertex   2.253722e+00 5.873317e+00 1.976781e+00
      vertex   2.253722e+00 5.861936e+00 1.929777e+00
    endloop
  endfacet
  facet normal -7.604481e-16 8.870108e-01 -4.617486e-01
    outer loop
      vertex   1.217722e+00 5.861936e+00 1.929777e+00
      vertex   2.253722e+00 5.861936e+00 1.929777e+00
      vertex   1.217722e+00 5.839604e+00 1.886879e+00
    endloop
  endfacet
  facet normal 0.000000e+00 8.870108e-01 -4.617486e-01
    outer loop
      vertex   1.217722e+00 5.839604e+00 1.886879e+00
      vertex   2.253722e+00 5.861936e+00 1.929777e+00
      vertex   2.253722e+00 5.839604e+00 1.886879e+00
    endloop
  endfacet
  facet normal 0.000000e+00 7.502393e-01 -6.611664e-01
    outer loop
      vertex   1.217722e+00 5.839604e+00 1.886879e+00
      vertex   2.253722e+00 5.839604e+00 1.886879e+00
      vertex   1.217722e+00 5.807629e+00 1.850595e+00
    endloop
  endfacet
  facet normal 0.000000e+00 7.502393e-01 -6.611664e-01
    outer loop
      vertex   1.217722e+00 5.807629e+00 1.850595e+00
      vertex   2.253722e+00 5.839604e+00 1.886879e+00
      vertex   2.253722e+00 5.807629e+00 1.850595e+00
    endloop
  endfacet
  facet normal 0.000000e+00 5.695983e-01 -8.219232e-01
    outer loop
      vertex   1.217722e+00 5.807629e+00 1.850595e+00
      vertex   2.253722e+00 5.807629e+00 1.850595e+00
      vertex   1.217722e+00 5.767878e+00 1.823048e+00
    endloop
  endfacet
  facet normal 0.000000e+00 5.695983e-01 -8.219232e-01
    outer loop
      vertex   1.217722e+00 5.767878e+00 1.823048e+00
      vertex   2.253722e+00 5.807629e+00 1.850595e+00
      vertex   2.253722e+00 5.767878e+00 1.823048e+00
    endloop
  endfacet
  facet normal 0.000000e+00 3.556508e-01 -9.346189e-01
    outer loop
      vertex   1.217722e+00 5.767878e+00 1.823048e+00
      vertex   2.253722e+00 5.767878e+00 1.823048e+00
      vertex   1.217722e+00 5.722677e+00 1.805847e+00
    endloop
  endfacet
  facet normal -3.049049e-16 3.556508e-01 -9.346189e-01
    outer loop
      vertex   1.217722e+00 5.722677e+00 1.805847e+00
      vertex   2.253722e+00 5.767878e+00 1.823048e+00
      vertex   2.253722e+00 5.722677e+00 1.805847e+00
    endloop
  endfacet
  facet normal -1.036553e-16 1.209069e-01 -9.926639e-01
    outer loop
      vertex   1.217722e+00 5.722677e+00 1.805847e+00
      vertex   2.253722e+00 5.722677e+00 1.805847e+00
      vertex   1.261217e+01 5.674669e+00 1.800000e+00
    endloop
  endfacet
  facet normal 2.933975e-19 1.209069e-01 -9.926639e-01
    outer loop
      vertex   1.261217e+01 5.674669e+00 1.800000e+00
      vertex   2.253722e+00 5.722677e+00 1.805847e+00
      vertex   3.289721e+00 5.722677e+00 1.805847e+00
    endloop
  endfacet
  facet normal 2.933975e-19 1.209069e-01 -9.926639e-01
    outer loop
      vertex   1.261217e+01 5.674669e+00 1.800000e+00
      vertex   3.289721e+00 5.722677e+00 1.805847e+00
      vertex   4.325721e+00 5.722677e+00 1.805847e+00
    endloop
  endfacet
  facet normal 0.000000e+00 3.556508e-01 -9.346189e-01
    outer loop
      vertex   4.325721e+00 5.722677e+00 1.805847e+00
      vertex   3.289721e+00 5.722677e+00 1.805847e+00
      vertex   4.325721e+00 5.767878e+00 1.823048e+00
    endloop
  endfacet
  facet normal -7.529855e-19 3.556508e-01 -9.346189e-01
    outer loop
      vertex   4.325721e+00 5.722677e+00 1.805847e+00
      vertex   4.325721e+00 5.767878e+00 1.823048e+00
      vertex   5.361720e+00 5.767878e+00 1.823048e+00
    endloop
  endfacet
  facet normal 0.000000e+00 5.695983e-01 -8.219232e-01
    outer loop
      vertex   5.361720e+00 5.767878e+00 1.823048e+00
      vertex   4.325721e+00 5.767878e+00 1.823048e+00
      vertex   5.361720e+00 5.807629e+00 1.850595e+00
    endloop
  endfacet
  facet normal -1.361547e-18 5.695983e-01 -8.219232e-01
    outer loop
      vertex   5.361720e+00 5.767878e+00 1.823048e+00
      vertex   5.361720e+00 5.807629e+00 1.850595e+00
      vertex   6.397720e+00 5.807629e+00 1.850595e+00
    endloop
  endfacet
  facet normal 0.000000e+00 7.502393e-01 -6.611664e-01
    outer loop
      vertex   6.397720e+00 5.807629e+00 1.850595e+00
      vertex   5.361720e+00 5.807629e+00 1.850595e+00
      vertex   6.397720e+00 5.839604e+00 1.886879e+00
    endloop
  endfacet
  facet normal 1.604020e-18 7.502393e-01 -6.611664e-01
    outer loop
      vertex   6.397720e+00 5.807629e+00 1.850595e+00
      vertex   6.397720e+00 5.839604e+00 1.886879e+00
      vertex   7.433719e+00 5.839604e+00 1.886879e+00
    endloop
  endfacet
  facet normal 0.000000e+00 8.870108e-01 -4.617486e-01
    outer loop
      vertex   7.433719e+00 5.839604e+00 1.886879e+00
      vertex   6.397720e+00 5.839604e+00 1.886879e+00
      vertex   7.433719e+00 5.861936e+00 1.929777e+00
    endloop
  endfacet
  facet normal -1.947738e-19 8.870108e-01 -4.617486e-01
    outer loop
      vertex   7.433719e+00 5.839604e+00 1.886879e+00
      vertex   7.433719e+00 5.861936e+00 1.929777e+00
      vertex   8.469719e+00 5.861936e+00 1.929777e+00
    endloop
  endfacet
  facet normal 0.000000e+00 9.719154e-01 -2.353306e-01
    outer loop
      vertex   8.469719e+00 5.861936e+00 1.929777e+00
      vertex   7.433719e+00 5.861936e+00 1.929777e+00
      vertex   8.469719e+00 5.873317e+00 1.976781e+00
    endloop
  endfacet
  facet normal -7.664988e-19 9.719154e-01 -2.353306e-01
    outer loop
      vertex   8.469719e+00 5.861936e+00 1.929777e+00
      vertex   8.469719e+00 5.873317e+00 1.976781e+00
      vertex   9.505718e+00 5.873317e+00 1.976781e+00
    endloop
  endfacet
  facet normal 0.000000e+00 9.999882e-01 4.848118e-03
    outer loop
      vertex   9.505718e+00 5.873317e+00 1.976781e+00
      vertex   8.469719e+00 5.873317e+00 1.976781e+00
      vertex   9.505718e+00 5.873083e+00 2.025144e+00
    endloop
  endfacet
  facet normal -6.313386e-21 9.999882e-01 4.848118e-03
    outer loop
      vertex   9.505718e+00 5.873317e+00 1.976781e+00
      vertex   9.505718e+00 5.873083e+00 2.025144e+00
      vertex   1.054172e+01 5.873083e+00 2.025144e+00
    endloop
  endfacet
  facet normal 0.000000e+00 9.695879e-01 2.447433e-01
    outer loop
      vertex   1.054172e+01 5.873083e+00 2.025144e+00
      vertex   9.505718e+00 5.873083e+00 2.025144e+00
      vertex   1.054172e+01 5.861246e+00 2.072036e+00
    endloop
  endfacet
  facet normal 8.514845e-19 9.695879e-01 2.447433e-01
    outer loop
      vertex   1.054172e+01 5.873083e+00 2.025144e+00
      vertex   1.054172e+01 5.861246e+00 2.072036e+00
      vertex   1.157772e+01 5.861246e+00 2.072036e+00
    endloop
  endfacet
  facet normal 0.000000e+00 8.824920e-01 4.703275e-01
    outer loop
      vertex   1.157772e+01 5.861246e+00 2.072036e+00
      vertex   1.054172e+01 5.861246e+00 2.072036e+00
      vertex   1.261345e+01 5.838500e+00 2.114715e+00
    endloop
  endfacet
  facet normal -0.000000e+00 8.824920e-01 4.703275e-01
    outer loop
      vertex   1.157772e+01 5.861246e+00 2.072036e+00
      vertex   1.261345e+01 5.838500e+00 2.114715e+00
      vertex   1.261362e+01 5.861246e+00 2.072036e+00
    endloop
  endfacet
  facet normal 0.000000e+00 3.556508e-01 -9.346189e-01
    outer loop
      vertex   -1.017827e+01 5.722677e+00 1.805847e+00
      vertex   -1.121427e+01 5.722677e+00 1.805847e+00
      vertex   -1.017827e+01 5.767878e+00 1.823048e+00
    endloop
  endfacet
  facet normal 0.000000e+00 3.556508e-01 -9.346189e-01
    outer loop
      vertex   -1.017827e+01 5.767878e+00 1.823048e+00
      vertex   -1.121427e+01 5.722677e+00 1.805847e+00
      vertex   -1.121427e+01 5.767878e+00 1.823048e+00
    endloop
  endfacet
  facet normal 0.000000e+00 5.695983e-01 -8.219232e-01
    outer loop
      vertex   -1.017827e+01 5.767878e+00 1.823048e+00
      vertex   -1.121427e+01 5.767878e+00 1.823048e+00
      vertex   -1.017827e+01 5.807629e+00 1.850595e+00
    endloop
  endfacet
  facet normal 0.000000e+00 5.695983e-01 -8.219232e-01
    outer loop
      vertex   -1.017827e+01 5.807629e+00 1.850595e+00
      vertex   -1.121427e+01 5.767878e+00 1.823048e+00
      vertex   -1.121427e+01 5.807629e+00 1.850595e+00
    endloop
  endfacet
  facet normal 0.000000e+00 7.502393e-01 -6.611664e-01
    outer loop
      vertex   -1.017827e+01 5.807629e+00 1.850595e+00
      vertex   -1.121427e+01 5.807629e+00 1.850595e+00
      vertex   -1.017827e+01 5.839604e+00 1.886879e+00
    endloop
  endfacet
  facet normal 1.417070e-16 7.502393e-01 -6.611664e-01
    outer loop
      vertex   -1.017827e+01 5.839604e+00 1.886879e+00
      vertex   -1.121427e+01 5.807629e+00 1.850595e+00
      vertex   -1.121427e+01 5.839604e+00 1.886879e+00
    endloop
  endfacet
  facet normal 9.896606e-17 8.870108e-01 -4.617486e-01
    outer loop
      vertex   -1.017827e+01 5.839604e+00 1.886879e+00
      vertex   -1.121427e+01 5.839604e+00 1.886879e+00
      vertex   -1.017827e+01 5.861936e+00 1.929777e+00
    endloop
  endfacet
  facet normal 1.979321e-16 8.870108e-01 -4.617486e-01
    outer loop
      vertex   -1.017827e+01 5.861936e+00 1.929777e+00
      vertex   -1.121427e+01 5.839604e+00 1.886879e+00
      vertex   -1.121427e+01 5.861936e+00 1.929777e+00
    endloop
  endfacet
  facet normal 1.008763e-16 9.719154e-01 -2.353306e-01
    outer loop
      vertex   -1.017827e+01 5.861936e+00 1.929777e+00
      vertex   -1.121427e+01 5.861936e+00 1.929777e+00
      vertex   -1.017827e+01 5.873317e+00 1.976781e+00
    endloop
  endfacet
  facet normal 0.000000e+00 9.719154e-01 -2.353306e-01
    outer loop
      vertex   -1.017827e+01 5.873317e+00 1.976781e+00
      vertex   -1.121427e+01 5.861936e+00 1.929777e+00
      vertex   -1.121427e+01 5.873317e+00 1.976781e+00
    endloop
  endfacet
  facet normal 0.000000e+00 9.999882e-01 4.848118e-03
    outer loop
      vertex   -1.017827e+01 5.873317e+00 1.976781e+00
      vertex   -1.121427e+01 5.873317e+00 1.976781e+00
      vertex   -1.017827e+01 5.873083e+00 2.025144e+00
    endloop
  endfacet
  facet normal 0.000000e+00 9.999882e-01 4.848118e-03
    outer loop
      vertex   -1.017827e+01 5.873083e+00 2.025144e+00
      vertex   -1.121427e+01 5.873317e+00 1.976781e+00
      vertex   -1.121427e+01 5.873083e+00 2.025144e+00
    endloop
  endfacet
  facet normal 0.000000e+00 9.695879e-01 2.447433e-01
    outer loop
      vertex   -1.017827e+01 5.873083e+00 2.025144e+00
      vertex   -1.121427e+01 5.873083e+00 2.025144e+00
      vertex   -1.017827e+01 5.861246e+00 2.072036e+00
    endloop
  endfacet
  facet normal 0.000000e+00 9.695879e-01 2.447433e-01
    outer loop
      vertex   -1.017827e+01 5.861246e+00 2.072036e+00
      vertex   -1.121427e+01 5.873083e+00 2.025144e+00
      vertex   -1.121427e+01 5.861246e+00 2.072036e+00
    endloop
  endfacet
  facet normal 0.000000e+00 8.824920e-01 4.703275e-01
    outer loop
      vertex   -1.017827e+01 5.861246e+00 2.072036e+00
      vertex   -1.121427e+01 5.861246e+00 2.072036e+00
      vertex   -1.121427e+01 5.838500e+00 2.114715e+00
    endloop
  endfacet
  facet normal -0.000000e+00 9.695879e-01 2.447433e-01
    outer loop
      vertex   1.157772e+01 5.861246e+00 2.072036e+00
      vertex   1.261362e+01 5.861246e+00 2.072036e+00
      vertex   1.157772e+01 5.873083e+00 2.025144e+00
    endloop
  endfacet
  facet normal -0.000000e+00 9.695879e-01 2.447433e-01
    outer loop
      vertex   1.157772e+01 5.873083e+00 2.025144e+00
      vertex   1.261362e+01 5.861246e+00 2.072036e+00
      vertex   1.261372e+01 5.873083e+00 2.025144e+00
    endloop
  endfacet
  facet normal -0.000000e+00 9.999882e-01 4.848118e-03
    outer loop
      vertex   1.157772e+01 5.873083e+00 2.025144e+00
      vertex   1.261372e+01 5.873083e+00 2.025144e+00
      vertex   1.157772e+01 5.873317e+00 1.976781e+00
    endloop
  endfacet
  facet normal 8.573054e-16 9.999882e-01 4.848118e-03
    outer loop
      vertex   1.157772e+01 5.873317e+00 1.976781e+00
      vertex   1.261372e+01 5.873083e+00 2.025144e+00
      vertex   1.261372e+01 5.873317e+00 1.976781e+00
    endloop
  endfacet
  facet normal 8.332381e-16 9.719154e-01 -2.353306e-01
    outer loop
      vertex   1.157772e+01 5.873317e+00 1.976781e+00
      vertex   1.261372e+01 5.873317e+00 1.976781e+00
      vertex   1.261363e+01 5.861936e+00 1.929777e+00
    endloop
  endfacet
  facet normal 5.698570e-19 9.719154e-01 -2.353306e-01
    outer loop
      vertex   1.157772e+01 5.873317e+00 1.976781e+00
      vertex   1.261363e+01 5.861936e+00 1.929777e+00
      vertex   1.157772e+01 5.861936e+00 1.929777e+00
    endloop
  endfacet
  facet normal 0.000000e+00 8.870108e-01 -4.617486e-01
    outer loop
      vertex   1.157772e+01 5.861936e+00 1.929777e+00
      vertex   1.261363e+01 5.861936e+00 1.929777e+00
      vertex   1.261346e+01 5.839604e+00 1.886879e+00
    endloop
  endfacet
  facet normal -9.590503e-16 8.870108e-01 -4.617486e-01
    outer loop
      vertex   1.157772e+01 5.861936e+00 1.929777e+00
      vertex   1.261346e+01 5.839604e+00 1.886879e+00
      vertex   1.157772e+01 5.839604e+00 1.886879e+00
    endloop
  endfacet
  facet normal -9.268400e-16 7.502393e-01 -6.611664e-01
    outer loop
      vertex   1.157772e+01 5.839604e+00 1.886879e+00
      vertex   1.261346e+01 5.839604e+00 1.886879e+00
      vertex   1.261321e+01 5.807629e+00 1.850595e+00
    endloop
  endfacet
  facet normal -1.070176e-18 7.502393e-01 -6.611664e-01
    outer loop
      vertex   1.157772e+01 5.839604e+00 1.886879e+00
      vertex   1.261321e+01 5.807629e+00 1.850595e+00
      vertex   1.157772e+01 5.807629e+00 1.850595e+00
    endloop
  endfacet
  facet normal 0.000000e+00 5.695983e-01 -8.219232e-01
    outer loop
      vertex   1.157772e+01 5.807629e+00 1.850595e+00
      vertex   1.261321e+01 5.807629e+00 1.850595e+00
      vertex   1.261290e+01 5.767878e+00 1.823048e+00
    endloop
  endfacet
  facet normal -3.521936e-16 5.695983e-01 -8.219232e-01
    outer loop
      vertex   1.157772e+01 5.807629e+00 1.850595e+00
      vertex   1.261290e+01 5.767878e+00 1.823048e+00
      vertex   1.157772e+01 5.767878e+00 1.823048e+00
    endloop
  endfacet
  facet normal -4.009484e-16 3.556508e-01 -9.346189e-01
    outer loop
      vertex   1.157772e+01 5.767878e+00 1.823048e+00
      vertex   1.261290e+01 5.767878e+00 1.823048e+00
      vertex   1.261255e+01 5.722677e+00 1.805847e+00
    endloop
  endfacet
  facet normal -2.012960e-16 3.556508e-01 -9.346189e-01
    outer loop
      vertex   1.157772e+01 5.767878e+00 1.823048e+00
      vertex   1.261255e+01 5.722677e+00 1.805847e+00
      vertex   1.157772e+01 5.722677e+00 1.805847e+00
    endloop
  endfacet
  facet normal -2.129970e-16 1.209069e-01 -9.926639e-01
    outer loop
      vertex   1.157772e+01 5.722677e+00 1.805847e+00
      vertex   1.261255e+01 5.722677e+00 1.805847e+00
      vertex   1.261217e+01 5.674669e+00 1.800000e+00
    endloop
  endfacet
  facet normal 0.000000e+00 1.209069e-01 -9.926639e-01
    outer loop
      vertex   1.157772e+01 5.722677e+00 1.805847e+00
      vertex   1.261217e+01 5.674669e+00 1.800000e+00
      vertex   1.054172e+01 5.722677e+00 1.805847e+00
    endloop
  endfacet
  facet normal 0.000000e+00 1.209069e-01 -9.926639e-01
    outer loop
      vertex   1.054172e+01 5.722677e+00 1.805847e+00
      vertex   1.261217e+01 5.674669e+00 1.800000e+00
      vertex   9.505718e+00 5.722677e+00 1.805847e+00
    endloop
  endfacet
  facet normal 0.000000e+00 3.556508e-01 -9.346189e-01
    outer loop
      vertex   1.054172e+01 5.722677e+00 1.805847e+00
      vertex   9.505718e+00 5.722677e+00 1.805847e+00
      vertex   1.054172e+01 5.767878e+00 1.823048e+00
    endloop
  endfacet
  facet normal 0.000000e+00 3.556508e-01 -9.346189e-01
    outer loop
      vertex   1.054172e+01 5.767878e+00 1.823048e+00
      vertex   9.505718e+00 5.722677e+00 1.805847e+00
      vertex   9.505718e+00 5.767878e+00 1.823048e+00
    endloop
  endfacet
  facet normal 0.000000e+00 5.695983e-01 -8.219232e-01
    outer loop
      vertex   1.054172e+01 5.767878e+00 1.823048e+00
      vertex   9.505718e+00 5.767878e+00 1.823048e+00
      vertex   1.054172e+01 5.807629e+00 1.850595e+00
    endloop
  endfacet
  facet normal 0.000000e+00 5.695983e-01 -8.219232e-01
    outer loop
      vertex   1.054172e+01 5.807629e+00 1.850595e+00
      vertex   9.505718e+00 5.767878e+00 1.823048e+00
      vertex   9.505718e+00 5.807629e+00 1.850595e+00
    endloop
  endfacet
  facet normal 0.000000e+00 7.502393e-01 -6.611664e-01
    outer loop
      vertex   1.054172e+01 5.807629e+00 1.850595e+00
      vertex   9.505718e+00 5.807629e+00 1.850595e+00
      vertex   1.054172e+01 5.839604e+00 1.886879e+00
    endloop
  endfacet
  facet normal 0.000000e+00 7.502393e-01 -6.611664e-01
    outer loop
      vertex   1.054172e+01 5.839604e+00 1.886879e+00
      vertex   9.505718e+00 5.807629e+00 1.850595e+00
      vertex   9.505718e+00 5.839604e+00 1.886879e+00
    endloop
  endfacet
  facet normal 0.000000e+00 8.870108e-01 -4.617486e-01
    outer loop
      vertex   1.054172e+01 5.839604e+00 1.886879e+00
      vertex   9.505718e+00 5.839604e+00 1.886879e+00
      vertex   1.054172e+01 5.861936e+00 1.929777e+00
    endloop
  endfacet
  facet normal 0.000000e+00 8.870108e-01 -4.617486e-01
    outer loop
      vertex   1.054172e+01 5.861936e+00 1.929777e+00
      vertex   9.505718e+00 5.839604e+00 1.886879e+00
      vertex   9.505718e+00 5.861936e+00 1.929777e+00
    endloop
  endfacet
  facet normal 0.000000e+00 9.719154e-01 -2.353306e-01
    outer loop
      vertex   1.054172e+01 5.861936e+00 1.929777e+00
      vertex   9.505718e+00 5.861936e+00 1.929777e+00
      vertex   1.054172e+01 5.873317e+00 1.976781e+00
    endloop
  endfacet
  facet normal 0.000000e+00 9.719154e-01 -2.353306e-01
    outer loop
      vertex   1.054172e+01 5.873317e+00 1.976781e+00
      vertex   9.505718e+00 5.861936e+00 1.929777e+00
      vertex   9.505718e+00 5.873317e+00 1.976781e+00
    endloop
  endfacet
  facet normal 0.000000e+00 9.999882e-01 4.848118e-03
    outer loop
      vertex   1.054172e+01 5.873317e+00 1.976781e+00
      vertex   9.505718e+00 5.873317e+00 1.976781e+00
      vertex   1.054172e+01 5.873083e+00 2.025144e+00
    endloop
  endfacet
  facet normal 0.000000e+00 1.209069e-01 -9.926639e-01
    outer loop
      vertex   1.217722e+00 5.722677e+00 1.805847e+00
      vertex   1.261217e+01 5.674669e+00 1.800000e+00
      vertex   1.817225e-01 5.722677e+00 1.805847e+00
    endloop
  endfacet
  facet normal 2.199497e-20 1.209069e-01 -9.926639e-01
    outer loop
      vertex   1.817225e-01 5.722677e+00 1.805847e+00
      vertex   1.261217e+01 5.674669e+00 1.800000e+00
      vertex   -1.121427e+01 5.674669e+00 1.800000e+00
    endloop
  endfacet
  facet normal 0.000000e+00 1.209069e-01 -9.926639e-01
    outer loop
      vertex   1.817225e-01 5.722677e+00 1.805847e+00
      vertex   -1.121427e+01 5.674669e+00 1.800000e+00
      vertex   -8.542770e-01 5.722677e+00 1.805847e+00
    endloop
  endfacet
  facet normal 0.000000e+00 1.209069e-01 -9.926639e-01
    outer loop
      vertex   -8.542770e-01 5.722677e+00 1.805847e+00
      vertex   -1.121427e+01 5.674669e+00 1.800000e+00
      vertex   -1.890277e+00 5.722677e+00 1.805847e+00
    endloop
  endfacet
  facet normal 0.000000e+00 3.556508e-01 -9.346189e-01
    outer loop
      vertex   -8.542770e-01 5.722677e+00 1.805847e+00
      vertex   -1.890277e+00 5.722677e+00 1.805847e+00
      vertex   -8.542770e-01 5.767878e+00 1.823048e+00
    endloop
  endfacet
  facet normal 0.000000e+00 3.556508e-01 -9.346189e-01
    outer loop
      vertex   -8.542770e-01 5.767878e+00 1.823048e+00
      vertex   -1.890277e+00 5.722677e+00 1.805847e+00
      vertex   -1.890277e+00 5.767878e+00 1.823048e+00
    endloop
  endfacet
  facet normal 0.000000e+00 5.695983e-01 -8.219232e-01
    outer loop
      vertex   -8.542770e-01 5.767878e+00 1.823048e+00
      vertex   -1.890277e+00 5.767878e+00 1.823048e+00
      vertex   -8.542770e-01 5.807629e+00 1.850595e+00
    endloop
  endfacet
  facet normal 0.000000e+00 5.695983e-01 -8.219232e-01
    outer loop
      vertex   -8.542770e-01 5.807629e+00 1.850595e+00
      vertex   -1.890277e+00 5.767878e+00 1.823048e+00
      vertex   -1.890277e+00 5.807629e+00 1.850595e+00
    endloop
  endfacet
  facet normal 0.000000e+00 7.502393e-01 -6.611664e-01
    outer loop
      vertex   -8.542770e-01 5.807629e+00 1.850595e+00
      vertex   -1.890277e+00 5.807629e+00 1.850595e+00
      vertex   -8.542770e-01 5.839604e+00 1.886879e+00
    endloop
  endfacet
  facet normal 0.000000e+00 7.502393e-01 -6.611664e-01
    outer loop
      vertex   -8.542770e-01 5.839604e+00 1.886879e+00
      vertex   -1.890277e+00 5.807629e+00 1.850595e+00
      vertex   -1.890277e+00 5.839604e+00 1.886879e+00
    endloop
  endfacet
  facet normal 0.000000e+00 8.870108e-01 -4.617486e-01
    outer loop
      vertex   -8.542770e-01 5.839604e+00 1.886879e+00
      vertex   -1.890277e+00 5.839604e+00 1.886879e+00
      vertex   -8.542770e-01 5.861936e+00 1.929777e+00
    endloop
  endfacet
  facet normal 0.000000e+00 8.870108e-01 -4.617486e-01
    outer loop
      vertex   -8.542770e-01 5.861936e+00 1.929777e+00
      vertex   -1.890277e+00 5.839604e+00 1.886879e+00
      vertex   -1.890277e+00 5.861936e+00 1.929777e+00
    endloop
  endfacet
  facet normal 0.000000e+00 9.719154e-01 -2.353306e-01
    outer loop
      vertex   -8.542770e-01 5.861936e+00 1.929777e+00
      vertex   -1.890277e+00 5.861936e+00 1.929777e+00
      vertex   -8.542770e-01 5.873317e+00 1.976781e+00
    endloop
  endfacet
  facet normal 0.000000e+00 9.719154e-01 -2.353306e-01
    outer loop
      vertex   -8.542770e-01 5.873317e+00 1.976781e+00
      vertex   -1.890277e+00 5.861936e+00 1.929777e+00
      vertex   -1.890277e+00 5.873317e+00 1.976781e+00
    endloop
  endfacet
  facet normal 0.000000e+00 9.999882e-01 4.848118e-03
    outer loop
      vertex   -8.542770e-01 5.873317e+00 1.976781e+00
      vertex   -1.890277e+00 5.873317e+00 1.976781e+00
      vertex   -8.542770e-01 5.873083e+00 2.025144e+00
    endloop
  endfacet
  facet normal 0.000000e+00 9.999882e-01 4.848118e-03
    outer loop
      vertex   -8.542770e-01 5.873083e+00 2.025144e+00
      vertex   -1.890277e+00 5.873317e+00 1.976781e+00
      vertex   -1.890277e+00 5.873083e+00 2.025144e+00
    endloop
  endfacet
  facet normal 0.000000e+00 9.695879e-01 2.447433e-01
    outer loop
      vertex   -8.542770e-01 5.873083e+00 2.025144e+00
      vertex   -1.890277e+00 5.873083e+00 2.025144e+00
      vertex   -8.542770e-01 5.861246e+00 2.072036e+00
    endloop
  endfacet
  facet normal 0.000000e+00 3.556508e-01 -9.346189e-01
    outer loop
      vertex   -9.142273e+00 5.722677e+00 1.805847e+00
      vertex   -1.017827e+01 5.722677e+00 1.805847e+00
      vertex   -9.142273e+00 5.767878e+00 1.823048e+00
    endloop
  endfacet
  facet normal 0.000000e+00 3.556508e-01 -9.346189e-01
    outer loop
      vertex   -9.142273e+00 5.767878e+00 1.823048e+00
      vertex   -1.017827e+01 5.722677e+00 1.805847e+00
      vertex   -1.017827e+01 5.767878e+00 1.823048e+00
    endloop
  endfacet
  facet normal 0.000000e+00 5.695983e-01 -8.219232e-01
    outer loop
      vertex   -9.142273e+00 5.767878e+00 1.823048e+00
      vertex   -1.017827e+01 5.767878e+00 1.823048e+00
      vertex   -9.142273e+00 5.807629e+00 1.850595e+00
    endloop
  endfacet
  facet normal 0.000000e+00 5.695983e-01 -8.219232e-01
    outer loop
      vertex   -9.142273e+00 5.807629e+00 1.850595e+00
      vertex   -1.017827e+01 5.767878e+00 1.823048e+00
      vertex   -1.017827e+01 5.807629e+00 1.850595e+00
    endloop
  endfacet
  facet normal 0.000000e+00 7.502393e-01 -6.611664e-01
    outer loop
      vertex   -9.142273e+00 5.807629e+00 1.850595e+00
      vertex   -1.017827e+01 5.807629e+00 1.850595e+00
      vertex   -9.142273e+00 5.839604e+00 1.886879e+00
    endloop
  endfacet
  facet normal 0.000000e+00 7.502393e-01 -6.611664e-01
    outer loop
      vertex   -9.142273e+00 5.839604e+00 1.886879e+00
      vertex   -1.017827e+01 5.807629e+00 1.850595e+00
      vertex   -1.017827e+01 5.839604e+00 1.886879e+00
    endloop
  endfacet
  facet normal 0.000000e+00 8.870108e-01 -4.617486e-01
    outer loop
      vertex   -9.142273e+00 5.839604e+00 1.886879e+00
      vertex   -1.017827e+01 5.839604e+00 1.886879e+00
      vertex   -9.142273e+00 5.861936e+00 1.929777e+00
    endloop
  endfacet
  facet normal -1.979321e-16 8.870108e-01 -4.617486e-01
    outer loop
      vertex   -9.142273e+00 5.861936e+00 1.929777e+00
      vertex   -1.017827e+01 5.839604e+00 1.886879e+00
      vertex   -1.017827e+01 5.861936e+00 1.929777e+00
    endloop
  endfacet
  facet normal -1.008763e-16 9.719154e-01 -2.353306e-01
    outer loop
      vertex   -9.142273e+00 5.861936e+00 1.929777e+00
      vertex   -1.017827e+01 5.861936e+00 1.929777e+00
      vertex   -9.142273e+00 5.873317e+00 1.976781e+00
    endloop
  endfacet
  facet normal 0.000000e+00 9.719154e-01 -2.353306e-01
    outer loop
      vertex   -9.142273e+00 5.873317e+00 1.976781e+00
      vertex   -1.017827e+01 5.861936e+00 1.929777e+00
      vertex   -1.017827e+01 5.873317e+00 1.976781e+00
    endloop
  endfacet
  facet normal 0.000000e+00 9.999882e-01 4.848118e-03
    outer loop
      vertex   -9.142273e+00 5.873317e+00 1.976781e+00
      vertex   -1.017827e+01 5.873317e+00 1.976781e+00
      vertex   -9.142273e+00 5.873083e+00 2.025144e+00
    endloop
  endfacet
  facet normal 0.000000e+00 9.999882e-01 4.848118e-03
    outer loop
      vertex   -9.142273e+00 5.873083e+00 2.025144e+00
      vertex   -1.017827e+01 5.873317e+00 1.976781e+00
      vertex   -1.017827e+01 5.873083e+00 2.025144e+00
    endloop
  endfacet
  facet normal 0.000000e+00 9.695879e-01 2.447433e-01
    outer loop
      vertex   -9.142273e+00 5.873083e+00 2.025144e+00
      vertex   -1.017827e+01 5.873083e+00 2.025144e+00
      vertex   -9.142273e+00 5.861246e+00 2.072036e+00
    endloop
  endfacet
  facet normal 0.000000e+00 9.695879e-01 2.447433e-01
    outer loop
      vertex   -9.142273e+00 5.861246e+00 2.072036e+00
      vertex   -1.017827e+01 5.873083e+00 2.025144e+00
      vertex   -1.017827e+01 5.861246e+00 2.072036e+00
    endloop
  endfacet
  facet normal 0.000000e+00 8.824920e-01 4.703275e-01
    outer loop
      vertex   -9.142273e+00 5.861246e+00 2.072036e+00
      vertex   -1.017827e+01 5.861246e+00 2.072036e+00
      vertex   -1.121427e+01 5.838500e+00 2.114715e+00
    endloop
  endfacet
  facet normal 0.000000e+00 1.209069e-01 -9.926639e-01
    outer loop
      vertex   -8.106274e+00 5.722677e+00 1.805847e+00
      vertex   -7.070274e+00 5.722677e+00 1.805847e+00
      vertex   -1.121427e+01 5.674669e+00 1.800000e+00
    endloop
  endfacet
  facet normal 5.058516e-19 1.209069e-01 -9.926639e-01
    outer loop
      vertex   -1.121427e+01 5.674669e+00 1.800000e+00
      vertex   -7.070274e+00 5.722677e+00 1.805847e+00
      vertex   -6.034275e+00 5.722677e+00 1.805847e+00
    endloop
  endfacet
  facet normal 5.058516e-19 1.209069e-01 -9.926639e-01
    outer loop
      vertex   -1.121427e+01 5.674669e+00 1.800000e+00
      vertex   -6.034275e+00 5.722677e+00 1.805847e+00
      vertex   -4.998275e+00 5.722677e+00 1.805847e+00
    endloop
  endfacet
  facet normal 0.000000e+00 3.556508e-01 -9.346189e-01
    outer loop
      vertex   -4.998275e+00 5.722677e+00 1.805847e+00
      vertex   -6.034275e+00 5.722677e+00 1.805847e+00
      vertex   -4.998275e+00 5.767878e+00 1.823048e+00
    endloop
  endfacet
  facet normal -8.540540e-19 3.556508e-01 -9.346189e-01
    outer loop
      vertex   -4.998275e+00 5.722677e+00 1.805847e+00
      vertex   -4.998275e+00 5.767878e+00 1.823048e+00
      vertex   -3.962276e+00 5.767878e+00 1.823048e+00
    endloop
  endfacet
  facet normal 0.000000e+00 5.695983e-01 -8.219232e-01
    outer loop
      vertex   -3.962276e+00 5.767878e+00 1.823048e+00
      vertex   -4.998275e+00 5.767878e+00 1.823048e+00
      vertex   -3.962276e+00 5.807629e+00 1.850595e+00
    endloop
  endfacet
  facet normal -1.029115e-18 5.695983e-01 -8.219232e-01
    outer loop
      vertex   -3.962276e+00 5.767878e+00 1.823048e+00
      vertex   -3.962276e+00 5.807629e+00 1.850595e+00
      vertex   -2.926276e+00 5.807629e+00 1.850595e+00
    endloop
  endfacet
  facet normal 0.000000e+00 7.502393e-01 -6.611664e-01
    outer loop
      vertex   -2.926276e+00 5.807629e+00 1.850595e+00
      vertex   -3.962276e+00 5.807629e+00 1.850595e+00
      vertex   -2.926276e+00 5.839604e+00 1.886879e+00
    endloop
  endfacet
  facet normal 1.604020e-18 7.502393e-01 -6.611664e-01
    outer loop
      vertex   -2.926276e+00 5.807629e+00 1.850595e+00
      vertex   -2.926276e+00 5.839604e+00 1.886879e+00
      vertex   -1.890277e+00 5.839604e+00 1.886879e+00
    endloop
  endfacet
  facet normal 0.000000e+00 8.870108e-01 -4.617486e-01
    outer loop
      vertex   -1.890277e+00 5.839604e+00 1.886879e+00
      vertex   -2.926276e+00 5.839604e+00 1.886879e+00
      vertex   -1.890277e+00 5.861936e+00 1.929777e+00
    endloop
  endfacet
  facet normal 0.000000e+00 3.556508e-01 -9.346189e-01
    outer loop
      vertex   -8.106274e+00 5.722677e+00 1.805847e+00
      vertex   -7.070274e+00 5.767878e+00 1.823048e+00
      vertex   -7.070274e+00 5.722677e+00 1.805847e+00
    endloop
  endfacet
  facet normal -8.540540e-19 3.556508e-01 -9.346189e-01
    outer loop
      vertex   -7.070274e+00 5.722677e+00 1.805847e+00
      vertex   -7.070274e+00 5.767878e+00 1.823048e+00
      vertex   -6.034275e+00 5.767878e+00 1.823048e+00
    endloop
  endfacet
  facet normal 0.000000e+00 3.556508e-01 -9.346189e-01
    outer loop
      vertex   -7.070274e+00 5.722677e+00 1.805847e+00
      vertex   -6.034275e+00 5.767878e+00 1.823048e+00
      vertex   -6.034275e+00 5.722677e+00 1.805847e+00
    endloop
  endfacet
  facet normal -8.540540e-19 3.556508e-01 -9.346189e-01
    outer loop
      vertex   -6.034275e+00 5.722677e+00 1.805847e+00
      vertex   -6.034275e+00 5.767878e+00 1.823048e+00
      vertex   -4.998275e+00 5.767878e+00 1.823048e+00
    endloop
  endfacet
  facet normal 0.000000e+00 1.209069e-01 -9.926639e-01
    outer loop
      vertex   -4.998275e+00 5.722677e+00 1.805847e+00
      vertex   -3.962276e+00 5.722677e+00 1.805847e+00
      vertex   -1.121427e+01 5.674669e+00 1.800000e+00
    endloop
  endfacet
  facet normal 5.058516e-19 1.209069e-01 -9.926639e-01
    outer loop
      vertex   -1.121427e+01 5.674669e+00 1.800000e+00
      vertex   -3.962276e+00 5.722677e+00 1.805847e+00
      vertex   -2.926276e+00 5.722677e+00 1.805847e+00
    endloop
  endfacet
  facet normal 5.058516e-19 1.209069e-01 -9.926639e-01
    outer loop
      vertex   -1.121427e+01 5.674669e+00 1.800000e+00
      vertex   -2.926276e+00 5.722677e+00 1.805847e+00
      vertex   -1.890277e+00 5.722677e+00 1.805847e+00
    endloop
  endfacet
  facet normal 0.000000e+00 3.556508e-01 -9.346189e-01
    outer loop
      vertex   -1.890277e+00 5.722677e+00 1.805847e+00
      vertex   -2.926276e+00 5.722677e+00 1.805847e+00
      vertex   -1.890277e+00 5.767878e+00 1.823048e+00
    endloop
  endfacet
  facet normal 0.000000e+00 3.556508e-01 -9.346189e-01
    outer loop
      vertex   -4.998275e+00 5.722677e+00 1.805847e+00
      vertex   -3.962276e+00 5.767878e+00 1.823048e+00
      vertex   -3.962276e+00 5.722677e+00 1.805847e+00
    endloop
  endfacet
  facet normal -8.540540e-19 3.556508e-01 -9.346189e-01
    outer loop
      vertex   -3.962276e+00 5.722677e+00 1.805847e+00
      vertex   -3.962276e+00 5.767878e+00 1.823048e+00
      vertex   -2.926276e+00 5.767878e+00 1.823048e+00
    endloop
  endfacet
  facet normal 0.000000e+00 3.556508e-01 -9.346189e-01
    outer loop
      vertex   -3.962276e+00 5.722677e+00 1.805847e+00
      vertex   -2.926276e+00 5.767878e+00 1.823048e+00
      vertex   -2.926276e+00 5.722677e+00 1.805847e+00
    endloop
  endfacet
  facet normal -8.540540e-19 3.556508e-01 -9.346189e-01
    outer loop
      vertex   -2.926276e+00 5.722677e+00 1.805847e+00
      vertex   -2.926276e+00 5.767878e+00 1.823048e+00
      vertex   -1.890277e+00 5.767878e+00 1.823048e+00
    endloop
  endfacet
  facet normal 8.963437e-19 3.556508e-01 -9.346189e-01
    outer loop
      vertex   1.217722e+00 5.767878e+00 1.823048e+00
      vertex   1.217722e+00 5.722677e+00 1.805847e+00
      vertex   1.817225e-01 5.722677e+00 1.805847e+00
    endloop
  endfacet
  facet normal 0.000000e+00 3.556508e-01 -9.346189e-01
    outer loop
      vertex   1.817225e-01 5.722677e+00 1.805847e+00
      vertex   -8.542770e-01 5.722677e+00 1.805847e+00
      vertex   1.817225e-01 5.767878e+00 1.823048e+00
    endloop
  endfacet
  facet normal 0.000000e+00 3.556508e-01 -9.346189e-01
    outer loop
      vertex   1.817225e-01 5.767878e+00 1.823048e+00
      vertex   -8.542770e-01 5.722677e+00 1.805847e+00
      vertex   -8.542770e-01 5.767878e+00 1.823048e+00
    endloop
  endfacet
  facet normal 0.000000e+00 5.695983e-01 -8.219232e-01
    outer loop
      vertex   1.817225e-01 5.767878e+00 1.823048e+00
      vertex   -8.542770e-01 5.767878e+00 1.823048e+00
      vertex   1.817225e-01 5.807629e+00 1.850595e+00
    endloop
  endfacet
  facet normal 0.000000e+00 5.695983e-01 -8.219232e-01
    outer loop
      vertex   1.817225e-01 5.807629e+00 1.850595e+00
      vertex   -8.542770e-01 5.767878e+00 1.823048e+00
      vertex   -8.542770e-01 5.807629e+00 1.850595e+00
    endloop
  endfacet
  facet normal 0.000000e+00 7.502393e-01 -6.611664e-01
    outer loop
      vertex   1.817225e-01 5.807629e+00 1.850595e+00
      vertex   -8.542770e-01 5.807629e+00 1.850595e+00
      vertex   1.817225e-01 5.839604e+00 1.886879e+00
    endloop
  endfacet
  facet normal 0.000000e+00 7.502393e-01 -6.611664e-01
    outer loop
      vertex   1.817225e-01 5.839604e+00 1.886879e+00
      vertex   -8.542770e-01 5.807629e+00 1.850595e+00
      vertex   -8.542770e-01 5.839604e+00 1.886879e+00
    endloop
  endfacet
  facet normal 0.000000e+00 8.870108e-01 -4.617486e-01
    outer loop
      vertex   1.817225e-01 5.839604e+00 1.886879e+00
      vertex   -8.542770e-01 5.839604e+00 1.886879e+00
      vertex   1.817225e-01 5.861936e+00 1.929777e+00
    endloop
  endfacet
  facet normal 7.604481e-16 8.870108e-01 -4.617486e-01
    outer loop
      vertex   1.817225e-01 5.861936e+00 1.929777e+00
      vertex   -8.542770e-01 5.839604e+00 1.886879e+00
      vertex   -8.542770e-01 5.861936e+00 1.929777e+00
    endloop
  endfacet
  facet normal 8.332381e-16 9.719154e-01 -2.353306e-01
    outer loop
      vertex   1.817225e-01 5.861936e+00 1.929777e+00
      vertex   -8.542770e-01 5.861936e+00 1.929777e+00
      vertex   1.817225e-01 5.873317e+00 1.976781e+00
    endloop
  endfacet
  facet normal 0.000000e+00 9.719154e-01 -2.353306e-01
    outer loop
      vertex   1.817225e-01 5.873317e+00 1.976781e+00
      vertex   -8.542770e-01 5.861936e+00 1.929777e+00
      vertex   -8.542770e-01 5.873317e+00 1.976781e+00
    endloop
  endfacet
  facet normal 0.000000e+00 9.999882e-01 4.848118e-03
    outer loop
      vertex   1.817225e-01 5.873317e+00 1.976781e+00
      vertex   -8.542770e-01 5.873317e+00 1.976781e+00
      vertex   1.817225e-01 5.873083e+00 2.025144e+00
    endloop
  endfacet
  facet normal 0.000000e+00 9.999882e-01 4.848118e-03
    outer loop
      vertex   1.817225e-01 5.873083e+00 2.025144e+00
      vertex   -8.542770e-01 5.873317e+00 1.976781e+00
      vertex   -8.542770e-01 5.873083e+00 2.025144e+00
    endloop
  endfacet
  facet normal 0.000000e+00 9.695879e-01 2.447433e-01
    outer loop
      vertex   1.817225e-01 5.873083e+00 2.025144e+00
      vertex   -8.542770e-01 5.873083e+00 2.025144e+00
      vertex   1.817225e-01 5.861246e+00 2.072036e+00
    endloop
  endfacet
  facet normal 0.000000e+00 9.695879e-01 2.447433e-01
    outer loop
      vertex   1.817225e-01 5.861246e+00 2.072036e+00
      vertex   -8.542770e-01 5.873083e+00 2.025144e+00
      vertex   -8.542770e-01 5.861246e+00 2.072036e+00
    endloop
  endfacet
  facet normal 0.000000e+00 3.556508e-01 -9.346189e-01
    outer loop
      vertex   3.289721e+00 5.722677e+00 1.805847e+00
      vertex   2.253722e+00 5.722677e+00 1.805847e+00
      vertex   3.289721e+00 5.767878e+00 1.823048e+00
    endloop
  endfacet
  facet normal 0.000000e+00 3.556508e-01 -9.346189e-01
    outer loop
      vertex   3.289721e+00 5.767878e+00 1.823048e+00
      vertex   2.253722e+00 5.722677e+00 1.805847e+00
      vertex   2.253722e+00 5.767878e+00 1.823048e+00
    endloop
  endfacet
  facet normal 0.000000e+00 5.695983e-01 -8.219232e-01
    outer loop
      vertex   3.289721e+00 5.767878e+00 1.823048e+00
      vertex   2.253722e+00 5.767878e+00 1.823048e+00
      vertex   3.289721e+00 5.807629e+00 1.850595e+00
    endloop
  endfacet
  facet normal 0.000000e+00 5.695983e-01 -8.219232e-01
    outer loop
      vertex   3.289721e+00 5.807629e+00 1.850595e+00
      vertex   2.253722e+00 5.767878e+00 1.823048e+00
      vertex   2.253722e+00 5.807629e+00 1.850595e+00
    endloop
  endfacet
  facet normal 0.000000e+00 7.502393e-01 -6.611664e-01
    outer loop
      vertex   3.289721e+00 5.807629e+00 1.850595e+00
      vertex   2.253722e+00 5.807629e+00 1.850595e+00
      vertex   3.289721e+00 5.839604e+00 1.886879e+00
    endloop
  endfacet
  facet normal 0.000000e+00 7.502393e-01 -6.611664e-01
    outer loop
      vertex   3.289721e+00 5.839604e+00 1.886879e+00
      vertex   2.253722e+00 5.807629e+00 1.850595e+00
      vertex   2.253722e+00 5.839604e+00 1.886879e+00
    endloop
  endfacet
  facet normal 0.000000e+00 8.870108e-01 -4.617486e-01
    outer loop
      vertex   3.289721e+00 5.839604e+00 1.886879e+00
      vertex   2.253722e+00 5.839604e+00 1.886879e+00
      vertex   3.289721e+00 5.861936e+00 1.929777e+00
    endloop
  endfacet
  facet normal 7.604481e-16 8.870108e-01 -4.617486e-01
    outer loop
      vertex   3.289721e+00 5.861936e+00 1.929777e+00
      vertex   2.253722e+00 5.839604e+00 1.886879e+00
      vertex   2.253722e+00 5.861936e+00 1.929777e+00
    endloop
  endfacet
  facet normal 8.332381e-16 9.719154e-01 -2.353306e-01
    outer loop
      vertex   3.289721e+00 5.861936e+00 1.929777e+00
      vertex   2.253722e+00 5.861936e+00 1.929777e+00
      vertex   3.289721e+00 5.873317e+00 1.976781e+00
    endloop
  endfacet
  facet normal 0.000000e+00 9.719154e-01 -2.353306e-01
    outer loop
      vertex   3.289721e+00 5.873317e+00 1.976781e+00
      vertex   2.253722e+00 5.861936e+00 1.929777e+00
      vertex   2.253722e+00 5.873317e+00 1.976781e+00
    endloop
  endfacet
  facet normal 0.000000e+00 9.999882e-01 4.848118e-03
    outer loop
      vertex   3.289721e+00 5.873317e+00 1.976781e+00
      vertex   2.253722e+00 5.873317e+00 1.976781e+00
      vertex   3.289721e+00 5.873083e+00 2.025144e+00
    endloop
  endfacet
  facet normal 0.000000e+00 9.999882e-01 4.848118e-03
    outer loop
      vertex   3.289721e+00 5.873083e+00 2.025144e+00
      vertex   2.253722e+00 5.873317e+00 1.976781e+00
      vertex   2.253722e+00 5.873083e+00 2.025144e+00
    endloop
  endfacet
  facet normal 0.000000e+00 9.695879e-01 2.447433e-01
    outer loop
      vertex   3.289721e+00 5.873083e+00 2.025144e+00
      vertex   2.253722e+00 5.873083e+00 2.025144e+00
      vertex   3.289721e+00 5.861246e+00 2.072036e+00
    endloop
  endfacet
  facet normal 0.000000e+00 9.695879e-01 2.447433e-01
    outer loop
      vertex   3.289721e+00 5.861246e+00 2.072036e+00
      vertex   2.253722e+00 5.873083e+00 2.025144e+00
      vertex   2.253722e+00 5.861246e+00 2.072036e+00
    endloop
  endfacet
  facet normal 0.000000e+00 8.824920e-01 4.703275e-01
    outer loop
      vertex   3.289721e+00 5.861246e+00 2.072036e+00
      vertex   2.253722e+00 5.861246e+00 2.072036e+00
      vertex   1.261345e+01 5.838500e+00 2.114715e+00
    endloop
  endfacet
  facet normal 0.000000e+00 1.209069e-01 -9.926639e-01
    outer loop
      vertex   4.325721e+00 5.722677e+00 1.805847e+00
      vertex   5.361720e+00 5.722677e+00 1.805847e+00
      vertex   1.261217e+01 5.674669e+00 1.800000e+00
    endloop
  endfacet
  facet normal 2.933975e-19 1.209069e-01 -9.926639e-01
    outer loop
      vertex   1.261217e+01 5.674669e+00 1.800000e+00
      vertex   5.361720e+00 5.722677e+00 1.805847e+00
      vertex   6.397720e+00 5.722677e+00 1.805847e+00
    endloop
  endfacet
  facet normal 2.130499e-16 1.209069e-01 -9.926639e-01
    outer loop
      vertex   1.261217e+01 5.674669e+00 1.800000e+00
      vertex   6.397720e+00 5.722677e+00 1.805847e+00
      vertex   7.433719e+00 5.722677e+00 1.805847e+00
    endloop
  endfacet
  facet normal 2.003158e-16 3.556508e-01 -9.346189e-01
    outer loop
      vertex   7.433719e+00 5.722677e+00 1.805847e+00
      vertex   6.397720e+00 5.722677e+00 1.805847e+00
      vertex   7.433719e+00 5.767878e+00 1.823048e+00
    endloop
  endfacet
  facet normal 1.750578e-19 3.556508e-01 -9.346189e-01
    outer loop
      vertex   7.433719e+00 5.722677e+00 1.805847e+00
      vertex   7.433719e+00 5.767878e+00 1.823048e+00
      vertex   8.469719e+00 5.767878e+00 1.823048e+00
    endloop
  endfacet
  facet normal 0.000000e+00 5.695983e-01 -8.219232e-01
    outer loop
      vertex   8.469719e+00 5.767878e+00 1.823048e+00
      vertex   7.433719e+00 5.767878e+00 1.823048e+00
      vertex   8.469719e+00 5.807629e+00 1.850595e+00
    endloop
  endfacet
  facet normal -1.361547e-18 5.695983e-01 -8.219232e-01
    outer loop
      vertex   8.469719e+00 5.767878e+00 1.823048e+00
      vertex   8.469719e+00 5.807629e+00 1.850595e+00
      vertex   9.505718e+00 5.807629e+00 1.850595e+00
    endloop
  endfacet
  facet normal 0.000000e+00 7.502393e-01 -6.611664e-01
    outer loop
      vertex   9.505718e+00 5.807629e+00 1.850595e+00
      vertex   8.469719e+00 5.807629e+00 1.850595e+00
      vertex   9.505718e+00 5.839604e+00 1.886879e+00
    endloop
  endfacet
  facet normal 0.000000e+00 3.556508e-01 -9.346189e-01
    outer loop
      vertex   4.325721e+00 5.722677e+00 1.805847e+00
      vertex   5.361720e+00 5.767878e+00 1.823048e+00
      vertex   5.361720e+00 5.722677e+00 1.805847e+00
    endloop
  endfacet
  facet normal -7.529855e-19 3.556508e-01 -9.346189e-01
    outer loop
      vertex   5.361720e+00 5.722677e+00 1.805847e+00
      vertex   5.361720e+00 5.767878e+00 1.823048e+00
      vertex   6.397720e+00 5.767878e+00 1.823048e+00
    endloop
  endfacet
  facet normal 0.000000e+00 3.556508e-01 -9.346189e-01
    outer loop
      vertex   5.361720e+00 5.722677e+00 1.805847e+00
      vertex   6.397720e+00 5.767878e+00 1.823048e+00
      vertex   6.397720e+00 5.722677e+00 1.805847e+00
    endloop
  endfacet
  facet normal -7.529855e-19 3.556508e-01 -9.346189e-01
    outer loop
      vertex   6.397720e+00 5.722677e+00 1.805847e+00
      vertex   6.397720e+00 5.767878e+00 1.823048e+00
      vertex   7.433719e+00 5.767878e+00 1.823048e+00
    endloop
  endfacet
  facet normal 0.000000e+00 1.209069e-01 -9.926639e-01
    outer loop
      vertex   9.505718e+00 5.722677e+00 1.805847e+00
      vertex   1.261217e+01 5.674669e+00 1.800000e+00
      vertex   8.469719e+00 5.722677e+00 1.805847e+00
    endloop
  endfacet
  facet normal 0.000000e+00 1.209069e-01 -9.926639e-01
    outer loop
      vertex   8.469719e+00 5.722677e+00 1.805847e+00
      vertex   1.261217e+01 5.674669e+00 1.800000e+00
      vertex   7.433719e+00 5.722677e+00 1.805847e+00
    endloop
  endfacet
  facet normal 0.000000e+00 3.556508e-01 -9.346189e-01
    outer loop
      vertex   8.469719e+00 5.722677e+00 1.805847e+00
      vertex   7.433719e+00 5.722677e+00 1.805847e+00
      vertex   8.469719e+00 5.767878e+00 1.823048e+00
    endloop
  endfacet
  facet normal 1.750578e-19 3.556508e-01 -9.346189e-01
    outer loop
      vertex   9.505718e+00 5.767878e+00 1.823048e+00
      vertex   9.505718e+00 5.722677e+00 1.805847e+00
      vertex   8.469719e+00 5.722677e+00 1.805847e+00
    endloop
  endfacet
  facet normal 0.000000e+00 3.556508e-01 -9.346189e-01
    outer loop
      vertex   9.505718e+00 5.767878e+00 1.823048e+00
      vertex   8.469719e+00 5.722677e+00 1.805847e+00
      vertex   8.469719e+00 5.767878e+00 1.823048e+00
    endloop
  endfacet
  facet normal 1.750578e-19 3.556508e-01 -9.346189e-01
    outer loop
      vertex   1.157772e+01 5.767878e+00 1.823048e+00
      vertex   1.157772e+01 5.722677e+00 1.805847e+00
      vertex   1.054172e+01 5.722677e+00 1.805847e+00
    endloop
  endfacet
  facet normal 0.000000e+00 3.556508e-01 -9.346189e-01
    outer loop
      vertex   1.157772e+01 5.767878e+00 1.823048e+00
      vertex   1.054172e+01 5.722677e+00 1.805847e+00
      vertex   1.054172e+01 5.767878e+00 1.823048e+00
    endloop
  endfacet
  facet normal -8.540540e-19 3.556508e-01 -9.346189e-01
    outer loop
      vertex   -9.142273e+00 5.722677e+00 1.805847e+00
      vertex   -9.142273e+00 5.767878e+00 1.823048e+00
      vertex   -8.106274e+00 5.767878e+00 1.823048e+00
    endloop
  endfacet
  facet normal 0.000000e+00 5.695983e-01 -8.219232e-01
    outer loop
      vertex   -8.106274e+00 5.767878e+00 1.823048e+00
      vertex   -9.142273e+00 5.767878e+00 1.823048e+00
      vertex   -8.106274e+00 5.807629e+00 1.850595e+00
    endloop
  endfacet
  facet normal -1.029115e-18 5.695983e-01 -8.219232e-01
    outer loop
      vertex   -8.106274e+00 5.767878e+00 1.823048e+00
      vertex   -8.106274e+00 5.807629e+00 1.850595e+00
      vertex   -7.070274e+00 5.807629e+00 1.850595e+00
    endloop
  endfacet
  facet normal 0.000000e+00 7.502393e-01 -6.611664e-01
    outer loop
      vertex   -7.070274e+00 5.807629e+00 1.850595e+00
      vertex   -8.106274e+00 5.807629e+00 1.850595e+00
      vertex   -7.070274e+00 5.839604e+00 1.886879e+00
    endloop
  endfacet
  facet normal 1.604020e-18 7.502393e-01 -6.611664e-01
    outer loop
      vertex   -7.070274e+00 5.807629e+00 1.850595e+00
      vertex   -7.070274e+00 5.839604e+00 1.886879e+00
      vertex   -6.034275e+00 5.839604e+00 1.886879e+00
    endloop
  endfacet
  facet normal 0.000000e+00 8.870108e-01 -4.617486e-01
    outer loop
      vertex   -6.034275e+00 5.839604e+00 1.886879e+00
      vertex   -7.070274e+00 5.839604e+00 1.886879e+00
      vertex   -6.034275e+00 5.861936e+00 1.929777e+00
    endloop
  endfacet
  facet normal 1.461448e-19 8.870108e-01 -4.617486e-01
    outer loop
      vertex   -6.034275e+00 5.839604e+00 1.886879e+00
      vertex   -6.034275e+00 5.861936e+00 1.929777e+00
      vertex   -4.998275e+00 5.861936e+00 1.929777e+00
    endloop
  endfacet
  facet normal 0.000000e+00 9.719154e-01 -2.353306e-01
    outer loop
      vertex   -4.998275e+00 5.861936e+00 1.929777e+00
      vertex   -6.034275e+00 5.861936e+00 1.929777e+00
      vertex   -4.998275e+00 5.873317e+00 1.976781e+00
    endloop
  endfacet
  facet normal 5.974658e-19 9.719154e-01 -2.353306e-01
    outer loop
      vertex   -4.998275e+00 5.861936e+00 1.929777e+00
      vertex   -4.998275e+00 5.873317e+00 1.976781e+00
      vertex   -3.962276e+00 5.873317e+00 1.976781e+00
    endloop
  endfacet
  facet normal 0.000000e+00 9.999882e-01 4.848118e-03
    outer loop
      vertex   -3.962276e+00 5.873317e+00 1.976781e+00
      vertex   -4.998275e+00 5.873317e+00 1.976781e+00
      vertex   -3.962276e+00 5.873083e+00 2.025144e+00
    endloop
  endfacet
  facet normal 2.089977e-18 9.999882e-01 4.848118e-03
    outer loop
      vertex   -3.962276e+00 5.873317e+00 1.976781e+00
      vertex   -3.962276e+00 5.873083e+00 2.025144e+00
      vertex   -2.926276e+00 5.873083e+00 2.025144e+00
    endloop
  endfacet
  facet normal 1.049111e-16 9.695879e-01 2.447433e-01
    outer loop
      vertex   -2.926276e+00 5.873083e+00 2.025144e+00
      vertex   -3.962276e+00 5.873083e+00 2.025144e+00
      vertex   -2.926276e+00 5.861246e+00 2.072036e+00
    endloop
  endfacet
  facet normal 8.514845e-19 9.695879e-01 2.447433e-01
    outer loop
      vertex   -2.926276e+00 5.873083e+00 2.025144e+00
      vertex   -2.926276e+00 5.861246e+00 2.072036e+00
      vertex   -1.890277e+00 5.861246e+00 2.072036e+00
    endloop
  endfacet
  facet normal 0.000000e+00 8.824920e-01 4.703275e-01
    outer loop
      vertex   -1.890277e+00 5.861246e+00 2.072036e+00
      vertex   -2.926276e+00 5.861246e+00 2.072036e+00
      vertex   -1.121427e+01 5.838500e+00 2.114715e+00
    endloop
  endfacet
  facet normal 0.000000e+00 5.695983e-01 -8.219232e-01
    outer loop
      vertex   -8.106274e+00 5.807629e+00 1.850595e+00
      vertex   -9.142273e+00 5.767878e+00 1.823048e+00
      vertex   -9.142273e+00 5.807629e+00 1.850595e+00
    endloop
  endfacet
  facet normal 0.000000e+00 5.695983e-01 -8.219232e-01
    outer loop
      vertex   -7.070274e+00 5.767878e+00 1.823048e+00
      vertex   -6.034275e+00 5.807629e+00 1.850595e+00
      vertex   -6.034275e+00 5.767878e+00 1.823048e+00
    endloop
  endfacet
  facet normal -1.029115e-18 5.695983e-01 -8.219232e-01
    outer loop
      vertex   -6.034275e+00 5.767878e+00 1.823048e+00
      vertex   -6.034275e+00 5.807629e+00 1.850595e+00
      vertex   -4.998275e+00 5.807629e+00 1.850595e+00
    endloop
  endfacet
  facet normal 0.000000e+00 5.695983e-01 -8.219232e-01
    outer loop
      vertex   -6.034275e+00 5.767878e+00 1.823048e+00
      vertex   -4.998275e+00 5.807629e+00 1.850595e+00
      vertex   -4.998275e+00 5.767878e+00 1.823048e+00
    endloop
  endfacet
  facet normal -1.029115e-18 5.695983e-01 -8.219232e-01
    outer loop
      vertex   -4.998275e+00 5.767878e+00 1.823048e+00
      vertex   -4.998275e+00 5.807629e+00 1.850595e+00
      vertex   -3.962276e+00 5.807629e+00 1.850595e+00
    endloop
  endfacet
  facet normal -1.029115e-18 5.695983e-01 -8.219232e-01
    outer loop
      vertex   -1.890277e+00 5.807629e+00 1.850595e+00
      vertex   -1.890277e+00 5.767878e+00 1.823048e+00
      vertex   -2.926276e+00 5.767878e+00 1.823048e+00
    endloop
  endfacet
  facet normal 0.000000e+00 5.695983e-01 -8.219232e-01
    outer loop
      vertex   -1.890277e+00 5.807629e+00 1.850595e+00
      vertex   -2.926276e+00 5.767878e+00 1.823048e+00
      vertex   -2.926276e+00 5.807629e+00 1.850595e+00
    endloop
  endfacet
  facet normal -1.029115e-18 5.695983e-01 -8.219232e-01
    outer loop
      vertex   -2.926276e+00 5.807629e+00 1.850595e+00
      vertex   -2.926276e+00 5.767878e+00 1.823048e+00
      vertex   -3.962276e+00 5.767878e+00 1.823048e+00
    endloop
  endfacet
  facet normal -9.776801e-16 5.695983e-01 -8.219232e-01
    outer loop
      vertex   1.217722e+00 5.807629e+00 1.850595e+00
      vertex   1.217722e+00 5.767878e+00 1.823048e+00
      vertex   1.817225e-01 5.767878e+00 1.823048e+00
    endloop
  endfacet
  facet normal -6.098098e-16 3.556508e-01 -9.346189e-01
    outer loop
      vertex   1.817225e-01 5.767878e+00 1.823048e+00
      vertex   1.217722e+00 5.767878e+00 1.823048e+00
      vertex   1.817225e-01 5.722677e+00 1.805847e+00
    endloop
  endfacet
  facet normal 0.000000e+00 5.695983e-01 -8.219232e-01
    outer loop
      vertex   1.217722e+00 5.807629e+00 1.850595e+00
      vertex   1.817225e-01 5.767878e+00 1.823048e+00
      vertex   1.817225e-01 5.807629e+00 1.850595e+00
    endloop
  endfacet
  facet normal 3.995708e-16 3.556508e-01 -9.346189e-01
    outer loop
      vertex   3.289721e+00 5.722677e+00 1.805847e+00
      vertex   3.289721e+00 5.767878e+00 1.823048e+00
      vertex   4.325721e+00 5.767878e+00 1.823048e+00
    endloop
  endfacet
  facet normal 3.523237e-16 5.695983e-01 -8.219232e-01
    outer loop
      vertex   4.325721e+00 5.767878e+00 1.823048e+00
      vertex   3.289721e+00 5.767878e+00 1.823048e+00
      vertex   4.325721e+00 5.807629e+00 1.850595e+00
    endloop
  endfacet
  facet normal -1.361547e-18 5.695983e-01 -8.219232e-01
    outer loop
      vertex   4.325721e+00 5.767878e+00 1.823048e+00
      vertex   4.325721e+00 5.807629e+00 1.850595e+00
      vertex   5.361720e+00 5.807629e+00 1.850595e+00
    endloop
  endfacet
  facet normal 0.000000e+00 7.502393e-01 -6.611664e-01
    outer loop
      vertex   5.361720e+00 5.807629e+00 1.850595e+00
      vertex   4.325721e+00 5.807629e+00 1.850595e+00
      vertex   5.361720e+00 5.839604e+00 1.886879e+00
    endloop
  endfacet
  facet normal 1.604020e-18 7.502393e-01 -6.611664e-01
    outer loop
      vertex   5.361720e+00 5.807629e+00 1.850595e+00
      vertex   5.361720e+00 5.839604e+00 1.886879e+00
      vertex   6.397720e+00 5.839604e+00 1.886879e+00
    endloop
  endfacet
  facet normal 0.000000e+00 8.870108e-01 -4.617486e-01
    outer loop
      vertex   6.397720e+00 5.839604e+00 1.886879e+00
      vertex   5.361720e+00 5.839604e+00 1.886879e+00
      vertex   6.397720e+00 5.861936e+00 1.929777e+00
    endloop
  endfacet
  facet normal -1.947738e-19 8.870108e-01 -4.617486e-01
    outer loop
      vertex   6.397720e+00 5.839604e+00 1.886879e+00
      vertex   6.397720e+00 5.861936e+00 1.929777e+00
      vertex   7.433719e+00 5.861936e+00 1.929777e+00
    endloop
  endfacet
  facet normal 0.000000e+00 9.719154e-01 -2.353306e-01
    outer loop
      vertex   7.433719e+00 5.861936e+00 1.929777e+00
      vertex   6.397720e+00 5.861936e+00 1.929777e+00
      vertex   7.433719e+00 5.873317e+00 1.976781e+00
    endloop
  endfacet
  facet normal -7.664988e-19 9.719154e-01 -2.353306e-01
    outer loop
      vertex   7.433719e+00 5.861936e+00 1.929777e+00
      vertex   7.433719e+00 5.873317e+00 1.976781e+00
      vertex   8.469719e+00 5.873317e+00 1.976781e+00
    endloop
  endfacet
  facet normal 0.000000e+00 9.999882e-01 4.848118e-03
    outer loop
      vertex   8.469719e+00 5.873317e+00 1.976781e+00
      vertex   7.433719e+00 5.873317e+00 1.976781e+00
      vertex   8.469719e+00 5.873083e+00 2.025144e+00
    endloop
  endfacet
  facet normal -6.313386e-21 9.999882e-01 4.848118e-03
    outer loop
      vertex   8.469719e+00 5.873317e+00 1.976781e+00
      vertex   8.469719e+00 5.873083e+00 2.025144e+00
      vertex   9.505718e+00 5.873083e+00 2.025144e+00
    endloop
  endfacet
  facet normal 0.000000e+00 9.695879e-01 2.447433e-01
    outer loop
      vertex   9.505718e+00 5.873083e+00 2.025144e+00
      vertex   8.469719e+00 5.873083e+00 2.025144e+00
      vertex   9.505718e+00 5.861246e+00 2.072036e+00
    endloop
  endfacet
  facet normal 8.514845e-19 9.695879e-01 2.447433e-01
    outer loop
      vertex   9.505718e+00 5.873083e+00 2.025144e+00
      vertex   9.505718e+00 5.861246e+00 2.072036e+00
      vertex   1.054172e+01 5.861246e+00 2.072036e+00
    endloop
  endfacet
  facet normal 0.000000e+00 8.824920e-01 4.703275e-01
    outer loop
      vertex   1.054172e+01 5.861246e+00 2.072036e+00
      vertex   9.505718e+00 5.861246e+00 2.072036e+00
      vertex   1.261345e+01 5.838500e+00 2.114715e+00
    endloop
  endfacet
  facet normal 0.000000e+00 5.695983e-01 -8.219232e-01
    outer loop
      vertex   4.325721e+00 5.807629e+00 1.850595e+00
      vertex   3.289721e+00 5.767878e+00 1.823048e+00
      vertex   3.289721e+00 5.807629e+00 1.850595e+00
    endloop
  endfacet
  facet normal 0.000000e+00 5.695983e-01 -8.219232e-01
    outer loop
      vertex   5.361720e+00 5.767878e+00 1.823048e+00
      vertex   6.397720e+00 5.807629e+00 1.850595e+00
      vertex   6.397720e+00 5.767878e+00 1.823048e+00
    endloop
  endfacet
  facet normal -1.361547e-18 5.695983e-01 -8.219232e-01
    outer loop
      vertex   6.397720e+00 5.767878e+00 1.823048e+00
      vertex   6.397720e+00 5.807629e+00 1.850595e+00
      vertex   7.433719e+00 5.807629e+00 1.850595e+00
    endloop
  endfacet
  facet normal 0.000000e+00 5.695983e-01 -8.219232e-01
    outer loop
      vertex   6.397720e+00 5.767878e+00 1.823048e+00
      vertex   7.433719e+00 5.807629e+00 1.850595e+00
      vertex   7.433719e+00 5.767878e+00 1.823048e+00
    endloop
  endfacet
  facet normal -1.361547e-18 5.695983e-01 -8.219232e-01
    outer loop
      vertex   7.433719e+00 5.767878e+00 1.823048e+00
      vertex   7.433719e+00 5.807629e+00 1.850595e+00
      vertex   8.469719e+00 5.807629e+00 1.850595e+00
    endloop
  endfacet
  facet normal -1.361547e-18 5.695983e-01 -8.219232e-01
    outer loop
      vertex   9.505718e+00 5.807629e+00 1.850595e+00
      vertex   9.505718e+00 5.767878e+00 1.823048e+00
      vertex   8.469719e+00 5.767878e+00 1.823048e+00
    endloop
  endfacet
  facet normal -1.361547e-18 5.695983e-01 -8.219232e-01
    outer loop
      vertex   1.157772e+01 5.807629e+00 1.850595e+00
      vertex   1.157772e+01 5.767878e+00 1.823048e+00
      vertex   1.054172e+01 5.767878e+00 1.823048e+00
    endloop
  endfacet
  facet normal 0.000000e+00 5.695983e-01 -8.219232e-01
    outer loop
      vertex   1.157772e+01 5.807629e+00 1.850595e+00
      vertex   1.054172e+01 5.767878e+00 1.823048e+00
      vertex   1.054172e+01 5.807629e+00 1.850595e+00
    endloop
  endfacet
  facet normal 0.000000e+00 7.502393e-01 -6.611664e-01
    outer loop
      vertex   -8.106274e+00 5.807629e+00 1.850595e+00
      vertex   -9.142273e+00 5.807629e+00 1.850595e+00
      vertex   -8.106274e+00 5.839604e+00 1.886879e+00
    endloop
  endfacet
  facet normal 0.000000e+00 7.502393e-01 -6.611664e-01
    outer loop
      vertex   -8.106274e+00 5.839604e+00 1.886879e+00
      vertex   -9.142273e+00 5.807629e+00 1.850595e+00
      vertex   -9.142273e+00 5.839604e+00 1.886879e+00
    endloop
  endfacet
  facet normal 0.000000e+00 8.870108e-01 -4.617486e-01
    outer loop
      vertex   -8.106274e+00 5.839604e+00 1.886879e+00
      vertex   -9.142273e+00 5.839604e+00 1.886879e+00
      vertex   -8.106274e+00 5.861936e+00 1.929777e+00
    endloop
  endfacet
  facet normal 0.000000e+00 8.870108e-01 -4.617486e-01
    outer loop
      vertex   -8.106274e+00 5.861936e+00 1.929777e+00
      vertex   -9.142273e+00 5.839604e+00 1.886879e+00
      vertex   -9.142273e+00 5.861936e+00 1.929777e+00
    endloop
  endfacet
  facet normal 0.000000e+00 9.719154e-01 -2.353306e-01
    outer loop
      vertex   -8.106274e+00 5.861936e+00 1.929777e+00
      vertex   -9.142273e+00 5.861936e+00 1.929777e+00
      vertex   -8.106274e+00 5.873317e+00 1.976781e+00
    endloop
  endfacet
  facet normal 0.000000e+00 9.719154e-01 -2.353306e-01
    outer loop
      vertex   -8.106274e+00 5.873317e+00 1.976781e+00
      vertex   -9.142273e+00 5.861936e+00 1.929777e+00
      vertex   -9.142273e+00 5.873317e+00 1.976781e+00
    endloop
  endfacet
  facet normal 0.000000e+00 9.999882e-01 4.848118e-03
    outer loop
      vertex   -8.106274e+00 5.873317e+00 1.976781e+00
      vertex   -9.142273e+00 5.873317e+00 1.976781e+00
      vertex   -8.106274e+00 5.873083e+00 2.025144e+00
    endloop
  endfacet
  facet normal 0.000000e+00 9.999882e-01 4.848118e-03
    outer loop
      vertex   -8.106274e+00 5.873083e+00 2.025144e+00
      vertex   -9.142273e+00 5.873317e+00 1.976781e+00
      vertex   -9.142273e+00 5.873083e+00 2.025144e+00
    endloop
  endfacet
  facet normal 0.000000e+00 9.695879e-01 2.447433e-01
    outer loop
      vertex   -8.106274e+00 5.873083e+00 2.025144e+00
      vertex   -9.142273e+00 5.873083e+00 2.025144e+00
      vertex   -8.106274e+00 5.861246e+00 2.072036e+00
    endloop
  endfacet
  facet normal 0.000000e+00 9.695879e-01 2.447433e-01
    outer loop
      vertex   -8.106274e+00 5.861246e+00 2.072036e+00
      vertex   -9.142273e+00 5.873083e+00 2.025144e+00
      vertex   -9.142273e+00 5.861246e+00 2.072036e+00
    endloop
  endfacet
  facet normal 0.000000e+00 8.824920e-01 4.703275e-01
    outer loop
      vertex   -8.106274e+00 5.861246e+00 2.072036e+00
      vertex   -9.142273e+00 5.861246e+00 2.072036e+00
      vertex   -1.121427e+01 5.838500e+00 2.114715e+00
    endloop
  endfacet
  facet normal 0.000000e+00 7.502393e-01 -6.611664e-01
    outer loop
      vertex   -6.034275e+00 5.807629e+00 1.850595e+00
      vertex   -4.998275e+00 5.839604e+00 1.886879e+00
      vertex   -4.998275e+00 5.807629e+00 1.850595e+00
    endloop
  endfacet
  facet normal 1.604020e-18 7.502393e-01 -6.611664e-01
    outer loop
      vertex   -4.998275e+00 5.807629e+00 1.850595e+00
      vertex   -4.998275e+00 5.839604e+00 1.886879e+00
      vertex   -3.962276e+00 5.839604e+00 1.886879e+00
    endloop
  endfacet
  facet normal 0.000000e+00 7.502393e-01 -6.611664e-01
    outer loop
      vertex   -4.998275e+00 5.807629e+00 1.850595e+00
      vertex   -3.962276e+00 5.839604e+00 1.886879e+00
      vertex   -3.962276e+00 5.807629e+00 1.850595e+00
    endloop
  endfacet
  facet normal 1.604020e-18 7.502393e-01 -6.611664e-01
    outer loop
      vertex   -3.962276e+00 5.807629e+00 1.850595e+00
      vertex   -3.962276e+00 5.839604e+00 1.886879e+00
      vertex   -2.926276e+00 5.839604e+00 1.886879e+00
    endloop
  endfacet
  facet normal 1.604020e-18 7.502393e-01 -6.611664e-01
    outer loop
      vertex   -1.890277e+00 5.839604e+00 1.886879e+00
      vertex   -1.890277e+00 5.807629e+00 1.850595e+00
      vertex   -2.926276e+00 5.807629e+00 1.850595e+00
    endloop
  endfacet
  facet normal 1.604020e-18 7.502393e-01 -6.611664e-01
    outer loop
      vertex   1.217722e+00 5.839604e+00 1.886879e+00
      vertex   1.217722e+00 5.807629e+00 1.850595e+00
      vertex   1.817225e-01 5.807629e+00 1.850595e+00
    endloop
  endfacet
  facet normal 0.000000e+00 7.502393e-01 -6.611664e-01
    outer loop
      vertex   1.217722e+00 5.839604e+00 1.886879e+00
      vertex   1.817225e-01 5.807629e+00 1.850595e+00
      vertex   1.817225e-01 5.839604e+00 1.886879e+00
    endloop
  endfacet
  facet normal 0.000000e+00 7.502393e-01 -6.611664e-01
    outer loop
      vertex   4.325721e+00 5.807629e+00 1.850595e+00
      vertex   3.289721e+00 5.807629e+00 1.850595e+00
      vertex   4.325721e+00 5.839604e+00 1.886879e+00
    endloop
  endfacet
  facet normal 0.000000e+00 7.502393e-01 -6.611664e-01
    outer loop
      vertex   4.325721e+00 5.839604e+00 1.886879e+00
      vertex   3.289721e+00 5.807629e+00 1.850595e+00
      vertex   3.289721e+00 5.839604e+00 1.886879e+00
    endloop
  endfacet
  facet normal 0.000000e+00 8.870108e-01 -4.617486e-01
    outer loop
      vertex   4.325721e+00 5.839604e+00 1.886879e+00
      vertex   3.289721e+00 5.839604e+00 1.886879e+00
      vertex   4.325721e+00 5.861936e+00 1.929777e+00
    endloop
  endfacet
  facet normal 0.000000e+00 8.870108e-01 -4.617486e-01
    outer loop
      vertex   4.325721e+00 5.861936e+00 1.929777e+00
      vertex   3.289721e+00 5.839604e+00 1.886879e+00
      vertex   3.289721e+00 5.861936e+00 1.929777e+00
    endloop
  endfacet
  facet normal 0.000000e+00 9.719154e-01 -2.353306e-01
    outer loop
      vertex   4.325721e+00 5.861936e+00 1.929777e+00
      vertex   3.289721e+00 5.861936e+00 1.929777e+00
      vertex   4.325721e+00 5.873317e+00 1.976781e+00
    endloop
  endfacet
  facet normal 0.000000e+00 9.719154e-01 -2.353306e-01
    outer loop
      vertex   4.325721e+00 5.873317e+00 1.976781e+00
      vertex   3.289721e+00 5.861936e+00 1.929777e+00
      vertex   3.289721e+00 5.873317e+00 1.976781e+00
    endloop
  endfacet
  facet normal 0.000000e+00 9.999882e-01 4.848118e-03
    outer loop
      vertex   4.325721e+00 5.873317e+00 1.976781e+00
      vertex   3.289721e+00 5.873317e+00 1.976781e+00
      vertex   4.325721e+00 5.873083e+00 2.025144e+00
    endloop
  endfacet
  facet normal 0.000000e+00 9.999882e-01 4.848118e-03
    outer loop
      vertex   4.325721e+00 5.873083e+00 2.025144e+00
      vertex   3.289721e+00 5.873317e+00 1.976781e+00
      vertex   3.289721e+00 5.873083e+00 2.025144e+00
    endloop
  endfacet
  facet normal 0.000000e+00 9.695879e-01 2.447433e-01
    outer loop
      vertex   4.325721e+00 5.873083e+00 2.025144e+00
      vertex   3.289721e+00 5.873083e+00 2.025144e+00
      vertex   4.325721e+00 5.861246e+00 2.072036e+00
    endloop
  endfacet
  facet normal 0.000000e+00 9.695879e-01 2.447433e-01
    outer loop
      vertex   4.325721e+00 5.861246e+00 2.072036e+00
      vertex   3.289721e+00 5.873083e+00 2.025144e+00
      vertex   3.289721e+00 5.861246e+00 2.072036e+00
    endloop
  endfacet
  facet normal 0.000000e+00 8.824920e-01 4.703275e-01
    outer loop
      vertex   4.325721e+00 5.861246e+00 2.072036e+00
      vertex   3.289721e+00 5.861246e+00 2.072036e+00
      vertex   1.261345e+01 5.838500e+00 2.114715e+00
    endloop
  endfacet
  facet normal 0.000000e+00 7.502393e-01 -6.611664e-01
    outer loop
      vertex   6.397720e+00 5.807629e+00 1.850595e+00
      vertex   7.433719e+00 5.839604e+00 1.886879e+00
      vertex   7.433719e+00 5.807629e+00 1.850595e+00
    endloop
  endfacet
  facet normal 6.421221e-16 7.502393e-01 -6.611664e-01
    outer loop
      vertex   7.433719e+00 5.807629e+00 1.850595e+00
      vertex   7.433719e+00 5.839604e+00 1.886879e+00
      vertex   8.469719e+00 5.839604e+00 1.886879e+00
    endloop
  endfacet
  facet normal 0.000000e+00 7.502393e-01 -6.611664e-01
    outer loop
      vertex   7.433719e+00 5.807629e+00 1.850595e+00
      vertex   8.469719e+00 5.839604e+00 1.886879e+00
      vertex   8.469719e+00 5.807629e+00 1.850595e+00
    endloop
  endfacet
  facet normal -1.069649e-18 7.502393e-01 -6.611664e-01
    outer loop
      vertex   8.469719e+00 5.807629e+00 1.850595e+00
      vertex   8.469719e+00 5.839604e+00 1.886879e+00
      vertex   9.505718e+00 5.839604e+00 1.886879e+00
    endloop
  endfacet
  facet normal -1.069649e-18 7.502393e-01 -6.611664e-01
    outer loop
      vertex   1.157772e+01 5.839604e+00 1.886879e+00
      vertex   1.157772e+01 5.807629e+00 1.850595e+00
      vertex   1.054172e+01 5.807629e+00 1.850595e+00
    endloop
  endfacet
  facet normal 0.000000e+00 7.502393e-01 -6.611664e-01
    outer loop
      vertex   1.157772e+01 5.839604e+00 1.886879e+00
      vertex   1.054172e+01 5.807629e+00 1.850595e+00
      vertex   1.054172e+01 5.839604e+00 1.886879e+00
    endloop
  endfacet
  facet normal 1.604020e-18 7.502393e-01 -6.611664e-01
    outer loop
      vertex   -8.106274e+00 5.807629e+00 1.850595e+00
      vertex   -8.106274e+00 5.839604e+00 1.886879e+00
      vertex   -7.070274e+00 5.839604e+00 1.886879e+00
    endloop
  endfacet
  facet normal 0.000000e+00 8.870108e-01 -4.617486e-01
    outer loop
      vertex   -7.070274e+00 5.839604e+00 1.886879e+00
      vertex   -8.106274e+00 5.839604e+00 1.886879e+00
      vertex   -7.070274e+00 5.861936e+00 1.929777e+00
    endloop
  endfacet
  facet normal 1.461448e-19 8.870108e-01 -4.617486e-01
    outer loop
      vertex   -7.070274e+00 5.839604e+00 1.886879e+00
      vertex   -7.070274e+00 5.861936e+00 1.929777e+00
      vertex   -6.034275e+00 5.861936e+00 1.929777e+00
    endloop
  endfacet
  facet normal 0.000000e+00 9.719154e-01 -2.353306e-01
    outer loop
      vertex   -6.034275e+00 5.861936e+00 1.929777e+00
      vertex   -7.070274e+00 5.861936e+00 1.929777e+00
      vertex   -6.034275e+00 5.873317e+00 1.976781e+00
    endloop
  endfacet
  facet normal 5.974658e-19 9.719154e-01 -2.353306e-01
    outer loop
      vertex   -6.034275e+00 5.861936e+00 1.929777e+00
      vertex   -6.034275e+00 5.873317e+00 1.976781e+00
      vertex   -4.998275e+00 5.873317e+00 1.976781e+00
    endloop
  endfacet
  facet normal 0.000000e+00 9.999882e-01 4.848118e-03
    outer loop
      vertex   -4.998275e+00 5.873317e+00 1.976781e+00
      vertex   -6.034275e+00 5.873317e+00 1.976781e+00
      vertex   -4.998275e+00 5.873083e+00 2.025144e+00
    endloop
  endfacet
  facet normal 1.179361e-20 9.999882e-01 4.848118e-03
    outer loop
      vertex   -4.998275e+00 5.873317e+00 1.976781e+00
      vertex   -4.998275e+00 5.873083e+00 2.025144e+00
      vertex   -3.962276e+00 5.873083e+00 2.025144e+00
    endloop
  endfacet
  facet normal 0.000000e+00 9.695879e-01 2.447433e-01
    outer loop
      vertex   -3.962276e+00 5.873083e+00 2.025144e+00
      vertex   -4.998275e+00 5.873083e+00 2.025144e+00
      vertex   -3.962276e+00 5.861246e+00 2.072036e+00
    endloop
  endfacet
  facet normal -2.690988e-19 9.695879e-01 2.447433e-01
    outer loop
      vertex   -3.962276e+00 5.873083e+00 2.025144e+00
      vertex   -3.962276e+00 5.861246e+00 2.072036e+00
      vertex   -2.926276e+00 5.861246e+00 2.072036e+00
    endloop
  endfacet
  facet normal 0.000000e+00 8.824920e-01 4.703275e-01
    outer loop
      vertex   -2.926276e+00 5.861246e+00 2.072036e+00
      vertex   -3.962276e+00 5.861246e+00 2.072036e+00
      vertex   -1.121427e+01 5.838500e+00 2.114715e+00
    endloop
  endfacet
  facet normal 0.000000e+00 8.870108e-01 -4.617486e-01
    outer loop
      vertex   -7.070274e+00 5.861936e+00 1.929777e+00
      vertex   -8.106274e+00 5.839604e+00 1.886879e+00
      vertex   -8.106274e+00 5.861936e+00 1.929777e+00
    endloop
  endfacet
  facet normal 0.000000e+00 8.870108e-01 -4.617486e-01
    outer loop
      vertex   -4.998275e+00 5.839604e+00 1.886879e+00
      vertex   -3.962276e+00 5.861936e+00 1.929777e+00
      vertex   -3.962276e+00 5.839604e+00 1.886879e+00
    endloop
  endfacet
  facet normal 1.461448e-19 8.870108e-01 -4.617486e-01
    outer loop
      vertex   -3.962276e+00 5.839604e+00 1.886879e+00
      vertex   -3.962276e+00 5.861936e+00 1.929777e+00
      vertex   -2.926276e+00 5.861936e+00 1.929777e+00
    endloop
  endfacet
  facet normal 0.000000e+00 8.870108e-01 -4.617486e-01
    outer loop
      vertex   -3.962276e+00 5.839604e+00 1.886879e+00
      vertex   -2.926276e+00 5.861936e+00 1.929777e+00
      vertex   -2.926276e+00 5.839604e+00 1.886879e+00
    endloop
  endfacet
  facet normal 1.461448e-19 8.870108e-01 -4.617486e-01
    outer loop
      vertex   -2.926276e+00 5.839604e+00 1.886879e+00
      vertex   -2.926276e+00 5.861936e+00 1.929777e+00
      vertex   -1.890277e+00 5.861936e+00 1.929777e+00
    endloop
  endfacet
  facet normal -1.947738e-19 8.870108e-01 -4.617486e-01
    outer loop
      vertex   1.217722e+00 5.861936e+00 1.929777e+00
      vertex   1.217722e+00 5.839604e+00 1.886879e+00
      vertex   1.817225e-01 5.839604e+00 1.886879e+00
    endloop
  endfacet
  facet normal -9.896606e-17 8.870108e-01 -4.617486e-01
    outer loop
      vertex   1.217722e+00 5.861936e+00 1.929777e+00
      vertex   1.817225e-01 5.839604e+00 1.886879e+00
      vertex   1.817225e-01 5.861936e+00 1.929777e+00
    endloop
  endfacet
  facet normal 1.604020e-18 7.502393e-01 -6.611664e-01
    outer loop
      vertex   4.325721e+00 5.807629e+00 1.850595e+00
      vertex   4.325721e+00 5.839604e+00 1.886879e+00
      vertex   5.361720e+00 5.839604e+00 1.886879e+00
    endloop
  endfacet
  facet normal 0.000000e+00 8.870108e-01 -4.617486e-01
    outer loop
      vertex   5.361720e+00 5.839604e+00 1.886879e+00
      vertex   4.325721e+00 5.839604e+00 1.886879e+00
      vertex   5.361720e+00 5.861936e+00 1.929777e+00
    endloop
  endfacet
  facet normal -1.947738e-19 8.870108e-01 -4.617486e-01
    outer loop
      vertex   5.361720e+00 5.839604e+00 1.886879e+00
      vertex   5.361720e+00 5.861936e+00 1.929777e+00
      vertex   6.397720e+00 5.861936e+00 1.929777e+00
    endloop
  endfacet
  facet normal 0.000000e+00 9.719154e-01 -2.353306e-01
    outer loop
      vertex   6.397720e+00 5.861936e+00 1.929777e+00
      vertex   5.361720e+00 5.861936e+00 1.929777e+00
      vertex   6.397720e+00 5.873317e+00 1.976781e+00
    endloop
  endfacet
  facet normal -7.664988e-19 9.719154e-01 -2.353306e-01
    outer loop
      vertex   6.397720e+00 5.861936e+00 1.929777e+00
      vertex   6.397720e+00 5.873317e+00 1.976781e+00
      vertex   7.433719e+00 5.873317e+00 1.976781e+00
    endloop
  endfacet
  facet normal 0.000000e+00 9.999882e-01 4.848118e-03
    outer loop
      vertex   7.433719e+00 5.873317e+00 1.976781e+00
      vertex   6.397720e+00 5.873317e+00 1.976781e+00
      vertex   7.433719e+00 5.873083e+00 2.025144e+00
    endloop
  endfacet
  facet normal -6.313386e-21 9.999882e-01 4.848118e-03
    outer loop
      vertex   7.433719e+00 5.873317e+00 1.976781e+00
      vertex   7.433719e+00 5.873083e+00 2.025144e+00
      vertex   8.469719e+00 5.873083e+00 2.025144e+00
    endloop
  endfacet
  facet normal 0.000000e+00 9.695879e-01 2.447433e-01
    outer loop
      vertex   8.469719e+00 5.873083e+00 2.025144e+00
      vertex   7.433719e+00 5.873083e+00 2.025144e+00
      vertex   8.469719e+00 5.861246e+00 2.072036e+00
    endloop
  endfacet
  facet normal 8.514845e-19 9.695879e-01 2.447433e-01
    outer loop
      vertex   8.469719e+00 5.873083e+00 2.025144e+00
      vertex   8.469719e+00 5.861246e+00 2.072036e+00
      vertex   9.505718e+00 5.861246e+00 2.072036e+00
    endloop
  endfacet
  facet normal 0.000000e+00 8.824920e-01 4.703275e-01
    outer loop
      vertex   9.505718e+00 5.861246e+00 2.072036e+00
      vertex   8.469719e+00 5.861246e+00 2.072036e+00
      vertex   1.261345e+01 5.838500e+00 2.114715e+00
    endloop
  endfacet
  facet normal 0.000000e+00 8.870108e-01 -4.617486e-01
    outer loop
      vertex   5.361720e+00 5.861936e+00 1.929777e+00
      vertex   4.325721e+00 5.839604e+00 1.886879e+00
      vertex   4.325721e+00 5.861936e+00 1.929777e+00
    endloop
  endfacet
  facet normal 7.200608e-19 8.870108e-01 -4.617486e-01
    outer loop
      vertex   9.505718e+00 5.861936e+00 1.929777e+00
      vertex   9.505718e+00 5.839604e+00 1.886879e+00
      vertex   8.469719e+00 5.839604e+00 1.886879e+00
    endloop
  endfacet
  facet normal 0.000000e+00 8.870108e-01 -4.617486e-01
    outer loop
      vertex   9.505718e+00 5.861936e+00 1.929777e+00
      vertex   8.469719e+00 5.839604e+00 1.886879e+00
      vertex   8.469719e+00 5.861936e+00 1.929777e+00
    endloop
  endfacet
  facet normal 7.602533e-16 8.870108e-01 -4.617486e-01
    outer loop
      vertex   8.469719e+00 5.861936e+00 1.929777e+00
      vertex   8.469719e+00 5.839604e+00 1.886879e+00
      vertex   7.433719e+00 5.839604e+00 1.886879e+00
    endloop
  endfacet
  facet normal 7.200608e-19 8.870108e-01 -4.617486e-01
    outer loop
      vertex   1.157772e+01 5.861936e+00 1.929777e+00
      vertex   1.157772e+01 5.839604e+00 1.886879e+00
      vertex   1.054172e+01 5.839604e+00 1.886879e+00
    endloop
  endfacet
  facet normal 0.000000e+00 8.870108e-01 -4.617486e-01
    outer loop
      vertex   1.157772e+01 5.861936e+00 1.929777e+00
      vertex   1.054172e+01 5.839604e+00 1.886879e+00
      vertex   1.054172e+01 5.861936e+00 1.929777e+00
    endloop
  endfacet
  facet normal 0.000000e+00 9.719154e-01 -2.353306e-01
    outer loop
      vertex   -7.070274e+00 5.861936e+00 1.929777e+00
      vertex   -8.106274e+00 5.861936e+00 1.929777e+00
      vertex   -7.070274e+00 5.873317e+00 1.976781e+00
    endloop
  endfacet
  facet normal 0.000000e+00 9.719154e-01 -2.353306e-01
    outer loop
      vertex   -7.070274e+00 5.873317e+00 1.976781e+00
      vertex   -8.106274e+00 5.861936e+00 1.929777e+00
      vertex   -8.106274e+00 5.873317e+00 1.976781e+00
    endloop
  endfacet
  facet normal 0.000000e+00 9.999882e-01 4.848118e-03
    outer loop
      vertex   -7.070274e+00 5.873317e+00 1.976781e+00
      vertex   -8.106274e+00 5.873317e+00 1.976781e+00
      vertex   -7.070274e+00 5.873083e+00 2.025144e+00
    endloop
  endfacet
  facet normal 0.000000e+00 9.999882e-01 4.848118e-03
    outer loop
      vertex   -7.070274e+00 5.873083e+00 2.025144e+00
      vertex   -8.106274e+00 5.873317e+00 1.976781e+00
      vertex   -8.106274e+00 5.873083e+00 2.025144e+00
    endloop
  endfacet
  facet normal 0.000000e+00 9.695879e-01 2.447433e-01
    outer loop
      vertex   -7.070274e+00 5.873083e+00 2.025144e+00
      vertex   -8.106274e+00 5.873083e+00 2.025144e+00
      vertex   -7.070274e+00 5.861246e+00 2.072036e+00
    endloop
  endfacet
  facet normal 0.000000e+00 9.695879e-01 2.447433e-01
    outer loop
      vertex   -7.070274e+00 5.861246e+00 2.072036e+00
      vertex   -8.106274e+00 5.873083e+00 2.025144e+00
      vertex   -8.106274e+00 5.861246e+00 2.072036e+00
    endloop
  endfacet
  facet normal 0.000000e+00 8.824920e-01 4.703275e-01
    outer loop
      vertex   -7.070274e+00 5.861246e+00 2.072036e+00
      vertex   -8.106274e+00 5.861246e+00 2.072036e+00
      vertex   -1.121427e+01 5.838500e+00 2.114715e+00
    endloop
  endfacet
  facet normal 5.974658e-19 9.719154e-01 -2.353306e-01
    outer loop
      vertex   -1.890277e+00 5.873317e+00 1.976781e+00
      vertex   -1.890277e+00 5.861936e+00 1.929777e+00
      vertex   -2.926276e+00 5.861936e+00 1.929777e+00
    endloop
  endfacet
  facet normal 0.000000e+00 9.719154e-01 -2.353306e-01
    outer loop
      vertex   -1.890277e+00 5.873317e+00 1.976781e+00
      vertex   -2.926276e+00 5.861936e+00 1.929777e+00
      vertex   -2.926276e+00 5.873317e+00 1.976781e+00
    endloop
  endfacet
  facet normal 5.974658e-19 9.719154e-01 -2.353306e-01
    outer loop
      vertex   -2.926276e+00 5.873317e+00 1.976781e+00
      vertex   -2.926276e+00 5.861936e+00 1.929777e+00
      vertex   -3.962276e+00 5.861936e+00 1.929777e+00
    endloop
  endfacet
  facet normal -5.120464e-17 9.719154e-01 -2.353306e-01
    outer loop
      vertex   1.217722e+00 5.873317e+00 1.976781e+00
      vertex   1.217722e+00 5.861936e+00 1.929777e+00
      vertex   1.817225e-01 5.861936e+00 1.929777e+00
    endloop
  endfacet
  facet normal 0.000000e+00 9.719154e-01 -2.353306e-01
    outer loop
      vertex   1.217722e+00 5.873317e+00 1.976781e+00
      vertex   1.817225e-01 5.861936e+00 1.929777e+00
      vertex   1.817225e-01 5.873317e+00 1.976781e+00
    endloop
  endfacet
  facet normal 0.000000e+00 9.719154e-01 -2.353306e-01
    outer loop
      vertex   5.361720e+00 5.861936e+00 1.929777e+00
      vertex   4.325721e+00 5.861936e+00 1.929777e+00
      vertex   5.361720e+00 5.873317e+00 1.976781e+00
    endloop
  endfacet
  facet normal 0.000000e+00 9.719154e-01 -2.353306e-01
    outer loop
      vertex   5.361720e+00 5.873317e+00 1.976781e+00
      vertex   4.325721e+00 5.861936e+00 1.929777e+00
      vertex   4.325721e+00 5.873317e+00 1.976781e+00
    endloop
  endfacet
  facet normal 0.000000e+00 9.999882e-01 4.848118e-03
    outer loop
      vertex   5.361720e+00 5.873317e+00 1.976781e+00
      vertex   4.325721e+00 5.873317e+00 1.976781e+00
      vertex   5.361720e+00 5.873083e+00 2.025144e+00
    endloop
  endfacet
  facet normal 0.000000e+00 9.999882e-01 4.848118e-03
    outer loop
      vertex   5.361720e+00 5.873083e+00 2.025144e+00
      vertex   4.325721e+00 5.873317e+00 1.976781e+00
      vertex   4.325721e+00 5.873083e+00 2.025144e+00
    endloop
  endfacet
  facet normal 0.000000e+00 9.695879e-01 2.447433e-01
    outer loop
      vertex   5.361720e+00 5.873083e+00 2.025144e+00
      vertex   4.325721e+00 5.873083e+00 2.025144e+00
      vertex   5.361720e+00 5.861246e+00 2.072036e+00
    endloop
  endfacet
  facet normal 0.000000e+00 9.695879e-01 2.447433e-01
    outer loop
      vertex   5.361720e+00 5.861246e+00 2.072036e+00
      vertex   4.325721e+00 5.873083e+00 2.025144e+00
      vertex   4.325721e+00 5.861246e+00 2.072036e+00
    endloop
  endfacet
  facet normal 0.000000e+00 8.824920e-01 4.703275e-01
    outer loop
      vertex   5.361720e+00 5.861246e+00 2.072036e+00
      vertex   4.325721e+00 5.861246e+00 2.072036e+00
      vertex   1.261345e+01 5.838500e+00 2.114715e+00
    endloop
  endfacet
  facet normal -7.664988e-19 9.719154e-01 -2.353306e-01
    outer loop
      vertex   9.505718e+00 5.873317e+00 1.976781e+00
      vertex   9.505718e+00 5.861936e+00 1.929777e+00
      vertex   8.469719e+00 5.861936e+00 1.929777e+00
    endloop
  endfacet
  facet normal 5.698084e-19 9.719154e-01 -2.353306e-01
    outer loop
      vertex   1.157772e+01 5.873317e+00 1.976781e+00
      vertex   1.157772e+01 5.861936e+00 1.929777e+00
      vertex   1.054172e+01 5.861936e+00 1.929777e+00
    endloop
  endfacet
  facet normal 1.008763e-16 9.719154e-01 -2.353306e-01
    outer loop
      vertex   1.157772e+01 5.873317e+00 1.976781e+00
      vertex   1.054172e+01 5.861936e+00 1.929777e+00
      vertex   1.054172e+01 5.873317e+00 1.976781e+00
    endloop
  endfacet
  facet normal 5.974658e-19 9.719154e-01 -2.353306e-01
    outer loop
      vertex   -7.070274e+00 5.861936e+00 1.929777e+00
      vertex   -7.070274e+00 5.873317e+00 1.976781e+00
      vertex   -6.034275e+00 5.873317e+00 1.976781e+00
    endloop
  endfacet
  facet normal 0.000000e+00 9.999882e-01 4.848118e-03
    outer loop
      vertex   -6.034275e+00 5.873317e+00 1.976781e+00
      vertex   -7.070274e+00 5.873317e+00 1.976781e+00
      vertex   -6.034275e+00 5.873083e+00 2.025144e+00
    endloop
  endfacet
  facet normal 1.179361e-20 9.999882e-01 4.848118e-03
    outer loop
      vertex   -6.034275e+00 5.873317e+00 1.976781e+00
      vertex   -6.034275e+00 5.873083e+00 2.025144e+00
      vertex   -4.998275e+00 5.873083e+00 2.025144e+00
    endloop
  endfacet
  facet normal 0.000000e+00 9.695879e-01 2.447433e-01
    outer loop
      vertex   -4.998275e+00 5.873083e+00 2.025144e+00
      vertex   -6.034275e+00 5.873083e+00 2.025144e+00
      vertex   -4.998275e+00 5.861246e+00 2.072036e+00
    endloop
  endfacet
  facet normal -2.690988e-19 9.695879e-01 2.447433e-01
    outer loop
      vertex   -4.998275e+00 5.873083e+00 2.025144e+00
      vertex   -4.998275e+00 5.861246e+00 2.072036e+00
      vertex   -3.962276e+00 5.861246e+00 2.072036e+00
    endloop
  endfacet
  facet normal 0.000000e+00 8.824920e-01 4.703275e-01
    outer loop
      vertex   -3.962276e+00 5.861246e+00 2.072036e+00
      vertex   -4.998275e+00 5.861246e+00 2.072036e+00
      vertex   -1.121427e+01 5.838500e+00 2.114715e+00
    endloop
  endfacet
  facet normal 0.000000e+00 9.999882e-01 4.848118e-03
    outer loop
      vertex   -6.034275e+00 5.873083e+00 2.025144e+00
      vertex   -7.070274e+00 5.873317e+00 1.976781e+00
      vertex   -7.070274e+00 5.873083e+00 2.025144e+00
    endloop
  endfacet
  facet normal -6.313386e-21 9.999882e-01 4.848118e-03
    outer loop
      vertex   -1.890277e+00 5.873083e+00 2.025144e+00
      vertex   -1.890277e+00 5.873317e+00 1.976781e+00
      vertex   -2.926276e+00 5.873317e+00 1.976781e+00
    endloop
  endfacet
  facet normal -6.313386e-21 9.999882e-01 4.848118e-03
    outer loop
      vertex   1.217722e+00 5.873083e+00 2.025144e+00
      vertex   1.217722e+00 5.873317e+00 1.976781e+00
      vertex   1.817225e-01 5.873317e+00 1.976781e+00
    endloop
  endfacet
  facet normal 0.000000e+00 9.999882e-01 4.848118e-03
    outer loop
      vertex   1.217722e+00 5.873083e+00 2.025144e+00
      vertex   1.817225e-01 5.873317e+00 1.976781e+00
      vertex   1.817225e-01 5.873083e+00 2.025144e+00
    endloop
  endfacet
  facet normal -7.664988e-19 9.719154e-01 -2.353306e-01
    outer loop
      vertex   5.361720e+00 5.861936e+00 1.929777e+00
      vertex   5.361720e+00 5.873317e+00 1.976781e+00
      vertex   6.397720e+00 5.873317e+00 1.976781e+00
    endloop
  endfacet
  facet normal 0.000000e+00 9.999882e-01 4.848118e-03
    outer loop
      vertex   6.397720e+00 5.873317e+00 1.976781e+00
      vertex   5.361720e+00 5.873317e+00 1.976781e+00
      vertex   6.397720e+00 5.873083e+00 2.025144e+00
    endloop
  endfacet
  facet normal -6.313386e-21 9.999882e-01 4.848118e-03
    outer loop
      vertex   6.397720e+00 5.873317e+00 1.976781e+00
      vertex   6.397720e+00 5.873083e+00 2.025144e+00
      vertex   7.433719e+00 5.873083e+00 2.025144e+00
    endloop
  endfacet
  facet normal 0.000000e+00 9.695879e-01 2.447433e-01
    outer loop
      vertex   7.433719e+00 5.873083e+00 2.025144e+00
      vertex   6.397720e+00 5.873083e+00 2.025144e+00
      vertex   7.433719e+00 5.861246e+00 2.072036e+00
    endloop
  endfacet
  facet normal 8.514845e-19 9.695879e-01 2.447433e-01
    outer loop
      vertex   7.433719e+00 5.873083e+00 2.025144e+00
      vertex   7.433719e+00 5.861246e+00 2.072036e+00
      vertex   8.469719e+00 5.861246e+00 2.072036e+00
    endloop
  endfacet
  facet normal 0.000000e+00 8.824920e-01 4.703275e-01
    outer loop
      vertex   8.469719e+00 5.861246e+00 2.072036e+00
      vertex   7.433719e+00 5.861246e+00 2.072036e+00
      vertex   1.261345e+01 5.838500e+00 2.114715e+00
    endloop
  endfacet
  facet normal 0.000000e+00 9.999882e-01 4.848118e-03
    outer loop
      vertex   6.397720e+00 5.873083e+00 2.025144e+00
      vertex   5.361720e+00 5.873317e+00 1.976781e+00
      vertex   5.361720e+00 5.873083e+00 2.025144e+00
    endloop
  endfacet
  facet normal -2.068792e-18 9.999882e-01 4.848118e-03
    outer loop
      vertex   1.157772e+01 5.873083e+00 2.025144e+00
      vertex   1.157772e+01 5.873317e+00 1.976781e+00
      vertex   1.054172e+01 5.873317e+00 1.976781e+00
    endloop
  endfacet
  facet normal 0.000000e+00 9.999882e-01 4.848118e-03
    outer loop
      vertex   1.157772e+01 5.873083e+00 2.025144e+00
      vertex   1.054172e+01 5.873317e+00 1.976781e+00
      vertex   1.054172e+01 5.873083e+00 2.025144e+00
    endloop
  endfacet
  facet normal 0.000000e+00 9.695879e-01 2.447433e-01
    outer loop
      vertex   -6.034275e+00 5.873083e+00 2.025144e+00
      vertex   -7.070274e+00 5.873083e+00 2.025144e+00
      vertex   -6.034275e+00 5.861246e+00 2.072036e+00
    endloop
  endfacet
  facet normal 0.000000e+00 9.695879e-01 2.447433e-01
    outer loop
      vertex   -6.034275e+00 5.861246e+00 2.072036e+00
      vertex   -7.070274e+00 5.873083e+00 2.025144e+00
      vertex   -7.070274e+00 5.861246e+00 2.072036e+00
    endloop
  endfacet
  facet normal 0.000000e+00 8.824920e-01 4.703275e-01
    outer loop
      vertex   -6.034275e+00 5.861246e+00 2.072036e+00
      vertex   -7.070274e+00 5.861246e+00 2.072036e+00
      vertex   -1.121427e+01 5.838500e+00 2.114715e+00
    endloop
  endfacet
  facet normal 8.514845e-19 9.695879e-01 2.447433e-01
    outer loop
      vertex   1.217722e+00 5.861246e+00 2.072036e+00
      vertex   1.217722e+00 5.873083e+00 2.025144e+00
      vertex   1.817225e-01 5.873083e+00 2.025144e+00
    endloop
  endfacet
  facet normal 0.000000e+00 9.695879e-01 2.447433e-01
    outer loop
      vertex   1.217722e+00 5.861246e+00 2.072036e+00
      vertex   1.817225e-01 5.873083e+00 2.025144e+00
      vertex   1.817225e-01 5.861246e+00 2.072036e+00
    endloop
  endfacet
  facet normal 0.000000e+00 9.695879e-01 2.447433e-01
    outer loop
      vertex   6.397720e+00 5.873083e+00 2.025144e+00
      vertex   5.361720e+00 5.873083e+00 2.025144e+00
      vertex   6.397720e+00 5.861246e+00 2.072036e+00
    endloop
  endfacet
  facet normal 0.000000e+00 9.695879e-01 2.447433e-01
    outer loop
      vertex   6.397720e+00 5.861246e+00 2.072036e+00
      vertex   5.361720e+00 5.873083e+00 2.025144e+00
      vertex   5.361720e+00 5.861246e+00 2.072036e+00
    endloop
  endfacet
  facet normal 0.000000e+00 8.824920e-01 4.703275e-01
    outer loop
      vertex   6.397720e+00 5.861246e+00 2.072036e+00
      vertex   5.361720e+00 5.861246e+00 2.072036e+00
      vertex   1.261345e+01 5.838500e+00 2.114715e+00
    endloop
  endfacet
  facet normal 8.514845e-19 9.695879e-01 2.447433e-01
    outer loop
      vertex   1.157772e+01 5.861246e+00 2.072036e+00
      vertex   1.157772e+01 5.873083e+00 2.025144e+00
      vertex   1.054172e+01 5.873083e+00 2.025144e+00
    endloop
  endfacet
  facet normal 8.978982e-19 8.824920e-01 4.703275e-01
    outer loop
      vertex   -1.121427e+01 5.838500e+00 2.114715e+00
      vertex   -4.998275e+00 5.861246e+00 2.072036e+00
      vertex   -6.034275e+00 5.861246e+00 2.072036e+00
    endloop
  endfacet
  facet normal -0.000000e+00 9.695879e-01 2.447433e-01
    outer loop
      vertex   -6.034275e+00 5.861246e+00 2.072036e+00
      vertex   -4.998275e+00 5.861246e+00 2.072036e+00
      vertex   -6.034275e+00 5.873083e+00 2.025144e+00
    endloop
  endfacet
  facet normal 5.322484e-19 8.824920e-01 4.703275e-01
    outer loop
      vertex   1.261345e+01 5.838500e+00 2.114715e+00
      vertex   7.433719e+00 5.861246e+00 2.072036e+00
      vertex   6.397720e+00 5.861246e+00 2.072036e+00
    endloop
  endfacet
  facet normal -0.000000e+00 9.695879e-01 2.447433e-01
    outer loop
      vertex   6.397720e+00 5.861246e+00 2.072036e+00
      vertex   7.433719e+00 5.861246e+00 2.072036e+00
      vertex   6.397720e+00 5.873083e+00 2.025144e+00
    endloop
  endfacet
  facet normal 1.000000e+00 0.000000e+00 0.000000e+00
    outer loop
      vertex   2.228573e+01 8.158451e+00 2.037790e+01
      vertex   2.228573e+01 8.158451e+00 1.955000e+01
      vertex   2.228573e+01 1.146935e+01 1.410000e+01
    endloop
  endfacet
  facet normal 1.000000e+00 0.000000e+00 0.000000e+00
    outer loop
      vertex   2.228573e+01 1.146935e+01 1.410000e+01
      vertex   2.228573e+01 8.158451e+00 1.955000e+01
      vertex   2.228573e+01 1.090845e+01 1.410000e+01
    endloop
  endfacet
  facet normal 1.000000e+00 0.000000e+00 0.000000e+00
    outer loop
      vertex   2.228573e+01 1.146935e+01 1.410000e+01
      vertex   2.228573e+01 1.090845e+01 1.410000e+01
      vertex   2.228573e+01 1.090845e+01 7.700000e+00
    endloop
  endfacet
  facet normal 1.000000e+00 0.000000e+00 0.000000e+00
    outer loop
      vertex   2.228573e+01 1.090845e+01 1.410000e+01
      vertex   2.228573e+01 8.158451e+00 1.955000e+01
      vertex   2.228573e+01 9.908451e+00 1.410000e+01
    endloop
  endfacet
  facet normal 1.000000e+00 0.000000e+00 0.000000e+00
    outer loop
      vertex   2.228573e+01 9.908451e+00 1.410000e+01
      vertex   2.228573e+01 8.158451e+00 1.955000e+01
      vertex   2.228573e+01 6.103992e+00 1.955000e+01
    endloop
  endfacet
  facet normal 1.000000e+00 0.000000e+00 0.000000e+00
    outer loop
      vertex   2.228573e+01 9.908451e+00 1.410000e+01
      vertex   2.228573e+01 6.103992e+00 1.955000e+01
      vertex   2.228573e+01 9.908451e+00 1.233624e+01
    endloop
  endfacet
  facet normal 1.000000e+00 0.000000e+00 0.000000e+00
    outer loop
      vertex   2.228573e+01 1.090845e+01 7.700000e+00
      vertex   2.228573e+01 1.540845e+01 7.700000e+00
      vertex   2.228573e+01 1.146935e+01 1.410000e+01
    endloop
  endfacet
  facet normal 1.000000e+00 -0.000000e+00 0.000000e+00
    outer loop
      vertex   2.228573e+01 1.146935e+01 1.410000e+01
      vertex   2.228573e+01 1.540845e+01 7.700000e+00
      vertex   2.228573e+01 1.540845e+01 1.410000e+01
    endloop
  endfacet
  facet normal 7.071068e-01 -0.000000e+00 7.071068e-01
    outer loop
      vertex   2.153573e+01 5.708451e+00 2.030000e+01
      vertex   2.228573e+01 6.103992e+00 1.955000e+01
      vertex   2.153573e+01 7.408451e+00 2.030000e+01
    endloop
  endfacet
  facet normal 7.071068e-01 0.000000e+00 7.071068e-01
    outer loop
      vertex   2.153573e+01 7.408451e+00 2.030000e+01
      vertex   2.228573e+01 6.103992e+00 1.955000e+01
      vertex   2.228573e+01 8.158451e+00 1.955000e+01
    endloop
  endfacet
  facet normal 7.071068e-01 -7.071068e-01 0.000000e+00
    outer loop
      vertex   2.228573e+01 8.158451e+00 1.955000e+01
      vertex   2.228573e+01 8.158451e+00 2.037790e+01
      vertex   2.153573e+01 7.408451e+00 2.030000e+01
    endloop
  endfacet
  facet normal 7.071068e-01 -7.071068e-01 2.554017e-14
    outer loop
      vertex   2.153573e+01 7.408451e+00 2.030000e+01
      vertex   2.228573e+01 8.158451e+00 2.037790e+01
      vertex   2.153573e+01 7.408451e+00 2.180000e+01
    endloop
  endfacet
  facet normal 1.000000e+00 0.000000e+00 0.000000e+00
    outer loop
      vertex   2.228573e+01 -3.591549e+00 1.233624e+01
      vertex   2.228573e+01 2.129090e-01 1.955000e+01
      vertex   2.228573e+01 -3.591549e+00 1.410000e+01
    endloop
  endfacet
  facet normal 1.000000e+00 0.000000e+00 0.000000e+00
    outer loop
      vertex   2.228573e+01 -3.591549e+00 1.410000e+01
      vertex   2.228573e+01 2.129090e-01 1.955000e+01
      vertex   2.228573e+01 -1.841549e+00 1.955000e+01
    endloop
  endfacet
  facet normal 1.000000e+00 0.000000e+00 -0.000000e+00
    outer loop
      vertex   2.228573e+01 -3.591549e+00 1.410000e+01
      vertex   2.228573e+01 -1.841549e+00 1.955000e+01
      vertex   2.228573e+01 -4.591549e+00 1.410000e+01
    endloop
  endfacet
  facet normal 1.000000e+00 0.000000e+00 -0.000000e+00
    outer loop
      vertex   2.228573e+01 -4.591549e+00 1.410000e+01
      vertex   2.228573e+01 -1.841549e+00 1.955000e+01
      vertex   2.228573e+01 -5.152444e+00 1.410000e+01
    endloop
  endfacet
  facet normal 1.000000e+00 0.000000e+00 0.000000e+00
    outer loop
      vertex   2.228573e+01 -4.591549e+00 1.410000e+01
      vertex   2.228573e+01 -5.152444e+00 1.410000e+01
      vertex   2.228573e+01 -4.591549e+00 7.700000e+00
    endloop
  endfacet
  facet normal 1.000000e+00 0.000000e+00 0.000000e+00
    outer loop
      vertex   2.228573e+01 -4.591549e+00 7.700000e+00
      vertex   2.228573e+01 -5.152444e+00 1.410000e+01
      vertex   2.228573e+01 -9.091549e+00 7.700000e+00
    endloop
  endfacet
  facet normal 1.000000e+00 0.000000e+00 0.000000e+00
    outer loop
      vertex   2.228573e+01 -9.091549e+00 7.700000e+00
      vertex   2.228573e+01 -5.152444e+00 1.410000e+01
      vertex   2.228573e+01 -9.091549e+00 1.410000e+01
    endloop
  endfacet
  facet normal 1.000000e+00 0.000000e+00 0.000000e+00
    outer loop
      vertex   2.228573e+01 -1.841549e+00 1.955000e+01
      vertex   2.228573e+01 -1.841549e+00 2.037790e+01
      vertex   2.228573e+01 -5.152444e+00 1.410000e+01
    endloop
  endfacet
  facet normal 7.071068e-01 7.071068e-01 -9.420555e-16
    outer loop
      vertex   2.153573e+01 -1.091549e+00 2.180000e+01
      vertex   2.228573e+01 -1.841549e+00 2.037790e+01
      vertex   2.153573e+01 -1.091549e+00 2.030000e+01
    endloop
  endfacet
  facet normal 7.071068e-01 7.071068e-01 6.953750e-16
    outer loop
      vertex   2.153573e+01 -1.091549e+00 2.030000e+01
      vertex   2.228573e+01 -1.841549e+00 2.037790e+01
      vertex   2.228573e+01 -1.841549e+00 1.955000e+01
    endloop
  endfacet
  facet normal 7.071068e-01 -0.000000e+00 7.071068e-01
    outer loop
      vertex   2.228573e+01 -1.841549e+00 1.955000e+01
      vertex   2.228573e+01 2.129090e-01 1.955000e+01
      vertex   2.153573e+01 -1.091549e+00 2.030000e+01
    endloop
  endfacet
  facet normal 7.071068e-01 -0.000000e+00 7.071068e-01
    outer loop
      vertex   2.153573e+01 -1.091549e+00 2.030000e+01
      vertex   2.228573e+01 2.129090e-01 1.955000e+01
      vertex   2.153573e+01 6.084507e-01 2.030000e+01
    endloop
  endfacet
  facet normal 0.000000e+00 1.000000e+00 3.245267e-15
    outer loop
      vertex   1.328573e+01 -1.091549e+00 1.900000e+01
      vertex   -1.121427e+01 -1.091549e+00 1.900000e+01
      vertex   1.328573e+01 -1.091549e+00 2.030000e+01
    endloop
  endfacet
  facet normal 1.301194e-16 1.000000e+00 7.930164e-16
    outer loop
      vertex   1.328573e+01 -1.091549e+00 2.030000e+01
      vertex   -1.121427e+01 -1.091549e+00 1.900000e+01
      vertex   -1.121427e+01 -1.091549e+00 2.180000e+01
    endloop
  endfacet
  facet normal 0.000000e+00 1.000000e+00 -1.332268e-15
    outer loop
      vertex   1.328573e+01 -1.091549e+00 2.030000e+01
      vertex   -1.121427e+01 -1.091549e+00 2.180000e+01
      vertex   2.153573e+01 -1.091549e+00 2.180000e+01
    endloop
  endfacet
  facet normal 0.000000e+00 1.000000e+00 -1.332268e-15
    outer loop
      vertex   2.153573e+01 -1.091549e+00 2.180000e+01
      vertex   2.153573e+01 -1.091549e+00 2.030000e+01
      vertex   1.328573e+01 -1.091549e+00 2.030000e+01
    endloop
  endfacet
  facet normal -0.000000e+00 0.000000e+00 1.000000e+00
    outer loop
      vertex   -1.121427e+01 7.408451e+00 1.900000e+01
      vertex   -1.121427e+01 -1.091549e+00 1.900000e+01
      vertex   1.328573e+01 7.408451e+00 1.900000e+01
    endloop
  endfacet
  facet normal 0.000000e+00 0.000000e+00 1.000000e+00
    outer loop
      vertex   1.328573e+01 7.408451e+00 1.900000e+01
      vertex   -1.121427e+01 -1.091549e+00 1.900000e+01
      vertex   1.328573e+01 -1.091549e+00 1.900000e+01
    endloop
  endfacet
  facet normal -0.000000e+00 -1.000000e+00 0.000000e+00
    outer loop
      vertex   2.153573e+01 7.408451e+00 2.180000e+01
      vertex   -1.121427e+01 7.408451e+00 2.180000e+01
      vertex   1.328573e+01 7.408451e+00 2.030000e+01
    endloop
  endfacet
  facet normal -0.000000e+00 -1.000000e+00 0.000000e+00
    outer loop
      vertex   1.328573e+01 7.408451e+00 2.030000e+01
      vertex   -1.121427e+01 7.408451e+00 2.180000e+01
      vertex   -1.121427e+01 7.408451e+00 1.900000e+01
    endloop
  endfacet
  facet normal 0.000000e+00 -1.000000e+00 -0.000000e+00
    outer loop
      vertex   1.328573e+01 7.408451e+00 2.030000e+01
      vertex   -1.121427e+01 7.408451e+00 1.900000e+01
      vertex   1.328573e+01 7.408451e+00 1.900000e+01
    endloop
  endfacet
  facet normal -6.567137e-15 -1.000000e+00 3.611926e-14
    outer loop
      vertex   1.328573e+01 7.408451e+00 2.030000e+01
      vertex   2.153573e+01 7.408451e+00 2.030000e+01
      vertex   2.153573e+01 7.408451e+00 2.180000e+01
    endloop
  endfacet
  facet normal 0.000000e+00 6.766751e-01 -7.362817e-01
    outer loop
      vertex   -1.121427e+01 2.065595e+01 2.025480e+01
      vertex   -1.121427e+01 2.233725e+01 2.180000e+01
      vertex   2.028573e+01 2.065595e+01 2.025480e+01
    endloop
  endfacet
  facet normal 1.221633e-15 6.766751e-01 -7.362817e-01
    outer loop
      vertex   2.028573e+01 2.065595e+01 2.025480e+01
      vertex   -1.121427e+01 2.233725e+01 2.180000e+01
      vertex   2.028573e+01 2.233725e+01 2.180000e+01
    endloop
  endfacet
  facet normal 0.000000e+00 -3.045773e-01 -9.524876e-01
    outer loop
      vertex   -1.121427e+01 1.696905e+01 1.932189e+01
      vertex   -7.142723e-01 1.696905e+01 1.932189e+01
      vertex   -1.121427e+01 1.649749e+01 1.947268e+01
    endloop
  endfacet
  facet normal -1.040140e-16 -3.045773e-01 -9.524876e-01
    outer loop
      vertex   -1.121427e+01 1.649749e+01 1.947268e+01
      vertex   -7.142723e-01 1.696905e+01 1.932189e+01
      vertex   9.785728e+00 1.696905e+01 1.932189e+01
    endloop
  endfacet
  facet normal 0.000000e+00 -3.045773e-01 -9.524876e-01
    outer loop
      vertex   -1.121427e+01 1.649749e+01 1.947268e+01
      vertex   9.785728e+00 1.696905e+01 1.932189e+01
      vertex   2.028573e+01 1.649749e+01 1.947268e+01
    endloop
  endfacet
  facet normal -9.591499e-19 -3.045773e-01 -9.524876e-01
    outer loop
      vertex   2.028573e+01 1.649749e+01 1.947268e+01
      vertex   9.785728e+00 1.696905e+01 1.932189e+01
      vertex   2.028573e+01 1.696905e+01 1.932189e+01
    endloop
  endfacet
  facet normal -0.000000e+00 -1.845793e-01 -9.828176e-01
    outer loop
      vertex   2.028573e+01 1.696905e+01 1.932189e+01
      vertex   9.785728e+00 1.696905e+01 1.932189e+01
      vertex   2.028573e+01 1.745563e+01 1.923050e+01
    endloop
  endfacet
  facet normal -0.000000e+00 -1.845793e-01 -9.828176e-01
    outer loop
      vertex   2.028573e+01 1.745563e+01 1.923050e+01
      vertex   9.785728e+00 1.696905e+01 1.932189e+01
      vertex   9.785728e+00 1.745563e+01 1.923050e+01
    endloop
  endfacet
  facet normal -0.000000e+00 -6.175360e-02 -9.980914e-01
    outer loop
      vertex   2.028573e+01 1.745563e+01 1.923050e+01
      vertex   9.785728e+00 1.745563e+01 1.923050e+01
      vertex   2.028573e+01 1.794977e+01 1.919993e+01
    endloop
  endfacet
  facet normal -0.000000e+00 -6.175360e-02 -9.980914e-01
    outer loop
      vertex   2.028573e+01 1.794977e+01 1.919993e+01
      vertex   9.785728e+00 1.745563e+01 1.923050e+01
      vertex   9.785728e+00 1.794977e+01 1.919993e+01
    endloop
  endfacet
  facet normal 0.000000e+00 6.201809e-02 -9.980750e-01
    outer loop
      vertex   2.028573e+01 1.794977e+01 1.919993e+01
      vertex   9.785728e+00 1.794977e+01 1.919993e+01
      vertex   2.028573e+01 1.844391e+01 1.923063e+01
    endloop
  endfacet
  facet normal 0.000000e+00 6.201809e-02 -9.980750e-01
    outer loop
      vertex   2.028573e+01 1.844391e+01 1.923063e+01
      vertex   9.785728e+00 1.794977e+01 1.919993e+01
      vertex   9.785728e+00 1.844391e+01 1.923063e+01
    endloop
  endfacet
  facet normal 0.000000e+00 1.848397e-01 -9.827687e-01
    outer loop
      vertex   2.028573e+01 1.844391e+01 1.923063e+01
      vertex   9.785728e+00 1.844391e+01 1.923063e+01
      vertex   2.028573e+01 1.893046e+01 1.932215e+01
    endloop
  endfacet
  facet normal 0.000000e+00 1.848397e-01 -9.827687e-01
    outer loop
      vertex   2.028573e+01 1.893046e+01 1.932215e+01
      vertex   9.785728e+00 1.844391e+01 1.923063e+01
      vertex   9.785728e+00 1.893046e+01 1.932215e+01
    endloop
  endfacet
  facet normal 0.000000e+00 3.048297e-01 -9.524069e-01
    outer loop
      vertex   2.028573e+01 1.893046e+01 1.932215e+01
      vertex   9.785728e+00 1.893046e+01 1.932215e+01
      vertex   2.028573e+01 1.940199e+01 1.947306e+01
    endloop
  endfacet
  facet normal 0.000000e+00 3.048297e-01 -9.524069e-01
    outer loop
      vertex   2.028573e+01 1.940199e+01 1.947306e+01
      vertex   9.785728e+00 1.893046e+01 1.932215e+01
      vertex   9.785728e+00 1.940199e+01 1.947306e+01
    endloop
  endfacet
  facet normal 0.000000e+00 4.201498e-01 -9.074548e-01
    outer loop
      vertex   2.028573e+01 1.940199e+01 1.947306e+01
      vertex   9.785728e+00 1.940199e+01 1.947306e+01
      vertex   2.028573e+01 1.985126e+01 1.968107e+01
    endloop
  endfacet
  facet normal -3.070407e-16 4.201498e-01 -9.074548e-01
    outer loop
      vertex   2.028573e+01 1.985126e+01 1.968107e+01
      vertex   9.785728e+00 1.940199e+01 1.947306e+01
      vertex   9.785728e+00 1.985126e+01 1.968107e+01
    endloop
  endfacet
  facet normal -2.871273e-16 5.290335e-01 -8.486009e-01
    outer loop
      vertex   2.028573e+01 1.985126e+01 1.968107e+01
      vertex   9.785728e+00 1.985126e+01 1.968107e+01
      vertex   2.028573e+01 2.027139e+01 1.994299e+01
    endloop
  endfacet
  facet normal 0.000000e+00 5.290335e-01 -8.486009e-01
    outer loop
      vertex   2.028573e+01 2.027139e+01 1.994299e+01
      vertex   9.785728e+00 1.985126e+01 1.968107e+01
      vertex   9.785728e+00 2.027139e+01 1.994299e+01
    endloop
  endfacet
  facet normal 0.000000e+00 6.298127e-01 -7.767470e-01
    outer loop
      vertex   2.028573e+01 2.027139e+01 1.994299e+01
      vertex   9.785728e+00 2.027139e+01 1.994299e+01
      vertex   2.028573e+01 2.065595e+01 2.025480e+01
    endloop
  endfacet
  facet normal 6.281046e-19 6.298127e-01 -7.767470e-01
    outer loop
      vertex   2.028573e+01 2.065595e+01 2.025480e+01
      vertex   9.785728e+00 2.027139e+01 1.994299e+01
      vertex   -7.142723e-01 2.027139e+01 1.994299e+01
    endloop
  endfacet
  facet normal 0.000000e+00 6.298127e-01 -7.767470e-01
    outer loop
      vertex   2.028573e+01 2.065595e+01 2.025480e+01
      vertex   -7.142723e-01 2.027139e+01 1.994299e+01
      vertex   -1.121427e+01 2.065595e+01 2.025480e+01
    endloop
  endfacet
  facet normal 6.281046e-19 6.298127e-01 -7.767470e-01
    outer loop
      vertex   -1.121427e+01 2.065595e+01 2.025480e+01
      vertex   -7.142723e-01 2.027139e+01 1.994299e+01
      vertex   -1.121427e+01 2.027139e+01 1.994299e+01
    endloop
  endfacet
  facet normal 0.000000e+00 5.290335e-01 -8.486009e-01
    outer loop
      vertex   -1.121427e+01 2.027139e+01 1.994299e+01
      vertex   -7.142723e-01 2.027139e+01 1.994299e+01
      vertex   -1.121427e+01 1.985126e+01 1.968107e+01
    endloop
  endfacet
  facet normal 2.871273e-16 5.290335e-01 -8.486009e-01
    outer loop
      vertex   -1.121427e+01 1.985126e+01 1.968107e+01
      vertex   -7.142723e-01 2.027139e+01 1.994299e+01
      vertex   -7.142723e-01 1.985126e+01 1.968107e+01
    endloop
  endfacet
  facet normal 3.070407e-16 4.201498e-01 -9.074548e-01
    outer loop
      vertex   -1.121427e+01 1.985126e+01 1.968107e+01
      vertex   -7.142723e-01 1.985126e+01 1.968107e+01
      vertex   -1.121427e+01 1.940199e+01 1.947306e+01
    endloop
  endfacet
  facet normal 0.000000e+00 4.201498e-01 -9.074548e-01
    outer loop
      vertex   -1.121427e+01 1.940199e+01 1.947306e+01
      vertex   -7.142723e-01 1.985126e+01 1.968107e+01
      vertex   -7.142723e-01 1.940199e+01 1.947306e+01
    endloop
  endfacet
  facet normal 0.000000e+00 3.048297e-01 -9.524069e-01
    outer loop
      vertex   -1.121427e+01 1.940199e+01 1.947306e+01
      vertex   -7.142723e-01 1.940199e+01 1.947306e+01
      vertex   -1.121427e+01 1.893046e+01 1.932215e+01
    endloop
  endfacet
  facet normal 0.000000e+00 3.048297e-01 -9.524069e-01
    outer loop
      vertex   -1.121427e+01 1.893046e+01 1.932215e+01
      vertex   -7.142723e-01 1.940199e+01 1.947306e+01
      vertex   -7.142723e-01 1.893046e+01 1.932215e+01
    endloop
  endfacet
  facet normal 0.000000e+00 1.848397e-01 -9.827687e-01
    outer loop
      vertex   -1.121427e+01 1.893046e+01 1.932215e+01
      vertex   -7.142723e-01 1.893046e+01 1.932215e+01
      vertex   -1.121427e+01 1.844391e+01 1.923063e+01
    endloop
  endfacet
  facet normal 0.000000e+00 1.848397e-01 -9.827687e-01
    outer loop
      vertex   -1.121427e+01 1.844391e+01 1.923063e+01
      vertex   -7.142723e-01 1.893046e+01 1.932215e+01
      vertex   -7.142723e-01 1.844391e+01 1.923063e+01
    endloop
  endfacet
  facet normal 0.000000e+00 6.201809e-02 -9.980750e-01
    outer loop
      vertex   -1.121427e+01 1.844391e+01 1.923063e+01
      vertex   -7.142723e-01 1.844391e+01 1.923063e+01
      vertex   -1.121427e+01 1.794977e+01 1.919993e+01
    endloop
  endfacet
  facet normal 0.000000e+00 6.201809e-02 -9.980750e-01
    outer loop
      vertex   -1.121427e+01 1.794977e+01 1.919993e+01
      vertex   -7.142723e-01 1.844391e+01 1.923063e+01
      vertex   -7.142723e-01 1.794977e+01 1.919993e+01
    endloop
  endfacet
  facet normal 0.000000e+00 -6.175360e-02 -9.980914e-01
    outer loop
      vertex   -1.121427e+01 1.794977e+01 1.919993e+01
      vertex   -7.142723e-01 1.794977e+01 1.919993e+01
      vertex   -1.121427e+01 1.745563e+01 1.923050e+01
    endloop
  endfacet
  facet normal 0.000000e+00 -6.175360e-02 -9.980914e-01
    outer loop
      vertex   -1.121427e+01 1.745563e+01 1.923050e+01
      vertex   -7.142723e-01 1.794977e+01 1.919993e+01
      vertex   -7.142723e-01 1.745563e+01 1.923050e+01
    endloop
  endfacet
  facet normal 0.000000e+00 -1.845793e-01 -9.828176e-01
    outer loop
      vertex   -1.121427e+01 1.745563e+01 1.923050e+01
      vertex   -7.142723e-01 1.745563e+01 1.923050e+01
      vertex   -1.121427e+01 1.696905e+01 1.932189e+01
    endloop
  endfacet
  facet normal 0.000000e+00 -1.845793e-01 -9.828176e-01
    outer loop
      vertex   -1.121427e+01 1.696905e+01 1.932189e+01
      vertex   -7.142723e-01 1.745563e+01 1.923050e+01
      vertex   -7.142723e-01 1.696905e+01 1.932189e+01
    endloop
  endfacet
  facet normal -6.251948e-17 -1.845793e-01 -9.828176e-01
    outer loop
      vertex   9.785728e+00 1.745563e+01 1.923050e+01
      vertex   9.785728e+00 1.696905e+01 1.932189e+01
      vertex   -7.142723e-01 1.696905e+01 1.932189e+01
    endloop
  endfacet
  facet normal -0.000000e+00 -1.845793e-01 -9.828176e-01
    outer loop
      vertex   9.785728e+00 1.745563e+01 1.923050e+01
      vertex   -7.142723e-01 1.696905e+01 1.932189e+01
      vertex   -7.142723e-01 1.745563e+01 1.923050e+01
    endloop
  endfacet
  facet normal -1.101513e-19 -6.175360e-02 -9.980914e-01
    outer loop
      vertex   9.785728e+00 1.794977e+01 1.919993e+01
      vertex   9.785728e+00 1.745563e+01 1.923050e+01
      vertex   -7.142723e-01 1.745563e+01 1.923050e+01
    endloop
  endfacet
  facet normal -0.000000e+00 -6.175360e-02 -9.980914e-01
    outer loop
      vertex   9.785728e+00 1.794977e+01 1.919993e+01
      vertex   -7.142723e-01 1.745563e+01 1.923050e+01
      vertex   -7.142723e-01 1.794977e+01 1.919993e+01
    endloop
  endfacet
  facet normal -1.632205e-19 6.201809e-02 -9.980750e-01
    outer loop
      vertex   9.785728e+00 1.844391e+01 1.923063e+01
      vertex   9.785728e+00 1.794977e+01 1.919993e+01
      vertex   -7.142723e-01 1.794977e+01 1.919993e+01
    endloop
  endfacet
  facet normal 0.000000e+00 6.201809e-02 -9.980750e-01
    outer loop
      vertex   9.785728e+00 1.844391e+01 1.923063e+01
      vertex   -7.142723e-01 1.794977e+01 1.919993e+01
      vertex   -7.142723e-01 1.844391e+01 1.923063e+01
    endloop
  endfacet
  facet normal -3.621614e-19 1.848397e-01 -9.827687e-01
    outer loop
      vertex   9.785728e+00 1.893046e+01 1.932215e+01
      vertex   9.785728e+00 1.844391e+01 1.923063e+01
      vertex   -7.142723e-01 1.844391e+01 1.923063e+01
    endloop
  endfacet
  facet normal 0.000000e+00 1.848397e-01 -9.827687e-01
    outer loop
      vertex   9.785728e+00 1.893046e+01 1.932215e+01
      vertex   -7.142723e-01 1.844391e+01 1.923063e+01
      vertex   -7.142723e-01 1.893046e+01 1.932215e+01
    endloop
  endfacet
  facet normal -1.291016e-18 3.048297e-01 -9.524069e-01
    outer loop
      vertex   9.785728e+00 1.940199e+01 1.947306e+01
      vertex   9.785728e+00 1.893046e+01 1.932215e+01
      vertex   -7.142723e-01 1.893046e+01 1.932215e+01
    endloop
  endfacet
  facet normal 1.031402e-16 3.048297e-01 -9.524069e-01
    outer loop
      vertex   9.785728e+00 1.940199e+01 1.947306e+01
      vertex   -7.142723e-01 1.893046e+01 1.932215e+01
      vertex   -7.142723e-01 1.940199e+01 1.947306e+01
    endloop
  endfacet
  facet normal 1.416897e-16 4.201498e-01 -9.074548e-01
    outer loop
      vertex   9.785728e+00 1.985126e+01 1.968107e+01
      vertex   9.785728e+00 1.940199e+01 1.947306e+01
      vertex   -7.142723e-01 1.940199e+01 1.947306e+01
    endloop
  endfacet
  facet normal 0.000000e+00 4.201498e-01 -9.074548e-01
    outer loop
      vertex   9.785728e+00 1.985126e+01 1.968107e+01
      vertex   -7.142723e-01 1.940199e+01 1.947306e+01
      vertex   -7.142723e-01 1.985126e+01 1.968107e+01
    endloop
  endfacet
  facet normal -4.394699e-19 5.290335e-01 -8.486009e-01
    outer loop
      vertex   9.785728e+00 2.027139e+01 1.994299e+01
      vertex   9.785728e+00 1.985126e+01 1.968107e+01
      vertex   -7.142723e-01 1.985126e+01 1.968107e+01
    endloop
  endfacet
  facet normal 0.000000e+00 5.290335e-01 -8.486009e-01
    outer loop
      vertex   9.785728e+00 2.027139e+01 1.994299e+01
      vertex   -7.142723e-01 1.985126e+01 1.968107e+01
      vertex   -7.142723e-01 2.027139e+01 1.994299e+01
    endloop
  endfacet
  facet normal 0.000000e+00 6.693597e-01 7.429385e-01
    outer loop
      vertex   2.028573e+01 7.307810e+00 3.800000e+00
      vertex   -1.121427e+01 7.307810e+00 3.800000e+00
      vertex   4.535728e+00 6.704859e+00 4.343236e+00
    endloop
  endfacet
  facet normal 0.000000e+00 6.693597e-01 7.429385e-01
    outer loop
      vertex   4.535728e+00 6.704859e+00 4.343236e+00
      vertex   -1.121427e+01 7.307810e+00 3.800000e+00
      vertex   -1.121427e+01 6.704859e+00 4.343236e+00
    endloop
  endfacet
  facet normal 0.000000e+00 7.322296e-01 6.810578e-01
    outer loop
      vertex   4.535728e+00 6.704859e+00 4.343236e+00
      vertex   -1.121427e+01 6.704859e+00 4.343236e+00
      vertex   4.535728e+00 6.152129e+00 4.937496e+00
    endloop
  endfacet
  facet normal 3.840640e-17 7.322296e-01 6.810578e-01
    outer loop
      vertex   4.535728e+00 6.152129e+00 4.937496e+00
      vertex   -1.121427e+01 6.704859e+00 4.343236e+00
      vertex   -1.121427e+01 6.152129e+00 4.937496e+00
    endloop
  endfacet
  facet normal 3.461794e-17 7.894015e-01 6.138773e-01
    outer loop
      vertex   4.535728e+00 6.152129e+00 4.937496e+00
      vertex   -1.121427e+01 6.152129e+00 4.937496e+00
      vertex   4.535728e+00 5.653921e+00 5.578155e+00
    endloop
  endfacet
  facet normal 3.461794e-17 7.894015e-01 6.138773e-01
    outer loop
      vertex   4.535728e+00 5.653921e+00 5.578155e+00
      vertex   -1.121427e+01 6.152129e+00 4.937496e+00
      vertex   -1.121427e+01 5.653921e+00 5.578155e+00
    endloop
  endfacet
  facet normal 3.056009e-17 8.404303e-01 5.419197e-01
    outer loop
      vertex   4.535728e+00 5.653921e+00 5.578155e+00
      vertex   -1.121427e+01 5.653921e+00 5.578155e+00
      vertex   4.535728e+00 5.214112e+00 6.260227e+00
    endloop
  endfacet
  facet normal 0.000000e+00 8.404303e-01 5.419197e-01
    outer loop
      vertex   4.535728e+00 5.214112e+00 6.260227e+00
      vertex   -1.121427e+01 5.653921e+00 5.578155e+00
      vertex   -1.121427e+01 5.214112e+00 6.260227e+00
    endloop
  endfacet
  facet normal 0.000000e+00 8.849190e-01 4.657449e-01
    outer loop
      vertex   4.535728e+00 5.214112e+00 6.260227e+00
      vertex   -1.121427e+01 5.214112e+00 6.260227e+00
      vertex   4.535728e+00 4.836125e+00 6.978406e+00
    endloop
  endfacet
  facet normal -2.626442e-17 8.849190e-01 4.657449e-01
    outer loop
      vertex   4.535728e+00 4.836125e+00 6.978406e+00
      vertex   -1.121427e+01 5.214112e+00 6.260227e+00
      vertex   -1.121427e+01 4.836125e+00 6.978406e+00
    endloop
  endfacet
  facet normal -2.176437e-17 9.225214e-01 3.859458e-01
    outer loop
      vertex   4.535728e+00 4.836125e+00 6.978406e+00
      vertex   -1.121427e+01 4.836125e+00 6.978406e+00
      vertex   4.535728e+00 4.522901e+00 7.727102e+00
    endloop
  endfacet
  facet normal 6.529310e-17 9.225214e-01 3.859458e-01
    outer loop
      vertex   4.535728e+00 4.522901e+00 7.727102e+00
      vertex   -1.121427e+01 4.836125e+00 6.978406e+00
      vertex   -1.121427e+01 4.522901e+00 7.727102e+00
    endloop
  endfacet
  facet normal 5.128484e-17 9.529450e-01 3.031434e-01
    outer loop
      vertex   4.535728e+00 4.522901e+00 7.727102e+00
      vertex   -1.121427e+01 4.522901e+00 7.727102e+00
      vertex   4.535728e+00 4.276877e+00 8.500489e+00
    endloop
  endfacet
  facet normal -7.328759e-17 9.529450e-01 3.031434e-01
    outer loop
      vertex   4.535728e+00 4.276877e+00 8.500489e+00
      vertex   -1.121427e+01 4.522901e+00 7.727102e+00
      vertex   -1.121427e+01 4.276877e+00 8.500489e+00
    endloop
  endfacet
  facet normal -8.548742e-17 9.759528e-01 2.179819e-01
    outer loop
      vertex   4.535728e+00 4.276877e+00 8.500489e+00
      vertex   -1.121427e+01 4.276877e+00 8.500489e+00
      vertex   4.535728e+00 4.099969e+00 9.292548e+00
    endloop
  endfacet
  facet normal 7.375497e-17 9.759528e-01 2.179819e-01
    outer loop
      vertex   4.535728e+00 4.099969e+00 9.292548e+00
      vertex   -1.121427e+01 4.276877e+00 8.500489e+00
      vertex   -1.121427e+01 4.099969e+00 9.292548e+00
    endloop
  endfacet
  facet normal 4.436632e-17 9.913660e-01 1.311241e-01
    outer loop
      vertex   4.535728e+00 4.099969e+00 9.292548e+00
      vertex   -1.121427e+01 4.099969e+00 9.292548e+00
      vertex   4.535728e+00 3.993551e+00 1.009712e+01
    endloop
  endfacet
  facet normal 2.632784e-17 9.913660e-01 1.311241e-01
    outer loop
      vertex   4.535728e+00 3.993551e+00 1.009712e+01
      vertex   -1.121427e+01 4.099969e+00 9.292548e+00
      vertex   -1.121427e+01 3.993551e+00 1.009712e+01
    endloop
  endfacet
  facet normal 4.658458e-17 9.990645e-01 4.324592e-02
    outer loop
      vertex   4.535728e+00 3.993551e+00 1.009712e+01
      vertex   -1.121427e+01 3.993551e+00 1.009712e+01
      vertex   4.535728e+00 3.958454e+00 1.090793e+01
    endloop
  endfacet
  facet normal 8.450928e-17 9.990645e-01 4.324592e-02
    outer loop
      vertex   4.535728e+00 3.958454e+00 1.090793e+01
      vertex   -1.121427e+01 3.993551e+00 1.009712e+01
      vertex   -1.121427e+01 3.958454e+00 1.090793e+01
    endloop
  endfacet
  facet normal 8.450285e-17 9.989884e-01 -4.496879e-02
    outer loop
      vertex   4.535728e+00 3.958454e+00 1.090793e+01
      vertex   -1.121427e+01 3.958454e+00 1.090793e+01
      vertex   4.535728e+00 3.994950e+00 1.171869e+01
    endloop
  endfacet
  facet normal 0.000000e+00 9.989884e-01 -4.496879e-02
    outer loop
      vertex   4.535728e+00 3.994950e+00 1.171869e+01
      vertex   -1.121427e+01 3.958454e+00 1.090793e+01
      vertex   -1.121427e+01 3.994950e+00 1.171869e+01
    endloop
  endfacet
  facet normal 0.000000e+00 9.911384e-01 -1.328336e-01
    outer loop
      vertex   4.535728e+00 3.994950e+00 1.171869e+01
      vertex   -1.121427e+01 3.994950e+00 1.171869e+01
      vertex   4.535728e+00 4.102754e+00 1.252307e+01
    endloop
  endfacet
  facet normal 0.000000e+00 9.911384e-01 -1.328336e-01
    outer loop
      vertex   4.535728e+00 4.102754e+00 1.252307e+01
      vertex   -1.121427e+01 3.994950e+00 1.171869e+01
      vertex   -1.121427e+01 4.102754e+00 1.252307e+01
    endloop
  endfacet
  facet normal 0.000000e+00 9.755754e-01 -2.196646e-01
    outer loop
      vertex   4.535728e+00 4.102754e+00 1.252307e+01
      vertex   -1.121427e+01 4.102754e+00 1.252307e+01
      vertex   4.535728e+00 4.281029e+00 1.331482e+01
    endloop
  endfacet
  facet normal 0.000000e+00 9.755754e-01 -2.196646e-01
    outer loop
      vertex   4.535728e+00 4.281029e+00 1.331482e+01
      vertex   -1.121427e+01 4.102754e+00 1.252307e+01
      vertex   -1.121427e+01 4.281029e+00 1.331482e+01
    endloop
  endfacet
  facet normal 0.000000e+00 9.524208e-01 -3.047863e-01
    outer loop
      vertex   4.535728e+00 4.281029e+00 1.331482e+01
      vertex   -1.121427e+01 4.281029e+00 1.331482e+01
      vertex   4.535728e+00 4.528386e+00 1.408779e+01
    endloop
  endfacet
  facet normal -8.808437e-17 9.524208e-01 -3.047863e-01
    outer loop
      vertex   4.535728e+00 4.528386e+00 1.408779e+01
      vertex   -1.121427e+01 4.281029e+00 1.331482e+01
      vertex   -1.121427e+01 4.528386e+00 1.408779e+01
    endloop
  endfacet
  facet normal -9.569358e-17 9.218545e-01 -3.875362e-01
    outer loop
      vertex   4.535728e+00 4.528386e+00 1.408779e+01
      vertex   -1.121427e+01 4.528386e+00 1.408779e+01
      vertex   4.535728e+00 4.842901e+00 1.483594e+01
    endloop
  endfacet
  facet normal 0.000000e+00 9.218545e-01 -3.875362e-01
    outer loop
      vertex   4.535728e+00 4.842901e+00 1.483594e+01
      vertex   -1.121427e+01 4.528386e+00 1.408779e+01
      vertex   -1.121427e+01 4.842901e+00 1.483594e+01
    endloop
  endfacet
  facet normal 0.000000e+00 8.841145e-01 -4.672703e-01
    outer loop
      vertex   4.535728e+00 4.842901e+00 1.483594e+01
      vertex   -1.121427e+01 4.842901e+00 1.483594e+01
      vertex   4.535728e+00 5.222126e+00 1.555347e+01
    endloop
  endfacet
  facet normal 4.985723e-17 8.841145e-01 -4.672703e-01
    outer loop
      vertex   4.535728e+00 5.222126e+00 1.555347e+01
      vertex   -1.121427e+01 4.842901e+00 1.483594e+01
      vertex   -1.121427e+01 5.222126e+00 1.555347e+01
    endloop
  endfacet
  facet normal 4.734101e-17 8.394945e-01 -5.433682e-01
    outer loop
      vertex   4.535728e+00 5.222126e+00 1.555347e+01
      vertex   -1.121427e+01 5.222126e+00 1.555347e+01
      vertex   4.535728e+00 5.663110e+00 1.623478e+01
    endloop
  endfacet
  facet normal 4.734101e-17 8.394945e-01 -5.433682e-01
    outer loop
      vertex   4.535728e+00 5.663110e+00 1.623478e+01
      vertex   -1.121427e+01 5.222126e+00 1.555347e+01
      vertex   -1.121427e+01 5.663110e+00 1.623478e+01
    endloop
  endfacet
  facet normal 4.445638e-17 7.883416e-01 -6.152378e-01
    outer loop
      vertex   4.535728e+00 5.663110e+00 1.623478e+01
      vertex   -1.121427e+01 5.663110e+00 1.623478e+01
      vertex   4.535728e+00 6.162422e+00 1.687458e+01
    endloop
  endfacet
  facet normal 4.445638e-17 7.883416e-01 -6.152378e-01
    outer loop
      vertex   4.535728e+00 6.162422e+00 1.687458e+01
      vertex   -1.121427e+01 5.663110e+00 1.623478e+01
      vertex   -1.121427e+01 6.162422e+00 1.687458e+01
    endloop
  endfacet
  facet normal 4.122580e-17 7.310540e-01 -6.823196e-01
    outer loop
      vertex   4.535728e+00 6.162422e+00 1.687458e+01
      vertex   -1.121427e+01 6.162422e+00 1.687458e+01
      vertex   4.535728e+00 6.716176e+00 1.746788e+01
    endloop
  endfacet
  facet normal -1.126844e-16 7.310540e-01 -6.823196e-01
    outer loop
      vertex   4.535728e+00 6.716176e+00 1.746788e+01
      vertex   -1.121427e+01 6.162422e+00 1.687458e+01
      vertex   -1.121427e+01 6.716176e+00 1.746788e+01
    endloop
  endfacet
  facet normal -1.301697e-16 6.680775e-01 -7.440917e-01
    outer loop
      vertex   4.535728e+00 6.716176e+00 1.746788e+01
      vertex   -1.121427e+01 6.716176e+00 1.746788e+01
      vertex   4.535728e+00 7.320063e+00 1.801008e+01
    endloop
  endfacet
  facet normal -5.482087e-17 6.680775e-01 -7.440917e-01
    outer loop
      vertex   4.535728e+00 7.320063e+00 1.801008e+01
      vertex   -1.121427e+01 6.716176e+00 1.746788e+01
      vertex   -1.121427e+01 7.320063e+00 1.801008e+01
    endloop
  endfacet
  facet normal -7.898232e-17 5.999021e-01 -8.000734e-01
    outer loop
      vertex   4.535728e+00 7.320063e+00 1.801008e+01
      vertex   -1.121427e+01 7.320063e+00 1.801008e+01
      vertex   4.535728e+00 7.969383e+00 1.849695e+01
    endloop
  endfacet
  facet normal 6.765969e-17 5.999021e-01 -8.000734e-01
    outer loop
      vertex   4.535728e+00 7.969383e+00 1.849695e+01
      vertex   -1.121427e+01 7.320063e+00 1.801008e+01
      vertex   -1.121427e+01 7.969383e+00 1.849695e+01
    endloop
  endfacet
  facet normal 5.944404e-17 5.270583e-01 -8.498291e-01
    outer loop
      vertex   4.535728e+00 7.969383e+00 1.849695e+01
      vertex   -1.121427e+01 7.969383e+00 1.849695e+01
      vertex   4.535728e+00 8.659083e+00 1.892469e+01
    endloop
  endfacet
  facet normal 0.000000e+00 5.270583e-01 -8.498291e-01
    outer loop
      vertex   4.535728e+00 8.659083e+00 1.892469e+01
      vertex   -1.121427e+01 7.969383e+00 1.849695e+01
      vertex   -1.121427e+01 8.659083e+00 1.892469e+01
    endloop
  endfacet
  facet normal 0.000000e+00 4.501131e-01 -8.929716e-01
    outer loop
      vertex   4.535728e+00 8.659083e+00 1.892469e+01
      vertex   -1.121427e+01 8.659083e+00 1.892469e+01
      vertex   4.535728e+00 9.383797e+00 1.928999e+01
    endloop
  endfacet
  facet normal 2.014268e-16 4.501131e-01 -8.929716e-01
    outer loop
      vertex   4.535728e+00 9.383797e+00 1.928999e+01
      vertex   -1.121427e+01 8.659083e+00 1.892469e+01
      vertex   -1.121427e+01 9.383797e+00 1.928999e+01
    endloop
  endfacet
  facet normal 2.095909e-16 3.696652e-01 -9.291650e-01
    outer loop
      vertex   4.535728e+00 9.383797e+00 1.928999e+01
      vertex   -1.121427e+01 9.383797e+00 1.928999e+01
      vertex   4.535728e+00 1.013788e+01 1.959000e+01
    endloop
  endfacet
  facet normal -1.678984e-16 3.696652e-01 -9.291650e-01
    outer loop
      vertex   4.535728e+00 1.013788e+01 1.959000e+01
      vertex   -1.121427e+01 9.383797e+00 1.928999e+01
      vertex   -1.121427e+01 1.013788e+01 1.959000e+01
    endloop
  endfacet
  facet normal -1.838293e-16 2.863405e-01 -9.581279e-01
    outer loop
      vertex   4.535728e+00 1.013788e+01 1.959000e+01
      vertex   -1.121427e+01 1.013788e+01 1.959000e+01
      vertex   4.535728e+00 1.091548e+01 1.982239e+01
    endloop
  endfacet
  facet normal 0.000000e+00 2.863405e-01 -9.581279e-01
    outer loop
      vertex   4.535728e+00 1.091548e+01 1.982239e+01
      vertex   -1.121427e+01 1.013788e+01 1.959000e+01
      vertex   -1.121427e+01 1.091548e+01 1.982239e+01
    endloop
  endfacet
  facet normal 0.000000e+00 2.007877e-01 -9.796348e-01
    outer loop
      vertex   4.535728e+00 1.091548e+01 1.982239e+01
      vertex   -1.121427e+01 1.091548e+01 1.982239e+01
      vertex   4.535728e+00 1.171053e+01 1.998535e+01
    endloop
  endfacet
  facet normal 4.529150e-17 2.007877e-01 -9.796348e-01
    outer loop
      vertex   4.535728e+00 1.171053e+01 1.998535e+01
      vertex   -1.121427e+01 1.091548e+01 1.982239e+01
      vertex   -1.121427e+01 1.171053e+01 1.998535e+01
    endloop
  endfacet
  facet normal 2.564096e-17 1.136723e-01 -9.935183e-01
    outer loop
      vertex   4.535728e+00 1.171053e+01 1.998535e+01
      vertex   -1.121427e+01 1.171053e+01 1.998535e+01
      vertex   4.535728e+00 1.251684e+01 2.007760e+01
    endloop
  endfacet
  facet normal 0.000000e+00 1.136723e-01 -9.935183e-01
    outer loop
      vertex   4.535728e+00 1.251684e+01 2.007760e+01
      vertex   -1.121427e+01 1.171053e+01 1.998535e+01
      vertex   -1.121427e+01 1.251684e+01 2.007760e+01
    endloop
  endfacet
  facet normal 0.000000e+00 2.567234e-02 -9.996704e-01
    outer loop
      vertex   4.535728e+00 1.251684e+01 2.007760e+01
      vertex   -1.121427e+01 1.251684e+01 2.007760e+01
      vertex   4.535728e+00 1.332815e+01 2.009843e+01
    endloop
  endfacet
  facet normal 2.341811e-16 2.567234e-02 -9.996704e-01
    outer loop
      vertex   4.535728e+00 1.332815e+01 2.009843e+01
      vertex   -1.121427e+01 1.251684e+01 2.007760e+01
      vertex   -1.121427e+01 1.332815e+01 2.009843e+01
    endloop
  endfacet
  facet normal 2.039714e-16 -6.252739e-02 -9.980432e-01
    outer loop
      vertex   4.535728e+00 1.332815e+01 2.009843e+01
      vertex   -1.121427e+01 1.332815e+01 2.009843e+01
      vertex   4.535728e+00 1.413814e+01 2.004769e+01
    endloop
  endfacet
  facet normal -2.115637e-17 -6.252739e-02 -9.980432e-01
    outer loop
      vertex   4.535728e+00 1.413814e+01 2.004769e+01
      vertex   -1.121427e+01 1.332815e+01 2.009843e+01
      vertex   -1.121427e+01 1.413814e+01 2.004769e+01
    endloop
  endfacet
  facet normal -5.083444e-17 -1.502405e-01 -9.886495e-01
    outer loop
      vertex   4.535728e+00 1.413814e+01 2.004769e+01
      vertex   -1.121427e+01 1.413814e+01 2.004769e+01
      vertex   4.535728e+00 1.494050e+01 1.992576e+01
    endloop
  endfacet
  facet normal -2.907880e-16 -1.502405e-01 -9.886495e-01
    outer loop
      vertex   4.535728e+00 1.494050e+01 1.992576e+01
      vertex   -1.121427e+01 1.413814e+01 2.004769e+01
      vertex   -1.121427e+01 1.494050e+01 1.992576e+01
    endloop
  endfacet
  facet normal -3.259770e-16 -2.367845e-01 -9.715622e-01
    outer loop
      vertex   4.535728e+00 1.494050e+01 1.992576e+01
      vertex   -1.121427e+01 1.494050e+01 1.992576e+01
      vertex   4.535728e+00 1.572900e+01 1.973359e+01
    endloop
  endfacet
  facet normal -2.670564e-17 -2.367845e-01 -9.715622e-01
    outer loop
      vertex   4.535728e+00 1.572900e+01 1.973359e+01
      vertex   -1.121427e+01 1.494050e+01 1.992576e+01
      vertex   -1.121427e+01 1.572900e+01 1.973359e+01
    endloop
  endfacet
  facet normal -3.625865e-17 -3.214859e-01 -9.469144e-01
    outer loop
      vertex   4.535728e+00 1.572900e+01 1.973359e+01
      vertex   -1.121427e+01 1.572900e+01 1.973359e+01
      vertex   -1.121427e+01 1.649749e+01 1.947268e+01
    endloop
  endfacet
  facet normal 0.000000e+00 -3.214859e-01 -9.469144e-01
    outer loop
      vertex   -1.121427e+01 1.649749e+01 1.947268e+01
      vertex   2.028573e+01 1.649749e+01 1.947268e+01
      vertex   4.535728e+00 1.572900e+01 1.973359e+01
    endloop
  endfacet
  facet normal 0.000000e+00 -3.214859e-01 -9.469144e-01
    outer loop
      vertex   4.535728e+00 1.572900e+01 1.973359e+01
      vertex   2.028573e+01 1.649749e+01 1.947268e+01
      vertex   2.028573e+01 1.572900e+01 1.973359e+01
    endloop
  endfacet
  facet normal 0.000000e+00 -2.367845e-01 -9.715622e-01
    outer loop
      vertex   4.535728e+00 1.572900e+01 1.973359e+01
      vertex   2.028573e+01 1.572900e+01 1.973359e+01
      vertex   4.535728e+00 1.494050e+01 1.992576e+01
    endloop
  endfacet
  facet normal 0.000000e+00 -2.367845e-01 -9.715622e-01
    outer loop
      vertex   4.535728e+00 1.494050e+01 1.992576e+01
      vertex   2.028573e+01 1.572900e+01 1.973359e+01
      vertex   2.028573e+01 1.494050e+01 1.992576e+01
    endloop
  endfacet
  facet normal 0.000000e+00 -1.502405e-01 -9.886495e-01
    outer loop
      vertex   4.535728e+00 1.494050e+01 1.992576e+01
      vertex   2.028573e+01 1.494050e+01 1.992576e+01
      vertex   4.535728e+00 1.413814e+01 2.004769e+01
    endloop
  endfacet
  facet normal -1.694481e-17 -1.502405e-01 -9.886495e-01
    outer loop
      vertex   4.535728e+00 1.413814e+01 2.004769e+01
      vertex   2.028573e+01 1.494050e+01 1.992576e+01
      vertex   2.028573e+01 1.413814e+01 2.004769e+01
    endloop
  endfacet
  facet normal -7.052124e-18 -6.252739e-02 -9.980432e-01
    outer loop
      vertex   4.535728e+00 1.413814e+01 2.004769e+01
      vertex   2.028573e+01 1.413814e+01 2.004769e+01
      vertex   4.535728e+00 1.332815e+01 2.009843e+01
    endloop
  endfacet
  facet normal 0.000000e+00 -6.252739e-02 -9.980432e-01
    outer loop
      vertex   4.535728e+00 1.332815e+01 2.009843e+01
      vertex   2.028573e+01 1.413814e+01 2.004769e+01
      vertex   2.028573e+01 1.332815e+01 2.009843e+01
    endloop
  endfacet
  facet normal 0.000000e+00 2.567234e-02 -9.996704e-01
    outer loop
      vertex   4.535728e+00 1.332815e+01 2.009843e+01
      vertex   2.028573e+01 1.332815e+01 2.009843e+01
      vertex   4.535728e+00 1.251684e+01 2.007760e+01
    endloop
  endfacet
  facet normal 0.000000e+00 2.567234e-02 -9.996704e-01
    outer loop
      vertex   4.535728e+00 1.251684e+01 2.007760e+01
      vertex   2.028573e+01 1.332815e+01 2.009843e+01
      vertex   2.028573e+01 1.251684e+01 2.007760e+01
    endloop
  endfacet
  facet normal 0.000000e+00 1.136723e-01 -9.935183e-01
    outer loop
      vertex   4.535728e+00 1.251684e+01 2.007760e+01
      vertex   2.028573e+01 1.251684e+01 2.007760e+01
      vertex   4.535728e+00 1.171053e+01 1.998535e+01
    endloop
  endfacet
  facet normal 5.128192e-17 1.136723e-01 -9.935183e-01
    outer loop
      vertex   4.535728e+00 1.171053e+01 1.998535e+01
      vertex   2.028573e+01 1.251684e+01 2.007760e+01
      vertex   2.028573e+01 1.171053e+01 1.998535e+01
    endloop
  endfacet
  facet normal 9.058299e-17 2.007877e-01 -9.796348e-01
    outer loop
      vertex   4.535728e+00 1.171053e+01 1.998535e+01
      vertex   2.028573e+01 1.171053e+01 1.998535e+01
      vertex   4.535728e+00 1.091548e+01 1.982239e+01
    endloop
  endfacet
  facet normal 0.000000e+00 2.007877e-01 -9.796348e-01
    outer loop
      vertex   4.535728e+00 1.091548e+01 1.982239e+01
      vertex   2.028573e+01 1.171053e+01 1.998535e+01
      vertex   2.028573e+01 1.091548e+01 1.982239e+01
    endloop
  endfacet
  facet normal 0.000000e+00 2.863405e-01 -9.581279e-01
    outer loop
      vertex   4.535728e+00 1.091548e+01 1.982239e+01
      vertex   2.028573e+01 1.091548e+01 1.982239e+01
      vertex   4.535728e+00 1.013788e+01 1.959000e+01
    endloop
  endfacet
  facet normal 3.229479e-17 2.863405e-01 -9.581279e-01
    outer loop
      vertex   4.535728e+00 1.013788e+01 1.959000e+01
      vertex   2.028573e+01 1.091548e+01 1.982239e+01
      vertex   2.028573e+01 1.013788e+01 1.959000e+01
    endloop
  endfacet
  facet normal 4.169252e-17 3.696652e-01 -9.291650e-01
    outer loop
      vertex   4.535728e+00 1.013788e+01 1.959000e+01
      vertex   2.028573e+01 1.013788e+01 1.959000e+01
      vertex   4.535728e+00 9.383797e+00 1.928999e+01
    endloop
  endfacet
  facet normal -2.095909e-16 3.696652e-01 -9.291650e-01
    outer loop
      vertex   4.535728e+00 9.383797e+00 1.928999e+01
      vertex   2.028573e+01 1.013788e+01 1.959000e+01
      vertex   2.028573e+01 9.383797e+00 1.928999e+01
    endloop
  endfacet
  facet normal -2.014268e-16 4.501131e-01 -8.929716e-01
    outer loop
      vertex   4.535728e+00 9.383797e+00 1.928999e+01
      vertex   2.028573e+01 9.383797e+00 1.928999e+01
      vertex   4.535728e+00 8.659083e+00 1.892469e+01
    endloop
  endfacet
  facet normal 0.000000e+00 4.501131e-01 -8.929716e-01
    outer loop
      vertex   4.535728e+00 8.659083e+00 1.892469e+01
      vertex   2.028573e+01 9.383797e+00 1.928999e+01
      vertex   2.028573e+01 8.659083e+00 1.892469e+01
    endloop
  endfacet
  facet normal 0.000000e+00 5.270583e-01 -8.498291e-01
    outer loop
      vertex   4.535728e+00 8.659083e+00 1.892469e+01
      vertex   2.028573e+01 8.659083e+00 1.892469e+01
      vertex   4.535728e+00 7.969383e+00 1.849695e+01
    endloop
  endfacet
  facet normal 0.000000e+00 5.270583e-01 -8.498291e-01
    outer loop
      vertex   4.535728e+00 7.969383e+00 1.849695e+01
      vertex   2.028573e+01 8.659083e+00 1.892469e+01
      vertex   2.028573e+01 7.969383e+00 1.849695e+01
    endloop
  endfacet
  facet normal 0.000000e+00 5.999021e-01 -8.000734e-01
    outer loop
      vertex   4.535728e+00 7.969383e+00 1.849695e+01
      vertex   2.028573e+01 7.969383e+00 1.849695e+01
      vertex   4.535728e+00 7.320063e+00 1.801008e+01
    endloop
  endfacet
  facet normal 6.765969e-17 5.999021e-01 -8.000734e-01
    outer loop
      vertex   4.535728e+00 7.320063e+00 1.801008e+01
      vertex   2.028573e+01 7.969383e+00 1.849695e+01
      vertex   2.028573e+01 7.320063e+00 1.801008e+01
    endloop
  endfacet
  facet normal 7.534883e-17 6.680775e-01 -7.440917e-01
    outer loop
      vertex   4.535728e+00 7.320063e+00 1.801008e+01
      vertex   2.028573e+01 7.320063e+00 1.801008e+01
      vertex   4.535728e+00 6.716176e+00 1.746788e+01
    endloop
  endfacet
  facet normal 3.767441e-17 6.680775e-01 -7.440917e-01
    outer loop
      vertex   4.535728e+00 6.716176e+00 1.746788e+01
      vertex   2.028573e+01 7.320063e+00 1.801008e+01
      vertex   2.028573e+01 6.716176e+00 1.746788e+01
    endloop
  endfacet
  facet normal 4.122580e-17 7.310540e-01 -6.823196e-01
    outer loop
      vertex   4.535728e+00 6.716176e+00 1.746788e+01
      vertex   2.028573e+01 6.716176e+00 1.746788e+01
      vertex   4.535728e+00 6.162422e+00 1.687458e+01
    endloop
  endfacet
  facet normal 4.122580e-17 7.310540e-01 -6.823196e-01
    outer loop
      vertex   4.535728e+00 6.162422e+00 1.687458e+01
      vertex   2.028573e+01 6.716176e+00 1.746788e+01
      vertex   2.028573e+01 6.162422e+00 1.687458e+01
    endloop
  endfacet
  facet normal 4.445638e-17 7.883416e-01 -6.152378e-01
    outer loop
      vertex   4.535728e+00 6.162422e+00 1.687458e+01
      vertex   2.028573e+01 6.162422e+00 1.687458e+01
      vertex   4.535728e+00 5.663110e+00 1.623478e+01
    endloop
  endfacet
  facet normal -4.445638e-17 7.883416e-01 -6.152378e-01
    outer loop
      vertex   4.535728e+00 5.663110e+00 1.623478e+01
      vertex   2.028573e+01 6.162422e+00 1.687458e+01
      vertex   2.028573e+01 5.663110e+00 1.623478e+01
    endloop
  endfacet
  facet normal -4.734101e-17 8.394945e-01 -5.433682e-01
    outer loop
      vertex   4.535728e+00 5.663110e+00 1.623478e+01
      vertex   2.028573e+01 5.663110e+00 1.623478e+01
      vertex   4.535728e+00 5.222126e+00 1.555347e+01
    endloop
  endfacet
  facet normal 4.734101e-17 8.394945e-01 -5.433682e-01
    outer loop
      vertex   4.535728e+00 5.222126e+00 1.555347e+01
      vertex   2.028573e+01 5.663110e+00 1.623478e+01
      vertex   2.028573e+01 5.222126e+00 1.555347e+01
    endloop
  endfacet
  facet normal 4.985723e-17 8.841145e-01 -4.672703e-01
    outer loop
      vertex   4.535728e+00 5.222126e+00 1.555347e+01
      vertex   2.028573e+01 5.222126e+00 1.555347e+01
      vertex   4.535728e+00 4.842901e+00 1.483594e+01
    endloop
  endfacet
  facet normal 0.000000e+00 8.841145e-01 -4.672703e-01
    outer loop
      vertex   4.535728e+00 4.842901e+00 1.483594e+01
      vertex   2.028573e+01 5.222126e+00 1.555347e+01
      vertex   2.028573e+01 4.842901e+00 1.483594e+01
    endloop
  endfacet
  facet normal 0.000000e+00 9.218545e-01 -3.875362e-01
    outer loop
      vertex   4.535728e+00 4.842901e+00 1.483594e+01
      vertex   2.028573e+01 4.842901e+00 1.483594e+01
      vertex   4.535728e+00 4.528386e+00 1.408779e+01
    endloop
  endfacet
  facet normal 0.000000e+00 9.218545e-01 -3.875362e-01
    outer loop
      vertex   4.535728e+00 4.528386e+00 1.408779e+01
      vertex   2.028573e+01 4.842901e+00 1.483594e+01
      vertex   2.028573e+01 4.528386e+00 1.408779e+01
    endloop
  endfacet
  facet normal 0.000000e+00 9.524208e-01 -3.047863e-01
    outer loop
      vertex   4.535728e+00 4.528386e+00 1.408779e+01
      vertex   2.028573e+01 4.528386e+00 1.408779e+01
      vertex   4.535728e+00 4.281029e+00 1.331482e+01
    endloop
  endfacet
  facet normal 0.000000e+00 9.524208e-01 -3.047863e-01
    outer loop
      vertex   4.535728e+00 4.281029e+00 1.331482e+01
      vertex   2.028573e+01 4.528386e+00 1.408779e+01
      vertex   2.028573e+01 4.281029e+00 1.331482e+01
    endloop
  endfacet
  facet normal 0.000000e+00 9.755754e-01 -2.196646e-01
    outer loop
      vertex   4.535728e+00 4.281029e+00 1.331482e+01
      vertex   2.028573e+01 4.281029e+00 1.331482e+01
      vertex   4.535728e+00 4.102754e+00 1.252307e+01
    endloop
  endfacet
  facet normal 0.000000e+00 9.755754e-01 -2.196646e-01
    outer loop
      vertex   4.535728e+00 4.102754e+00 1.252307e+01
      vertex   2.028573e+01 4.281029e+00 1.331482e+01
      vertex   2.028573e+01 4.102754e+00 1.252307e+01
    endloop
  endfacet
  facet normal 0.000000e+00 9.911384e-01 -1.328336e-01
    outer loop
      vertex   4.535728e+00 4.102754e+00 1.252307e+01
      vertex   2.028573e+01 4.102754e+00 1.252307e+01
      vertex   4.535728e+00 3.994950e+00 1.171869e+01
    endloop
  endfacet
  facet normal -7.087413e-17 9.911384e-01 -1.328336e-01
    outer loop
      vertex   4.535728e+00 3.994950e+00 1.171869e+01
      vertex   2.028573e+01 4.102754e+00 1.252307e+01
      vertex   2.028573e+01 3.994950e+00 1.171869e+01
    endloop
  endfacet
  facet normal -6.140702e-17 9.989884e-01 -4.496879e-02
    outer loop
      vertex   4.535728e+00 3.994950e+00 1.171869e+01
      vertex   2.028573e+01 3.994950e+00 1.171869e+01
      vertex   4.535728e+00 3.958454e+00 1.090793e+01
    endloop
  endfacet
  facet normal -8.450285e-17 9.989884e-01 -4.496879e-02
    outer loop
      vertex   4.535728e+00 3.958454e+00 1.090793e+01
      vertex   2.028573e+01 3.994950e+00 1.171869e+01
      vertex   2.028573e+01 3.958454e+00 1.090793e+01
    endloop
  endfacet
  facet normal -8.450928e-17 9.990645e-01 4.324592e-02
    outer loop
      vertex   4.535728e+00 3.958454e+00 1.090793e+01
      vertex   2.028573e+01 3.958454e+00 1.090793e+01
      vertex   4.535728e+00 3.993551e+00 1.009712e+01
    endloop
  endfacet
  facet normal -4.658458e-17 9.990645e-01 4.324592e-02
    outer loop
      vertex   4.535728e+00 3.993551e+00 1.009712e+01
      vertex   2.028573e+01 3.958454e+00 1.090793e+01
      vertex   2.028573e+01 3.993551e+00 1.009712e+01
    endloop
  endfacet
  facet normal -2.632784e-17 9.913660e-01 1.311241e-01
    outer loop
      vertex   4.535728e+00 3.993551e+00 1.009712e+01
      vertex   2.028573e+01 3.993551e+00 1.009712e+01
      vertex   4.535728e+00 4.099969e+00 9.292548e+00
    endloop
  endfacet
  facet normal 1.478877e-17 9.913660e-01 1.311241e-01
    outer loop
      vertex   4.535728e+00 4.099969e+00 9.292548e+00
      vertex   2.028573e+01 3.993551e+00 1.009712e+01
      vertex   2.028573e+01 4.099969e+00 9.292548e+00
    endloop
  endfacet
  facet normal 2.458499e-17 9.759528e-01 2.179819e-01
    outer loop
      vertex   4.535728e+00 4.099969e+00 9.292548e+00
      vertex   2.028573e+01 4.099969e+00 9.292548e+00
      vertex   4.535728e+00 4.276877e+00 8.500489e+00
    endloop
  endfacet
  facet normal -8.548742e-17 9.759528e-01 2.179819e-01
    outer loop
      vertex   4.535728e+00 4.276877e+00 8.500489e+00
      vertex   2.028573e+01 4.099969e+00 9.292548e+00
      vertex   2.028573e+01 4.276877e+00 8.500489e+00
    endloop
  endfacet
  facet normal -7.328759e-17 9.529450e-01 3.031434e-01
    outer loop
      vertex   4.535728e+00 4.276877e+00 8.500489e+00
      vertex   2.028573e+01 4.276877e+00 8.500489e+00
      vertex   4.535728e+00 4.522901e+00 7.727102e+00
    endloop
  endfacet
  facet normal -7.328759e-17 9.529450e-01 3.031434e-01
    outer loop
      vertex   4.535728e+00 4.522901e+00 7.727102e+00
      vertex   2.028573e+01 4.276877e+00 8.500489e+00
      vertex   2.028573e+01 4.522901e+00 7.727102e+00
    endloop
  endfacet
  facet normal -6.051745e-17 9.225214e-01 3.859458e-01
    outer loop
      vertex   4.535728e+00 4.522901e+00 7.727102e+00
      vertex   2.028573e+01 4.522901e+00 7.727102e+00
      vertex   4.535728e+00 4.836125e+00 6.978406e+00
    endloop
  endfacet
  facet normal 2.176437e-17 9.225214e-01 3.859458e-01
    outer loop
      vertex   4.535728e+00 4.836125e+00 6.978406e+00
      vertex   2.028573e+01 4.522901e+00 7.727102e+00
      vertex   2.028573e+01 4.836125e+00 6.978406e+00
    endloop
  endfacet
  facet normal 2.626442e-17 8.849190e-01 4.657449e-01
    outer loop
      vertex   4.535728e+00 4.836125e+00 6.978406e+00
      vertex   2.028573e+01 4.836125e+00 6.978406e+00
      vertex   4.535728e+00 5.214112e+00 6.260227e+00
    endloop
  endfacet
  facet normal -0.000000e+00 8.849190e-01 4.657449e-01
    outer loop
      vertex   4.535728e+00 5.214112e+00 6.260227e+00
      vertex   2.028573e+01 4.836125e+00 6.978406e+00
      vertex   2.028573e+01 5.214112e+00 6.260227e+00
    endloop
  endfacet
  facet normal -0.000000e+00 8.404303e-01 5.419197e-01
    outer loop
      vertex   4.535728e+00 5.214112e+00 6.260227e+00
      vertex   2.028573e+01 5.214112e+00 6.260227e+00
      vertex   4.535728e+00 5.653921e+00 5.578155e+00
    endloop
  endfacet
  facet normal -3.056009e-17 8.404303e-01 5.419197e-01
    outer loop
      vertex   4.535728e+00 5.653921e+00 5.578155e+00
      vertex   2.028573e+01 5.214112e+00 6.260227e+00
      vertex   2.028573e+01 5.653921e+00 5.578155e+00
    endloop
  endfacet
  facet normal -3.461794e-17 7.894015e-01 6.138773e-01
    outer loop
      vertex   4.535728e+00 5.653921e+00 5.578155e+00
      vertex   2.028573e+01 5.653921e+00 5.578155e+00
      vertex   4.535728e+00 6.152129e+00 4.937496e+00
    endloop
  endfacet
  facet normal -3.461794e-17 7.894015e-01 6.138773e-01
    outer loop
      vertex   4.535728e+00 6.152129e+00 4.937496e+00
      vertex   2.028573e+01 5.653921e+00 5.578155e+00
      vertex   2.028573e+01 6.152129e+00 4.937496e+00
    endloop
  endfacet
  facet normal -3.840640e-17 7.322296e-01 6.810578e-01
    outer loop
      vertex   4.535728e+00 6.152129e+00 4.937496e+00
      vertex   2.028573e+01 6.152129e+00 4.937496e+00
      vertex   4.535728e+00 6.704859e+00 4.343236e+00
    endloop
  endfacet
  facet normal -0.000000e+00 7.322296e-01 6.810578e-01
    outer loop
      vertex   4.535728e+00 6.704859e+00 4.343236e+00
      vertex   2.028573e+01 6.152129e+00 4.937496e+00
      vertex   2.028573e+01 6.704859e+00 4.343236e+00
    endloop
  endfacet
  facet normal -0.000000e+00 6.693597e-01 7.429385e-01
    outer loop
      vertex   4.535728e+00 6.704859e+00 4.343236e+00
      vertex   2.028573e+01 6.704859e+00 4.343236e+00
      vertex   2.028573e+01 7.307810e+00 3.800000e+00
    endloop
  endfacet
  facet normal -0.000000e+00 8.191520e-01 5.735764e-01
    outer loop
      vertex   -1.121427e+01 4.658451e+00 3.800000e+00
      vertex   1.260429e+01 4.658451e+00 3.800000e+00
      vertex   -1.121427e+01 5.838500e+00 2.114715e+00
    endloop
  endfacet
  facet normal -1.069003e-17 8.191520e-01 5.735764e-01
    outer loop
      vertex   -1.121427e+01 5.838500e+00 2.114715e+00
      vertex   1.260429e+01 4.658451e+00 3.800000e+00
      vertex   1.261345e+01 5.838500e+00 2.114715e+00
    endloop
  endfacet
  facet normal -1.000000e+00 0.000000e+00 0.000000e+00
    outer loop
      vertex   -1.121427e+01 -1.091549e+00 1.900000e+01
      vertex   -1.121427e+01 -3.066896e+00 1.928999e+01
      vertex   -1.121427e+01 -1.091549e+00 2.180000e+01
    endloop
  endfacet
  facet normal -1.000000e+00 0.000000e+00 0.000000e+00
    outer loop
      vertex   -1.121427e+01 -1.091549e+00 2.180000e+01
      vertex   -1.121427e+01 -3.066896e+00 1.928999e+01
      vertex   -1.121427e+01 -3.820984e+00 1.959000e+01
    endloop
  endfacet
  facet normal -1.000000e+00 0.000000e+00 0.000000e+00
    outer loop
      vertex   -1.121427e+01 -1.091549e+00 2.180000e+01
      vertex   -1.121427e+01 -3.820984e+00 1.959000e+01
      vertex   -1.121427e+01 -4.598577e+00 1.982239e+01
    endloop
  endfacet
  facet normal -1.000000e+00 -0.000000e+00 0.000000e+00
    outer loop
      vertex   -1.121427e+01 7.408451e+00 1.900000e+01
      vertex   -1.121427e+01 6.716176e+00 1.746788e+01
      vertex   -1.121427e+01 -1.091549e+00 1.900000e+01
    endloop
  endfacet
  facet normal -1.000000e+00 0.000000e+00 0.000000e+00
    outer loop
      vertex   -1.121427e+01 -1.091549e+00 1.900000e+01
      vertex   -1.121427e+01 6.716176e+00 1.746788e+01
      vertex   -1.121427e+01 -3.992747e-01 1.746788e+01
    endloop
  endfacet
  facet normal -1.000000e+00 0.000000e+00 0.000000e+00
    outer loop
      vertex   -1.121427e+01 -1.091549e+00 1.900000e+01
      vertex   -1.121427e+01 -3.992747e-01 1.746788e+01
      vertex   -1.121427e+01 -1.003161e+00 1.801008e+01
    endloop
  endfacet
  facet normal -1.000000e+00 0.000000e+00 0.000000e+00
    outer loop
      vertex   -1.121427e+01 7.408451e+00 2.180000e+01
      vertex   -1.121427e+01 9.383797e+00 1.928999e+01
      vertex   -1.121427e+01 7.408451e+00 1.900000e+01
    endloop
  endfacet
  facet normal -1.000000e+00 0.000000e+00 0.000000e+00
    outer loop
      vertex   -1.121427e+01 7.408451e+00 1.900000e+01
      vertex   -1.121427e+01 9.383797e+00 1.928999e+01
      vertex   -1.121427e+01 8.659083e+00 1.892469e+01
    endloop
  endfacet
  facet normal -1.000000e+00 0.000000e+00 0.000000e+00
    outer loop
      vertex   -1.121427e+01 7.408451e+00 1.900000e+01
      vertex   -1.121427e+01 8.659083e+00 1.892469e+01
      vertex   -1.121427e+01 7.969383e+00 1.849695e+01
    endloop
  endfacet
  facet normal -1.000000e+00 -0.000000e+00 0.000000e+00
    outer loop
      vertex   -1.121427e+01 2.233725e+01 2.180000e+01
      vertex   -1.121427e+01 1.332815e+01 2.009843e+01
      vertex   -1.121427e+01 7.408451e+00 2.180000e+01
    endloop
  endfacet
  facet normal -1.000000e+00 0.000000e+00 0.000000e+00
    outer loop
      vertex   -1.121427e+01 7.408451e+00 2.180000e+01
      vertex   -1.121427e+01 1.332815e+01 2.009843e+01
      vertex   -1.121427e+01 1.251684e+01 2.007760e+01
    endloop
  endfacet
  facet normal -1.000000e+00 0.000000e+00 0.000000e+00
    outer loop
      vertex   -1.121427e+01 7.408451e+00 2.180000e+01
      vertex   -1.121427e+01 1.251684e+01 2.007760e+01
      vertex   -1.121427e+01 1.171053e+01 1.998535e+01
    endloop
  endfacet
  facet normal -1.000000e+00 -0.000000e+00 0.000000e+00
    outer loop
      vertex   -1.121427e+01 2.065595e+01 2.025480e+01
      vertex   -1.121427e+01 1.494050e+01 1.992576e+01
      vertex   -1.121427e+01 2.233725e+01 2.180000e+01
    endloop
  endfacet
  facet normal -1.000000e+00 0.000000e+00 0.000000e+00
    outer loop
      vertex   -1.121427e+01 2.233725e+01 2.180000e+01
      vertex   -1.121427e+01 1.494050e+01 1.992576e+01
      vertex   -1.121427e+01 1.413814e+01 2.004769e+01
    endloop
  endfacet
  facet normal -1.000000e+00 0.000000e+00 0.000000e+00
    outer loop
      vertex   -1.121427e+01 2.233725e+01 2.180000e+01
      vertex   -1.121427e+01 1.413814e+01 2.004769e+01
      vertex   -1.121427e+01 1.332815e+01 2.009843e+01
    endloop
  endfacet
  facet normal -1.000000e+00 0.000000e+00 0.000000e+00
    outer loop
      vertex   -1.121427e+01 1.494050e+01 1.992576e+01
      vertex   -1.121427e+01 2.065595e+01 2.025480e+01
      vertex   -1.121427e+01 1.572900e+01 1.973359e+01
    endloop
  endfacet
  facet normal -1.000000e+00 0.000000e+00 0.000000e+00
    outer loop
      vertex   -1.121427e+01 1.572900e+01 1.973359e+01
      vertex   -1.121427e+01 2.065595e+01 2.025480e+01
      vertex   -1.121427e+01 2.027139e+01 1.994299e+01
    endloop
  endfacet
  facet normal -1.000000e+00 0.000000e+00 0.000000e+00
    outer loop
      vertex   -1.121427e+01 1.572900e+01 1.973359e+01
      vertex   -1.121427e+01 2.027139e+01 1.994299e+01
      vertex   -1.121427e+01 1.649749e+01 1.947268e+01
    endloop
  endfacet
  facet normal -1.000000e+00 0.000000e+00 0.000000e+00
    outer loop
      vertex   -1.121427e+01 1.649749e+01 1.947268e+01
      vertex   -1.121427e+01 2.027139e+01 1.994299e+01
      vertex   -1.121427e+01 1.985126e+01 1.968107e+01
    endloop
  endfacet
  facet normal -1.000000e+00 0.000000e+00 0.000000e+00
    outer loop
      vertex   -1.121427e+01 1.649749e+01 1.947268e+01
      vertex   -1.121427e+01 1.985126e+01 1.968107e+01
      vertex   -1.121427e+01 1.940199e+01 1.947306e+01
    endloop
  endfacet
  facet normal -1.000000e+00 0.000000e+00 0.000000e+00
    outer loop
      vertex   -1.121427e+01 1.940199e+01 1.947306e+01
      vertex   -1.121427e+01 1.893046e+01 1.932215e+01
      vertex   -1.121427e+01 1.649749e+01 1.947268e+01
    endloop
  endfacet
  facet normal -1.000000e+00 0.000000e+00 0.000000e+00
    outer loop
      vertex   -1.121427e+01 1.649749e+01 1.947268e+01
      vertex   -1.121427e+01 1.893046e+01 1.932215e+01
      vertex   -1.121427e+01 1.696905e+01 1.932189e+01
    endloop
  endfacet
  facet normal -1.000000e+00 0.000000e+00 0.000000e+00
    outer loop
      vertex   -1.121427e+01 1.696905e+01 1.932189e+01
      vertex   -1.121427e+01 1.893046e+01 1.932215e+01
      vertex   -1.121427e+01 1.844391e+01 1.923063e+01
    endloop
  endfacet
  facet normal -1.000000e+00 0.000000e+00 0.000000e+00
    outer loop
      vertex   -1.121427e+01 1.696905e+01 1.932189e+01
      vertex   -1.121427e+01 1.844391e+01 1.923063e+01
      vertex   -1.121427e+01 1.745563e+01 1.923050e+01
    endloop
  endfacet
  facet normal -1.000000e+00 0.000000e+00 0.000000e+00
    outer loop
      vertex   -1.121427e+01 1.745563e+01 1.923050e+01
      vertex   -1.121427e+01 1.844391e+01 1.923063e+01
      vertex   -1.121427e+01 1.794977e+01 1.919993e+01
    endloop
  endfacet
  facet normal -1.000000e+00 -0.000000e+00 0.000000e+00
    outer loop
      vertex   -1.121427e+01 1.171053e+01 1.998535e+01
      vertex   -1.121427e+01 1.091548e+01 1.982239e+01
      vertex   -1.121427e+01 7.408451e+00 2.180000e+01
    endloop
  endfacet
  facet normal -1.000000e+00 0.000000e+00 0.000000e+00
    outer loop
      vertex   -1.121427e+01 7.408451e+00 2.180000e+01
      vertex   -1.121427e+01 1.091548e+01 1.982239e+01
      vertex   -1.121427e+01 1.013788e+01 1.959000e+01
    endloop
  endfacet
  facet normal -1.000000e+00 0.000000e+00 0.000000e+00
    outer loop
      vertex   -1.121427e+01 7.408451e+00 2.180000e+01
      vertex   -1.121427e+01 1.013788e+01 1.959000e+01
      vertex   -1.121427e+01 9.383797e+00 1.928999e+01
    endloop
  endfacet
  facet normal -1.000000e+00 -0.000000e+00 0.000000e+00
    outer loop
      vertex   -1.121427e+01 7.969383e+00 1.849695e+01
      vertex   -1.121427e+01 7.320063e+00 1.801008e+01
      vertex   -1.121427e+01 7.408451e+00 1.900000e+01
    endloop
  endfacet
  facet normal -1.000000e+00 0.000000e+00 0.000000e+00
    outer loop
      vertex   -1.121427e+01 7.408451e+00 1.900000e+01
      vertex   -1.121427e+01 7.320063e+00 1.801008e+01
      vertex   -1.121427e+01 6.716176e+00 1.746788e+01
    endloop
  endfacet
  facet normal -1.000000e+00 0.000000e+00 0.000000e+00
    outer loop
      vertex   -1.121427e+01 -3.992747e-01 1.746788e+01
      vertex   -1.121427e+01 6.716176e+00 1.746788e+01
      vertex   -1.121427e+01 1.544792e-01 1.687458e+01
    endloop
  endfacet
  facet normal -1.000000e+00 0.000000e+00 0.000000e+00
    outer loop
      vertex   -1.121427e+01 1.544792e-01 1.687458e+01
      vertex   -1.121427e+01 6.716176e+00 1.746788e+01
      vertex   -1.121427e+01 6.162422e+00 1.687458e+01
    endloop
  endfacet
  facet normal -1.000000e+00 0.000000e+00 0.000000e+00
    outer loop
      vertex   -1.121427e+01 1.544792e-01 1.687458e+01
      vertex   -1.121427e+01 6.162422e+00 1.687458e+01
      vertex   -1.121427e+01 6.537912e-01 1.623478e+01
    endloop
  endfacet
  facet normal -1.000000e+00 0.000000e+00 0.000000e+00
    outer loop
      vertex   -1.121427e+01 6.537912e-01 1.623478e+01
      vertex   -1.121427e+01 6.162422e+00 1.687458e+01
      vertex   -1.121427e+01 5.663110e+00 1.623478e+01
    endloop
  endfacet
  facet normal -1.000000e+00 0.000000e+00 0.000000e+00
    outer loop
      vertex   -1.121427e+01 6.537912e-01 1.623478e+01
      vertex   -1.121427e+01 5.663110e+00 1.623478e+01
      vertex   -1.121427e+01 1.094776e+00 1.555347e+01
    endloop
  endfacet
  facet normal -1.000000e+00 0.000000e+00 0.000000e+00
    outer loop
      vertex   -1.121427e+01 1.094776e+00 1.555347e+01
      vertex   -1.121427e+01 5.663110e+00 1.623478e+01
      vertex   -1.121427e+01 5.222126e+00 1.555347e+01
    endloop
  endfacet
  facet normal -1.000000e+00 0.000000e+00 0.000000e+00
    outer loop
      vertex   -1.121427e+01 1.094776e+00 1.555347e+01
      vertex   -1.121427e+01 5.222126e+00 1.555347e+01
      vertex   -1.121427e+01 4.842901e+00 1.483594e+01
    endloop
  endfacet
  facet normal -1.000000e+00 0.000000e+00 0.000000e+00
    outer loop
      vertex   -1.121427e+01 1.094776e+00 1.555347e+01
      vertex   -1.121427e+01 4.842901e+00 1.483594e+01
      vertex   -1.121427e+01 1.474001e+00 1.483594e+01
    endloop
  endfacet
  facet normal -1.000000e+00 0.000000e+00 0.000000e+00
    outer loop
      vertex   -1.121427e+01 1.474001e+00 1.483594e+01
      vertex   -1.121427e+01 4.842901e+00 1.483594e+01
      vertex   -1.121427e+01 4.528386e+00 1.408779e+01
    endloop
  endfacet
  facet normal -1.000000e+00 0.000000e+00 0.000000e+00
    outer loop
      vertex   -1.121427e+01 1.474001e+00 1.483594e+01
      vertex   -1.121427e+01 4.528386e+00 1.408779e+01
      vertex   -1.121427e+01 1.788516e+00 1.408779e+01
    endloop
  endfacet
  facet normal -1.000000e+00 0.000000e+00 0.000000e+00
    outer loop
      vertex   -1.121427e+01 1.788516e+00 1.408779e+01
      vertex   -1.121427e+01 4.528386e+00 1.408779e+01
      vertex   -1.121427e+01 4.281029e+00 1.331482e+01
    endloop
  endfacet
  facet normal -1.000000e+00 0.000000e+00 0.000000e+00
    outer loop
      vertex   -1.121427e+01 1.788516e+00 1.408779e+01
      vertex   -1.121427e+01 4.281029e+00 1.331482e+01
      vertex   -1.121427e+01 2.035873e+00 1.331482e+01
    endloop
  endfacet
  facet normal -1.000000e+00 0.000000e+00 0.000000e+00
    outer loop
      vertex   -1.121427e+01 2.035873e+00 1.331482e+01
      vertex   -1.121427e+01 4.281029e+00 1.331482e+01
      vertex   -1.121427e+01 4.102754e+00 1.252307e+01
    endloop
  endfacet
  facet normal -1.000000e+00 0.000000e+00 0.000000e+00
    outer loop
      vertex   -1.121427e+01 2.035873e+00 1.331482e+01
      vertex   -1.121427e+01 4.102754e+00 1.252307e+01
      vertex   -1.121427e+01 2.214147e+00 1.252307e+01
    endloop
  endfacet
  facet normal -1.000000e+00 0.000000e+00 0.000000e+00
    outer loop
      vertex   -1.121427e+01 2.214147e+00 1.252307e+01
      vertex   -1.121427e+01 4.102754e+00 1.252307e+01
      vertex   -1.121427e+01 3.994950e+00 1.171869e+01
    endloop
  endfacet
  facet normal -1.000000e+00 0.000000e+00 0.000000e+00
    outer loop
      vertex   -1.121427e+01 2.214147e+00 1.252307e+01
      vertex   -1.121427e+01 3.994950e+00 1.171869e+01
      vertex   -1.121427e+01 2.321952e+00 1.171869e+01
    endloop
  endfacet
  facet normal -1.000000e+00 0.000000e+00 0.000000e+00
    outer loop
      vertex   -1.121427e+01 2.321952e+00 1.171869e+01
      vertex   -1.121427e+01 3.994950e+00 1.171869e+01
      vertex   -1.121427e+01 3.958454e+00 1.090793e+01
    endloop
  endfacet
  facet normal -1.000000e+00 0.000000e+00 0.000000e+00
    outer loop
      vertex   -1.121427e+01 2.321952e+00 1.171869e+01
      vertex   -1.121427e+01 3.958454e+00 1.090793e+01
      vertex   -1.121427e+01 2.358447e+00 1.090793e+01
    endloop
  endfacet
  facet normal -1.000000e+00 0.000000e+00 -0.000000e+00
    outer loop
      vertex   -1.121427e+01 2.358447e+00 1.090793e+01
      vertex   -1.121427e+01 3.958454e+00 1.090793e+01
      vertex   -1.121427e+01 2.323350e+00 1.009712e+01
    endloop
  endfacet
  facet normal -1.000000e+00 0.000000e+00 0.000000e+00
    outer loop
      vertex   -1.121427e+01 2.323350e+00 1.009712e+01
      vertex   -1.121427e+01 3.958454e+00 1.090793e+01
      vertex   -1.121427e+01 3.993551e+00 1.009712e+01
    endloop
  endfacet
  facet normal -1.000000e+00 0.000000e+00 0.000000e+00
    outer loop
      vertex   -1.121427e+01 2.323350e+00 1.009712e+01
      vertex   -1.121427e+01 3.993551e+00 1.009712e+01
      vertex   -1.121427e+01 4.099969e+00 9.292548e+00
    endloop
  endfacet
  facet normal -1.000000e+00 0.000000e+00 -0.000000e+00
    outer loop
      vertex   -1.121427e+01 2.323350e+00 1.009712e+01
      vertex   -1.121427e+01 4.099969e+00 9.292548e+00
      vertex   -1.121427e+01 2.216933e+00 9.292548e+00
    endloop
  endfacet
  facet normal -1.000000e+00 0.000000e+00 0.000000e+00
    outer loop
      vertex   -1.121427e+01 2.216933e+00 9.292548e+00
      vertex   -1.121427e+01 4.099969e+00 9.292548e+00
      vertex   -1.121427e+01 4.276877e+00 8.500489e+00
    endloop
  endfacet
  facet normal -1.000000e+00 0.000000e+00 -0.000000e+00
    outer loop
      vertex   -1.121427e+01 2.216933e+00 9.292548e+00
      vertex   -1.121427e+01 4.276877e+00 8.500489e+00
      vertex   -1.121427e+01 2.040024e+00 8.500489e+00
    endloop
  endfacet
  facet normal -1.000000e+00 0.000000e+00 0.000000e+00
    outer loop
      vertex   -1.121427e+01 2.040024e+00 8.500489e+00
      vertex   -1.121427e+01 4.276877e+00 8.500489e+00
      vertex   -1.121427e+01 4.522901e+00 7.727102e+00
    endloop
  endfacet
  facet normal -1.000000e+00 0.000000e+00 -0.000000e+00
    outer loop
      vertex   -1.121427e+01 2.040024e+00 8.500489e+00
      vertex   -1.121427e+01 4.522901e+00 7.727102e+00
      vertex   -1.121427e+01 1.794000e+00 7.727102e+00
    endloop
  endfacet
  facet normal -1.000000e+00 0.000000e+00 -0.000000e+00
    outer loop
      vertex   -1.121427e+01 1.794000e+00 7.727102e+00
      vertex   -1.121427e+01 4.522901e+00 7.727102e+00
      vertex   -1.121427e+01 1.480776e+00 6.978406e+00
    endloop
  endfacet
  facet normal -1.000000e+00 0.000000e+00 0.000000e+00
    outer loop
      vertex   -1.121427e+01 1.480776e+00 6.978406e+00
      vertex   -1.121427e+01 4.522901e+00 7.727102e+00
      vertex   -1.121427e+01 4.836125e+00 6.978406e+00
    endloop
  endfacet
  facet normal -1.000000e+00 0.000000e+00 -0.000000e+00
    outer loop
      vertex   -1.121427e+01 1.480776e+00 6.978406e+00
      vertex   -1.121427e+01 4.836125e+00 6.978406e+00
      vertex   -1.121427e+01 1.102789e+00 6.260227e+00
    endloop
  endfacet
  facet normal -1.000000e+00 0.000000e+00 0.000000e+00
    outer loop
      vertex   -1.121427e+01 1.102789e+00 6.260227e+00
      vertex   -1.121427e+01 4.836125e+00 6.978406e+00
      vertex   -1.121427e+01 5.214112e+00 6.260227e+00
    endloop
  endfacet
  facet normal -1.000000e+00 0.000000e+00 0.000000e+00
    outer loop
      vertex   -1.121427e+01 1.102789e+00 6.260227e+00
      vertex   -1.121427e+01 5.214112e+00 6.260227e+00
      vertex   -1.121427e+01 5.653921e+00 5.578155e+00
    endloop
  endfacet
  facet normal -1.000000e+00 -0.000000e+00 0.000000e+00
    outer loop
      vertex   -1.121427e+01 6.152129e+00 4.937496e+00
      vertex   -1.121427e+01 4.658451e+00 3.800000e+00
      vertex   -1.121427e+01 5.653921e+00 5.578155e+00
    endloop
  endfacet
  facet normal -1.000000e+00 -0.000000e+00 0.000000e+00
    outer loop
      vertex   -1.121427e+01 5.653921e+00 5.578155e+00
      vertex   -1.121427e+01 4.658451e+00 3.800000e+00
      vertex   -1.121427e+01 6.629801e-01 5.578155e+00
    endloop
  endfacet
  facet normal -1.000000e+00 0.000000e+00 0.000000e+00
    outer loop
      vertex   -1.121427e+01 5.653921e+00 5.578155e+00
      vertex   -1.121427e+01 6.629801e-01 5.578155e+00
      vertex   -1.121427e+01 1.102789e+00 6.260227e+00
    endloop
  endfacet
  facet normal -1.000000e+00 0.000000e+00 -0.000000e+00
    outer loop
      vertex   -1.121427e+01 6.152129e+00 4.937496e+00
      vertex   -1.121427e+01 6.704859e+00 4.343236e+00
      vertex   -1.121427e+01 4.658451e+00 3.800000e+00
    endloop
  endfacet
  facet normal -1.000000e+00 0.000000e+00 0.000000e+00
    outer loop
      vertex   -1.121427e+01 4.658451e+00 3.800000e+00
      vertex   -1.121427e+01 6.704859e+00 4.343236e+00
      vertex   -1.121427e+01 7.307810e+00 3.800000e+00
    endloop
  endfacet
  facet normal -1.000000e+00 -0.000000e+00 0.000000e+00
    outer loop
      vertex   -1.121427e+01 5.838500e+00 2.114715e+00
      vertex   -1.121427e+01 4.784016e-01 2.114715e+00
      vertex   -1.121427e+01 4.658451e+00 3.800000e+00
    endloop
  endfacet
  facet normal -1.000000e+00 -0.000000e+00 0.000000e+00
    outer loop
      vertex   -1.121427e+01 4.658451e+00 3.800000e+00
      vertex   -1.121427e+01 4.784016e-01 2.114715e+00
      vertex   -1.121427e+01 1.658451e+00 3.800000e+00
    endloop
  endfacet
  facet normal -1.000000e+00 0.000000e+00 0.000000e+00
    outer loop
      vertex   -1.121427e+01 4.658451e+00 3.800000e+00
      vertex   -1.121427e+01 1.658451e+00 3.800000e+00
      vertex   -1.121427e+01 6.629801e-01 5.578155e+00
    endloop
  endfacet
  facet normal -1.000000e+00 0.000000e+00 -0.000000e+00
    outer loop
      vertex   -1.121427e+01 6.629801e-01 5.578155e+00
      vertex   -1.121427e+01 1.658451e+00 3.800000e+00
      vertex   -1.121427e+01 1.647723e-01 4.937496e+00
    endloop
  endfacet
  facet normal -1.000000e+00 0.000000e+00 -0.000000e+00
    outer loop
      vertex   -1.121427e+01 1.647723e-01 4.937496e+00
      vertex   -1.121427e+01 1.658451e+00 3.800000e+00
      vertex   -1.121427e+01 -3.879576e-01 4.343236e+00
    endloop
  endfacet
  facet normal -1.000000e+00 0.000000e+00 -0.000000e+00
    outer loop
      vertex   -1.121427e+01 -3.879576e-01 4.343236e+00
      vertex   -1.121427e+01 1.658451e+00 3.800000e+00
      vertex   -1.121427e+01 -9.909083e-01 3.800000e+00
    endloop
  endfacet
  facet normal -1.000000e+00 -0.000000e+00 0.000000e+00
    outer loop
      vertex   -1.121427e+01 5.861246e+00 2.072036e+00
      vertex   -1.121427e+01 5.674669e+00 1.800000e+00
      vertex   -1.121427e+01 5.838500e+00 2.114715e+00
    endloop
  endfacet
  facet normal -1.000000e+00 0.000000e+00 0.000000e+00
    outer loop
      vertex   -1.121427e+01 5.838500e+00 2.114715e+00
      vertex   -1.121427e+01 5.674669e+00 1.800000e+00
      vertex   -1.121427e+01 6.422320e-01 1.800000e+00
    endloop
  endfacet
  facet normal -1.000000e+00 0.000000e+00 0.000000e+00
    outer loop
      vertex   -1.121427e+01 5.838500e+00 2.114715e+00
      vertex   -1.121427e+01 6.422320e-01 1.800000e+00
      vertex   -1.121427e+01 4.784016e-01 2.114715e+00
    endloop
  endfacet
  facet normal -1.000000e+00 0.000000e+00 -0.000000e+00
    outer loop
      vertex   -1.121427e+01 4.784016e-01 2.114715e+00
      vertex   -1.121427e+01 6.422320e-01 1.800000e+00
      vertex   -1.121427e+01 4.556553e-01 2.072036e+00
    endloop
  endfacet
  facet normal -1.000000e+00 0.000000e+00 -0.000000e+00
    outer loop
      vertex   -1.121427e+01 4.556553e-01 2.072036e+00
      vertex   -1.121427e+01 6.422320e-01 1.800000e+00
      vertex   -1.121427e+01 4.438188e-01 2.025144e+00
    endloop
  endfacet
  facet normal -1.000000e+00 0.000000e+00 -0.000000e+00
    outer loop
      vertex   -1.121427e+01 4.438188e-01 2.025144e+00
      vertex   -1.121427e+01 6.422320e-01 1.800000e+00
      vertex   -1.121427e+01 4.435844e-01 1.976781e+00
    endloop
  endfacet
  facet normal -1.000000e+00 0.000000e+00 0.000000e+00
    outer loop
      vertex   -1.121427e+01 4.435844e-01 1.976781e+00
      vertex   -1.121427e+01 6.422320e-01 1.800000e+00
      vertex   -1.121427e+01 4.549656e-01 1.929777e+00
    endloop
  endfacet
  facet normal -1.000000e+00 0.000000e+00 0.000000e+00
    outer loop
      vertex   -1.121427e+01 4.549656e-01 1.929777e+00
      vertex   -1.121427e+01 6.422320e-01 1.800000e+00
      vertex   -1.121427e+01 4.772970e-01 1.886879e+00
    endloop
  endfacet
  facet normal -1.000000e+00 0.000000e+00 0.000000e+00
    outer loop
      vertex   -1.121427e+01 4.772970e-01 1.886879e+00
      vertex   -1.121427e+01 6.422320e-01 1.800000e+00
      vertex   -1.121427e+01 5.092729e-01 1.850595e+00
    endloop
  endfacet
  facet normal -1.000000e+00 0.000000e+00 0.000000e+00
    outer loop
      vertex   -1.121427e+01 5.092729e-01 1.850595e+00
      vertex   -1.121427e+01 6.422320e-01 1.800000e+00
      vertex   -1.121427e+01 5.490233e-01 1.823048e+00
    endloop
  endfacet
  facet normal -1.000000e+00 0.000000e+00 0.000000e+00
    outer loop
      vertex   -1.121427e+01 5.490233e-01 1.823048e+00
      vertex   -1.121427e+01 6.422320e-01 1.800000e+00
      vertex   -1.121427e+01 5.942241e-01 1.805847e+00
    endloop
  endfacet
  facet normal -1.000000e+00 0.000000e+00 -0.000000e+00
    outer loop
      vertex   -1.121427e+01 5.861246e+00 2.072036e+00
      vertex   -1.121427e+01 5.873083e+00 2.025144e+00
      vertex   -1.121427e+01 5.674669e+00 1.800000e+00
    endloop
  endfacet
  facet normal -1.000000e+00 0.000000e+00 0.000000e+00
    outer loop
      vertex   -1.121427e+01 5.674669e+00 1.800000e+00
      vertex   -1.121427e+01 5.873083e+00 2.025144e+00
      vertex   -1.121427e+01 5.873317e+00 1.976781e+00
    endloop
  endfacet
  facet normal -1.000000e+00 0.000000e+00 0.000000e+00
    outer loop
      vertex   -1.121427e+01 5.674669e+00 1.800000e+00
      vertex   -1.121427e+01 5.873317e+00 1.976781e+00
      vertex   -1.121427e+01 5.861936e+00 1.929777e+00
    endloop
  endfacet
  facet normal -1.000000e+00 0.000000e+00 0.000000e+00
    outer loop
      vertex   -1.121427e+01 5.861936e+00 1.929777e+00
      vertex   -1.121427e+01 5.839604e+00 1.886879e+00
      vertex   -1.121427e+01 5.674669e+00 1.800000e+00
    endloop
  endfacet
  facet normal -1.000000e+00 0.000000e+00 0.000000e+00
    outer loop
      vertex   -1.121427e+01 5.674669e+00 1.800000e+00
      vertex   -1.121427e+01 5.839604e+00 1.886879e+00
      vertex   -1.121427e+01 5.807629e+00 1.850595e+00
    endloop
  endfacet
  facet normal -1.000000e+00 0.000000e+00 0.000000e+00
    outer loop
      vertex   -1.121427e+01 5.674669e+00 1.800000e+00
      vertex   -1.121427e+01 5.807629e+00 1.850595e+00
      vertex   -1.121427e+01 5.767878e+00 1.823048e+00
    endloop
  endfacet
  facet normal -1.000000e+00 0.000000e+00 0.000000e+00
    outer loop
      vertex   -1.121427e+01 5.767878e+00 1.823048e+00
      vertex   -1.121427e+01 5.722677e+00 1.805847e+00
      vertex   -1.121427e+01 5.674669e+00 1.800000e+00
    endloop
  endfacet
  facet normal -1.000000e+00 0.000000e+00 0.000000e+00
    outer loop
      vertex   -1.121427e+01 -1.003161e+00 1.801008e+01
      vertex   -1.121427e+01 -1.652481e+00 1.849695e+01
      vertex   -1.121427e+01 -1.091549e+00 1.900000e+01
    endloop
  endfacet
  facet normal -1.000000e+00 0.000000e+00 0.000000e+00
    outer loop
      vertex   -1.121427e+01 -1.091549e+00 1.900000e+01
      vertex   -1.121427e+01 -1.652481e+00 1.849695e+01
      vertex   -1.121427e+01 -2.342182e+00 1.892469e+01
    endloop
  endfacet
  facet normal -1.000000e+00 -0.000000e+00 0.000000e+00
    outer loop
      vertex   -1.121427e+01 -1.091549e+00 1.900000e+01
      vertex   -1.121427e+01 -2.342182e+00 1.892469e+01
      vertex   -1.121427e+01 -3.066896e+00 1.928999e+01
    endloop
  endfacet
  facet normal -1.000000e+00 0.000000e+00 0.000000e+00
    outer loop
      vertex   -1.121427e+01 -4.598577e+00 1.982239e+01
      vertex   -1.121427e+01 -5.393624e+00 1.998535e+01
      vertex   -1.121427e+01 -1.091549e+00 2.180000e+01
    endloop
  endfacet
  facet normal -1.000000e+00 0.000000e+00 0.000000e+00
    outer loop
      vertex   -1.121427e+01 -1.091549e+00 2.180000e+01
      vertex   -1.121427e+01 -5.393624e+00 1.998535e+01
      vertex   -1.121427e+01 -6.199940e+00 2.007760e+01
    endloop
  endfacet
  facet normal -1.000000e+00 0.000000e+00 0.000000e+00
    outer loop
      vertex   -1.121427e+01 -1.091549e+00 2.180000e+01
      vertex   -1.121427e+01 -6.199940e+00 2.007760e+01
      vertex   -1.121427e+01 -7.011248e+00 2.009843e+01
    endloop
  endfacet
  facet normal -1.000000e+00 0.000000e+00 0.000000e+00
    outer loop
      vertex   -1.121427e+01 -1.091549e+00 2.180000e+01
      vertex   -1.121427e+01 -7.011248e+00 2.009843e+01
      vertex   -1.121427e+01 -1.602035e+01 2.180000e+01
    endloop
  endfacet
  facet normal -1.000000e+00 0.000000e+00 0.000000e+00
    outer loop
      vertex   -1.121427e+01 -1.602035e+01 2.180000e+01
      vertex   -1.121427e+01 -7.011248e+00 2.009843e+01
      vertex   -1.121427e+01 -7.821235e+00 2.004769e+01
    endloop
  endfacet
  facet normal -1.000000e+00 0.000000e+00 0.000000e+00
    outer loop
      vertex   -1.121427e+01 -1.602035e+01 2.180000e+01
      vertex   -1.121427e+01 -7.821235e+00 2.004769e+01
      vertex   -1.121427e+01 -8.623599e+00 1.992576e+01
    endloop
  endfacet
  facet normal -1.000000e+00 0.000000e+00 0.000000e+00
    outer loop
      vertex   -1.121427e+01 -1.602035e+01 2.180000e+01
      vertex   -1.121427e+01 -8.623599e+00 1.992576e+01
      vertex   -1.121427e+01 -1.433904e+01 2.025480e+01
    endloop
  endfacet
  facet normal -1.000000e+00 0.000000e+00 0.000000e+00
    outer loop
      vertex   -1.121427e+01 -1.433904e+01 2.025480e+01
      vertex   -1.121427e+01 -8.623599e+00 1.992576e+01
      vertex   -1.121427e+01 -9.412095e+00 1.973359e+01
    endloop
  endfacet
  facet normal -1.000000e+00 0.000000e+00 0.000000e+00
    outer loop
      vertex   -1.121427e+01 -1.433904e+01 2.025480e+01
      vertex   -1.121427e+01 -9.412095e+00 1.973359e+01
      vertex   -1.121427e+01 -1.395449e+01 1.994299e+01
    endloop
  endfacet
  facet normal -1.000000e+00 0.000000e+00 0.000000e+00
    outer loop
      vertex   -1.121427e+01 -1.395449e+01 1.994299e+01
      vertex   -1.121427e+01 -9.412095e+00 1.973359e+01
      vertex   -1.121427e+01 -1.018059e+01 1.947268e+01
    endloop
  endfacet
  facet normal -1.000000e+00 0.000000e+00 0.000000e+00
    outer loop
      vertex   -1.121427e+01 -1.395449e+01 1.994299e+01
      vertex   -1.121427e+01 -1.018059e+01 1.947268e+01
      vertex   -1.121427e+01 -1.353436e+01 1.968107e+01
    endloop
  endfacet
  facet normal -1.000000e+00 0.000000e+00 0.000000e+00
    outer loop
      vertex   -1.121427e+01 -1.353436e+01 1.968107e+01
      vertex   -1.121427e+01 -1.018059e+01 1.947268e+01
      vertex   -1.121427e+01 -1.308509e+01 1.947306e+01
    endloop
  endfacet
  facet normal -1.000000e+00 0.000000e+00 0.000000e+00
    outer loop
      vertex   -1.121427e+01 -1.308509e+01 1.947306e+01
      vertex   -1.121427e+01 -1.018059e+01 1.947268e+01
      vertex   -1.121427e+01 -1.261356e+01 1.932215e+01
    endloop
  endfacet
  facet normal -1.000000e+00 0.000000e+00 0.000000e+00
    outer loop
      vertex   -1.121427e+01 -1.261356e+01 1.932215e+01
      vertex   -1.121427e+01 -1.018059e+01 1.947268e+01
      vertex   -1.121427e+01 -1.065215e+01 1.932189e+01
    endloop
  endfacet
  facet normal -1.000000e+00 0.000000e+00 0.000000e+00
    outer loop
      vertex   -1.121427e+01 -1.261356e+01 1.932215e+01
      vertex   -1.121427e+01 -1.065215e+01 1.932189e+01
      vertex   -1.121427e+01 -1.212701e+01 1.923063e+01
    endloop
  endfacet
  facet normal -1.000000e+00 0.000000e+00 0.000000e+00
    outer loop
      vertex   -1.121427e+01 -1.212701e+01 1.923063e+01
      vertex   -1.121427e+01 -1.065215e+01 1.932189e+01
      vertex   -1.121427e+01 -1.113873e+01 1.923050e+01
    endloop
  endfacet
  facet normal -1.000000e+00 0.000000e+00 0.000000e+00
    outer loop
      vertex   -1.121427e+01 -1.212701e+01 1.923063e+01
      vertex   -1.121427e+01 -1.113873e+01 1.923050e+01
      vertex   -1.121427e+01 -1.163287e+01 1.919993e+01
    endloop
  endfacet
endsolid
