solid ASCII
  facet normal -7.071068e-01 -2.763821e-16 7.071068e-01
    outer loop
      vertex   -5.021427e+01 4.008451e+00 2.165000e+01
      vertex   -5.006427e+01 4.008451e+00 2.180000e+01
      vertex   -5.021427e+01 2.218725e+01 2.165000e+01
    endloop
  endfacet
  facet normal -7.071068e-01 -1.372743e-16 7.071068e-01
    outer loop
      vertex   -5.021427e+01 2.218725e+01 2.165000e+01
      vertex   -5.006427e+01 4.008451e+00 2.180000e+01
      vertex   -5.006427e+01 2.233725e+01 2.180000e+01
    endloop
  endfacet
  facet normal -7.071068e-01 -1.370601e-16 7.071068e-01
    outer loop
      vertex   -5.006427e+01 -1.602035e+01 2.180000e+01
      vertex   -5.006427e+01 2.308451e+00 2.180000e+01
      vertex   -5.021427e+01 -1.587035e+01 2.165000e+01
    endloop
  endfacet
  facet normal -7.071068e-01 1.381910e-16 7.071068e-01
    outer loop
      vertex   -5.021427e+01 -1.587035e+01 2.165000e+01
      vertex   -5.006427e+01 2.308451e+00 2.180000e+01
      vertex   -5.021427e+01 2.308451e+00 2.165000e+01
    endloop
  endfacet
  facet normal -7.071068e-01 -0.000000e+00 -7.071068e-01
    outer loop
      vertex   -5.021427e+01 1.333725e+01 1.950000e+00
      vertex   -5.006427e+01 1.333725e+01 1.800000e+00
      vertex   -5.021427e+01 -7.020353e+00 1.950000e+00
    endloop
  endfacet
  facet normal -7.071068e-01 -2.892210e-19 -7.071068e-01
    outer loop
      vertex   -5.021427e+01 -7.020353e+00 1.950000e+00
      vertex   -5.006427e+01 1.333725e+01 1.800000e+00
      vertex   -5.006427e+01 -7.020353e+00 1.800000e+00
    endloop
  endfacet
  facet normal -7.067700e-01 -3.085825e-02 -7.067700e-01
    outer loop
      vertex   -5.021427e+01 -7.020353e+00 1.950000e+00
      vertex   -5.006427e+01 -7.020353e+00 1.800000e+00
      vertex   -5.021427e+01 -7.791681e+00 1.983677e+00
    endloop
  endfacet
  facet normal -7.067700e-01 -3.085825e-02 -7.067700e-01
    outer loop
      vertex   -5.021427e+01 -7.791681e+00 1.983677e+00
      vertex   -5.006427e+01 -7.020353e+00 1.800000e+00
      vertex   -5.006427e+01 -7.804754e+00 1.834248e+00
    endloop
  endfacet
  facet normal -7.067700e-01 -9.233989e-02 -7.013911e-01
    outer loop
      vertex   -5.021427e+01 -7.791681e+00 1.983677e+00
      vertex   -5.006427e+01 -7.804754e+00 1.834248e+00
      vertex   -5.021427e+01 -8.557139e+00 2.084451e+00
    endloop
  endfacet
  facet normal -7.067700e-01 -9.233989e-02 -7.013911e-01
    outer loop
      vertex   -5.021427e+01 -8.557139e+00 2.084451e+00
      vertex   -5.006427e+01 -7.804754e+00 1.834248e+00
      vertex   -5.006427e+01 -8.583186e+00 1.936730e+00
    endloop
  endfacet
  facet normal -7.067700e-01 -1.531188e-01 -6.906741e-01
    outer loop
      vertex   -5.021427e+01 -8.557139e+00 2.084451e+00
      vertex   -5.006427e+01 -8.583186e+00 1.936730e+00
      vertex   -5.021427e+01 -9.310901e+00 2.251556e+00
    endloop
  endfacet
  facet normal -7.067700e-01 -1.531188e-01 -6.906741e-01
    outer loop
      vertex   -5.021427e+01 -9.310901e+00 2.251556e+00
      vertex   -5.006427e+01 -8.583186e+00 1.936730e+00
      vertex   -5.006427e+01 -9.349724e+00 2.106668e+00
    endloop
  endfacet
  facet normal -7.067700e-01 -2.127323e-01 -6.747007e-01
    outer loop
      vertex   -5.021427e+01 -9.310901e+00 2.251556e+00
      vertex   -5.006427e+01 -9.349724e+00 2.106668e+00
      vertex   -5.021427e+01 -1.004723e+01 2.483720e+00
    endloop
  endfacet
  facet normal -7.067700e-01 -2.127323e-01 -6.747007e-01
    outer loop
      vertex   -5.021427e+01 -1.004723e+01 2.483720e+00
      vertex   -5.006427e+01 -9.349724e+00 2.106668e+00
      vertex   -5.006427e+01 -1.009853e+01 2.342766e+00
    endloop
  endfacet
  facet normal -7.067700e-01 -2.707269e-01 -6.535924e-01
    outer loop
      vertex   -5.021427e+01 -1.004723e+01 2.483720e+00
      vertex   -5.006427e+01 -1.009853e+01 2.342766e+00
      vertex   -5.021427e+01 -1.076052e+01 2.779176e+00
    endloop
  endfacet
  facet normal -7.067700e-01 -2.707269e-01 -6.535924e-01
    outer loop
      vertex   -5.021427e+01 -1.076052e+01 2.779176e+00
      vertex   -5.006427e+01 -1.009853e+01 2.342766e+00
      vertex   -5.006427e+01 -1.082392e+01 2.643230e+00
    endloop
  endfacet
  facet normal -7.067700e-01 -3.266610e-01 -6.275099e-01
    outer loop
      vertex   -5.021427e+01 -1.076052e+01 2.779176e+00
      vertex   -5.006427e+01 -1.082392e+01 2.643230e+00
      vertex   -5.021427e+01 -1.144535e+01 3.135675e+00
    endloop
  endfacet
  facet normal -7.067700e-01 -3.266610e-01 -6.275099e-01
    outer loop
      vertex   -5.021427e+01 -1.144535e+01 3.135675e+00
      vertex   -5.006427e+01 -1.082392e+01 2.643230e+00
      vertex   -5.006427e+01 -1.152035e+01 3.005771e+00
    endloop
  endfacet
  facet normal -7.067700e-01 -3.801090e-01 -5.966517e-01
    outer loop
      vertex   -5.021427e+01 -1.144535e+01 3.135675e+00
      vertex   -5.006427e+01 -1.152035e+01 3.005771e+00
      vertex   -5.021427e+01 -1.209650e+01 3.550504e+00
    endloop
  endfacet
  facet normal -7.067700e-01 -3.801090e-01 -5.966517e-01
    outer loop
      vertex   -5.021427e+01 -1.209650e+01 3.550504e+00
      vertex   -5.006427e+01 -1.152035e+01 3.005771e+00
      vertex   -5.006427e+01 -1.218254e+01 3.427632e+00
    endloop
  endfacet
  facet normal -7.067700e-01 -4.306642e-01 -5.612526e-01
    outer loop
      vertex   -5.021427e+01 -1.209650e+01 3.550504e+00
      vertex   -5.006427e+01 -1.218254e+01 3.427632e+00
      vertex   -5.021427e+01 -1.270902e+01 4.020507e+00
    endloop
  endfacet
  facet normal -7.067700e-01 -4.306642e-01 -5.612526e-01
    outer loop
      vertex   -5.021427e+01 -1.270902e+01 4.020507e+00
      vertex   -5.006427e+01 -1.218254e+01 3.427632e+00
      vertex   -5.006427e+01 -1.280544e+01 3.905600e+00
    endloop
  endfacet
  facet normal -7.067700e-01 -4.779418e-01 -5.215820e-01
    outer loop
      vertex   -5.021427e+01 -1.270902e+01 4.020507e+00
      vertex   -5.006427e+01 -1.280544e+01 3.905600e+00
      vertex   -5.021427e+01 -1.327825e+01 4.542105e+00
    endloop
  endfacet
  facet normal -7.067700e-01 -4.779418e-01 -5.215820e-01
    outer loop
      vertex   -5.021427e+01 -1.327825e+01 4.542105e+00
      vertex   -5.006427e+01 -1.280544e+01 3.905600e+00
      vertex   -5.006427e+01 -1.338431e+01 4.436039e+00
    endloop
  endfacet
  facet normal -7.067700e-01 -5.215820e-01 -4.779418e-01
    outer loop
      vertex   -5.021427e+01 -1.327825e+01 4.542105e+00
      vertex   -5.006427e+01 -1.338431e+01 4.436039e+00
      vertex   -5.021427e+01 -1.379985e+01 5.111330e+00
    endloop
  endfacet
  facet normal -7.067700e-01 -5.215820e-01 -4.779418e-01
    outer loop
      vertex   -5.021427e+01 -1.379985e+01 5.111330e+00
      vertex   -5.006427e+01 -1.338431e+01 4.436039e+00
      vertex   -5.006427e+01 -1.391475e+01 5.014912e+00
    endloop
  endfacet
  facet normal -7.067700e-01 -5.612526e-01 -4.306642e-01
    outer loop
      vertex   -5.021427e+01 -1.379985e+01 5.111330e+00
      vertex   -5.006427e+01 -1.391475e+01 5.014912e+00
      vertex   -5.021427e+01 -1.426985e+01 5.723849e+00
    endloop
  endfacet
  facet normal -7.067700e-01 -5.612526e-01 -4.306642e-01
    outer loop
      vertex   -5.021427e+01 -1.426985e+01 5.723849e+00
      vertex   -5.006427e+01 -1.391475e+01 5.014912e+00
      vertex   -5.006427e+01 -1.439272e+01 5.637812e+00
    endloop
  endfacet
  facet normal -7.067700e-01 -5.966517e-01 -3.801090e-01
    outer loop
      vertex   -5.021427e+01 -1.426985e+01 5.723849e+00
      vertex   -5.006427e+01 -1.439272e+01 5.637812e+00
      vertex   -5.021427e+01 -1.468468e+01 6.375000e+00
    endloop
  endfacet
  facet normal -7.067700e-01 -5.966517e-01 -3.801090e-01
    outer loop
      vertex   -5.021427e+01 -1.468468e+01 6.375000e+00
      vertex   -5.006427e+01 -1.439272e+01 5.637812e+00
      vertex   -5.006427e+01 -1.481458e+01 6.300000e+00
    endloop
  endfacet
  facet normal -7.067700e-01 -6.275099e-01 -3.266610e-01
    outer loop
      vertex   -5.021427e+01 -1.468468e+01 6.375000e+00
      vertex   -5.006427e+01 -1.481458e+01 6.300000e+00
      vertex   -5.021427e+01 -1.504118e+01 7.059828e+00
    endloop
  endfacet
  facet normal -7.067700e-01 -6.275099e-01 -3.266610e-01
    outer loop
      vertex   -5.021427e+01 -1.504118e+01 7.059828e+00
      vertex   -5.006427e+01 -1.481458e+01 6.300000e+00
      vertex   -5.006427e+01 -1.517712e+01 6.996436e+00
    endloop
  endfacet
  facet normal -7.067700e-01 -6.535924e-01 -2.707269e-01
    outer loop
      vertex   -5.021427e+01 -1.504118e+01 7.059828e+00
      vertex   -5.006427e+01 -1.517712e+01 6.996436e+00
      vertex   -5.021427e+01 -1.533663e+01 7.773122e+00
    endloop
  endfacet
  facet normal -7.067700e-01 -6.535924e-01 -2.707269e-01
    outer loop
      vertex   -5.021427e+01 -1.533663e+01 7.773122e+00
      vertex   -5.006427e+01 -1.517712e+01 6.996436e+00
      vertex   -5.006427e+01 -1.547759e+01 7.721819e+00
    endloop
  endfacet
  facet normal -7.067700e-01 -6.747007e-01 -2.127323e-01
    outer loop
      vertex   -5.021427e+01 -1.533663e+01 7.773122e+00
      vertex   -5.006427e+01 -1.547759e+01 7.721819e+00
      vertex   -5.021427e+01 -1.556880e+01 8.509451e+00
    endloop
  endfacet
  facet normal -7.067700e-01 -6.747007e-01 -2.127323e-01
    outer loop
      vertex   -5.021427e+01 -1.556880e+01 8.509451e+00
      vertex   -5.006427e+01 -1.547759e+01 7.721819e+00
      vertex   -5.006427e+01 -1.571369e+01 8.470629e+00
    endloop
  endfacet
  facet normal -7.067700e-01 -6.906741e-01 -1.531188e-01
    outer loop
      vertex   -5.021427e+01 -1.556880e+01 8.509451e+00
      vertex   -5.006427e+01 -1.571369e+01 8.470629e+00
      vertex   -5.021427e+01 -1.573590e+01 9.263214e+00
    endloop
  endfacet
  facet normal -7.067700e-01 -6.906741e-01 -1.531188e-01
    outer loop
      vertex   -5.021427e+01 -1.573590e+01 9.263214e+00
      vertex   -5.006427e+01 -1.571369e+01 8.470629e+00
      vertex   -5.006427e+01 -1.588362e+01 9.237166e+00
    endloop
  endfacet
  facet normal -7.067700e-01 -7.013911e-01 -9.233989e-02
    outer loop
      vertex   -5.021427e+01 -1.573590e+01 9.263214e+00
      vertex   -5.006427e+01 -1.588362e+01 9.237166e+00
      vertex   -5.021427e+01 -1.583668e+01 1.002867e+01
    endloop
  endfacet
  facet normal -7.067700e-01 -7.013911e-01 -9.233989e-02
    outer loop
      vertex   -5.021427e+01 -1.583668e+01 1.002867e+01
      vertex   -5.006427e+01 -1.588362e+01 9.237166e+00
      vertex   -5.006427e+01 -1.598611e+01 1.001560e+01
    endloop
  endfacet
  facet normal -7.067700e-01 -7.067700e-01 -3.085825e-02
    outer loop
      vertex   -5.021427e+01 -1.583668e+01 1.002867e+01
      vertex   -5.006427e+01 -1.598611e+01 1.001560e+01
      vertex   -5.021427e+01 -1.587035e+01 1.080000e+01
    endloop
  endfacet
  facet normal -7.067700e-01 -7.067700e-01 -3.085825e-02
    outer loop
      vertex   -5.021427e+01 -1.587035e+01 1.080000e+01
      vertex   -5.006427e+01 -1.598611e+01 1.001560e+01
      vertex   -5.006427e+01 -1.602035e+01 1.080000e+01
    endloop
  endfacet
  facet normal -7.067700e-01 7.067700e-01 -3.085825e-02
    outer loop
      vertex   -5.021427e+01 2.218725e+01 1.080000e+01
      vertex   -5.006427e+01 2.233725e+01 1.080000e+01
      vertex   -5.021427e+01 2.215358e+01 1.002867e+01
    endloop
  endfacet
  facet normal -7.067700e-01 7.067700e-01 -3.085825e-02
    outer loop
      vertex   -5.021427e+01 2.215358e+01 1.002867e+01
      vertex   -5.006427e+01 2.233725e+01 1.080000e+01
      vertex   -5.006427e+01 2.230301e+01 1.001560e+01
    endloop
  endfacet
  facet normal -7.067700e-01 7.013911e-01 -9.233989e-02
    outer loop
      vertex   -5.021427e+01 2.215358e+01 1.002867e+01
      vertex   -5.006427e+01 2.230301e+01 1.001560e+01
      vertex   -5.021427e+01 2.205280e+01 9.263214e+00
    endloop
  endfacet
  facet normal -7.067700e-01 7.013911e-01 -9.233989e-02
    outer loop
      vertex   -5.021427e+01 2.205280e+01 9.263214e+00
      vertex   -5.006427e+01 2.230301e+01 1.001560e+01
      vertex   -5.006427e+01 2.220052e+01 9.237166e+00
    endloop
  endfacet
  facet normal -7.067700e-01 6.906741e-01 -1.531188e-01
    outer loop
      vertex   -5.021427e+01 2.205280e+01 9.263214e+00
      vertex   -5.006427e+01 2.220052e+01 9.237166e+00
      vertex   -5.021427e+01 2.188570e+01 8.509451e+00
    endloop
  endfacet
  facet normal -7.067700e-01 6.906741e-01 -1.531188e-01
    outer loop
      vertex   -5.021427e+01 2.188570e+01 8.509451e+00
      vertex   -5.006427e+01 2.220052e+01 9.237166e+00
      vertex   -5.006427e+01 2.203059e+01 8.470629e+00
    endloop
  endfacet
  facet normal -7.067700e-01 6.747007e-01 -2.127323e-01
    outer loop
      vertex   -5.021427e+01 2.188570e+01 8.509451e+00
      vertex   -5.006427e+01 2.203059e+01 8.470629e+00
      vertex   -5.021427e+01 2.165353e+01 7.773122e+00
    endloop
  endfacet
  facet normal -7.067700e-01 6.747007e-01 -2.127323e-01
    outer loop
      vertex   -5.021427e+01 2.165353e+01 7.773122e+00
      vertex   -5.006427e+01 2.203059e+01 8.470629e+00
      vertex   -5.006427e+01 2.179449e+01 7.721819e+00
    endloop
  endfacet
  facet normal -7.067700e-01 6.535924e-01 -2.707269e-01
    outer loop
      vertex   -5.021427e+01 2.165353e+01 7.773122e+00
      vertex   -5.006427e+01 2.179449e+01 7.721819e+00
      vertex   -5.021427e+01 2.135808e+01 7.059828e+00
    endloop
  endfacet
  facet normal -7.067700e-01 6.535924e-01 -2.707269e-01
    outer loop
      vertex   -5.021427e+01 2.135808e+01 7.059828e+00
      vertex   -5.006427e+01 2.179449e+01 7.721819e+00
      vertex   -5.006427e+01 2.149402e+01 6.996436e+00
    endloop
  endfacet
  facet normal -7.067700e-01 6.275099e-01 -3.266610e-01
    outer loop
      vertex   -5.021427e+01 2.135808e+01 7.059828e+00
      vertex   -5.006427e+01 2.149402e+01 6.996436e+00
      vertex   -5.021427e+01 2.100158e+01 6.375000e+00
    endloop
  endfacet
  facet normal -7.067700e-01 6.275099e-01 -3.266610e-01
    outer loop
      vertex   -5.021427e+01 2.100158e+01 6.375000e+00
      vertex   -5.006427e+01 2.149402e+01 6.996436e+00
      vertex   -5.006427e+01 2.113148e+01 6.300000e+00
    endloop
  endfacet
  facet normal -7.067700e-01 5.966517e-01 -3.801090e-01
    outer loop
      vertex   -5.021427e+01 2.100158e+01 6.375000e+00
      vertex   -5.006427e+01 2.113148e+01 6.300000e+00
      vertex   -5.021427e+01 2.058675e+01 5.723849e+00
    endloop
  endfacet
  facet normal -7.067700e-01 5.966517e-01 -3.801090e-01
    outer loop
      vertex   -5.021427e+01 2.058675e+01 5.723849e+00
      vertex   -5.006427e+01 2.113148e+01 6.300000e+00
      vertex   -5.006427e+01 2.070962e+01 5.637812e+00
    endloop
  endfacet
  facet normal -7.067700e-01 5.612526e-01 -4.306642e-01
    outer loop
      vertex   -5.021427e+01 2.058675e+01 5.723849e+00
      vertex   -5.006427e+01 2.070962e+01 5.637812e+00
      vertex   -5.021427e+01 2.011675e+01 5.111330e+00
    endloop
  endfacet
  facet normal -7.067700e-01 5.612526e-01 -4.306642e-01
    outer loop
      vertex   -5.021427e+01 2.011675e+01 5.111330e+00
      vertex   -5.006427e+01 2.070962e+01 5.637812e+00
      vertex   -5.006427e+01 2.023165e+01 5.014912e+00
    endloop
  endfacet
  facet normal -7.067700e-01 5.215820e-01 -4.779418e-01
    outer loop
      vertex   -5.021427e+01 2.011675e+01 5.111330e+00
      vertex   -5.006427e+01 2.023165e+01 5.014912e+00
      vertex   -5.021427e+01 1.959515e+01 4.542105e+00
    endloop
  endfacet
  facet normal -7.067700e-01 5.215820e-01 -4.779418e-01
    outer loop
      vertex   -5.021427e+01 1.959515e+01 4.542105e+00
      vertex   -5.006427e+01 2.023165e+01 5.014912e+00
      vertex   -5.006427e+01 1.970122e+01 4.436039e+00
    endloop
  endfacet
  facet normal -7.067700e-01 4.779418e-01 -5.215820e-01
    outer loop
      vertex   -5.021427e+01 1.959515e+01 4.542105e+00
      vertex   -5.006427e+01 1.970122e+01 4.436039e+00
      vertex   -5.021427e+01 1.902592e+01 4.020507e+00
    endloop
  endfacet
  facet normal -7.067700e-01 4.779418e-01 -5.215820e-01
    outer loop
      vertex   -5.021427e+01 1.902592e+01 4.020507e+00
      vertex   -5.006427e+01 1.970122e+01 4.436039e+00
      vertex   -5.006427e+01 1.912234e+01 3.905600e+00
    endloop
  endfacet
  facet normal -7.067700e-01 4.306642e-01 -5.612526e-01
    outer loop
      vertex   -5.021427e+01 1.902592e+01 4.020507e+00
      vertex   -5.006427e+01 1.912234e+01 3.905600e+00
      vertex   -5.021427e+01 1.841341e+01 3.550504e+00
    endloop
  endfacet
  facet normal -7.067700e-01 4.306642e-01 -5.612526e-01
    outer loop
      vertex   -5.021427e+01 1.841341e+01 3.550504e+00
      vertex   -5.006427e+01 1.912234e+01 3.905600e+00
      vertex   -5.006427e+01 1.849944e+01 3.427632e+00
    endloop
  endfacet
  facet normal -7.067700e-01 3.801090e-01 -5.966517e-01
    outer loop
      vertex   -5.021427e+01 1.841341e+01 3.550504e+00
      vertex   -5.006427e+01 1.849944e+01 3.427632e+00
      vertex   -5.021427e+01 1.776225e+01 3.135675e+00
    endloop
  endfacet
  facet normal -7.067700e-01 3.801090e-01 -5.966517e-01
    outer loop
      vertex   -5.021427e+01 1.776225e+01 3.135675e+00
      vertex   -5.006427e+01 1.849944e+01 3.427632e+00
      vertex   -5.006427e+01 1.783725e+01 3.005771e+00
    endloop
  endfacet
  facet normal -7.067700e-01 3.266610e-01 -6.275099e-01
    outer loop
      vertex   -5.021427e+01 1.776225e+01 3.135675e+00
      vertex   -5.006427e+01 1.783725e+01 3.005771e+00
      vertex   -5.021427e+01 1.707743e+01 2.779176e+00
    endloop
  endfacet
  facet normal -7.067700e-01 3.266610e-01 -6.275099e-01
    outer loop
      vertex   -5.021427e+01 1.707743e+01 2.779176e+00
      vertex   -5.006427e+01 1.783725e+01 3.005771e+00
      vertex   -5.006427e+01 1.714082e+01 2.643230e+00
    endloop
  endfacet
  facet normal -7.067700e-01 2.707269e-01 -6.535924e-01
    outer loop
      vertex   -5.021427e+01 1.707743e+01 2.779176e+00
      vertex   -5.006427e+01 1.714082e+01 2.643230e+00
      vertex   -5.021427e+01 1.636413e+01 2.483720e+00
    endloop
  endfacet
  facet normal -7.067700e-01 2.707269e-01 -6.535924e-01
    outer loop
      vertex   -5.021427e+01 1.636413e+01 2.483720e+00
      vertex   -5.006427e+01 1.714082e+01 2.643230e+00
      vertex   -5.006427e+01 1.641544e+01 2.342766e+00
    endloop
  endfacet
  facet normal -7.067700e-01 2.127323e-01 -6.747007e-01
    outer loop
      vertex   -5.021427e+01 1.636413e+01 2.483720e+00
      vertex   -5.006427e+01 1.641544e+01 2.342766e+00
      vertex   -5.021427e+01 1.562780e+01 2.251556e+00
    endloop
  endfacet
  facet normal -7.067700e-01 2.127323e-01 -6.747007e-01
    outer loop
      vertex   -5.021427e+01 1.562780e+01 2.251556e+00
      vertex   -5.006427e+01 1.641544e+01 2.342766e+00
      vertex   -5.006427e+01 1.566663e+01 2.106668e+00
    endloop
  endfacet
  facet normal -7.067700e-01 1.531188e-01 -6.906741e-01
    outer loop
      vertex   -5.021427e+01 1.562780e+01 2.251556e+00
      vertex   -5.006427e+01 1.566663e+01 2.106668e+00
      vertex   -5.021427e+01 1.487404e+01 2.084451e+00
    endloop
  endfacet
  facet normal -7.067700e-01 1.531188e-01 -6.906741e-01
    outer loop
      vertex   -5.021427e+01 1.487404e+01 2.084451e+00
      vertex   -5.006427e+01 1.566663e+01 2.106668e+00
      vertex   -5.006427e+01 1.490009e+01 1.936730e+00
    endloop
  endfacet
  facet normal -7.067700e-01 9.233989e-02 -7.013911e-01
    outer loop
      vertex   -5.021427e+01 1.487404e+01 2.084451e+00
      vertex   -5.006427e+01 1.490009e+01 1.936730e+00
      vertex   -5.021427e+01 1.410858e+01 1.983677e+00
    endloop
  endfacet
  facet normal -7.067700e-01 9.233989e-02 -7.013911e-01
    outer loop
      vertex   -5.021427e+01 1.410858e+01 1.983677e+00
      vertex   -5.006427e+01 1.490009e+01 1.936730e+00
      vertex   -5.006427e+01 1.412166e+01 1.834248e+00
    endloop
  endfacet
  facet normal -7.067700e-01 3.085825e-02 -7.067700e-01
    outer loop
      vertex   -5.021427e+01 1.410858e+01 1.983677e+00
      vertex   -5.006427e+01 1.412166e+01 1.834248e+00
      vertex   -5.021427e+01 1.333725e+01 1.950000e+00
    endloop
  endfacet
  facet normal -7.067700e-01 3.085825e-02 -7.067700e-01
    outer loop
      vertex   -5.021427e+01 1.333725e+01 1.950000e+00
      vertex   -5.006427e+01 1.412166e+01 1.834248e+00
      vertex   -5.006427e+01 1.333725e+01 1.800000e+00
    endloop
  endfacet
  facet normal -7.071068e-01 -7.071068e-01 0.000000e+00
    outer loop
      vertex   -5.021427e+01 -1.587035e+01 1.080000e+01
      vertex   -5.006427e+01 -1.602035e+01 1.080000e+01
      vertex   -5.021427e+01 -1.587035e+01 2.165000e+01
    endloop
  endfacet
  facet normal -7.071068e-01 -7.071068e-01 -2.378928e-19
    outer loop
      vertex   -5.021427e+01 -1.587035e+01 2.165000e+01
      vertex   -5.006427e+01 -1.602035e+01 1.080000e+01
      vertex   -5.006427e+01 -1.602035e+01 2.180000e+01
    endloop
  endfacet
  facet normal -7.071068e-01 7.071068e-01 -4.567542e-16
    outer loop
      vertex   -5.006427e+01 2.233725e+01 2.180000e+01
      vertex   -5.006427e+01 2.233725e+01 1.080000e+01
      vertex   -5.021427e+01 2.218725e+01 2.165000e+01
    endloop
  endfacet
  facet normal -7.071068e-01 7.071068e-01 2.315344e-16
    outer loop
      vertex   -5.021427e+01 2.218725e+01 2.165000e+01
      vertex   -5.006427e+01 2.233725e+01 1.080000e+01
      vertex   -5.021427e+01 2.218725e+01 1.080000e+01
    endloop
  endfacet
  facet normal 0.000000e+00 4.361939e-02 -9.990482e-01
    outer loop
      vertex   -4.671427e+01 1.333725e+01 1.800000e+00
      vertex   -5.006427e+01 1.333725e+01 1.800000e+00
      vertex   -4.671427e+01 1.412166e+01 1.834248e+00
    endloop
  endfacet
  facet normal 0.000000e+00 4.361939e-02 -9.990482e-01
    outer loop
      vertex   -4.671427e+01 1.412166e+01 1.834248e+00
      vertex   -5.006427e+01 1.333725e+01 1.800000e+00
      vertex   -5.006427e+01 1.412166e+01 1.834248e+00
    endloop
  endfacet
  facet normal 0.000000e+00 1.305262e-01 -9.914449e-01
    outer loop
      vertex   -4.671427e+01 1.412166e+01 1.834248e+00
      vertex   -5.006427e+01 1.412166e+01 1.834248e+00
      vertex   -4.671427e+01 1.490009e+01 1.936730e+00
    endloop
  endfacet
  facet normal 0.000000e+00 1.305262e-01 -9.914449e-01
    outer loop
      vertex   -4.671427e+01 1.490009e+01 1.936730e+00
      vertex   -5.006427e+01 1.412166e+01 1.834248e+00
      vertex   -5.006427e+01 1.490009e+01 1.936730e+00
    endloop
  endfacet
  facet normal 0.000000e+00 2.164396e-01 -9.762960e-01
    outer loop
      vertex   -4.671427e+01 1.490009e+01 1.936730e+00
      vertex   -5.006427e+01 1.490009e+01 1.936730e+00
      vertex   -4.671427e+01 1.566663e+01 2.106668e+00
    endloop
  endfacet
  facet normal 0.000000e+00 2.164396e-01 -9.762960e-01
    outer loop
      vertex   -4.671427e+01 1.566663e+01 2.106668e+00
      vertex   -5.006427e+01 1.490009e+01 1.936730e+00
      vertex   -5.006427e+01 1.566663e+01 2.106668e+00
    endloop
  endfacet
  facet normal 0.000000e+00 3.007058e-01 -9.537170e-01
    outer loop
      vertex   -4.671427e+01 1.566663e+01 2.106668e+00
      vertex   -5.006427e+01 1.566663e+01 2.106668e+00
      vertex   -4.671427e+01 1.641544e+01 2.342766e+00
    endloop
  endfacet
  facet normal 0.000000e+00 3.007058e-01 -9.537170e-01
    outer loop
      vertex   -4.671427e+01 1.641544e+01 2.342766e+00
      vertex   -5.006427e+01 1.566663e+01 2.106668e+00
      vertex   -5.006427e+01 1.641544e+01 2.342766e+00
    endloop
  endfacet
  facet normal 0.000000e+00 3.826834e-01 -9.238795e-01
    outer loop
      vertex   -4.671427e+01 1.641544e+01 2.342766e+00
      vertex   -5.006427e+01 1.641544e+01 2.342766e+00
      vertex   -4.671427e+01 1.714082e+01 2.643230e+00
    endloop
  endfacet
  facet normal 0.000000e+00 3.826834e-01 -9.238795e-01
    outer loop
      vertex   -4.671427e+01 1.714082e+01 2.643230e+00
      vertex   -5.006427e+01 1.641544e+01 2.342766e+00
      vertex   -5.006427e+01 1.714082e+01 2.643230e+00
    endloop
  endfacet
  facet normal 0.000000e+00 4.617486e-01 -8.870108e-01
    outer loop
      vertex   -4.671427e+01 1.714082e+01 2.643230e+00
      vertex   -5.006427e+01 1.714082e+01 2.643230e+00
      vertex   -4.671427e+01 1.783725e+01 3.005771e+00
    endloop
  endfacet
  facet normal 0.000000e+00 4.617486e-01 -8.870108e-01
    outer loop
      vertex   -4.671427e+01 1.783725e+01 3.005771e+00
      vertex   -5.006427e+01 1.714082e+01 2.643230e+00
      vertex   -5.006427e+01 1.783725e+01 3.005771e+00
    endloop
  endfacet
  facet normal 0.000000e+00 5.372996e-01 -8.433914e-01
    outer loop
      vertex   -4.671427e+01 1.783725e+01 3.005771e+00
      vertex   -5.006427e+01 1.783725e+01 3.005771e+00
      vertex   -4.671427e+01 1.849944e+01 3.427632e+00
    endloop
  endfacet
  facet normal 0.000000e+00 5.372996e-01 -8.433914e-01
    outer loop
      vertex   -4.671427e+01 1.849944e+01 3.427632e+00
      vertex   -5.006427e+01 1.783725e+01 3.005771e+00
      vertex   -5.006427e+01 1.849944e+01 3.427632e+00
    endloop
  endfacet
  facet normal 0.000000e+00 6.087614e-01 -7.933533e-01
    outer loop
      vertex   -4.671427e+01 1.849944e+01 3.427632e+00
      vertex   -5.006427e+01 1.849944e+01 3.427632e+00
      vertex   -4.671427e+01 1.912234e+01 3.905600e+00
    endloop
  endfacet
  facet normal 0.000000e+00 6.087614e-01 -7.933533e-01
    outer loop
      vertex   -4.671427e+01 1.912234e+01 3.905600e+00
      vertex   -5.006427e+01 1.849944e+01 3.427632e+00
      vertex   -5.006427e+01 1.912234e+01 3.905600e+00
    endloop
  endfacet
  facet normal 0.000000e+00 6.755902e-01 -7.372773e-01
    outer loop
      vertex   -4.671427e+01 1.912234e+01 3.905600e+00
      vertex   -5.006427e+01 1.912234e+01 3.905600e+00
      vertex   -4.671427e+01 1.970122e+01 4.436039e+00
    endloop
  endfacet
  facet normal 0.000000e+00 6.755902e-01 -7.372773e-01
    outer loop
      vertex   -4.671427e+01 1.970122e+01 4.436039e+00
      vertex   -5.006427e+01 1.912234e+01 3.905600e+00
      vertex   -5.006427e+01 1.970122e+01 4.436039e+00
    endloop
  endfacet
  facet normal 0.000000e+00 7.372773e-01 -6.755902e-01
    outer loop
      vertex   -4.671427e+01 1.970122e+01 4.436039e+00
      vertex   -5.006427e+01 1.970122e+01 4.436039e+00
      vertex   -4.671427e+01 2.023165e+01 5.014912e+00
    endloop
  endfacet
  facet normal 0.000000e+00 7.372773e-01 -6.755902e-01
    outer loop
      vertex   -4.671427e+01 2.023165e+01 5.014912e+00
      vertex   -5.006427e+01 1.970122e+01 4.436039e+00
      vertex   -5.006427e+01 2.023165e+01 5.014912e+00
    endloop
  endfacet
  facet normal 0.000000e+00 7.933533e-01 -6.087614e-01
    outer loop
      vertex   -4.671427e+01 2.023165e+01 5.014912e+00
      vertex   -5.006427e+01 2.023165e+01 5.014912e+00
      vertex   -4.671427e+01 2.070962e+01 5.637812e+00
    endloop
  endfacet
  facet normal 0.000000e+00 7.933533e-01 -6.087614e-01
    outer loop
      vertex   -4.671427e+01 2.070962e+01 5.637812e+00
      vertex   -5.006427e+01 2.023165e+01 5.014912e+00
      vertex   -5.006427e+01 2.070962e+01 5.637812e+00
    endloop
  endfacet
  facet normal 0.000000e+00 8.433914e-01 -5.372996e-01
    outer loop
      vertex   -4.671427e+01 2.070962e+01 5.637812e+00
      vertex   -5.006427e+01 2.070962e+01 5.637812e+00
      vertex   -4.671427e+01 2.113148e+01 6.300000e+00
    endloop
  endfacet
  facet normal 0.000000e+00 8.433914e-01 -5.372996e-01
    outer loop
      vertex   -4.671427e+01 2.113148e+01 6.300000e+00
      vertex   -5.006427e+01 2.070962e+01 5.637812e+00
      vertex   -5.006427e+01 2.113148e+01 6.300000e+00
    endloop
  endfacet
  facet normal 0.000000e+00 8.870108e-01 -4.617486e-01
    outer loop
      vertex   -4.671427e+01 2.113148e+01 6.300000e+00
      vertex   -5.006427e+01 2.113148e+01 6.300000e+00
      vertex   -4.671427e+01 2.149402e+01 6.996436e+00
    endloop
  endfacet
  facet normal 0.000000e+00 8.870108e-01 -4.617486e-01
    outer loop
      vertex   -4.671427e+01 2.149402e+01 6.996436e+00
      vertex   -5.006427e+01 2.113148e+01 6.300000e+00
      vertex   -5.006427e+01 2.149402e+01 6.996436e+00
    endloop
  endfacet
  facet normal 0.000000e+00 9.238795e-01 -3.826834e-01
    outer loop
      vertex   -4.671427e+01 2.149402e+01 6.996436e+00
      vertex   -5.006427e+01 2.149402e+01 6.996436e+00
      vertex   -4.671427e+01 2.179449e+01 7.721819e+00
    endloop
  endfacet
  facet normal 0.000000e+00 9.238795e-01 -3.826834e-01
    outer loop
      vertex   -4.671427e+01 2.179449e+01 7.721819e+00
      vertex   -5.006427e+01 2.149402e+01 6.996436e+00
      vertex   -5.006427e+01 2.179449e+01 7.721819e+00
    endloop
  endfacet
  facet normal 0.000000e+00 9.537170e-01 -3.007058e-01
    outer loop
      vertex   -4.671427e+01 2.179449e+01 7.721819e+00
      vertex   -5.006427e+01 2.179449e+01 7.721819e+00
      vertex   -4.671427e+01 2.203059e+01 8.470629e+00
    endloop
  endfacet
  facet normal 0.000000e+00 9.537170e-01 -3.007058e-01
    outer loop
      vertex   -4.671427e+01 2.203059e+01 8.470629e+00
      vertex   -5.006427e+01 2.179449e+01 7.721819e+00
      vertex   -5.006427e+01 2.203059e+01 8.470629e+00
    endloop
  endfacet
  facet normal 0.000000e+00 9.762960e-01 -2.164396e-01
    outer loop
      vertex   -4.671427e+01 2.203059e+01 8.470629e+00
      vertex   -5.006427e+01 2.203059e+01 8.470629e+00
      vertex   -4.671427e+01 2.220052e+01 9.237166e+00
    endloop
  endfacet
  facet normal 0.000000e+00 9.762960e-01 -2.164396e-01
    outer loop
      vertex   -4.671427e+01 2.220052e+01 9.237166e+00
      vertex   -5.006427e+01 2.203059e+01 8.470629e+00
      vertex   -5.006427e+01 2.220052e+01 9.237166e+00
    endloop
  endfacet
  facet normal 0.000000e+00 9.914449e-01 -1.305262e-01
    outer loop
      vertex   -4.671427e+01 2.220052e+01 9.237166e+00
      vertex   -5.006427e+01 2.220052e+01 9.237166e+00
      vertex   -4.671427e+01 2.230301e+01 1.001560e+01
    endloop
  endfacet
  facet normal 0.000000e+00 9.914449e-01 -1.305262e-01
    outer loop
      vertex   -4.671427e+01 2.230301e+01 1.001560e+01
      vertex   -5.006427e+01 2.220052e+01 9.237166e+00
      vertex   -5.006427e+01 2.230301e+01 1.001560e+01
    endloop
  endfacet
  facet normal 0.000000e+00 9.990482e-01 -4.361939e-02
    outer loop
      vertex   -4.671427e+01 2.230301e+01 1.001560e+01
      vertex   -5.006427e+01 2.230301e+01 1.001560e+01
      vertex   -4.671427e+01 2.233725e+01 1.080000e+01
    endloop
  endfacet
  facet normal 0.000000e+00 9.990482e-01 -4.361939e-02
    outer loop
      vertex   -4.671427e+01 2.233725e+01 1.080000e+01
      vertex   -5.006427e+01 2.230301e+01 1.001560e+01
      vertex   -5.006427e+01 2.233725e+01 1.080000e+01
    endloop
  endfacet
  facet normal 0.000000e+00 1.000000e+00 -0.000000e+00
    outer loop
      vertex   -5.006427e+01 2.233725e+01 1.080000e+01
      vertex   -5.006427e+01 2.233725e+01 2.180000e+01
      vertex   -4.671427e+01 2.233725e+01 1.080000e+01
    endloop
  endfacet
  facet normal 0.000000e+00 1.000000e+00 -0.000000e+00
    outer loop
      vertex   -4.671427e+01 2.233725e+01 1.080000e+01
      vertex   -5.006427e+01 2.233725e+01 2.180000e+01
      vertex   -4.671427e+01 2.233725e+01 2.180000e+01
    endloop
  endfacet
  facet normal 0.000000e+00 2.243713e-15 1.000000e+00
    outer loop
      vertex   -4.671427e+01 2.233725e+01 2.180000e+01
      vertex   -5.006427e+01 2.233725e+01 2.180000e+01
      vertex   -3.871427e+01 1.758703e+01 2.180000e+01
    endloop
  endfacet
  facet normal -8.579202e-16 1.938323e-16 1.000000e+00
    outer loop
      vertex   -3.871427e+01 1.758703e+01 2.180000e+01
      vertex   -5.006427e+01 2.233725e+01 2.180000e+01
      vertex   -5.006427e+01 4.008451e+00 2.180000e+01
    endloop
  endfacet
  facet normal 2.880844e-16 -7.640848e-16 1.000000e+00
    outer loop
      vertex   -3.871427e+01 1.758703e+01 2.180000e+01
      vertex   -5.006427e+01 4.008451e+00 2.180000e+01
      vertex   -2.871427e+01 7.408451e+00 2.180000e+01
    endloop
  endfacet
  facet normal 1.664035e-16 0.000000e+00 1.000000e+00
    outer loop
      vertex   -2.871427e+01 7.408451e+00 2.180000e+01
      vertex   -5.006427e+01 4.008451e+00 2.180000e+01
      vertex   -2.871427e+01 4.008451e+00 2.180000e+01
    endloop
  endfacet
  facet normal 0.000000e+00 -1.047115e-15 1.000000e+00
    outer loop
      vertex   -3.871427e+01 1.758703e+01 2.180000e+01
      vertex   -2.871427e+01 7.408451e+00 2.180000e+01
      vertex   -2.271427e+01 1.758703e+01 2.180000e+01
    endloop
  endfacet
  facet normal -2.030122e-16 -9.274447e-16 1.000000e+00
    outer loop
      vertex   -2.271427e+01 1.758703e+01 2.180000e+01
      vertex   -2.871427e+01 7.408451e+00 2.180000e+01
      vertex   -1.121427e+01 7.408451e+00 2.180000e+01
    endloop
  endfacet
  facet normal 8.284953e-16 2.379771e-16 1.000000e+00
    outer loop
      vertex   -2.271427e+01 1.758703e+01 2.180000e+01
      vertex   -1.121427e+01 7.408451e+00 2.180000e+01
      vertex   -1.121427e+01 2.233725e+01 2.180000e+01
    endloop
  endfacet
  facet normal 9.267949e-16 -0.000000e+00 1.000000e+00
    outer loop
      vertex   -2.271427e+01 1.758703e+01 2.180000e+01
      vertex   -1.121427e+01 2.233725e+01 2.180000e+01
      vertex   -2.271427e+01 1.965436e+01 2.180000e+01
    endloop
  endfacet
  facet normal 0.000000e+00 3.972635e-15 1.000000e+00
    outer loop
      vertex   -2.271427e+01 1.965436e+01 2.180000e+01
      vertex   -1.121427e+01 2.233725e+01 2.180000e+01
      vertex   -4.671427e+01 2.233725e+01 2.180000e+01
    endloop
  endfacet
  facet normal 0.000000e+00 3.972635e-15 1.000000e+00
    outer loop
      vertex   -2.271427e+01 1.965436e+01 2.180000e+01
      vertex   -4.671427e+01 2.233725e+01 2.180000e+01
      vertex   -3.871427e+01 1.965436e+01 2.180000e+01
    endloop
  endfacet
  facet normal -1.332268e-15 0.000000e+00 1.000000e+00
    outer loop
      vertex   -3.871427e+01 1.965436e+01 2.180000e+01
      vertex   -4.671427e+01 2.233725e+01 2.180000e+01
      vertex   -3.871427e+01 1.758703e+01 2.180000e+01
    endloop
  endfacet
  facet normal -1.248026e-16 -1.000000e+00 -1.456030e-15
    outer loop
      vertex   -2.871427e+01 4.008451e+00 2.180000e+01
      vertex   -5.006427e+01 4.008451e+00 2.180000e+01
      vertex   -4.796427e+01 4.008451e+00 2.040000e+01
    endloop
  endfacet
  facet normal -4.229421e-15 -1.000000e+00 -7.612958e-15
    outer loop
      vertex   -4.796427e+01 4.008451e+00 2.040000e+01
      vertex   -5.006427e+01 4.008451e+00 2.180000e+01
      vertex   -5.021427e+01 4.008451e+00 2.165000e+01
    endloop
  endfacet
  facet normal -4.229421e-16 -1.000000e+00 -7.612958e-16
    outer loop
      vertex   -4.796427e+01 4.008451e+00 2.040000e+01
      vertex   -5.021427e+01 4.008451e+00 2.165000e+01
      vertex   -4.871427e+01 4.008451e+00 1.965000e+01
    endloop
  endfacet
  facet normal -4.376531e-16 -1.000000e+00 -7.723291e-16
    outer loop
      vertex   -4.871427e+01 4.008451e+00 1.965000e+01
      vertex   -5.021427e+01 4.008451e+00 2.165000e+01
      vertex   -5.021427e+01 4.008451e+00 1.475000e+01
    endloop
  endfacet
  facet normal -3.552714e-15 -1.000000e+00 1.812609e-16
    outer loop
      vertex   -4.871427e+01 4.008451e+00 1.965000e+01
      vertex   -5.021427e+01 4.008451e+00 1.475000e+01
      vertex   -4.871427e+01 4.008451e+00 1.475000e+01
    endloop
  endfacet
  facet normal -1.845566e-16 -1.000000e+00 -6.344132e-16
    outer loop
      vertex   -4.796427e+01 4.008451e+00 2.040000e+01
      vertex   -2.871427e+01 4.008451e+00 2.040000e+01
      vertex   -2.871427e+01 4.008451e+00 2.180000e+01
    endloop
  endfacet
  facet normal -1.000000e+00 -5.648731e-16 -4.362679e-31
    outer loop
      vertex   -5.021427e+01 4.008451e+00 1.475000e+01
      vertex   -5.021427e+01 4.008451e+00 2.165000e+01
      vertex   -5.021427e+01 1.658725e+01 1.400000e+01
    endloop
  endfacet
  facet normal -1.000000e+00 -3.908633e-16 2.861222e-16
    outer loop
      vertex   -5.021427e+01 1.658725e+01 1.400000e+01
      vertex   -5.021427e+01 4.008451e+00 2.165000e+01
      vertex   -5.021427e+01 2.218725e+01 2.165000e+01
    endloop
  endfacet
  facet normal -1.000000e+00 0.000000e+00 0.000000e+00
    outer loop
      vertex   -5.021427e+01 1.658725e+01 1.400000e+01
      vertex   -5.021427e+01 2.218725e+01 2.165000e+01
      vertex   -5.021427e+01 2.218725e+01 1.080000e+01
    endloop
  endfacet
  facet normal -1.000000e+00 0.000000e+00 0.000000e+00
    outer loop
      vertex   -5.021427e+01 1.658725e+01 1.400000e+01
      vertex   -5.021427e+01 2.218725e+01 1.080000e+01
      vertex   -5.021427e+01 1.658725e+01 7.600000e+00
    endloop
  endfacet
  facet normal -1.000000e+00 0.000000e+00 0.000000e+00
    outer loop
      vertex   -5.021427e+01 1.658725e+01 7.600000e+00
      vertex   -5.021427e+01 2.218725e+01 1.080000e+01
      vertex   -5.021427e+01 2.215358e+01 1.002867e+01
    endloop
  endfacet
  facet normal -1.000000e+00 0.000000e+00 0.000000e+00
    outer loop
      vertex   -5.021427e+01 1.658725e+01 7.600000e+00
      vertex   -5.021427e+01 2.215358e+01 1.002867e+01
      vertex   -5.021427e+01 2.205280e+01 9.263214e+00
    endloop
  endfacet
  facet normal -1.000000e+00 0.000000e+00 0.000000e+00
    outer loop
      vertex   -5.021427e+01 2.205280e+01 9.263214e+00
      vertex   -5.021427e+01 2.188570e+01 8.509451e+00
      vertex   -5.021427e+01 1.658725e+01 7.600000e+00
    endloop
  endfacet
  facet normal -1.000000e+00 0.000000e+00 0.000000e+00
    outer loop
      vertex   -5.021427e+01 1.658725e+01 7.600000e+00
      vertex   -5.021427e+01 2.188570e+01 8.509451e+00
      vertex   -5.021427e+01 2.165353e+01 7.773122e+00
    endloop
  endfacet
  facet normal -1.000000e+00 0.000000e+00 0.000000e+00
    outer loop
      vertex   -5.021427e+01 1.658725e+01 7.600000e+00
      vertex   -5.021427e+01 2.165353e+01 7.773122e+00
      vertex   -5.021427e+01 2.135808e+01 7.059828e+00
    endloop
  endfacet
  facet normal -1.000000e+00 -0.000000e+00 0.000000e+00
    outer loop
      vertex   -5.021427e+01 2.135808e+01 7.059828e+00
      vertex   -5.021427e+01 2.100158e+01 6.375000e+00
      vertex   -5.021427e+01 1.658725e+01 7.600000e+00
    endloop
  endfacet
  facet normal -1.000000e+00 0.000000e+00 0.000000e+00
    outer loop
      vertex   -5.021427e+01 1.658725e+01 7.600000e+00
      vertex   -5.021427e+01 2.100158e+01 6.375000e+00
      vertex   -5.021427e+01 2.058675e+01 5.723849e+00
    endloop
  endfacet
  facet normal -1.000000e+00 0.000000e+00 0.000000e+00
    outer loop
      vertex   -5.021427e+01 1.658725e+01 7.600000e+00
      vertex   -5.021427e+01 2.058675e+01 5.723849e+00
      vertex   -5.021427e+01 2.011675e+01 5.111330e+00
    endloop
  endfacet
  facet normal -1.000000e+00 -0.000000e+00 0.000000e+00
    outer loop
      vertex   -5.021427e+01 2.011675e+01 5.111330e+00
      vertex   -5.021427e+01 1.959515e+01 4.542105e+00
      vertex   -5.021427e+01 1.658725e+01 7.600000e+00
    endloop
  endfacet
  facet normal -1.000000e+00 0.000000e+00 0.000000e+00
    outer loop
      vertex   -5.021427e+01 1.658725e+01 7.600000e+00
      vertex   -5.021427e+01 1.959515e+01 4.542105e+00
      vertex   -5.021427e+01 1.902592e+01 4.020507e+00
    endloop
  endfacet
  facet normal -1.000000e+00 0.000000e+00 0.000000e+00
    outer loop
      vertex   -5.021427e+01 1.658725e+01 7.600000e+00
      vertex   -5.021427e+01 1.902592e+01 4.020507e+00
      vertex   -5.021427e+01 1.841341e+01 3.550504e+00
    endloop
  endfacet
  facet normal -1.000000e+00 -0.000000e+00 0.000000e+00
    outer loop
      vertex   -5.021427e+01 1.841341e+01 3.550504e+00
      vertex   -5.021427e+01 1.776225e+01 3.135675e+00
      vertex   -5.021427e+01 1.658725e+01 7.600000e+00
    endloop
  endfacet
  facet normal -1.000000e+00 0.000000e+00 0.000000e+00
    outer loop
      vertex   -5.021427e+01 1.658725e+01 7.600000e+00
      vertex   -5.021427e+01 1.776225e+01 3.135675e+00
      vertex   -5.021427e+01 1.707743e+01 2.779176e+00
    endloop
  endfacet
  facet normal -1.000000e+00 0.000000e+00 -0.000000e+00
    outer loop
      vertex   -5.021427e+01 1.658725e+01 7.600000e+00
      vertex   -5.021427e+01 1.707743e+01 2.779176e+00
      vertex   -5.021427e+01 1.636413e+01 2.483720e+00
    endloop
  endfacet
  facet normal -1.000000e+00 -0.000000e+00 0.000000e+00
    outer loop
      vertex   -5.021427e+01 1.636413e+01 2.483720e+00
      vertex   -5.021427e+01 1.562780e+01 2.251556e+00
      vertex   -5.021427e+01 1.658725e+01 7.600000e+00
    endloop
  endfacet
  facet normal -1.000000e+00 0.000000e+00 0.000000e+00
    outer loop
      vertex   -5.021427e+01 1.658725e+01 7.600000e+00
      vertex   -5.021427e+01 1.562780e+01 2.251556e+00
      vertex   -5.021427e+01 1.487404e+01 2.084451e+00
    endloop
  endfacet
  facet normal -1.000000e+00 0.000000e+00 0.000000e+00
    outer loop
      vertex   -5.021427e+01 1.658725e+01 7.600000e+00
      vertex   -5.021427e+01 1.487404e+01 2.084451e+00
      vertex   -5.021427e+01 1.410858e+01 1.983677e+00
    endloop
  endfacet
  facet normal -1.000000e+00 -0.000000e+00 0.000000e+00
    outer loop
      vertex   -5.021427e+01 1.410858e+01 1.983677e+00
      vertex   -5.021427e+01 1.333725e+01 1.950000e+00
      vertex   -5.021427e+01 1.658725e+01 7.600000e+00
    endloop
  endfacet
  facet normal -1.000000e+00 0.000000e+00 0.000000e+00
    outer loop
      vertex   -5.021427e+01 1.658725e+01 7.600000e+00
      vertex   -5.021427e+01 1.333725e+01 1.950000e+00
      vertex   -5.021427e+01 -7.020353e+00 1.950000e+00
    endloop
  endfacet
  facet normal -1.000000e+00 -0.000000e+00 0.000000e+00
    outer loop
      vertex   -5.021427e+01 1.658725e+01 7.600000e+00
      vertex   -5.021427e+01 -7.020353e+00 1.950000e+00
      vertex   -5.021427e+01 -1.027035e+01 7.600000e+00
    endloop
  endfacet
  facet normal -1.000000e+00 0.000000e+00 0.000000e+00
    outer loop
      vertex   -5.021427e+01 -1.027035e+01 7.600000e+00
      vertex   -5.021427e+01 -7.020353e+00 1.950000e+00
      vertex   -5.021427e+01 -7.791681e+00 1.983677e+00
    endloop
  endfacet
  facet normal -1.000000e+00 0.000000e+00 0.000000e+00
    outer loop
      vertex   -5.021427e+01 -1.027035e+01 7.600000e+00
      vertex   -5.021427e+01 -7.791681e+00 1.983677e+00
      vertex   -5.021427e+01 -8.557139e+00 2.084451e+00
    endloop
  endfacet
  facet normal -1.000000e+00 0.000000e+00 0.000000e+00
    outer loop
      vertex   -5.021427e+01 -8.557139e+00 2.084451e+00
      vertex   -5.021427e+01 -9.310901e+00 2.251556e+00
      vertex   -5.021427e+01 -1.027035e+01 7.600000e+00
    endloop
  endfacet
  facet normal -1.000000e+00 0.000000e+00 0.000000e+00
    outer loop
      vertex   -5.021427e+01 -1.027035e+01 7.600000e+00
      vertex   -5.021427e+01 -9.310901e+00 2.251556e+00
      vertex   -5.021427e+01 -1.004723e+01 2.483720e+00
    endloop
  endfacet
  facet normal -1.000000e+00 0.000000e+00 -0.000000e+00
    outer loop
      vertex   -5.021427e+01 -1.027035e+01 7.600000e+00
      vertex   -5.021427e+01 -1.004723e+01 2.483720e+00
      vertex   -5.021427e+01 -1.076052e+01 2.779176e+00
    endloop
  endfacet
  facet normal -1.000000e+00 0.000000e+00 0.000000e+00
    outer loop
      vertex   -5.021427e+01 -1.076052e+01 2.779176e+00
      vertex   -5.021427e+01 -1.144535e+01 3.135675e+00
      vertex   -5.021427e+01 -1.027035e+01 7.600000e+00
    endloop
  endfacet
  facet normal -1.000000e+00 0.000000e+00 0.000000e+00
    outer loop
      vertex   -5.021427e+01 -1.027035e+01 7.600000e+00
      vertex   -5.021427e+01 -1.144535e+01 3.135675e+00
      vertex   -5.021427e+01 -1.209650e+01 3.550504e+00
    endloop
  endfacet
  facet normal -1.000000e+00 0.000000e+00 0.000000e+00
    outer loop
      vertex   -5.021427e+01 -1.027035e+01 7.600000e+00
      vertex   -5.021427e+01 -1.209650e+01 3.550504e+00
      vertex   -5.021427e+01 -1.270902e+01 4.020507e+00
    endloop
  endfacet
  facet normal -1.000000e+00 0.000000e+00 0.000000e+00
    outer loop
      vertex   -5.021427e+01 -1.270902e+01 4.020507e+00
      vertex   -5.021427e+01 -1.327825e+01 4.542105e+00
      vertex   -5.021427e+01 -1.027035e+01 7.600000e+00
    endloop
  endfacet
  facet normal -1.000000e+00 0.000000e+00 0.000000e+00
    outer loop
      vertex   -5.021427e+01 -1.027035e+01 7.600000e+00
      vertex   -5.021427e+01 -1.327825e+01 4.542105e+00
      vertex   -5.021427e+01 -1.379985e+01 5.111330e+00
    endloop
  endfacet
  facet normal -1.000000e+00 0.000000e+00 0.000000e+00
    outer loop
      vertex   -5.021427e+01 -1.027035e+01 7.600000e+00
      vertex   -5.021427e+01 -1.379985e+01 5.111330e+00
      vertex   -5.021427e+01 -1.426985e+01 5.723849e+00
    endloop
  endfacet
  facet normal -1.000000e+00 0.000000e+00 0.000000e+00
    outer loop
      vertex   -5.021427e+01 -1.426985e+01 5.723849e+00
      vertex   -5.021427e+01 -1.468468e+01 6.375000e+00
      vertex   -5.021427e+01 -1.027035e+01 7.600000e+00
    endloop
  endfacet
  facet normal -1.000000e+00 0.000000e+00 0.000000e+00
    outer loop
      vertex   -5.021427e+01 -1.027035e+01 7.600000e+00
      vertex   -5.021427e+01 -1.468468e+01 6.375000e+00
      vertex   -5.021427e+01 -1.504118e+01 7.059828e+00
    endloop
  endfacet
  facet normal -1.000000e+00 -0.000000e+00 0.000000e+00
    outer loop
      vertex   -5.021427e+01 -1.027035e+01 7.600000e+00
      vertex   -5.021427e+01 -1.504118e+01 7.059828e+00
      vertex   -5.021427e+01 -1.533663e+01 7.773122e+00
    endloop
  endfacet
  facet normal -1.000000e+00 0.000000e+00 0.000000e+00
    outer loop
      vertex   -5.021427e+01 -1.533663e+01 7.773122e+00
      vertex   -5.021427e+01 -1.556880e+01 8.509451e+00
      vertex   -5.021427e+01 -1.027035e+01 7.600000e+00
    endloop
  endfacet
  facet normal -1.000000e+00 0.000000e+00 0.000000e+00
    outer loop
      vertex   -5.021427e+01 -1.027035e+01 7.600000e+00
      vertex   -5.021427e+01 -1.556880e+01 8.509451e+00
      vertex   -5.021427e+01 -1.573590e+01 9.263214e+00
    endloop
  endfacet
  facet normal -1.000000e+00 0.000000e+00 0.000000e+00
    outer loop
      vertex   -5.021427e+01 -1.027035e+01 7.600000e+00
      vertex   -5.021427e+01 -1.573590e+01 9.263214e+00
      vertex   -5.021427e+01 -1.583668e+01 1.002867e+01
    endloop
  endfacet
  facet normal -1.000000e+00 0.000000e+00 0.000000e+00
    outer loop
      vertex   -5.021427e+01 -1.583668e+01 1.002867e+01
      vertex   -5.021427e+01 -1.587035e+01 1.080000e+01
      vertex   -5.021427e+01 -1.027035e+01 7.600000e+00
    endloop
  endfacet
  facet normal -1.000000e+00 0.000000e+00 0.000000e+00
    outer loop
      vertex   -5.021427e+01 -1.027035e+01 7.600000e+00
      vertex   -5.021427e+01 -1.587035e+01 1.080000e+01
      vertex   -5.021427e+01 -1.027035e+01 1.400000e+01
    endloop
  endfacet
  facet normal -1.000000e+00 -0.000000e+00 0.000000e+00
    outer loop
      vertex   -5.021427e+01 -1.027035e+01 1.400000e+01
      vertex   -5.021427e+01 -1.587035e+01 1.080000e+01
      vertex   -5.021427e+01 -1.587035e+01 2.165000e+01
    endloop
  endfacet
  facet normal -1.000000e+00 3.908633e-16 2.861222e-16
    outer loop
      vertex   -5.021427e+01 -1.027035e+01 1.400000e+01
      vertex   -5.021427e+01 -1.587035e+01 2.165000e+01
      vertex   -5.021427e+01 2.308451e+00 2.165000e+01
    endloop
  endfacet
  facet normal -1.000000e+00 5.648731e-16 0.000000e+00
    outer loop
      vertex   -5.021427e+01 2.308451e+00 2.165000e+01
      vertex   -5.021427e+01 2.308451e+00 1.475000e+01
      vertex   -5.021427e+01 -1.027035e+01 1.400000e+01
    endloop
  endfacet
  facet normal -1.000000e+00 6.006886e-16 -6.006886e-16
    outer loop
      vertex   -5.021427e+01 -1.027035e+01 1.400000e+01
      vertex   -5.021427e+01 2.308451e+00 1.475000e+01
      vertex   -5.021427e+01 1.558451e+00 1.400000e+01
    endloop
  endfacet
  facet normal -1.000000e+00 -6.006886e-16 -6.006886e-16
    outer loop
      vertex   -5.021427e+01 1.658725e+01 1.400000e+01
      vertex   -5.021427e+01 4.758451e+00 1.400000e+01
      vertex   -5.021427e+01 4.008451e+00 1.475000e+01
    endloop
  endfacet
  facet normal 1.000000e+00 0.000000e+00 0.000000e+00
    outer loop
      vertex   -2.271427e+01 -1.304146e+01 2.476132e+01
      vertex   -2.271427e+01 -1.398445e+01 2.474412e+01
      vertex   -2.271427e+01 -1.284083e+01 2.461984e+01
    endloop
  endfacet
  facet normal 1.000000e+00 0.000000e+00 0.000000e+00
    outer loop
      vertex   -2.271427e+01 -1.284083e+01 2.461984e+01
      vertex   -2.271427e+01 -1.398445e+01 2.474412e+01
      vertex   -2.271427e+01 -1.417979e+01 2.459542e+01
    endloop
  endfacet
  facet normal 1.000000e+00 0.000000e+00 0.000000e+00
    outer loop
      vertex   -2.271427e+01 -1.284083e+01 2.461984e+01
      vertex   -2.271427e+01 -1.417979e+01 2.459542e+01
      vertex   -2.271427e+01 -1.433170e+01 2.440257e+01
    endloop
  endfacet
  facet normal 1.000000e+00 0.000000e+00 0.000000e+00
    outer loop
      vertex   -2.271427e+01 -1.398445e+01 2.474412e+01
      vertex   -2.271427e+01 -1.304146e+01 2.476132e+01
      vertex   -2.271427e+01 -1.375811e+01 2.483920e+01
    endloop
  endfacet
  facet normal 1.000000e+00 -0.000000e+00 0.000000e+00
    outer loop
      vertex   -2.271427e+01 -1.375811e+01 2.483920e+01
      vertex   -2.271427e+01 -1.304146e+01 2.476132e+01
      vertex   -2.271427e+01 -1.327112e+01 2.484808e+01
    endloop
  endfacet
  facet normal 1.000000e+00 0.000000e+00 0.000000e+00
    outer loop
      vertex   -2.271427e+01 -1.375811e+01 2.483920e+01
      vertex   -2.271427e+01 -1.327112e+01 2.484808e+01
      vertex   -2.271427e+01 -1.351518e+01 2.487460e+01
    endloop
  endfacet
  facet normal 1.000000e+00 -0.000000e+00 0.000000e+00
    outer loop
      vertex   -2.271427e+01 -1.433170e+01 2.440257e+01
      vertex   -2.271427e+01 -1.443051e+01 2.417784e+01
      vertex   -2.271427e+01 -1.284083e+01 2.461984e+01
    endloop
  endfacet
  facet normal 1.000000e+00 0.000000e+00 0.000000e+00
    outer loop
      vertex   -2.271427e+01 -1.284083e+01 2.461984e+01
      vertex   -2.271427e+01 -1.443051e+01 2.417784e+01
      vertex   -2.271427e+01 -1.446993e+01 2.393553e+01
    endloop
  endfacet
  facet normal 1.000000e+00 0.000000e+00 0.000000e+00
    outer loop
      vertex   -2.271427e+01 -1.284083e+01 2.461984e+01
      vertex   -2.271427e+01 -1.446993e+01 2.393553e+01
      vertex   -2.271427e+01 -1.444745e+01 2.369106e+01
    endloop
  endfacet
  facet normal 1.000000e+00 -0.000000e+00 0.000000e+00
    outer loop
      vertex   -2.271427e+01 -1.444745e+01 2.369106e+01
      vertex   -2.271427e+01 -1.436450e+01 2.346000e+01
      vertex   -2.271427e+01 -1.284083e+01 2.461984e+01
    endloop
  endfacet
  facet normal 1.000000e+00 0.000000e+00 0.000000e+00
    outer loop
      vertex   -2.271427e+01 -1.284083e+01 2.461984e+01
      vertex   -2.271427e+01 -1.436450e+01 2.346000e+01
      vertex   -2.271427e+01 -1.422637e+01 2.325705e+01
    endloop
  endfacet
  facet normal 1.000000e+00 0.000000e+00 0.000000e+00
    outer loop
      vertex   -2.271427e+01 -1.284083e+01 2.461984e+01
      vertex   -2.271427e+01 -1.422637e+01 2.325705e+01
      vertex   -2.271427e+01 -1.404184e+01 2.309514e+01
    endloop
  endfacet
  facet normal 1.000000e+00 -0.000000e+00 0.000000e+00
    outer loop
      vertex   -2.271427e+01 -1.404184e+01 2.309514e+01
      vertex   -2.271427e+01 -1.382266e+01 2.298456e+01
      vertex   -2.271427e+01 -1.284083e+01 2.461984e+01
    endloop
  endfacet
  facet normal 1.000000e+00 0.000000e+00 0.000000e+00
    outer loop
      vertex   -2.271427e+01 -1.284083e+01 2.461984e+01
      vertex   -2.271427e+01 -1.382266e+01 2.298456e+01
      vertex   -2.271427e+01 -1.358278e+01 2.293235e+01
    endloop
  endfacet
  facet normal 1.000000e+00 0.000000e+00 0.000000e+00
    outer loop
      vertex   -2.271427e+01 -1.284083e+01 2.461984e+01
      vertex   -2.271427e+01 -1.358278e+01 2.293235e+01
      vertex   -2.271427e+01 -1.333746e+01 2.294184e+01
    endloop
  endfacet
  facet normal 1.000000e+00 0.000000e+00 0.000000e+00
    outer loop
      vertex   -2.271427e+01 -1.333746e+01 2.180000e+01
      vertex   -2.271427e+01 -1.127013e+01 2.180000e+01
      vertex   -2.271427e+01 -1.333746e+01 2.294184e+01
    endloop
  endfacet
  facet normal 1.000000e+00 -0.000000e+00 0.000000e+00
    outer loop
      vertex   -2.271427e+01 -1.333746e+01 2.294184e+01
      vertex   -2.271427e+01 -1.127013e+01 2.180000e+01
      vertex   -2.271427e+01 -1.284083e+01 2.461984e+01
    endloop
  endfacet
  facet normal 0.000000e+00 -1.000000e+00 0.000000e+00
    outer loop
      vertex   -2.271427e+01 -1.333746e+01 2.180000e+01
      vertex   -2.271427e+01 -1.333746e+01 2.294184e+01
      vertex   -3.871427e+01 -1.333746e+01 2.180000e+01
    endloop
  endfacet
  facet normal 0.000000e+00 -1.000000e+00 0.000000e+00
    outer loop
      vertex   -3.871427e+01 -1.333746e+01 2.180000e+01
      vertex   -2.271427e+01 -1.333746e+01 2.294184e+01
      vertex   -3.871427e+01 -1.333746e+01 2.294184e+01
    endloop
  endfacet
  facet normal 0.000000e+00 3.865800e-02 -9.992525e-01
    outer loop
      vertex   -2.271427e+01 -1.358278e+01 2.293235e+01
      vertex   -2.804761e+01 -1.358278e+01 2.293235e+01
      vertex   -2.271427e+01 -1.333746e+01 2.294184e+01
    endloop
  endfacet
  facet normal -3.886846e-20 3.865800e-02 -9.992525e-01
    outer loop
      vertex   -2.271427e+01 -1.333746e+01 2.294184e+01
      vertex   -2.804761e+01 -1.358278e+01 2.293235e+01
      vertex   -3.338094e+01 -1.358278e+01 2.293235e+01
    endloop
  endfacet
  facet normal 0.000000e+00 3.865800e-02 -9.992525e-01
    outer loop
      vertex   -2.271427e+01 -1.333746e+01 2.294184e+01
      vertex   -3.338094e+01 -1.358278e+01 2.293235e+01
      vertex   -3.871427e+01 -1.333746e+01 2.294184e+01
    endloop
  endfacet
  facet normal -3.886846e-20 3.865800e-02 -9.992525e-01
    outer loop
      vertex   -3.871427e+01 -1.333746e+01 2.294184e+01
      vertex   -3.338094e+01 -1.358278e+01 2.293235e+01
      vertex   -3.871427e+01 -1.358278e+01 2.293235e+01
    endloop
  endfacet
  facet normal 0.000000e+00 -2.126581e-01 -9.771267e-01
    outer loop
      vertex   -3.871427e+01 -1.358278e+01 2.293235e+01
      vertex   -3.338094e+01 -1.358278e+01 2.293235e+01
      vertex   -3.871427e+01 -1.382266e+01 2.298456e+01
    endloop
  endfacet
  facet normal 0.000000e+00 -2.126581e-01 -9.771267e-01
    outer loop
      vertex   -3.871427e+01 -1.382266e+01 2.298456e+01
      vertex   -3.338094e+01 -1.358278e+01 2.293235e+01
      vertex   -3.338094e+01 -1.382266e+01 2.298456e+01
    endloop
  endfacet
  facet normal 0.000000e+00 -4.504386e-01 -8.928074e-01
    outer loop
      vertex   -3.871427e+01 -1.382266e+01 2.298456e+01
      vertex   -3.338094e+01 -1.382266e+01 2.298456e+01
      vertex   -3.871427e+01 -1.404184e+01 2.309514e+01
    endloop
  endfacet
  facet normal 0.000000e+00 -4.504386e-01 -8.928074e-01
    outer loop
      vertex   -3.871427e+01 -1.404184e+01 2.309514e+01
      vertex   -3.338094e+01 -1.382266e+01 2.298456e+01
      vertex   -3.338094e+01 -1.404184e+01 2.309514e+01
    endloop
  endfacet
  facet normal 0.000000e+00 -6.595490e-01 -7.516616e-01
    outer loop
      vertex   -3.871427e+01 -1.404184e+01 2.309514e+01
      vertex   -3.338094e+01 -1.404184e+01 2.309514e+01
      vertex   -3.871427e+01 -1.422637e+01 2.325705e+01
    endloop
  endfacet
  facet normal 0.000000e+00 -6.595490e-01 -7.516616e-01
    outer loop
      vertex   -3.871427e+01 -1.422637e+01 2.325705e+01
      vertex   -3.338094e+01 -1.404184e+01 2.309514e+01
      vertex   -3.338094e+01 -1.422637e+01 2.325705e+01
    endloop
  endfacet
  facet normal 0.000000e+00 -8.266796e-01 -5.626730e-01
    outer loop
      vertex   -3.871427e+01 -1.422637e+01 2.325705e+01
      vertex   -3.338094e+01 -1.422637e+01 2.325705e+01
      vertex   -3.871427e+01 -1.436450e+01 2.346000e+01
    endloop
  endfacet
  facet normal 0.000000e+00 -8.266796e-01 -5.626730e-01
    outer loop
      vertex   -3.871427e+01 -1.436450e+01 2.346000e+01
      vertex   -3.338094e+01 -1.422637e+01 2.325705e+01
      vertex   -3.338094e+01 -1.436450e+01 2.346000e+01
    endloop
  endfacet
  facet normal 0.000000e+00 -9.411926e-01 -3.378706e-01
    outer loop
      vertex   -3.871427e+01 -1.436450e+01 2.346000e+01
      vertex   -3.338094e+01 -1.436450e+01 2.346000e+01
      vertex   -3.871427e+01 -1.444745e+01 2.369106e+01
    endloop
  endfacet
  facet normal 0.000000e+00 -9.411926e-01 -3.378706e-01
    outer loop
      vertex   -3.871427e+01 -1.444745e+01 2.369106e+01
      vertex   -3.338094e+01 -1.436450e+01 2.346000e+01
      vertex   -3.338094e+01 -1.444745e+01 2.369106e+01
    endloop
  endfacet
  facet normal 0.000000e+00 -9.957993e-01 -9.156307e-02
    outer loop
      vertex   -3.871427e+01 -1.444745e+01 2.369106e+01
      vertex   -3.338094e+01 -1.444745e+01 2.369106e+01
      vertex   -3.871427e+01 -1.446993e+01 2.393553e+01
    endloop
  endfacet
  facet normal 0.000000e+00 -9.957993e-01 -9.156307e-02
    outer loop
      vertex   -3.871427e+01 -1.446993e+01 2.393553e+01
      vertex   -3.338094e+01 -1.444745e+01 2.369106e+01
      vertex   -3.338094e+01 -1.446993e+01 2.393553e+01
    endloop
  endfacet
  facet normal 0.000000e+00 -9.870241e-01 1.605724e-01
    outer loop
      vertex   -3.871427e+01 -1.446993e+01 2.393553e+01
      vertex   -3.338094e+01 -1.446993e+01 2.393553e+01
      vertex   -3.871427e+01 -1.443051e+01 2.417784e+01
    endloop
  endfacet
  facet normal 0.000000e+00 -9.870241e-01 1.605724e-01
    outer loop
      vertex   -3.871427e+01 -1.443051e+01 2.417784e+01
      vertex   -3.338094e+01 -1.446993e+01 2.393553e+01
      vertex   -3.338094e+01 -1.443051e+01 2.417784e+01
    endloop
  endfacet
  facet normal 0.000000e+00 -9.154254e-01 4.024876e-01
    outer loop
      vertex   -3.871427e+01 -1.443051e+01 2.417784e+01
      vertex   -3.338094e+01 -1.443051e+01 2.417784e+01
      vertex   -3.871427e+01 -1.433170e+01 2.440257e+01
    endloop
  endfacet
  facet normal 0.000000e+00 -9.154254e-01 4.024876e-01
    outer loop
      vertex   -3.871427e+01 -1.433170e+01 2.440257e+01
      vertex   -3.338094e+01 -1.443051e+01 2.417784e+01
      vertex   -3.338094e+01 -1.433170e+01 2.440257e+01
    endloop
  endfacet
  facet normal 0.000000e+00 -7.855606e-01 6.187847e-01
    outer loop
      vertex   -3.871427e+01 -1.433170e+01 2.440257e+01
      vertex   -3.338094e+01 -1.433170e+01 2.440257e+01
      vertex   -3.871427e+01 -1.417979e+01 2.459542e+01
    endloop
  endfacet
  facet normal 0.000000e+00 -7.855606e-01 6.187847e-01
    outer loop
      vertex   -3.871427e+01 -1.417979e+01 2.459542e+01
      vertex   -3.338094e+01 -1.433170e+01 2.440257e+01
      vertex   -3.338094e+01 -1.417979e+01 2.459542e+01
    endloop
  endfacet
  facet normal 0.000000e+00 -6.056954e-01 7.956966e-01
    outer loop
      vertex   -3.871427e+01 -1.417979e+01 2.459542e+01
      vertex   -3.338094e+01 -1.417979e+01 2.459542e+01
      vertex   -3.871427e+01 -1.398445e+01 2.474412e+01
    endloop
  endfacet
  facet normal 0.000000e+00 -6.056954e-01 7.956966e-01
    outer loop
      vertex   -3.871427e+01 -1.398445e+01 2.474412e+01
      vertex   -3.338094e+01 -1.417979e+01 2.459542e+01
      vertex   -3.338094e+01 -1.398445e+01 2.474412e+01
    endloop
  endfacet
  facet normal 0.000000e+00 -3.872781e-01 9.219630e-01
    outer loop
      vertex   -3.871427e+01 -1.398445e+01 2.474412e+01
      vertex   -3.338094e+01 -1.398445e+01 2.474412e+01
      vertex   -3.871427e+01 -1.375811e+01 2.483920e+01
    endloop
  endfacet
  facet normal 0.000000e+00 -3.872781e-01 9.219630e-01
    outer loop
      vertex   -3.871427e+01 -1.375811e+01 2.483920e+01
      vertex   -3.338094e+01 -1.398445e+01 2.474412e+01
      vertex   -3.338094e+01 -1.375811e+01 2.483920e+01
    endloop
  endfacet
  facet normal 0.000000e+00 -1.442108e-01 9.895470e-01
    outer loop
      vertex   -3.871427e+01 -1.375811e+01 2.483920e+01
      vertex   -3.338094e+01 -1.375811e+01 2.483920e+01
      vertex   -3.871427e+01 -1.351518e+01 2.487460e+01
    endloop
  endfacet
  facet normal 0.000000e+00 -1.442108e-01 9.895470e-01
    outer loop
      vertex   -3.871427e+01 -1.351518e+01 2.487460e+01
      vertex   -3.338094e+01 -1.375811e+01 2.483920e+01
      vertex   -3.338094e+01 -1.351518e+01 2.487460e+01
    endloop
  endfacet
  facet normal -0.000000e+00 1.080355e-01 9.941470e-01
    outer loop
      vertex   -3.871427e+01 -1.351518e+01 2.487460e+01
      vertex   -3.338094e+01 -1.351518e+01 2.487460e+01
      vertex   -3.871427e+01 -1.327112e+01 2.484808e+01
    endloop
  endfacet
  facet normal -0.000000e+00 1.080355e-01 9.941470e-01
    outer loop
      vertex   -3.871427e+01 -1.327112e+01 2.484808e+01
      vertex   -3.338094e+01 -1.351518e+01 2.487460e+01
      vertex   -3.338094e+01 -1.327112e+01 2.484808e+01
    endloop
  endfacet
  facet normal -0.000000e+00 3.534053e-01 9.354703e-01
    outer loop
      vertex   -3.871427e+01 -1.327112e+01 2.484808e+01
      vertex   -3.338094e+01 -1.327112e+01 2.484808e+01
      vertex   -3.871427e+01 -1.304146e+01 2.476132e+01
    endloop
  endfacet
  facet normal -0.000000e+00 3.534053e-01 9.354703e-01
    outer loop
      vertex   -3.871427e+01 -1.304146e+01 2.476132e+01
      vertex   -3.338094e+01 -1.327112e+01 2.484808e+01
      vertex   -3.338094e+01 -1.304146e+01 2.476132e+01
    endloop
  endfacet
  facet normal -0.000000e+00 5.762811e-01 8.172515e-01
    outer loop
      vertex   -3.871427e+01 -1.304146e+01 2.476132e+01
      vertex   -3.338094e+01 -1.304146e+01 2.476132e+01
      vertex   -3.871427e+01 -1.284083e+01 2.461984e+01
    endloop
  endfacet
  facet normal -1.264259e-18 5.762811e-01 8.172515e-01
    outer loop
      vertex   -3.871427e+01 -1.284083e+01 2.461984e+01
      vertex   -3.338094e+01 -1.304146e+01 2.476132e+01
      vertex   -2.804761e+01 -1.304146e+01 2.476132e+01
    endloop
  endfacet
  facet normal -0.000000e+00 5.762811e-01 8.172515e-01
    outer loop
      vertex   -3.871427e+01 -1.284083e+01 2.461984e+01
      vertex   -2.804761e+01 -1.304146e+01 2.476132e+01
      vertex   -2.271427e+01 -1.284083e+01 2.461984e+01
    endloop
  endfacet
  facet normal -1.264259e-18 5.762811e-01 8.172515e-01
    outer loop
      vertex   -2.271427e+01 -1.284083e+01 2.461984e+01
      vertex   -2.804761e+01 -1.304146e+01 2.476132e+01
      vertex   -2.271427e+01 -1.304146e+01 2.476132e+01
    endloop
  endfacet
  facet normal 0.000000e+00 3.534053e-01 9.354703e-01
    outer loop
      vertex   -2.271427e+01 -1.304146e+01 2.476132e+01
      vertex   -2.804761e+01 -1.304146e+01 2.476132e+01
      vertex   -2.271427e+01 -1.327112e+01 2.484808e+01
    endloop
  endfacet
  facet normal 0.000000e+00 3.534053e-01 9.354703e-01
    outer loop
      vertex   -2.271427e+01 -1.327112e+01 2.484808e+01
      vertex   -2.804761e+01 -1.304146e+01 2.476132e+01
      vertex   -2.804761e+01 -1.327112e+01 2.484808e+01
    endloop
  endfacet
  facet normal 0.000000e+00 1.080355e-01 9.941470e-01
    outer loop
      vertex   -2.271427e+01 -1.327112e+01 2.484808e+01
      vertex   -2.804761e+01 -1.327112e+01 2.484808e+01
      vertex   -2.271427e+01 -1.351518e+01 2.487460e+01
    endloop
  endfacet
  facet normal 0.000000e+00 1.080355e-01 9.941470e-01
    outer loop
      vertex   -2.271427e+01 -1.351518e+01 2.487460e+01
      vertex   -2.804761e+01 -1.327112e+01 2.484808e+01
      vertex   -2.804761e+01 -1.351518e+01 2.487460e+01
    endloop
  endfacet
  facet normal 0.000000e+00 -1.442108e-01 9.895470e-01
    outer loop
      vertex   -2.271427e+01 -1.351518e+01 2.487460e+01
      vertex   -2.804761e+01 -1.351518e+01 2.487460e+01
      vertex   -2.271427e+01 -1.375811e+01 2.483920e+01
    endloop
  endfacet
  facet normal 0.000000e+00 -1.442108e-01 9.895470e-01
    outer loop
      vertex   -2.271427e+01 -1.375811e+01 2.483920e+01
      vertex   -2.804761e+01 -1.351518e+01 2.487460e+01
      vertex   -2.804761e+01 -1.375811e+01 2.483920e+01
    endloop
  endfacet
  facet normal 0.000000e+00 -3.872781e-01 9.219630e-01
    outer loop
      vertex   -2.271427e+01 -1.375811e+01 2.483920e+01
      vertex   -2.804761e+01 -1.375811e+01 2.483920e+01
      vertex   -2.271427e+01 -1.398445e+01 2.474412e+01
    endloop
  endfacet
  facet normal 0.000000e+00 -3.872781e-01 9.219630e-01
    outer loop
      vertex   -2.271427e+01 -1.398445e+01 2.474412e+01
      vertex   -2.804761e+01 -1.375811e+01 2.483920e+01
      vertex   -2.804761e+01 -1.398445e+01 2.474412e+01
    endloop
  endfacet
  facet normal 0.000000e+00 -6.056954e-01 7.956966e-01
    outer loop
      vertex   -2.271427e+01 -1.398445e+01 2.474412e+01
      vertex   -2.804761e+01 -1.398445e+01 2.474412e+01
      vertex   -2.271427e+01 -1.417979e+01 2.459542e+01
    endloop
  endfacet
  facet normal 0.000000e+00 -6.056954e-01 7.956966e-01
    outer loop
      vertex   -2.271427e+01 -1.417979e+01 2.459542e+01
      vertex   -2.804761e+01 -1.398445e+01 2.474412e+01
      vertex   -2.804761e+01 -1.417979e+01 2.459542e+01
    endloop
  endfacet
  facet normal 0.000000e+00 -7.855606e-01 6.187847e-01
    outer loop
      vertex   -2.271427e+01 -1.417979e+01 2.459542e+01
      vertex   -2.804761e+01 -1.417979e+01 2.459542e+01
      vertex   -2.271427e+01 -1.433170e+01 2.440257e+01
    endloop
  endfacet
  facet normal 0.000000e+00 -7.855606e-01 6.187847e-01
    outer loop
      vertex   -2.271427e+01 -1.433170e+01 2.440257e+01
      vertex   -2.804761e+01 -1.417979e+01 2.459542e+01
      vertex   -2.804761e+01 -1.433170e+01 2.440257e+01
    endloop
  endfacet
  facet normal 0.000000e+00 -9.154254e-01 4.024876e-01
    outer loop
      vertex   -2.271427e+01 -1.433170e+01 2.440257e+01
      vertex   -2.804761e+01 -1.433170e+01 2.440257e+01
      vertex   -2.271427e+01 -1.443051e+01 2.417784e+01
    endloop
  endfacet
  facet normal 0.000000e+00 -9.154254e-01 4.024876e-01
    outer loop
      vertex   -2.271427e+01 -1.443051e+01 2.417784e+01
      vertex   -2.804761e+01 -1.433170e+01 2.440257e+01
      vertex   -2.804761e+01 -1.443051e+01 2.417784e+01
    endloop
  endfacet
  facet normal 0.000000e+00 -9.870241e-01 1.605724e-01
    outer loop
      vertex   -2.271427e+01 -1.443051e+01 2.417784e+01
      vertex   -2.804761e+01 -1.443051e+01 2.417784e+01
      vertex   -2.271427e+01 -1.446993e+01 2.393553e+01
    endloop
  endfacet
  facet normal 0.000000e+00 -9.870241e-01 1.605724e-01
    outer loop
      vertex   -2.271427e+01 -1.446993e+01 2.393553e+01
      vertex   -2.804761e+01 -1.443051e+01 2.417784e+01
      vertex   -2.804761e+01 -1.446993e+01 2.393553e+01
    endloop
  endfacet
  facet normal -0.000000e+00 -9.957993e-01 -9.156307e-02
    outer loop
      vertex   -2.271427e+01 -1.446993e+01 2.393553e+01
      vertex   -2.804761e+01 -1.446993e+01 2.393553e+01
      vertex   -2.271427e+01 -1.444745e+01 2.369106e+01
    endloop
  endfacet
  facet normal -0.000000e+00 -9.957993e-01 -9.156307e-02
    outer loop
      vertex   -2.271427e+01 -1.444745e+01 2.369106e+01
      vertex   -2.804761e+01 -1.446993e+01 2.393553e+01
      vertex   -2.804761e+01 -1.444745e+01 2.369106e+01
    endloop
  endfacet
  facet normal -0.000000e+00 -9.411926e-01 -3.378706e-01
    outer loop
      vertex   -2.271427e+01 -1.444745e+01 2.369106e+01
      vertex   -2.804761e+01 -1.444745e+01 2.369106e+01
      vertex   -2.271427e+01 -1.436450e+01 2.346000e+01
    endloop
  endfacet
  facet normal -0.000000e+00 -9.411926e-01 -3.378706e-01
    outer loop
      vertex   -2.271427e+01 -1.436450e+01 2.346000e+01
      vertex   -2.804761e+01 -1.444745e+01 2.369106e+01
      vertex   -2.804761e+01 -1.436450e+01 2.346000e+01
    endloop
  endfacet
  facet normal -0.000000e+00 -8.266796e-01 -5.626730e-01
    outer loop
      vertex   -2.271427e+01 -1.436450e+01 2.346000e+01
      vertex   -2.804761e+01 -1.436450e+01 2.346000e+01
      vertex   -2.271427e+01 -1.422637e+01 2.325705e+01
    endloop
  endfacet
  facet normal -0.000000e+00 -8.266796e-01 -5.626730e-01
    outer loop
      vertex   -2.271427e+01 -1.422637e+01 2.325705e+01
      vertex   -2.804761e+01 -1.436450e+01 2.346000e+01
      vertex   -2.804761e+01 -1.422637e+01 2.325705e+01
    endloop
  endfacet
  facet normal -0.000000e+00 -6.595490e-01 -7.516616e-01
    outer loop
      vertex   -2.271427e+01 -1.422637e+01 2.325705e+01
      vertex   -2.804761e+01 -1.422637e+01 2.325705e+01
      vertex   -2.271427e+01 -1.404184e+01 2.309514e+01
    endloop
  endfacet
  facet normal -0.000000e+00 -6.595490e-01 -7.516616e-01
    outer loop
      vertex   -2.271427e+01 -1.404184e+01 2.309514e+01
      vertex   -2.804761e+01 -1.422637e+01 2.325705e+01
      vertex   -2.804761e+01 -1.404184e+01 2.309514e+01
    endloop
  endfacet
  facet normal -0.000000e+00 -4.504386e-01 -8.928074e-01
    outer loop
      vertex   -2.271427e+01 -1.404184e+01 2.309514e+01
      vertex   -2.804761e+01 -1.404184e+01 2.309514e+01
      vertex   -2.271427e+01 -1.382266e+01 2.298456e+01
    endloop
  endfacet
  facet normal -0.000000e+00 -4.504386e-01 -8.928074e-01
    outer loop
      vertex   -2.271427e+01 -1.382266e+01 2.298456e+01
      vertex   -2.804761e+01 -1.404184e+01 2.309514e+01
      vertex   -2.804761e+01 -1.382266e+01 2.298456e+01
    endloop
  endfacet
  facet normal -0.000000e+00 -2.126581e-01 -9.771267e-01
    outer loop
      vertex   -2.271427e+01 -1.382266e+01 2.298456e+01
      vertex   -2.804761e+01 -1.382266e+01 2.298456e+01
      vertex   -2.271427e+01 -1.358278e+01 2.293235e+01
    endloop
  endfacet
  facet normal -0.000000e+00 -2.126581e-01 -9.771267e-01
    outer loop
      vertex   -2.271427e+01 -1.358278e+01 2.293235e+01
      vertex   -2.804761e+01 -1.382266e+01 2.298456e+01
      vertex   -2.804761e+01 -1.358278e+01 2.293235e+01
    endloop
  endfacet
  facet normal 2.717656e-19 -2.126581e-01 -9.771267e-01
    outer loop
      vertex   -3.338094e+01 -1.382266e+01 2.298456e+01
      vertex   -3.338094e+01 -1.358278e+01 2.293235e+01
      vertex   -2.804761e+01 -1.358278e+01 2.293235e+01
    endloop
  endfacet
  facet normal 7.082936e-17 -2.126581e-01 -9.771267e-01
    outer loop
      vertex   -3.338094e+01 -1.382266e+01 2.298456e+01
      vertex   -2.804761e+01 -1.358278e+01 2.293235e+01
      vertex   -2.804761e+01 -1.382266e+01 2.298456e+01
    endloop
  endfacet
  facet normal 1.498930e-16 -4.504386e-01 -8.928074e-01
    outer loop
      vertex   -3.338094e+01 -1.404184e+01 2.309514e+01
      vertex   -3.338094e+01 -1.382266e+01 2.298456e+01
      vertex   -2.804761e+01 -1.382266e+01 2.298456e+01
    endloop
  endfacet
  facet normal 0.000000e+00 -4.504386e-01 -8.928074e-01
    outer loop
      vertex   -3.338094e+01 -1.404184e+01 2.309514e+01
      vertex   -2.804761e+01 -1.382266e+01 2.298456e+01
      vertex   -2.804761e+01 -1.404184e+01 2.309514e+01
    endloop
  endfacet
  facet normal -1.060815e-18 -6.595490e-01 -7.516616e-01
    outer loop
      vertex   -3.338094e+01 -1.422637e+01 2.325705e+01
      vertex   -3.338094e+01 -1.404184e+01 2.309514e+01
      vertex   -2.804761e+01 -1.404184e+01 2.309514e+01
    endloop
  endfacet
  facet normal 0.000000e+00 -6.595490e-01 -7.516616e-01
    outer loop
      vertex   -3.338094e+01 -1.422637e+01 2.325705e+01
      vertex   -2.804761e+01 -1.404184e+01 2.309514e+01
      vertex   -2.804761e+01 -1.422637e+01 2.325705e+01
    endloop
  endfacet
  facet normal -3.426148e-19 -8.266796e-01 -5.626730e-01
    outer loop
      vertex   -3.338094e+01 -1.436450e+01 2.346000e+01
      vertex   -3.338094e+01 -1.422637e+01 2.325705e+01
      vertex   -2.804761e+01 -1.422637e+01 2.325705e+01
    endloop
  endfacet
  facet normal 0.000000e+00 -8.266796e-01 -5.626730e-01
    outer loop
      vertex   -3.338094e+01 -1.436450e+01 2.346000e+01
      vertex   -2.804761e+01 -1.422637e+01 2.325705e+01
      vertex   -2.804761e+01 -1.436450e+01 2.346000e+01
    endloop
  endfacet
  facet normal -1.237000e-18 -9.411926e-01 -3.378706e-01
    outer loop
      vertex   -3.338094e+01 -1.444745e+01 2.369106e+01
      vertex   -3.338094e+01 -1.436450e+01 2.346000e+01
      vertex   -2.804761e+01 -1.436450e+01 2.346000e+01
    endloop
  endfacet
  facet normal 0.000000e+00 -9.411926e-01 -3.378706e-01
    outer loop
      vertex   -3.338094e+01 -1.444745e+01 2.369106e+01
      vertex   -2.804761e+01 -1.436450e+01 2.346000e+01
      vertex   -2.804761e+01 -1.444745e+01 2.369106e+01
    endloop
  endfacet
  facet normal -1.125941e-19 -9.957993e-01 -9.156307e-02
    outer loop
      vertex   -3.338094e+01 -1.446993e+01 2.393553e+01
      vertex   -3.338094e+01 -1.444745e+01 2.369106e+01
      vertex   -2.804761e+01 -1.444745e+01 2.369106e+01
    endloop
  endfacet
  facet normal 0.000000e+00 -9.957993e-01 -9.156307e-02
    outer loop
      vertex   -3.338094e+01 -1.446993e+01 2.393553e+01
      vertex   -2.804761e+01 -1.444745e+01 2.369106e+01
      vertex   -2.804761e+01 -1.446993e+01 2.393553e+01
    endloop
  endfacet
  facet normal -5.585103e-20 -9.870241e-01 1.605724e-01
    outer loop
      vertex   -3.338094e+01 -1.443051e+01 2.417784e+01
      vertex   -3.338094e+01 -1.446993e+01 2.393553e+01
      vertex   -2.804761e+01 -1.446993e+01 2.393553e+01
    endloop
  endfacet
  facet normal 0.000000e+00 -9.870241e-01 1.605724e-01
    outer loop
      vertex   -3.338094e+01 -1.443051e+01 2.417784e+01
      vertex   -2.804761e+01 -1.446993e+01 2.393553e+01
      vertex   -2.804761e+01 -1.443051e+01 2.417784e+01
    endloop
  endfacet
  facet normal 7.605535e-19 -9.154254e-01 4.024876e-01
    outer loop
      vertex   -3.338094e+01 -1.433170e+01 2.440257e+01
      vertex   -3.338094e+01 -1.443051e+01 2.417784e+01
      vertex   -2.804761e+01 -1.443051e+01 2.417784e+01
    endloop
  endfacet
  facet normal 0.000000e+00 -9.154254e-01 4.024876e-01
    outer loop
      vertex   -3.338094e+01 -1.433170e+01 2.440257e+01
      vertex   -2.804761e+01 -1.443051e+01 2.417784e+01
      vertex   -2.804761e+01 -1.433170e+01 2.440257e+01
    endloop
  endfacet
  facet normal -1.168157e-18 -7.855606e-01 6.187847e-01
    outer loop
      vertex   -3.338094e+01 -1.417979e+01 2.459542e+01
      vertex   -3.338094e+01 -1.433170e+01 2.440257e+01
      vertex   -2.804761e+01 -1.433170e+01 2.440257e+01
    endloop
  endfacet
  facet normal -4.121934e-16 -7.855606e-01 6.187847e-01
    outer loop
      vertex   -3.338094e+01 -1.417979e+01 2.459542e+01
      vertex   -2.804761e+01 -1.433170e+01 2.440257e+01
      vertex   -2.804761e+01 -1.417979e+01 2.459542e+01
    endloop
  endfacet
  facet normal -5.294097e-16 -6.056954e-01 7.956966e-01
    outer loop
      vertex   -3.338094e+01 -1.398445e+01 2.474412e+01
      vertex   -3.338094e+01 -1.417979e+01 2.459542e+01
      vertex   -2.804761e+01 -1.417979e+01 2.459542e+01
    endloop
  endfacet
  facet normal 0.000000e+00 -6.056954e-01 7.956966e-01
    outer loop
      vertex   -3.338094e+01 -1.398445e+01 2.474412e+01
      vertex   -2.804761e+01 -1.417979e+01 2.459542e+01
      vertex   -2.804761e+01 -1.398445e+01 2.474412e+01
    endloop
  endfacet
  facet normal 8.471089e-19 -3.872781e-01 9.219630e-01
    outer loop
      vertex   -3.338094e+01 -1.375811e+01 2.483920e+01
      vertex   -3.338094e+01 -1.398445e+01 2.474412e+01
      vertex   -2.804761e+01 -1.398445e+01 2.474412e+01
    endloop
  endfacet
  facet normal 0.000000e+00 -3.872781e-01 9.219630e-01
    outer loop
      vertex   -3.338094e+01 -1.375811e+01 2.483920e+01
      vertex   -2.804761e+01 -1.398445e+01 2.474412e+01
      vertex   -2.804761e+01 -1.375811e+01 2.483920e+01
    endloop
  endfacet
  facet normal 1.387830e-19 -1.442108e-01 9.895470e-01
    outer loop
      vertex   -3.338094e+01 -1.351518e+01 2.487460e+01
      vertex   -3.338094e+01 -1.375811e+01 2.483920e+01
      vertex   -2.804761e+01 -1.375811e+01 2.483920e+01
    endloop
  endfacet
  facet normal 4.803183e-17 -1.442108e-01 9.895470e-01
    outer loop
      vertex   -3.338094e+01 -1.351518e+01 2.487460e+01
      vertex   -2.804761e+01 -1.375811e+01 2.483920e+01
      vertex   -2.804761e+01 -1.351518e+01 2.487460e+01
    endloop
  endfacet
  facet normal -3.612738e-17 1.080355e-01 9.941470e-01
    outer loop
      vertex   -3.338094e+01 -1.327112e+01 2.484808e+01
      vertex   -3.338094e+01 -1.351518e+01 2.487460e+01
      vertex   -2.804761e+01 -1.351518e+01 2.487460e+01
    endloop
  endfacet
  facet normal -0.000000e+00 1.080355e-01 9.941470e-01
    outer loop
      vertex   -3.338094e+01 -1.327112e+01 2.484808e+01
      vertex   -2.804761e+01 -1.351518e+01 2.487460e+01
      vertex   -2.804761e+01 -1.327112e+01 2.484808e+01
    endloop
  endfacet
  facet normal 5.846438e-19 3.534053e-01 9.354703e-01
    outer loop
      vertex   -3.338094e+01 -1.304146e+01 2.476132e+01
      vertex   -3.338094e+01 -1.327112e+01 2.484808e+01
      vertex   -2.804761e+01 -1.327112e+01 2.484808e+01
    endloop
  endfacet
  facet normal -0.000000e+00 3.534053e-01 9.354703e-01
    outer loop
      vertex   -3.338094e+01 -1.304146e+01 2.476132e+01
      vertex   -2.804761e+01 -1.327112e+01 2.484808e+01
      vertex   -2.804761e+01 -1.304146e+01 2.476132e+01
    endloop
  endfacet
  facet normal 0.000000e+00 8.736140e-01 4.866196e-01
    outer loop
      vertex   -2.271427e+01 -1.284083e+01 2.461984e+01
      vertex   -2.271427e+01 -1.127013e+01 2.180000e+01
      vertex   -3.871427e+01 -1.284083e+01 2.461984e+01
    endloop
  endfacet
  facet normal -3.957350e-18 8.736140e-01 4.866196e-01
    outer loop
      vertex   -3.871427e+01 -1.284083e+01 2.461984e+01
      vertex   -2.271427e+01 -1.127013e+01 2.180000e+01
      vertex   -3.871427e+01 -1.127013e+01 2.180000e+01
    endloop
  endfacet
  facet normal -1.000000e+00 0.000000e+00 0.000000e+00
    outer loop
      vertex   -3.871427e+01 -1.358278e+01 2.293235e+01
      vertex   -3.871427e+01 -1.284083e+01 2.461984e+01
      vertex   -3.871427e+01 -1.333746e+01 2.294184e+01
    endloop
  endfacet
  facet normal -1.000000e+00 0.000000e+00 0.000000e+00
    outer loop
      vertex   -3.871427e+01 -1.333746e+01 2.294184e+01
      vertex   -3.871427e+01 -1.284083e+01 2.461984e+01
      vertex   -3.871427e+01 -1.127013e+01 2.180000e+01
    endloop
  endfacet
  facet normal -1.000000e+00 0.000000e+00 0.000000e+00
    outer loop
      vertex   -3.871427e+01 -1.333746e+01 2.294184e+01
      vertex   -3.871427e+01 -1.127013e+01 2.180000e+01
      vertex   -3.871427e+01 -1.333746e+01 2.180000e+01
    endloop
  endfacet
  facet normal -1.000000e+00 0.000000e+00 0.000000e+00
    outer loop
      vertex   -3.871427e+01 -1.358278e+01 2.293235e+01
      vertex   -3.871427e+01 -1.382266e+01 2.298456e+01
      vertex   -3.871427e+01 -1.284083e+01 2.461984e+01
    endloop
  endfacet
  facet normal -1.000000e+00 0.000000e+00 0.000000e+00
    outer loop
      vertex   -3.871427e+01 -1.284083e+01 2.461984e+01
      vertex   -3.871427e+01 -1.382266e+01 2.298456e+01
      vertex   -3.871427e+01 -1.404184e+01 2.309514e+01
    endloop
  endfacet
  facet normal -1.000000e+00 0.000000e+00 0.000000e+00
    outer loop
      vertex   -3.871427e+01 -1.284083e+01 2.461984e+01
      vertex   -3.871427e+01 -1.404184e+01 2.309514e+01
      vertex   -3.871427e+01 -1.422637e+01 2.325705e+01
    endloop
  endfacet
  facet normal -1.000000e+00 0.000000e+00 0.000000e+00
    outer loop
      vertex   -3.871427e+01 -1.422637e+01 2.325705e+01
      vertex   -3.871427e+01 -1.436450e+01 2.346000e+01
      vertex   -3.871427e+01 -1.284083e+01 2.461984e+01
    endloop
  endfacet
  facet normal -1.000000e+00 0.000000e+00 0.000000e+00
    outer loop
      vertex   -3.871427e+01 -1.284083e+01 2.461984e+01
      vertex   -3.871427e+01 -1.436450e+01 2.346000e+01
      vertex   -3.871427e+01 -1.444745e+01 2.369106e+01
    endloop
  endfacet
  facet normal -1.000000e+00 0.000000e+00 0.000000e+00
    outer loop
      vertex   -3.871427e+01 -1.284083e+01 2.461984e+01
      vertex   -3.871427e+01 -1.444745e+01 2.369106e+01
      vertex   -3.871427e+01 -1.446993e+01 2.393553e+01
    endloop
  endfacet
  facet normal -1.000000e+00 0.000000e+00 0.000000e+00
    outer loop
      vertex   -3.871427e+01 -1.446993e+01 2.393553e+01
      vertex   -3.871427e+01 -1.443051e+01 2.417784e+01
      vertex   -3.871427e+01 -1.284083e+01 2.461984e+01
    endloop
  endfacet
  facet normal -1.000000e+00 0.000000e+00 0.000000e+00
    outer loop
      vertex   -3.871427e+01 -1.284083e+01 2.461984e+01
      vertex   -3.871427e+01 -1.443051e+01 2.417784e+01
      vertex   -3.871427e+01 -1.433170e+01 2.440257e+01
    endloop
  endfacet
  facet normal -1.000000e+00 0.000000e+00 0.000000e+00
    outer loop
      vertex   -3.871427e+01 -1.284083e+01 2.461984e+01
      vertex   -3.871427e+01 -1.433170e+01 2.440257e+01
      vertex   -3.871427e+01 -1.417979e+01 2.459542e+01
    endloop
  endfacet
  facet normal -1.000000e+00 0.000000e+00 0.000000e+00
    outer loop
      vertex   -3.871427e+01 -1.417979e+01 2.459542e+01
      vertex   -3.871427e+01 -1.398445e+01 2.474412e+01
      vertex   -3.871427e+01 -1.284083e+01 2.461984e+01
    endloop
  endfacet
  facet normal -1.000000e+00 0.000000e+00 0.000000e+00
    outer loop
      vertex   -3.871427e+01 -1.284083e+01 2.461984e+01
      vertex   -3.871427e+01 -1.398445e+01 2.474412e+01
      vertex   -3.871427e+01 -1.304146e+01 2.476132e+01
    endloop
  endfacet
  facet normal -1.000000e+00 -0.000000e+00 0.000000e+00
    outer loop
      vertex   -3.871427e+01 -1.304146e+01 2.476132e+01
      vertex   -3.871427e+01 -1.398445e+01 2.474412e+01
      vertex   -3.871427e+01 -1.375811e+01 2.483920e+01
    endloop
  endfacet
  facet normal -1.000000e+00 0.000000e+00 0.000000e+00
    outer loop
      vertex   -3.871427e+01 -1.304146e+01 2.476132e+01
      vertex   -3.871427e+01 -1.375811e+01 2.483920e+01
      vertex   -3.871427e+01 -1.327112e+01 2.484808e+01
    endloop
  endfacet
  facet normal -1.000000e+00 -0.000000e+00 0.000000e+00
    outer loop
      vertex   -3.871427e+01 -1.327112e+01 2.484808e+01
      vertex   -3.871427e+01 -1.375811e+01 2.483920e+01
      vertex   -3.871427e+01 -1.351518e+01 2.487460e+01
    endloop
  endfacet
  facet normal 1.000000e+00 0.000000e+00 0.000000e+00
    outer loop
      vertex   -2.271427e+01 1.758703e+01 2.180000e+01
      vertex   -2.271427e+01 1.965436e+01 2.294184e+01
      vertex   -2.271427e+01 1.915773e+01 2.461984e+01
    endloop
  endfacet
  facet normal 1.000000e+00 0.000000e+00 0.000000e+00
    outer loop
      vertex   -2.271427e+01 1.915773e+01 2.461984e+01
      vertex   -2.271427e+01 1.965436e+01 2.294184e+01
      vertex   -2.271427e+01 1.989968e+01 2.293235e+01
    endloop
  endfacet
  facet normal 1.000000e+00 0.000000e+00 0.000000e+00
    outer loop
      vertex   -2.271427e+01 1.915773e+01 2.461984e+01
      vertex   -2.271427e+01 1.989968e+01 2.293235e+01
      vertex   -2.271427e+01 2.013956e+01 2.298456e+01
    endloop
  endfacet
  facet normal 1.000000e+00 0.000000e+00 0.000000e+00
    outer loop
      vertex   -2.271427e+01 1.758703e+01 2.180000e+01
      vertex   -2.271427e+01 1.965436e+01 2.180000e+01
      vertex   -2.271427e+01 1.965436e+01 2.294184e+01
    endloop
  endfacet
  facet normal 1.000000e+00 0.000000e+00 -0.000000e+00
    outer loop
      vertex   -2.271427e+01 2.013956e+01 2.298456e+01
      vertex   -2.271427e+01 2.035874e+01 2.309514e+01
      vertex   -2.271427e+01 1.915773e+01 2.461984e+01
    endloop
  endfacet
  facet normal 1.000000e+00 0.000000e+00 0.000000e+00
    outer loop
      vertex   -2.271427e+01 1.915773e+01 2.461984e+01
      vertex   -2.271427e+01 2.035874e+01 2.309514e+01
      vertex   -2.271427e+01 2.054327e+01 2.325705e+01
    endloop
  endfacet
  facet normal 1.000000e+00 0.000000e+00 0.000000e+00
    outer loop
      vertex   -2.271427e+01 1.915773e+01 2.461984e+01
      vertex   -2.271427e+01 2.054327e+01 2.325705e+01
      vertex   -2.271427e+01 2.068141e+01 2.346000e+01
    endloop
  endfacet
  facet normal 1.000000e+00 0.000000e+00 -0.000000e+00
    outer loop
      vertex   -2.271427e+01 2.068141e+01 2.346000e+01
      vertex   -2.271427e+01 2.076435e+01 2.369106e+01
      vertex   -2.271427e+01 1.915773e+01 2.461984e+01
    endloop
  endfacet
  facet normal 1.000000e+00 0.000000e+00 0.000000e+00
    outer loop
      vertex   -2.271427e+01 1.915773e+01 2.461984e+01
      vertex   -2.271427e+01 2.076435e+01 2.369106e+01
      vertex   -2.271427e+01 2.078683e+01 2.393553e+01
    endloop
  endfacet
  facet normal 1.000000e+00 0.000000e+00 0.000000e+00
    outer loop
      vertex   -2.271427e+01 1.915773e+01 2.461984e+01
      vertex   -2.271427e+01 2.078683e+01 2.393553e+01
      vertex   -2.271427e+01 2.074741e+01 2.417784e+01
    endloop
  endfacet
  facet normal 1.000000e+00 0.000000e+00 0.000000e+00
    outer loop
      vertex   -2.271427e+01 2.074741e+01 2.417784e+01
      vertex   -2.271427e+01 2.064860e+01 2.440257e+01
      vertex   -2.271427e+01 1.915773e+01 2.461984e+01
    endloop
  endfacet
  facet normal 1.000000e+00 0.000000e+00 0.000000e+00
    outer loop
      vertex   -2.271427e+01 1.915773e+01 2.461984e+01
      vertex   -2.271427e+01 2.064860e+01 2.440257e+01
      vertex   -2.271427e+01 2.049669e+01 2.459542e+01
    endloop
  endfacet
  facet normal 1.000000e+00 -0.000000e+00 0.000000e+00
    outer loop
      vertex   -2.271427e+01 1.915773e+01 2.461984e+01
      vertex   -2.271427e+01 2.049669e+01 2.459542e+01
      vertex   -2.271427e+01 2.030135e+01 2.474412e+01
    endloop
  endfacet
  facet normal 1.000000e+00 0.000000e+00 0.000000e+00
    outer loop
      vertex   -2.271427e+01 1.915773e+01 2.461984e+01
      vertex   -2.271427e+01 2.030135e+01 2.474412e+01
      vertex   -2.271427e+01 1.935837e+01 2.476132e+01
    endloop
  endfacet
  facet normal 1.000000e+00 -0.000000e+00 0.000000e+00
    outer loop
      vertex   -2.271427e+01 1.935837e+01 2.476132e+01
      vertex   -2.271427e+01 2.030135e+01 2.474412e+01
      vertex   -2.271427e+01 2.007501e+01 2.483920e+01
    endloop
  endfacet
  facet normal 1.000000e+00 0.000000e+00 0.000000e+00
    outer loop
      vertex   -2.271427e+01 1.935837e+01 2.476132e+01
      vertex   -2.271427e+01 2.007501e+01 2.483920e+01
      vertex   -2.271427e+01 1.958802e+01 2.484808e+01
    endloop
  endfacet
  facet normal 1.000000e+00 -0.000000e+00 0.000000e+00
    outer loop
      vertex   -2.271427e+01 1.958802e+01 2.484808e+01
      vertex   -2.271427e+01 2.007501e+01 2.483920e+01
      vertex   -2.271427e+01 1.983208e+01 2.487460e+01
    endloop
  endfacet
  facet normal 0.000000e+00 -8.736140e-01 4.866196e-01
    outer loop
      vertex   -2.271427e+01 1.758703e+01 2.180000e+01
      vertex   -2.271427e+01 1.915773e+01 2.461984e+01
      vertex   -3.871427e+01 1.758703e+01 2.180000e+01
    endloop
  endfacet
  facet normal -7.043854e-18 -8.736140e-01 4.866196e-01
    outer loop
      vertex   -3.871427e+01 1.758703e+01 2.180000e+01
      vertex   -2.271427e+01 1.915773e+01 2.461984e+01
      vertex   -3.871427e+01 1.915773e+01 2.461984e+01
    endloop
  endfacet
  facet normal 0.000000e+00 1.000000e+00 0.000000e+00
    outer loop
      vertex   -2.271427e+01 1.965436e+01 2.294184e+01
      vertex   -2.271427e+01 1.965436e+01 2.180000e+01
      vertex   -3.871427e+01 1.965436e+01 2.294184e+01
    endloop
  endfacet
  facet normal 0.000000e+00 1.000000e+00 0.000000e+00
    outer loop
      vertex   -3.871427e+01 1.965436e+01 2.294184e+01
      vertex   -2.271427e+01 1.965436e+01 2.180000e+01
      vertex   -3.871427e+01 1.965436e+01 2.180000e+01
    endloop
  endfacet
  facet normal 0.000000e+00 -5.762811e-01 8.172515e-01
    outer loop
      vertex   -2.271427e+01 1.935837e+01 2.476132e+01
      vertex   -2.804761e+01 1.935837e+01 2.476132e+01
      vertex   -2.271427e+01 1.915773e+01 2.461984e+01
    endloop
  endfacet
  facet normal -2.322733e-19 -5.762811e-01 8.172515e-01
    outer loop
      vertex   -2.271427e+01 1.915773e+01 2.461984e+01
      vertex   -2.804761e+01 1.935837e+01 2.476132e+01
      vertex   -3.338094e+01 1.935837e+01 2.476132e+01
    endloop
  endfacet
  facet normal 0.000000e+00 -5.762811e-01 8.172515e-01
    outer loop
      vertex   -2.271427e+01 1.915773e+01 2.461984e+01
      vertex   -3.338094e+01 1.935837e+01 2.476132e+01
      vertex   -3.871427e+01 1.915773e+01 2.461984e+01
    endloop
  endfacet
  facet normal -2.322733e-19 -5.762811e-01 8.172515e-01
    outer loop
      vertex   -3.871427e+01 1.915773e+01 2.461984e+01
      vertex   -3.338094e+01 1.935837e+01 2.476132e+01
      vertex   -3.871427e+01 1.935837e+01 2.476132e+01
    endloop
  endfacet
  facet normal 0.000000e+00 -3.534053e-01 9.354703e-01
    outer loop
      vertex   -3.871427e+01 1.935837e+01 2.476132e+01
      vertex   -3.338094e+01 1.935837e+01 2.476132e+01
      vertex   -3.871427e+01 1.958802e+01 2.484808e+01
    endloop
  endfacet
  facet normal 0.000000e+00 -3.534053e-01 9.354703e-01
    outer loop
      vertex   -3.871427e+01 1.958802e+01 2.484808e+01
      vertex   -3.338094e+01 1.935837e+01 2.476132e+01
      vertex   -3.338094e+01 1.958802e+01 2.484808e+01
    endloop
  endfacet
  facet normal 0.000000e+00 -1.080355e-01 9.941470e-01
    outer loop
      vertex   -3.871427e+01 1.958802e+01 2.484808e+01
      vertex   -3.338094e+01 1.958802e+01 2.484808e+01
      vertex   -3.871427e+01 1.983208e+01 2.487460e+01
    endloop
  endfacet
  facet normal 0.000000e+00 -1.080355e-01 9.941470e-01
    outer loop
      vertex   -3.871427e+01 1.983208e+01 2.487460e+01
      vertex   -3.338094e+01 1.958802e+01 2.484808e+01
      vertex   -3.338094e+01 1.983208e+01 2.487460e+01
    endloop
  endfacet
  facet normal -0.000000e+00 1.442108e-01 9.895470e-01
    outer loop
      vertex   -3.871427e+01 1.983208e+01 2.487460e+01
      vertex   -3.338094e+01 1.983208e+01 2.487460e+01
      vertex   -3.871427e+01 2.007501e+01 2.483920e+01
    endloop
  endfacet
  facet normal -0.000000e+00 1.442108e-01 9.895470e-01
    outer loop
      vertex   -3.871427e+01 2.007501e+01 2.483920e+01
      vertex   -3.338094e+01 1.983208e+01 2.487460e+01
      vertex   -3.338094e+01 2.007501e+01 2.483920e+01
    endloop
  endfacet
  facet normal -0.000000e+00 3.872781e-01 9.219630e-01
    outer loop
      vertex   -3.871427e+01 2.007501e+01 2.483920e+01
      vertex   -3.338094e+01 2.007501e+01 2.483920e+01
      vertex   -3.871427e+01 2.030135e+01 2.474412e+01
    endloop
  endfacet
  facet normal -0.000000e+00 3.872781e-01 9.219630e-01
    outer loop
      vertex   -3.871427e+01 2.030135e+01 2.474412e+01
      vertex   -3.338094e+01 2.007501e+01 2.483920e+01
      vertex   -3.338094e+01 2.030135e+01 2.474412e+01
    endloop
  endfacet
  facet normal -0.000000e+00 6.056954e-01 7.956966e-01
    outer loop
      vertex   -3.871427e+01 2.030135e+01 2.474412e+01
      vertex   -3.338094e+01 2.030135e+01 2.474412e+01
      vertex   -3.871427e+01 2.049669e+01 2.459542e+01
    endloop
  endfacet
  facet normal -0.000000e+00 6.056954e-01 7.956966e-01
    outer loop
      vertex   -3.871427e+01 2.049669e+01 2.459542e+01
      vertex   -3.338094e+01 2.030135e+01 2.474412e+01
      vertex   -3.338094e+01 2.049669e+01 2.459542e+01
    endloop
  endfacet
  facet normal -0.000000e+00 7.855606e-01 6.187847e-01
    outer loop
      vertex   -3.871427e+01 2.049669e+01 2.459542e+01
      vertex   -3.338094e+01 2.049669e+01 2.459542e+01
      vertex   -3.871427e+01 2.064860e+01 2.440257e+01
    endloop
  endfacet
  facet normal -0.000000e+00 7.855606e-01 6.187847e-01
    outer loop
      vertex   -3.871427e+01 2.064860e+01 2.440257e+01
      vertex   -3.338094e+01 2.049669e+01 2.459542e+01
      vertex   -3.338094e+01 2.064860e+01 2.440257e+01
    endloop
  endfacet
  facet normal -0.000000e+00 9.154254e-01 4.024876e-01
    outer loop
      vertex   -3.871427e+01 2.064860e+01 2.440257e+01
      vertex   -3.338094e+01 2.064860e+01 2.440257e+01
      vertex   -3.871427e+01 2.074741e+01 2.417784e+01
    endloop
  endfacet
  facet normal -0.000000e+00 9.154254e-01 4.024876e-01
    outer loop
      vertex   -3.871427e+01 2.074741e+01 2.417784e+01
      vertex   -3.338094e+01 2.064860e+01 2.440257e+01
      vertex   -3.338094e+01 2.074741e+01 2.417784e+01
    endloop
  endfacet
  facet normal -0.000000e+00 9.870241e-01 1.605724e-01
    outer loop
      vertex   -3.871427e+01 2.074741e+01 2.417784e+01
      vertex   -3.338094e+01 2.074741e+01 2.417784e+01
      vertex   -3.871427e+01 2.078683e+01 2.393553e+01
    endloop
  endfacet
  facet normal -0.000000e+00 9.870241e-01 1.605724e-01
    outer loop
      vertex   -3.871427e+01 2.078683e+01 2.393553e+01
      vertex   -3.338094e+01 2.074741e+01 2.417784e+01
      vertex   -3.338094e+01 2.078683e+01 2.393553e+01
    endloop
  endfacet
  facet normal 0.000000e+00 9.957993e-01 -9.156307e-02
    outer loop
      vertex   -3.871427e+01 2.078683e+01 2.393553e+01
      vertex   -3.338094e+01 2.078683e+01 2.393553e+01
      vertex   -3.871427e+01 2.076435e+01 2.369106e+01
    endloop
  endfacet
  facet normal 0.000000e+00 9.957993e-01 -9.156307e-02
    outer loop
      vertex   -3.871427e+01 2.076435e+01 2.369106e+01
      vertex   -3.338094e+01 2.078683e+01 2.393553e+01
      vertex   -3.338094e+01 2.076435e+01 2.369106e+01
    endloop
  endfacet
  facet normal 0.000000e+00 9.411926e-01 -3.378706e-01
    outer loop
      vertex   -3.871427e+01 2.076435e+01 2.369106e+01
      vertex   -3.338094e+01 2.076435e+01 2.369106e+01
      vertex   -3.871427e+01 2.068141e+01 2.346000e+01
    endloop
  endfacet
  facet normal 0.000000e+00 9.411926e-01 -3.378706e-01
    outer loop
      vertex   -3.871427e+01 2.068141e+01 2.346000e+01
      vertex   -3.338094e+01 2.076435e+01 2.369106e+01
      vertex   -3.338094e+01 2.068141e+01 2.346000e+01
    endloop
  endfacet
  facet normal 0.000000e+00 8.266796e-01 -5.626730e-01
    outer loop
      vertex   -3.871427e+01 2.068141e+01 2.346000e+01
      vertex   -3.338094e+01 2.068141e+01 2.346000e+01
      vertex   -3.871427e+01 2.054327e+01 2.325705e+01
    endloop
  endfacet
  facet normal 0.000000e+00 8.266796e-01 -5.626730e-01
    outer loop
      vertex   -3.871427e+01 2.054327e+01 2.325705e+01
      vertex   -3.338094e+01 2.068141e+01 2.346000e+01
      vertex   -3.338094e+01 2.054327e+01 2.325705e+01
    endloop
  endfacet
  facet normal 0.000000e+00 6.595490e-01 -7.516616e-01
    outer loop
      vertex   -3.871427e+01 2.054327e+01 2.325705e+01
      vertex   -3.338094e+01 2.054327e+01 2.325705e+01
      vertex   -3.871427e+01 2.035874e+01 2.309514e+01
    endloop
  endfacet
  facet normal 0.000000e+00 6.595490e-01 -7.516616e-01
    outer loop
      vertex   -3.871427e+01 2.035874e+01 2.309514e+01
      vertex   -3.338094e+01 2.054327e+01 2.325705e+01
      vertex   -3.338094e+01 2.035874e+01 2.309514e+01
    endloop
  endfacet
  facet normal 0.000000e+00 4.504386e-01 -8.928074e-01
    outer loop
      vertex   -3.871427e+01 2.035874e+01 2.309514e+01
      vertex   -3.338094e+01 2.035874e+01 2.309514e+01
      vertex   -3.871427e+01 2.013956e+01 2.298456e+01
    endloop
  endfacet
  facet normal 0.000000e+00 4.504386e-01 -8.928074e-01
    outer loop
      vertex   -3.871427e+01 2.013956e+01 2.298456e+01
      vertex   -3.338094e+01 2.035874e+01 2.309514e+01
      vertex   -3.338094e+01 2.013956e+01 2.298456e+01
    endloop
  endfacet
  facet normal 0.000000e+00 2.126581e-01 -9.771267e-01
    outer loop
      vertex   -3.871427e+01 2.013956e+01 2.298456e+01
      vertex   -3.338094e+01 2.013956e+01 2.298456e+01
      vertex   -3.871427e+01 1.989968e+01 2.293235e+01
    endloop
  endfacet
  facet normal 0.000000e+00 2.126581e-01 -9.771267e-01
    outer loop
      vertex   -3.871427e+01 1.989968e+01 2.293235e+01
      vertex   -3.338094e+01 2.013956e+01 2.298456e+01
      vertex   -3.338094e+01 1.989968e+01 2.293235e+01
    endloop
  endfacet
  facet normal 0.000000e+00 -3.865800e-02 -9.992525e-01
    outer loop
      vertex   -3.871427e+01 1.989968e+01 2.293235e+01
      vertex   -3.338094e+01 1.989968e+01 2.293235e+01
      vertex   -3.871427e+01 1.965436e+01 2.294184e+01
    endloop
  endfacet
  facet normal 3.886846e-20 -3.865800e-02 -9.992525e-01
    outer loop
      vertex   -3.871427e+01 1.965436e+01 2.294184e+01
      vertex   -3.338094e+01 1.989968e+01 2.293235e+01
      vertex   -2.804761e+01 1.989968e+01 2.293235e+01
    endloop
  endfacet
  facet normal 0.000000e+00 -3.865800e-02 -9.992525e-01
    outer loop
      vertex   -3.871427e+01 1.965436e+01 2.294184e+01
      vertex   -2.804761e+01 1.989968e+01 2.293235e+01
      vertex   -2.271427e+01 1.965436e+01 2.294184e+01
    endloop
  endfacet
  facet normal 3.886846e-20 -3.865800e-02 -9.992525e-01
    outer loop
      vertex   -2.271427e+01 1.965436e+01 2.294184e+01
      vertex   -2.804761e+01 1.989968e+01 2.293235e+01
      vertex   -2.271427e+01 1.989968e+01 2.293235e+01
    endloop
  endfacet
  facet normal 0.000000e+00 2.126581e-01 -9.771267e-01
    outer loop
      vertex   -2.271427e+01 1.989968e+01 2.293235e+01
      vertex   -2.804761e+01 1.989968e+01 2.293235e+01
      vertex   -2.271427e+01 2.013956e+01 2.298456e+01
    endloop
  endfacet
  facet normal 0.000000e+00 2.126581e-01 -9.771267e-01
    outer loop
      vertex   -2.271427e+01 2.013956e+01 2.298456e+01
      vertex   -2.804761e+01 1.989968e+01 2.293235e+01
      vertex   -2.804761e+01 2.013956e+01 2.298456e+01
    endloop
  endfacet
  facet normal 0.000000e+00 4.504386e-01 -8.928074e-01
    outer loop
      vertex   -2.271427e+01 2.013956e+01 2.298456e+01
      vertex   -2.804761e+01 2.013956e+01 2.298456e+01
      vertex   -2.271427e+01 2.035874e+01 2.309514e+01
    endloop
  endfacet
  facet normal 0.000000e+00 4.504386e-01 -8.928074e-01
    outer loop
      vertex   -2.271427e+01 2.035874e+01 2.309514e+01
      vertex   -2.804761e+01 2.013956e+01 2.298456e+01
      vertex   -2.804761e+01 2.035874e+01 2.309514e+01
    endloop
  endfacet
  facet normal 0.000000e+00 6.595490e-01 -7.516616e-01
    outer loop
      vertex   -2.271427e+01 2.035874e+01 2.309514e+01
      vertex   -2.804761e+01 2.035874e+01 2.309514e+01
      vertex   -2.271427e+01 2.054327e+01 2.325705e+01
    endloop
  endfacet
  facet normal 0.000000e+00 6.595490e-01 -7.516616e-01
    outer loop
      vertex   -2.271427e+01 2.054327e+01 2.325705e+01
      vertex   -2.804761e+01 2.035874e+01 2.309514e+01
      vertex   -2.804761e+01 2.054327e+01 2.325705e+01
    endloop
  endfacet
  facet normal 0.000000e+00 8.266796e-01 -5.626730e-01
    outer loop
      vertex   -2.271427e+01 2.054327e+01 2.325705e+01
      vertex   -2.804761e+01 2.054327e+01 2.325705e+01
      vertex   -2.271427e+01 2.068141e+01 2.346000e+01
    endloop
  endfacet
  facet normal 0.000000e+00 8.266796e-01 -5.626730e-01
    outer loop
      vertex   -2.271427e+01 2.068141e+01 2.346000e+01
      vertex   -2.804761e+01 2.054327e+01 2.325705e+01
      vertex   -2.804761e+01 2.068141e+01 2.346000e+01
    endloop
  endfacet
  facet normal 0.000000e+00 9.411926e-01 -3.378706e-01
    outer loop
      vertex   -2.271427e+01 2.068141e+01 2.346000e+01
      vertex   -2.804761e+01 2.068141e+01 2.346000e+01
      vertex   -2.271427e+01 2.076435e+01 2.369106e+01
    endloop
  endfacet
  facet normal 0.000000e+00 9.411926e-01 -3.378706e-01
    outer loop
      vertex   -2.271427e+01 2.076435e+01 2.369106e+01
      vertex   -2.804761e+01 2.068141e+01 2.346000e+01
      vertex   -2.804761e+01 2.076435e+01 2.369106e+01
    endloop
  endfacet
  facet normal 0.000000e+00 9.957993e-01 -9.156307e-02
    outer loop
      vertex   -2.271427e+01 2.076435e+01 2.369106e+01
      vertex   -2.804761e+01 2.076435e+01 2.369106e+01
      vertex   -2.271427e+01 2.078683e+01 2.393553e+01
    endloop
  endfacet
  facet normal 0.000000e+00 9.957993e-01 -9.156307e-02
    outer loop
      vertex   -2.271427e+01 2.078683e+01 2.393553e+01
      vertex   -2.804761e+01 2.076435e+01 2.369106e+01
      vertex   -2.804761e+01 2.078683e+01 2.393553e+01
    endloop
  endfacet
  facet normal 0.000000e+00 9.870241e-01 1.605724e-01
    outer loop
      vertex   -2.271427e+01 2.078683e+01 2.393553e+01
      vertex   -2.804761e+01 2.078683e+01 2.393553e+01
      vertex   -2.271427e+01 2.074741e+01 2.417784e+01
    endloop
  endfacet
  facet normal 0.000000e+00 9.870241e-01 1.605724e-01
    outer loop
      vertex   -2.271427e+01 2.074741e+01 2.417784e+01
      vertex   -2.804761e+01 2.078683e+01 2.393553e+01
      vertex   -2.804761e+01 2.074741e+01 2.417784e+01
    endloop
  endfacet
  facet normal 0.000000e+00 9.154254e-01 4.024876e-01
    outer loop
      vertex   -2.271427e+01 2.074741e+01 2.417784e+01
      vertex   -2.804761e+01 2.074741e+01 2.417784e+01
      vertex   -2.271427e+01 2.064860e+01 2.440257e+01
    endloop
  endfacet
  facet normal 0.000000e+00 9.154254e-01 4.024876e-01
    outer loop
      vertex   -2.271427e+01 2.064860e+01 2.440257e+01
      vertex   -2.804761e+01 2.074741e+01 2.417784e+01
      vertex   -2.804761e+01 2.064860e+01 2.440257e+01
    endloop
  endfacet
  facet normal 0.000000e+00 7.855606e-01 6.187847e-01
    outer loop
      vertex   -2.271427e+01 2.064860e+01 2.440257e+01
      vertex   -2.804761e+01 2.064860e+01 2.440257e+01
      vertex   -2.271427e+01 2.049669e+01 2.459542e+01
    endloop
  endfacet
  facet normal 0.000000e+00 7.855606e-01 6.187847e-01
    outer loop
      vertex   -2.271427e+01 2.049669e+01 2.459542e+01
      vertex   -2.804761e+01 2.064860e+01 2.440257e+01
      vertex   -2.804761e+01 2.049669e+01 2.459542e+01
    endloop
  endfacet
  facet normal 0.000000e+00 6.056954e-01 7.956966e-01
    outer loop
      vertex   -2.271427e+01 2.049669e+01 2.459542e+01
      vertex   -2.804761e+01 2.049669e+01 2.459542e+01
      vertex   -2.271427e+01 2.030135e+01 2.474412e+01
    endloop
  endfacet
  facet normal 0.000000e+00 6.056954e-01 7.956966e-01
    outer loop
      vertex   -2.271427e+01 2.030135e+01 2.474412e+01
      vertex   -2.804761e+01 2.049669e+01 2.459542e+01
      vertex   -2.804761e+01 2.030135e+01 2.474412e+01
    endloop
  endfacet
  facet normal 0.000000e+00 3.872781e-01 9.219630e-01
    outer loop
      vertex   -2.271427e+01 2.030135e+01 2.474412e+01
      vertex   -2.804761e+01 2.030135e+01 2.474412e+01
      vertex   -2.271427e+01 2.007501e+01 2.483920e+01
    endloop
  endfacet
  facet normal 0.000000e+00 3.872781e-01 9.219630e-01
    outer loop
      vertex   -2.271427e+01 2.007501e+01 2.483920e+01
      vertex   -2.804761e+01 2.030135e+01 2.474412e+01
      vertex   -2.804761e+01 2.007501e+01 2.483920e+01
    endloop
  endfacet
  facet normal 0.000000e+00 1.442108e-01 9.895470e-01
    outer loop
      vertex   -2.271427e+01 2.007501e+01 2.483920e+01
      vertex   -2.804761e+01 2.007501e+01 2.483920e+01
      vertex   -2.271427e+01 1.983208e+01 2.487460e+01
    endloop
  endfacet
  facet normal 0.000000e+00 1.442108e-01 9.895470e-01
    outer loop
      vertex   -2.271427e+01 1.983208e+01 2.487460e+01
      vertex   -2.804761e+01 2.007501e+01 2.483920e+01
      vertex   -2.804761e+01 1.983208e+01 2.487460e+01
    endloop
  endfacet
  facet normal 0.000000e+00 -1.080355e-01 9.941470e-01
    outer loop
      vertex   -2.271427e+01 1.983208e+01 2.487460e+01
      vertex   -2.804761e+01 1.983208e+01 2.487460e+01
      vertex   -2.271427e+01 1.958802e+01 2.484808e+01
    endloop
  endfacet
  facet normal 0.000000e+00 -1.080355e-01 9.941470e-01
    outer loop
      vertex   -2.271427e+01 1.958802e+01 2.484808e+01
      vertex   -2.804761e+01 1.983208e+01 2.487460e+01
      vertex   -2.804761e+01 1.958802e+01 2.484808e+01
    endloop
  endfacet
  facet normal 0.000000e+00 -3.534053e-01 9.354703e-01
    outer loop
      vertex   -2.271427e+01 1.958802e+01 2.484808e+01
      vertex   -2.804761e+01 1.958802e+01 2.484808e+01
      vertex   -2.271427e+01 1.935837e+01 2.476132e+01
    endloop
  endfacet
  facet normal 0.000000e+00 -3.534053e-01 9.354703e-01
    outer loop
      vertex   -2.271427e+01 1.935837e+01 2.476132e+01
      vertex   -2.804761e+01 1.958802e+01 2.484808e+01
      vertex   -2.804761e+01 1.935837e+01 2.476132e+01
    endloop
  endfacet
  facet normal -5.846438e-19 -3.534053e-01 9.354703e-01
    outer loop
      vertex   -3.338094e+01 1.958802e+01 2.484808e+01
      vertex   -3.338094e+01 1.935837e+01 2.476132e+01
      vertex   -2.804761e+01 1.935837e+01 2.476132e+01
    endloop
  endfacet
  facet normal 0.000000e+00 -3.534053e-01 9.354703e-01
    outer loop
      vertex   -3.338094e+01 1.958802e+01 2.484808e+01
      vertex   -2.804761e+01 1.935837e+01 2.476132e+01
      vertex   -2.804761e+01 1.958802e+01 2.484808e+01
    endloop
  endfacet
  facet normal 1.443448e-19 -1.080355e-01 9.941470e-01
    outer loop
      vertex   -3.338094e+01 1.983208e+01 2.487460e+01
      vertex   -3.338094e+01 1.958802e+01 2.484808e+01
      vertex   -2.804761e+01 1.958802e+01 2.484808e+01
    endloop
  endfacet
  facet normal 0.000000e+00 -1.080355e-01 9.941470e-01
    outer loop
      vertex   -3.338094e+01 1.983208e+01 2.487460e+01
      vertex   -2.804761e+01 1.958802e+01 2.484808e+01
      vertex   -2.804761e+01 1.983208e+01 2.487460e+01
    endloop
  endfacet
  facet normal -4.738911e-19 1.442108e-01 9.895470e-01
    outer loop
      vertex   -3.338094e+01 2.007501e+01 2.483920e+01
      vertex   -3.338094e+01 1.983208e+01 2.487460e+01
      vertex   -2.804761e+01 1.983208e+01 2.487460e+01
    endloop
  endfacet
  facet normal -0.000000e+00 1.442108e-01 9.895470e-01
    outer loop
      vertex   -3.338094e+01 2.007501e+01 2.483920e+01
      vertex   -2.804761e+01 1.983208e+01 2.487460e+01
      vertex   -2.804761e+01 2.007501e+01 2.483920e+01
    endloop
  endfacet
  facet normal -8.471089e-19 3.872781e-01 9.219630e-01
    outer loop
      vertex   -3.338094e+01 2.030135e+01 2.474412e+01
      vertex   -3.338094e+01 2.007501e+01 2.483920e+01
      vertex   -2.804761e+01 2.007501e+01 2.483920e+01
    endloop
  endfacet
  facet normal -0.000000e+00 3.872781e-01 9.219630e-01
    outer loop
      vertex   -3.338094e+01 2.030135e+01 2.474412e+01
      vertex   -2.804761e+01 2.007501e+01 2.483920e+01
      vertex   -2.804761e+01 2.030135e+01 2.474412e+01
    endloop
  endfacet
  facet normal 7.117197e-20 6.056954e-01 7.956966e-01
    outer loop
      vertex   -3.338094e+01 2.049669e+01 2.459542e+01
      vertex   -3.338094e+01 2.030135e+01 2.474412e+01
      vertex   -2.804761e+01 2.030135e+01 2.474412e+01
    endloop
  endfacet
  facet normal -0.000000e+00 6.056954e-01 7.956966e-01
    outer loop
      vertex   -3.338094e+01 2.049669e+01 2.459542e+01
      vertex   -2.804761e+01 2.030135e+01 2.474412e+01
      vertex   -2.804761e+01 2.049669e+01 2.459542e+01
    endloop
  endfacet
  facet normal -7.939293e-19 7.855606e-01 6.187847e-01
    outer loop
      vertex   -3.338094e+01 2.064860e+01 2.440257e+01
      vertex   -3.338094e+01 2.049669e+01 2.459542e+01
      vertex   -2.804761e+01 2.049669e+01 2.459542e+01
    endloop
  endfacet
  facet normal -0.000000e+00 7.855606e-01 6.187847e-01
    outer loop
      vertex   -3.338094e+01 2.064860e+01 2.440257e+01
      vertex   -2.804761e+01 2.049669e+01 2.459542e+01
      vertex   -2.804761e+01 2.064860e+01 2.440257e+01
    endloop
  endfacet
  facet normal -9.294125e-19 9.154254e-01 4.024876e-01
    outer loop
      vertex   -3.338094e+01 2.074741e+01 2.417784e+01
      vertex   -3.338094e+01 2.064860e+01 2.440257e+01
      vertex   -2.804761e+01 2.064860e+01 2.440257e+01
    endloop
  endfacet
  facet normal -0.000000e+00 9.154254e-01 4.024876e-01
    outer loop
      vertex   -3.338094e+01 2.074741e+01 2.417784e+01
      vertex   -2.804761e+01 2.064860e+01 2.440257e+01
      vertex   -2.804761e+01 2.074741e+01 2.417784e+01
    endloop
  endfacet
  facet normal 2.234820e-19 9.870241e-01 1.605724e-01
    outer loop
      vertex   -3.338094e+01 2.078683e+01 2.393553e+01
      vertex   -3.338094e+01 2.074741e+01 2.417784e+01
      vertex   -2.804761e+01 2.074741e+01 2.417784e+01
    endloop
  endfacet
  facet normal -0.000000e+00 9.870241e-01 1.605724e-01
    outer loop
      vertex   -3.338094e+01 2.078683e+01 2.393553e+01
      vertex   -2.804761e+01 2.074741e+01 2.417784e+01
      vertex   -2.804761e+01 2.078683e+01 2.393553e+01
    endloop
  endfacet
  facet normal -3.279547e-19 9.957993e-01 -9.156307e-02
    outer loop
      vertex   -3.338094e+01 2.076435e+01 2.369106e+01
      vertex   -3.338094e+01 2.078683e+01 2.393553e+01
      vertex   -2.804761e+01 2.078683e+01 2.393553e+01
    endloop
  endfacet
  facet normal 0.000000e+00 9.957993e-01 -9.156307e-02
    outer loop
      vertex   -3.338094e+01 2.076435e+01 2.369106e+01
      vertex   -2.804761e+01 2.078683e+01 2.393553e+01
      vertex   -2.804761e+01 2.076435e+01 2.369106e+01
    endloop
  endfacet
  facet normal -6.112362e-19 9.411926e-01 -3.378706e-01
    outer loop
      vertex   -3.338094e+01 2.068141e+01 2.346000e+01
      vertex   -3.338094e+01 2.076435e+01 2.369106e+01
      vertex   -2.804761e+01 2.076435e+01 2.369106e+01
    endloop
  endfacet
  facet normal 0.000000e+00 9.411926e-01 -3.378706e-01
    outer loop
      vertex   -3.338094e+01 2.068141e+01 2.346000e+01
      vertex   -2.804761e+01 2.076435e+01 2.369106e+01
      vertex   -2.804761e+01 2.068141e+01 2.346000e+01
    endloop
  endfacet
  facet normal 5.840676e-19 8.266796e-01 -5.626730e-01
    outer loop
      vertex   -3.338094e+01 2.054327e+01 2.325705e+01
      vertex   -3.338094e+01 2.068141e+01 2.346000e+01
      vertex   -2.804761e+01 2.068141e+01 2.346000e+01
    endloop
  endfacet
  facet normal 0.000000e+00 8.266796e-01 -5.626730e-01
    outer loop
      vertex   -3.338094e+01 2.054327e+01 2.325705e+01
      vertex   -2.804761e+01 2.068141e+01 2.346000e+01
      vertex   -2.804761e+01 2.054327e+01 2.325705e+01
    endloop
  endfacet
  facet normal 7.998748e-19 6.595490e-01 -7.516616e-01
    outer loop
      vertex   -3.338094e+01 2.035874e+01 2.309514e+01
      vertex   -3.338094e+01 2.054327e+01 2.325705e+01
      vertex   -2.804761e+01 2.054327e+01 2.325705e+01
    endloop
  endfacet
  facet normal 0.000000e+00 6.595490e-01 -7.516616e-01
    outer loop
      vertex   -3.338094e+01 2.035874e+01 2.309514e+01
      vertex   -2.804761e+01 2.054327e+01 2.325705e+01
      vertex   -2.804761e+01 2.035874e+01 2.309514e+01
    endloop
  endfacet
  facet normal 1.146633e-18 4.504386e-01 -8.928074e-01
    outer loop
      vertex   -3.338094e+01 2.013956e+01 2.298456e+01
      vertex   -3.338094e+01 2.035874e+01 2.309514e+01
      vertex   -2.804761e+01 2.035874e+01 2.309514e+01
    endloop
  endfacet
  facet normal 0.000000e+00 4.504386e-01 -8.928074e-01
    outer loop
      vertex   -3.338094e+01 2.013956e+01 2.298456e+01
      vertex   -2.804761e+01 2.035874e+01 2.309514e+01
      vertex   -2.804761e+01 2.013956e+01 2.298456e+01
    endloop
  endfacet
  facet normal 4.439551e-19 2.126581e-01 -9.771267e-01
    outer loop
      vertex   -3.338094e+01 1.989968e+01 2.293235e+01
      vertex   -3.338094e+01 2.013956e+01 2.298456e+01
      vertex   -2.804761e+01 2.013956e+01 2.298456e+01
    endloop
  endfacet
  facet normal 0.000000e+00 2.126581e-01 -9.771267e-01
    outer loop
      vertex   -3.338094e+01 1.989968e+01 2.293235e+01
      vertex   -2.804761e+01 2.013956e+01 2.298456e+01
      vertex   -2.804761e+01 1.989968e+01 2.293235e+01
    endloop
  endfacet
  facet normal -1.000000e+00 0.000000e+00 0.000000e+00
    outer loop
      vertex   -3.871427e+01 1.965436e+01 2.180000e+01
      vertex   -3.871427e+01 1.758703e+01 2.180000e+01
      vertex   -3.871427e+01 1.965436e+01 2.294184e+01
    endloop
  endfacet
  facet normal -1.000000e+00 -0.000000e+00 0.000000e+00
    outer loop
      vertex   -3.871427e+01 1.965436e+01 2.294184e+01
      vertex   -3.871427e+01 1.758703e+01 2.180000e+01
      vertex   -3.871427e+01 1.915773e+01 2.461984e+01
    endloop
  endfacet
  facet normal -1.000000e+00 0.000000e+00 0.000000e+00
    outer loop
      vertex   -3.871427e+01 1.965436e+01 2.294184e+01
      vertex   -3.871427e+01 1.915773e+01 2.461984e+01
      vertex   -3.871427e+01 1.989968e+01 2.293235e+01
    endloop
  endfacet
  facet normal -1.000000e+00 0.000000e+00 0.000000e+00
    outer loop
      vertex   -3.871427e+01 1.989968e+01 2.293235e+01
      vertex   -3.871427e+01 1.915773e+01 2.461984e+01
      vertex   -3.871427e+01 2.013956e+01 2.298456e+01
    endloop
  endfacet
  facet normal -1.000000e+00 0.000000e+00 0.000000e+00
    outer loop
      vertex   -3.871427e+01 2.013956e+01 2.298456e+01
      vertex   -3.871427e+01 1.915773e+01 2.461984e+01
      vertex   -3.871427e+01 2.035874e+01 2.309514e+01
    endloop
  endfacet
  facet normal -1.000000e+00 0.000000e+00 0.000000e+00
    outer loop
      vertex   -3.871427e+01 2.035874e+01 2.309514e+01
      vertex   -3.871427e+01 1.915773e+01 2.461984e+01
      vertex   -3.871427e+01 2.054327e+01 2.325705e+01
    endloop
  endfacet
  facet normal -1.000000e+00 0.000000e+00 0.000000e+00
    outer loop
      vertex   -3.871427e+01 2.054327e+01 2.325705e+01
      vertex   -3.871427e+01 1.915773e+01 2.461984e+01
      vertex   -3.871427e+01 2.068141e+01 2.346000e+01
    endloop
  endfacet
  facet normal -1.000000e+00 0.000000e+00 0.000000e+00
    outer loop
      vertex   -3.871427e+01 2.068141e+01 2.346000e+01
      vertex   -3.871427e+01 1.915773e+01 2.461984e+01
      vertex   -3.871427e+01 2.076435e+01 2.369106e+01
    endloop
  endfacet
  facet normal -1.000000e+00 0.000000e+00 0.000000e+00
    outer loop
      vertex   -3.871427e+01 2.076435e+01 2.369106e+01
      vertex   -3.871427e+01 1.915773e+01 2.461984e+01
      vertex   -3.871427e+01 2.078683e+01 2.393553e+01
    endloop
  endfacet
  facet normal -1.000000e+00 0.000000e+00 0.000000e+00
    outer loop
      vertex   -3.871427e+01 2.078683e+01 2.393553e+01
      vertex   -3.871427e+01 1.915773e+01 2.461984e+01
      vertex   -3.871427e+01 2.074741e+01 2.417784e+01
    endloop
  endfacet
  facet normal -1.000000e+00 0.000000e+00 0.000000e+00
    outer loop
      vertex   -3.871427e+01 2.074741e+01 2.417784e+01
      vertex   -3.871427e+01 1.915773e+01 2.461984e+01
      vertex   -3.871427e+01 2.064860e+01 2.440257e+01
    endloop
  endfacet
  facet normal -1.000000e+00 0.000000e+00 0.000000e+00
    outer loop
      vertex   -3.871427e+01 2.064860e+01 2.440257e+01
      vertex   -3.871427e+01 1.915773e+01 2.461984e+01
      vertex   -3.871427e+01 2.049669e+01 2.459542e+01
    endloop
  endfacet
  facet normal -1.000000e+00 0.000000e+00 0.000000e+00
    outer loop
      vertex   -3.871427e+01 2.049669e+01 2.459542e+01
      vertex   -3.871427e+01 1.915773e+01 2.461984e+01
      vertex   -3.871427e+01 2.030135e+01 2.474412e+01
    endloop
  endfacet
  facet normal -1.000000e+00 -0.000000e+00 0.000000e+00
    outer loop
      vertex   -3.871427e+01 2.030135e+01 2.474412e+01
      vertex   -3.871427e+01 1.915773e+01 2.461984e+01
      vertex   -3.871427e+01 1.935837e+01 2.476132e+01
    endloop
  endfacet
  facet normal -1.000000e+00 0.000000e+00 0.000000e+00
    outer loop
      vertex   -3.871427e+01 2.030135e+01 2.474412e+01
      vertex   -3.871427e+01 1.935837e+01 2.476132e+01
      vertex   -3.871427e+01 2.007501e+01 2.483920e+01
    endloop
  endfacet
  facet normal -1.000000e+00 -0.000000e+00 0.000000e+00
    outer loop
      vertex   -3.871427e+01 2.007501e+01 2.483920e+01
      vertex   -3.871427e+01 1.935837e+01 2.476132e+01
      vertex   -3.871427e+01 1.958802e+01 2.484808e+01
    endloop
  endfacet
  facet normal -1.000000e+00 0.000000e+00 0.000000e+00
    outer loop
      vertex   -3.871427e+01 2.007501e+01 2.483920e+01
      vertex   -3.871427e+01 1.958802e+01 2.484808e+01
      vertex   -3.871427e+01 1.983208e+01 2.487460e+01
    endloop
  endfacet
  facet normal 2.794271e-01 9.601669e-01 -6.661976e-16
    outer loop
      vertex   -4.687734e+01 -4.808685e+00 1.400000e+01
      vertex   -4.671427e+01 -4.856139e+00 1.400000e+01
      vertex   -4.671427e+01 -4.856139e+00 7.600000e+00
    endloop
  endfacet
  facet normal 4.281249e-01 9.037196e-01 -6.270814e-16
    outer loop
      vertex   -4.671427e+01 -4.856139e+00 7.600000e+00
      vertex   -4.671427e+01 -4.856139e+00 1.400000e+01
      vertex   -4.643665e+01 -4.987659e+00 1.400000e+01
    endloop
  endfacet
  facet normal 4.281249e-01 9.037196e-01 -5.009273e-16
    outer loop
      vertex   -4.671427e+01 -4.856139e+00 7.600000e+00
      vertex   -4.643665e+01 -4.987659e+00 1.400000e+01
      vertex   -4.643665e+01 -4.987659e+00 7.600000e+00
    endloop
  endfacet
  facet normal 6.032555e-01 7.975480e-01 -4.427281e-16
    outer loop
      vertex   -4.643665e+01 -4.987659e+00 7.600000e+00
      vertex   -4.643665e+01 -4.987659e+00 1.400000e+01
      vertex   -4.619164e+01 -5.172980e+00 1.400000e+01
    endloop
  endfacet
  facet normal 6.032555e-01 7.975480e-01 -5.537358e-16
    outer loop
      vertex   -4.643665e+01 -4.987659e+00 7.600000e+00
      vertex   -4.619164e+01 -5.172980e+00 1.400000e+01
      vertex   -4.619164e+01 -5.172980e+00 7.600000e+00
    endloop
  endfacet
  facet normal 7.530837e-01 6.579247e-01 -4.565270e-16
    outer loop
      vertex   -4.619164e+01 -5.172980e+00 7.600000e+00
      vertex   -4.619164e+01 -5.172980e+00 1.400000e+01
      vertex   -4.598953e+01 -5.404327e+00 1.400000e+01
    endloop
  endfacet
  facet normal 7.530837e-01 6.579247e-01 -4.581718e-16
    outer loop
      vertex   -4.619164e+01 -5.172980e+00 7.600000e+00
      vertex   -4.598953e+01 -5.404327e+00 1.400000e+01
      vertex   -4.598953e+01 -5.404327e+00 7.600000e+00
    endloop
  endfacet
  facet normal 8.713252e-01 4.907059e-01 -3.404956e-16
    outer loop
      vertex   -4.598953e+01 -5.404327e+00 7.600000e+00
      vertex   -4.598953e+01 -5.404327e+00 1.400000e+01
      vertex   -4.583878e+01 -5.671999e+00 1.400000e+01
    endloop
  endfacet
  facet normal 8.713252e-01 4.907059e-01 -3.396599e-16
    outer loop
      vertex   -4.598953e+01 -5.404327e+00 7.600000e+00
      vertex   -4.583878e+01 -5.671999e+00 1.400000e+01
      vertex   -4.583878e+01 -5.671999e+00 7.600000e+00
    endloop
  endfacet
  facet normal 9.530206e-01 3.029054e-01 -2.101829e-16
    outer loop
      vertex   -4.583878e+01 -5.671999e+00 7.600000e+00
      vertex   -4.583878e+01 -5.671999e+00 1.400000e+01
      vertex   -4.574573e+01 -5.964767e+00 1.400000e+01
    endloop
  endfacet
  facet normal 9.530206e-01 3.029054e-01 -2.525704e-16
    outer loop
      vertex   -4.583878e+01 -5.671999e+00 7.600000e+00
      vertex   -4.574573e+01 -5.964767e+00 1.400000e+01
      vertex   -4.574573e+01 -5.964767e+00 7.600000e+00
    endloop
  endfacet
  facet normal 9.947433e-01 1.024001e-01 -8.526525e-17
    outer loop
      vertex   -4.574573e+01 -5.964767e+00 7.600000e+00
      vertex   -4.574573e+01 -5.964767e+00 1.400000e+01
      vertex   -4.571427e+01 -6.270353e+00 7.600000e+00
    endloop
  endfacet
  facet normal 9.947433e-01 1.024001e-01 -7.105437e-17
    outer loop
      vertex   -4.571427e+01 -6.270353e+00 7.600000e+00
      vertex   -4.574573e+01 -5.964767e+00 1.400000e+01
      vertex   -4.571427e+01 -6.270353e+00 1.400000e+01
    endloop
  endfacet
  facet normal 2.794271e-01 9.601669e-01 -6.661976e-16
    outer loop
      vertex   -4.671427e+01 -4.856139e+00 7.600000e+00
      vertex   -4.687734e+01 -4.808685e+00 7.600000e+00
      vertex   -4.687734e+01 -4.808685e+00 1.400000e+01
    endloop
  endfacet
  facet normal 1.691020e-01 9.855986e-01 -6.838964e-16
    outer loop
      vertex   -4.687734e+01 -4.808685e+00 1.400000e+01
      vertex   -4.687734e+01 -4.808685e+00 7.600000e+00
      vertex   -4.704472e+01 -4.779967e+00 1.400000e+01
    endloop
  endfacet
  facet normal 1.691020e-01 9.855986e-01 -5.471171e-16
    outer loop
      vertex   -4.704472e+01 -4.779967e+00 1.400000e+01
      vertex   -4.687734e+01 -4.808685e+00 7.600000e+00
      vertex   -4.704472e+01 -4.779967e+00 7.600000e+00
    endloop
  endfacet
  facet normal 5.660921e-02 9.983964e-01 -5.542213e-16
    outer loop
      vertex   -4.704472e+01 -4.779967e+00 1.400000e+01
      vertex   -4.704472e+01 -4.779967e+00 7.600000e+00
      vertex   -4.721427e+01 -4.770353e+00 1.400000e+01
    endloop
  endfacet
  facet normal 5.660921e-02 9.983964e-01 -6.927767e-16
    outer loop
      vertex   -4.721427e+01 -4.770353e+00 1.400000e+01
      vertex   -4.704472e+01 -4.779967e+00 7.600000e+00
      vertex   -4.721427e+01 -4.770353e+00 7.600000e+00
    endloop
  endfacet
  facet normal 2.705011e-14 8.597534e-15 1.000000e+00
    outer loop
      vertex   -4.574573e+01 -5.964767e+00 1.400000e+01
      vertex   -4.583878e+01 -5.671999e+00 1.400000e+01
      vertex   -4.571427e+01 -6.270353e+00 1.400000e+01
    endloop
  endfacet
  facet normal -1.426677e-14 0.000000e+00 1.000000e+00
    outer loop
      vertex   -4.571427e+01 -6.270353e+00 1.400000e+01
      vertex   -4.583878e+01 -5.671999e+00 1.400000e+01
      vertex   -4.583878e+01 -8.368707e+00 1.400000e+01
    endloop
  endfacet
  facet normal -3.422460e-14 1.184238e-15 1.000000e+00
    outer loop
      vertex   -4.571427e+01 -6.270353e+00 1.400000e+01
      vertex   -4.583878e+01 -8.368707e+00 1.400000e+01
      vertex   -4.571427e+01 -7.770353e+00 1.400000e+01
    endloop
  endfacet
  facet normal 5.410023e-14 -1.719507e-14 1.000000e+00
    outer loop
      vertex   -4.571427e+01 -7.770353e+00 1.400000e+01
      vertex   -4.583878e+01 -8.368707e+00 1.400000e+01
      vertex   -4.574573e+01 -8.075938e+00 1.400000e+01
    endloop
  endfacet
  facet normal 0.000000e+00 -0.000000e+00 1.000000e+00
    outer loop
      vertex   -4.583878e+01 -8.368707e+00 1.400000e+01
      vertex   -4.583878e+01 -5.671999e+00 1.400000e+01
      vertex   -4.598953e+01 -8.636378e+00 1.400000e+01
    endloop
  endfacet
  facet normal 0.000000e+00 0.000000e+00 1.000000e+00
    outer loop
      vertex   -4.598953e+01 -8.636378e+00 1.400000e+01
      vertex   -4.583878e+01 -5.671999e+00 1.400000e+01
      vertex   -4.598953e+01 -5.404327e+00 1.400000e+01
    endloop
  endfacet
  facet normal 0.000000e+00 -0.000000e+00 1.000000e+00
    outer loop
      vertex   -4.598953e+01 -8.636378e+00 1.400000e+01
      vertex   -4.598953e+01 -5.404327e+00 1.400000e+01
      vertex   -4.619164e+01 -8.867726e+00 1.400000e+01
    endloop
  endfacet
  facet normal 0.000000e+00 0.000000e+00 1.000000e+00
    outer loop
      vertex   -4.619164e+01 -8.867726e+00 1.400000e+01
      vertex   -4.598953e+01 -5.404327e+00 1.400000e+01
      vertex   -4.619164e+01 -5.172980e+00 1.400000e+01
    endloop
  endfacet
  facet normal 0.000000e+00 -0.000000e+00 1.000000e+00
    outer loop
      vertex   -4.619164e+01 -8.867726e+00 1.400000e+01
      vertex   -4.619164e+01 -5.172980e+00 1.400000e+01
      vertex   -4.643665e+01 -9.053046e+00 1.400000e+01
    endloop
  endfacet
  facet normal 0.000000e+00 0.000000e+00 1.000000e+00
    outer loop
      vertex   -4.643665e+01 -9.053046e+00 1.400000e+01
      vertex   -4.619164e+01 -5.172980e+00 1.400000e+01
      vertex   -4.643665e+01 -4.987659e+00 1.400000e+01
    endloop
  endfacet
  facet normal 1.279690e-14 -0.000000e+00 1.000000e+00
    outer loop
      vertex   -4.643665e+01 -9.053046e+00 1.400000e+01
      vertex   -4.643665e+01 -4.987659e+00 1.400000e+01
      vertex   -4.671427e+01 -9.184566e+00 1.400000e+01
    endloop
  endfacet
  facet normal 3.888364e-16 8.207863e-16 1.000000e+00
    outer loop
      vertex   -4.671427e+01 -9.184566e+00 1.400000e+01
      vertex   -4.643665e+01 -4.987659e+00 1.400000e+01
      vertex   -4.671427e+01 -4.856139e+00 1.400000e+01
    endloop
  endfacet
  facet normal 0.000000e+00 1.000000e+00 -6.938894e-16
    outer loop
      vertex   -4.721427e+01 -4.770353e+00 1.400000e+01
      vertex   -4.721427e+01 -4.770353e+00 7.600000e+00
      vertex   -4.871427e+01 -4.770353e+00 1.400000e+01
    endloop
  endfacet
  facet normal 1.643460e-30 1.000000e+00 -6.938894e-16
    outer loop
      vertex   -4.871427e+01 -4.770353e+00 1.400000e+01
      vertex   -4.721427e+01 -4.770353e+00 7.600000e+00
      vertex   -4.871427e+01 -4.770353e+00 7.600000e+00
    endloop
  endfacet
  facet normal 2.794271e-01 -9.601669e-01 -3.320698e-20
    outer loop
      vertex   -4.687734e+01 -9.232021e+00 7.600000e+00
      vertex   -4.671427e+01 -9.184566e+00 7.600000e+00
      vertex   -4.671427e+01 -9.184566e+00 1.400000e+01
    endloop
  endfacet
  facet normal 4.281249e-01 -9.037196e-01 0.000000e+00
    outer loop
      vertex   -4.671427e+01 -9.184566e+00 1.400000e+01
      vertex   -4.671427e+01 -9.184566e+00 7.600000e+00
      vertex   -4.643665e+01 -9.053046e+00 7.600000e+00
    endloop
  endfacet
  facet normal 4.281249e-01 -9.037196e-01 1.922516e-20
    outer loop
      vertex   -4.671427e+01 -9.184566e+00 1.400000e+01
      vertex   -4.643665e+01 -9.053046e+00 7.600000e+00
      vertex   -4.643665e+01 -9.053046e+00 1.400000e+01
    endloop
  endfacet
  facet normal 6.032555e-01 -7.975480e-01 0.000000e+00
    outer loop
      vertex   -4.643665e+01 -9.053046e+00 1.400000e+01
      vertex   -4.643665e+01 -9.053046e+00 7.600000e+00
      vertex   -4.619164e+01 -8.867726e+00 7.600000e+00
    endloop
  endfacet
  facet normal 6.032555e-01 -7.975480e-01 -1.637882e-18
    outer loop
      vertex   -4.643665e+01 -9.053046e+00 1.400000e+01
      vertex   -4.619164e+01 -8.867726e+00 7.600000e+00
      vertex   -4.619164e+01 -8.867726e+00 1.400000e+01
    endloop
  endfacet
  facet normal 7.530837e-01 -6.579247e-01 0.000000e+00
    outer loop
      vertex   -4.619164e+01 -8.867726e+00 1.400000e+01
      vertex   -4.619164e+01 -8.867726e+00 7.600000e+00
      vertex   -4.598953e+01 -8.636378e+00 7.600000e+00
    endloop
  endfacet
  facet normal 7.530837e-01 -6.579247e-01 -6.370942e-19
    outer loop
      vertex   -4.619164e+01 -8.867726e+00 1.400000e+01
      vertex   -4.598953e+01 -8.636378e+00 7.600000e+00
      vertex   -4.598953e+01 -8.636378e+00 1.400000e+01
    endloop
  endfacet
  facet normal 8.713252e-01 -4.907059e-01 0.000000e+00
    outer loop
      vertex   -4.598953e+01 -8.636378e+00 1.400000e+01
      vertex   -4.598953e+01 -8.636378e+00 7.600000e+00
      vertex   -4.583878e+01 -8.368707e+00 7.600000e+00
    endloop
  endfacet
  facet normal 8.713252e-01 -4.907059e-01 8.471584e-19
    outer loop
      vertex   -4.598953e+01 -8.636378e+00 1.400000e+01
      vertex   -4.583878e+01 -8.368707e+00 7.600000e+00
      vertex   -4.583878e+01 -8.368707e+00 1.400000e+01
    endloop
  endfacet
  facet normal 9.530206e-01 -3.029054e-01 0.000000e+00
    outer loop
      vertex   -4.583878e+01 -8.368707e+00 1.400000e+01
      vertex   -4.583878e+01 -8.368707e+00 7.600000e+00
      vertex   -4.574573e+01 -8.075938e+00 7.600000e+00
    endloop
  endfacet
  facet normal 9.530206e-01 -3.029054e-01 5.405592e-19
    outer loop
      vertex   -4.583878e+01 -8.368707e+00 1.400000e+01
      vertex   -4.574573e+01 -8.075938e+00 7.600000e+00
      vertex   -4.574573e+01 -8.075938e+00 1.400000e+01
    endloop
  endfacet
  facet normal 9.947433e-01 -1.024001e-01 0.000000e+00
    outer loop
      vertex   -4.574573e+01 -8.075938e+00 1.400000e+01
      vertex   -4.574573e+01 -8.075938e+00 7.600000e+00
      vertex   -4.571427e+01 -7.770353e+00 1.400000e+01
    endloop
  endfacet
  facet normal 9.947433e-01 -1.024001e-01 0.000000e+00
    outer loop
      vertex   -4.571427e+01 -7.770353e+00 1.400000e+01
      vertex   -4.574573e+01 -8.075938e+00 7.600000e+00
      vertex   -4.571427e+01 -7.770353e+00 7.600000e+00
    endloop
  endfacet
  facet normal 2.794271e-01 -9.601669e-01 -3.320698e-20
    outer loop
      vertex   -4.671427e+01 -9.184566e+00 1.400000e+01
      vertex   -4.687734e+01 -9.232021e+00 1.400000e+01
      vertex   -4.687734e+01 -9.232021e+00 7.600000e+00
    endloop
  endfacet
  facet normal 1.691020e-01 -9.855986e-01 0.000000e+00
    outer loop
      vertex   -4.687734e+01 -9.232021e+00 7.600000e+00
      vertex   -4.687734e+01 -9.232021e+00 1.400000e+01
      vertex   -4.704472e+01 -9.260739e+00 7.600000e+00
    endloop
  endfacet
  facet normal 1.691020e-01 -9.855986e-01 0.000000e+00
    outer loop
      vertex   -4.704472e+01 -9.260739e+00 7.600000e+00
      vertex   -4.687734e+01 -9.232021e+00 1.400000e+01
      vertex   -4.704472e+01 -9.260739e+00 1.400000e+01
    endloop
  endfacet
  facet normal 5.660921e-02 -9.983964e-01 0.000000e+00
    outer loop
      vertex   -4.704472e+01 -9.260739e+00 7.600000e+00
      vertex   -4.704472e+01 -9.260739e+00 1.400000e+01
      vertex   -4.721427e+01 -9.270353e+00 7.600000e+00
    endloop
  endfacet
  facet normal 5.660921e-02 -9.983964e-01 0.000000e+00
    outer loop
      vertex   -4.721427e+01 -9.270353e+00 7.600000e+00
      vertex   -4.704472e+01 -9.260739e+00 1.400000e+01
      vertex   -4.721427e+01 -9.270353e+00 1.400000e+01
    endloop
  endfacet
  facet normal 0.000000e+00 -1.000000e+00 0.000000e+00
    outer loop
      vertex   -4.721427e+01 -9.270353e+00 7.600000e+00
      vertex   -4.721427e+01 -9.270353e+00 1.400000e+01
      vertex   -4.871427e+01 -9.270353e+00 7.600000e+00
    endloop
  endfacet
  facet normal 0.000000e+00 -1.000000e+00 0.000000e+00
    outer loop
      vertex   -4.871427e+01 -9.270353e+00 7.600000e+00
      vertex   -4.721427e+01 -9.270353e+00 1.400000e+01
      vertex   -4.871427e+01 -9.270353e+00 1.400000e+01
    endloop
  endfacet
  facet normal 2.794271e-01 -9.601669e-01 -7.092620e-20
    outer loop
      vertex   -4.687734e+01 1.112559e+01 7.600000e+00
      vertex   -4.671427e+01 1.117304e+01 7.600000e+00
      vertex   -4.671427e+01 1.117304e+01 1.400000e+01
    endloop
  endfacet
  facet normal 4.281249e-01 -9.037196e-01 0.000000e+00
    outer loop
      vertex   -4.671427e+01 1.117304e+01 1.400000e+01
      vertex   -4.671427e+01 1.117304e+01 7.600000e+00
      vertex   -4.643665e+01 1.130456e+01 7.600000e+00
    endloop
  endfacet
  facet normal 4.281249e-01 -9.037196e-01 -4.854648e-19
    outer loop
      vertex   -4.671427e+01 1.117304e+01 1.400000e+01
      vertex   -4.643665e+01 1.130456e+01 7.600000e+00
      vertex   -4.643665e+01 1.130456e+01 1.400000e+01
    endloop
  endfacet
  facet normal 6.032555e-01 -7.975480e-01 0.000000e+00
    outer loop
      vertex   -4.643665e+01 1.130456e+01 1.400000e+01
      vertex   -4.643665e+01 1.130456e+01 7.600000e+00
      vertex   -4.619164e+01 1.148988e+01 7.600000e+00
    endloop
  endfacet
  facet normal 6.032555e-01 -7.975480e-01 9.096105e-19
    outer loop
      vertex   -4.643665e+01 1.130456e+01 1.400000e+01
      vertex   -4.619164e+01 1.148988e+01 7.600000e+00
      vertex   -4.619164e+01 1.148988e+01 1.400000e+01
    endloop
  endfacet
  facet normal 7.530837e-01 -6.579247e-01 0.000000e+00
    outer loop
      vertex   -4.619164e+01 1.148988e+01 1.400000e+01
      vertex   -4.619164e+01 1.148988e+01 7.600000e+00
      vertex   -4.598953e+01 1.172123e+01 7.600000e+00
    endloop
  endfacet
  facet normal 7.530837e-01 -6.579247e-01 -7.727498e-20
    outer loop
      vertex   -4.619164e+01 1.148988e+01 1.400000e+01
      vertex   -4.598953e+01 1.172123e+01 7.600000e+00
      vertex   -4.598953e+01 1.172123e+01 1.400000e+01
    endloop
  endfacet
  facet normal 8.713252e-01 -4.907059e-01 0.000000e+00
    outer loop
      vertex   -4.598953e+01 1.172123e+01 1.400000e+01
      vertex   -4.598953e+01 1.172123e+01 7.600000e+00
      vertex   -4.583878e+01 1.198890e+01 7.600000e+00
    endloop
  endfacet
  facet normal 8.713252e-01 -4.907059e-01 -9.346713e-19
    outer loop
      vertex   -4.598953e+01 1.172123e+01 1.400000e+01
      vertex   -4.583878e+01 1.198890e+01 7.600000e+00
      vertex   -4.583878e+01 1.198890e+01 1.400000e+01
    endloop
  endfacet
  facet normal 9.530206e-01 -3.029054e-01 0.000000e+00
    outer loop
      vertex   -4.583878e+01 1.198890e+01 1.400000e+01
      vertex   -4.583878e+01 1.198890e+01 7.600000e+00
      vertex   -4.574573e+01 1.228167e+01 7.600000e+00
    endloop
  endfacet
  facet normal 9.530206e-01 -3.029054e-01 -5.940649e-19
    outer loop
      vertex   -4.583878e+01 1.198890e+01 1.400000e+01
      vertex   -4.574573e+01 1.228167e+01 7.600000e+00
      vertex   -4.574573e+01 1.228167e+01 1.400000e+01
    endloop
  endfacet
  facet normal 9.947433e-01 -1.024001e-01 0.000000e+00
    outer loop
      vertex   -4.574573e+01 1.228167e+01 1.400000e+01
      vertex   -4.574573e+01 1.228167e+01 7.600000e+00
      vertex   -4.571427e+01 1.258725e+01 1.400000e+01
    endloop
  endfacet
  facet normal 9.947433e-01 -1.024001e-01 0.000000e+00
    outer loop
      vertex   -4.571427e+01 1.258725e+01 1.400000e+01
      vertex   -4.574573e+01 1.228167e+01 7.600000e+00
      vertex   -4.571427e+01 1.258725e+01 7.600000e+00
    endloop
  endfacet
  facet normal 2.794271e-01 -9.601669e-01 -7.092620e-20
    outer loop
      vertex   -4.671427e+01 1.117304e+01 1.400000e+01
      vertex   -4.687734e+01 1.112559e+01 1.400000e+01
      vertex   -4.687734e+01 1.112559e+01 7.600000e+00
    endloop
  endfacet
  facet normal 1.691020e-01 -9.855986e-01 0.000000e+00
    outer loop
      vertex   -4.687734e+01 1.112559e+01 7.600000e+00
      vertex   -4.687734e+01 1.112559e+01 1.400000e+01
      vertex   -4.704472e+01 1.109687e+01 7.600000e+00
    endloop
  endfacet
  facet normal 1.691020e-01 -9.855986e-01 0.000000e+00
    outer loop
      vertex   -4.704472e+01 1.109687e+01 7.600000e+00
      vertex   -4.687734e+01 1.112559e+01 1.400000e+01
      vertex   -4.704472e+01 1.109687e+01 1.400000e+01
    endloop
  endfacet
  facet normal 5.660921e-02 -9.983964e-01 0.000000e+00
    outer loop
      vertex   -4.704472e+01 1.109687e+01 7.600000e+00
      vertex   -4.704472e+01 1.109687e+01 1.400000e+01
      vertex   -4.721427e+01 1.108725e+01 7.600000e+00
    endloop
  endfacet
  facet normal 5.660921e-02 -9.983964e-01 0.000000e+00
    outer loop
      vertex   -4.721427e+01 1.108725e+01 7.600000e+00
      vertex   -4.704472e+01 1.109687e+01 1.400000e+01
      vertex   -4.721427e+01 1.108725e+01 1.400000e+01
    endloop
  endfacet
  facet normal 0.000000e+00 -1.000000e+00 0.000000e+00
    outer loop
      vertex   -4.721427e+01 1.108725e+01 7.600000e+00
      vertex   -4.721427e+01 1.108725e+01 1.400000e+01
      vertex   -4.871427e+01 1.108725e+01 7.600000e+00
    endloop
  endfacet
  facet normal 0.000000e+00 -1.000000e+00 0.000000e+00
    outer loop
      vertex   -4.871427e+01 1.108725e+01 7.600000e+00
      vertex   -4.721427e+01 1.108725e+01 1.400000e+01
      vertex   -4.871427e+01 1.108725e+01 1.400000e+01
    endloop
  endfacet
  facet normal 2.794271e-01 9.601669e-01 7.092620e-20
    outer loop
      vertex   -4.687734e+01 1.554892e+01 1.400000e+01
      vertex   -4.671427e+01 1.550147e+01 1.400000e+01
      vertex   -4.671427e+01 1.550147e+01 7.600000e+00
    endloop
  endfacet
  facet normal 4.281249e-01 9.037196e-01 -0.000000e+00
    outer loop
      vertex   -4.671427e+01 1.550147e+01 7.600000e+00
      vertex   -4.671427e+01 1.550147e+01 1.400000e+01
      vertex   -4.643665e+01 1.536995e+01 1.400000e+01
    endloop
  endfacet
  facet normal 4.281249e-01 9.037196e-01 4.854648e-19
    outer loop
      vertex   -4.671427e+01 1.550147e+01 7.600000e+00
      vertex   -4.643665e+01 1.536995e+01 1.400000e+01
      vertex   -4.643665e+01 1.536995e+01 7.600000e+00
    endloop
  endfacet
  facet normal 6.032555e-01 7.975480e-01 -0.000000e+00
    outer loop
      vertex   -4.643665e+01 1.536995e+01 7.600000e+00
      vertex   -4.643665e+01 1.536995e+01 1.400000e+01
      vertex   -4.619164e+01 1.518463e+01 1.400000e+01
    endloop
  endfacet
  facet normal 6.032555e-01 7.975480e-01 -9.096105e-19
    outer loop
      vertex   -4.643665e+01 1.536995e+01 7.600000e+00
      vertex   -4.619164e+01 1.518463e+01 1.400000e+01
      vertex   -4.619164e+01 1.518463e+01 7.600000e+00
    endloop
  endfacet
  facet normal 7.530837e-01 6.579247e-01 -0.000000e+00
    outer loop
      vertex   -4.619164e+01 1.518463e+01 7.600000e+00
      vertex   -4.619164e+01 1.518463e+01 1.400000e+01
      vertex   -4.598953e+01 1.495328e+01 1.400000e+01
    endloop
  endfacet
  facet normal 7.530837e-01 6.579247e-01 7.727498e-20
    outer loop
      vertex   -4.619164e+01 1.518463e+01 7.600000e+00
      vertex   -4.598953e+01 1.495328e+01 1.400000e+01
      vertex   -4.598953e+01 1.495328e+01 7.600000e+00
    endloop
  endfacet
  facet normal 8.713252e-01 4.907059e-01 -0.000000e+00
    outer loop
      vertex   -4.598953e+01 1.495328e+01 7.600000e+00
      vertex   -4.598953e+01 1.495328e+01 1.400000e+01
      vertex   -4.583878e+01 1.468561e+01 1.400000e+01
    endloop
  endfacet
  facet normal 8.713252e-01 4.907059e-01 9.346713e-19
    outer loop
      vertex   -4.598953e+01 1.495328e+01 7.600000e+00
      vertex   -4.583878e+01 1.468561e+01 1.400000e+01
      vertex   -4.583878e+01 1.468561e+01 7.600000e+00
    endloop
  endfacet
  facet normal 9.530206e-01 3.029054e-01 -0.000000e+00
    outer loop
      vertex   -4.583878e+01 1.468561e+01 7.600000e+00
      vertex   -4.583878e+01 1.468561e+01 1.400000e+01
      vertex   -4.574573e+01 1.439284e+01 1.400000e+01
    endloop
  endfacet
  facet normal 9.530206e-01 3.029054e-01 5.940649e-19
    outer loop
      vertex   -4.583878e+01 1.468561e+01 7.600000e+00
      vertex   -4.574573e+01 1.439284e+01 1.400000e+01
      vertex   -4.574573e+01 1.439284e+01 7.600000e+00
    endloop
  endfacet
  facet normal 9.947433e-01 1.024001e-01 -0.000000e+00
    outer loop
      vertex   -4.574573e+01 1.439284e+01 7.600000e+00
      vertex   -4.574573e+01 1.439284e+01 1.400000e+01
      vertex   -4.571427e+01 1.408725e+01 7.600000e+00
    endloop
  endfacet
  facet normal 9.947433e-01 1.024001e-01 -0.000000e+00
    outer loop
      vertex   -4.571427e+01 1.408725e+01 7.600000e+00
      vertex   -4.574573e+01 1.439284e+01 1.400000e+01
      vertex   -4.571427e+01 1.408725e+01 1.400000e+01
    endloop
  endfacet
  facet normal 2.794271e-01 9.601669e-01 7.092620e-20
    outer loop
      vertex   -4.671427e+01 1.550147e+01 7.600000e+00
      vertex   -4.687734e+01 1.554892e+01 7.600000e+00
      vertex   -4.687734e+01 1.554892e+01 1.400000e+01
    endloop
  endfacet
  facet normal 1.691020e-01 9.855986e-01 0.000000e+00
    outer loop
      vertex   -4.687734e+01 1.554892e+01 1.400000e+01
      vertex   -4.687734e+01 1.554892e+01 7.600000e+00
      vertex   -4.704472e+01 1.557764e+01 1.400000e+01
    endloop
  endfacet
  facet normal 1.691020e-01 9.855986e-01 0.000000e+00
    outer loop
      vertex   -4.704472e+01 1.557764e+01 1.400000e+01
      vertex   -4.687734e+01 1.554892e+01 7.600000e+00
      vertex   -4.704472e+01 1.557764e+01 7.600000e+00
    endloop
  endfacet
  facet normal 5.660921e-02 9.983964e-01 0.000000e+00
    outer loop
      vertex   -4.704472e+01 1.557764e+01 1.400000e+01
      vertex   -4.704472e+01 1.557764e+01 7.600000e+00
      vertex   -4.721427e+01 1.558725e+01 1.400000e+01
    endloop
  endfacet
  facet normal 5.660921e-02 9.983964e-01 0.000000e+00
    outer loop
      vertex   -4.721427e+01 1.558725e+01 1.400000e+01
      vertex   -4.704472e+01 1.557764e+01 7.600000e+00
      vertex   -4.721427e+01 1.558725e+01 7.600000e+00
    endloop
  endfacet
  facet normal 0.000000e+00 1.000000e+00 0.000000e+00
    outer loop
      vertex   -4.721427e+01 1.558725e+01 1.400000e+01
      vertex   -4.721427e+01 1.558725e+01 7.600000e+00
      vertex   -4.871427e+01 1.558725e+01 1.400000e+01
    endloop
  endfacet
  facet normal 0.000000e+00 1.000000e+00 0.000000e+00
    outer loop
      vertex   -4.871427e+01 1.558725e+01 1.400000e+01
      vertex   -4.721427e+01 1.558725e+01 7.600000e+00
      vertex   -4.871427e+01 1.558725e+01 7.600000e+00
    endloop
  endfacet
  facet normal 1.000000e+00 0.000000e+00 0.000000e+00
    outer loop
      vertex   -1.121427e+01 -1.091549e+00 2.180000e+01
      vertex   -1.121427e+01 -3.066896e+00 1.928999e+01
      vertex   -1.121427e+01 -1.091549e+00 1.900000e+01
    endloop
  endfacet
  facet normal 1.000000e+00 0.000000e+00 0.000000e+00
    outer loop
      vertex   -1.121427e+01 -1.091549e+00 1.900000e+01
      vertex   -1.121427e+01 -3.066896e+00 1.928999e+01
      vertex   -1.121427e+01 -2.342182e+00 1.892469e+01
    endloop
  endfacet
  facet normal 1.000000e+00 0.000000e+00 0.000000e+00
    outer loop
      vertex   -1.121427e+01 -1.091549e+00 1.900000e+01
      vertex   -1.121427e+01 -2.342182e+00 1.892469e+01
      vertex   -1.121427e+01 -1.652481e+00 1.849695e+01
    endloop
  endfacet
  facet normal 1.000000e+00 -0.000000e+00 0.000000e+00
    outer loop
      vertex   -1.121427e+01 -1.602035e+01 2.180000e+01
      vertex   -1.121427e+01 -7.011248e+00 2.009843e+01
      vertex   -1.121427e+01 -1.091549e+00 2.180000e+01
    endloop
  endfacet
  facet normal 1.000000e+00 0.000000e+00 0.000000e+00
    outer loop
      vertex   -1.121427e+01 -1.091549e+00 2.180000e+01
      vertex   -1.121427e+01 -7.011248e+00 2.009843e+01
      vertex   -1.121427e+01 -6.199940e+00 2.007760e+01
    endloop
  endfacet
  facet normal 1.000000e+00 0.000000e+00 0.000000e+00
    outer loop
      vertex   -1.121427e+01 -1.091549e+00 2.180000e+01
      vertex   -1.121427e+01 -6.199940e+00 2.007760e+01
      vertex   -1.121427e+01 -5.393624e+00 1.998535e+01
    endloop
  endfacet
  facet normal 1.000000e+00 -0.000000e+00 -0.000000e+00
    outer loop
      vertex   -1.121427e+01 -1.433904e+01 2.025480e+01
      vertex   -1.121427e+01 -8.623599e+00 1.992576e+01
      vertex   -1.121427e+01 -1.602035e+01 2.180000e+01
    endloop
  endfacet
  facet normal 1.000000e+00 0.000000e+00 0.000000e+00
    outer loop
      vertex   -1.121427e+01 -1.602035e+01 2.180000e+01
      vertex   -1.121427e+01 -8.623599e+00 1.992576e+01
      vertex   -1.121427e+01 -7.821235e+00 2.004769e+01
    endloop
  endfacet
  facet normal 1.000000e+00 0.000000e+00 0.000000e+00
    outer loop
      vertex   -1.121427e+01 -1.602035e+01 2.180000e+01
      vertex   -1.121427e+01 -7.821235e+00 2.004769e+01
      vertex   -1.121427e+01 -7.011248e+00 2.009843e+01
    endloop
  endfacet
  facet normal 1.000000e+00 0.000000e+00 0.000000e+00
    outer loop
      vertex   -1.121427e+01 -8.623599e+00 1.992576e+01
      vertex   -1.121427e+01 -1.433904e+01 2.025480e+01
      vertex   -1.121427e+01 -9.412095e+00 1.973359e+01
    endloop
  endfacet
  facet normal 1.000000e+00 0.000000e+00 0.000000e+00
    outer loop
      vertex   -1.121427e+01 -9.412095e+00 1.973359e+01
      vertex   -1.121427e+01 -1.433904e+01 2.025480e+01
      vertex   -1.121427e+01 -1.395449e+01 1.994299e+01
    endloop
  endfacet
  facet normal 1.000000e+00 0.000000e+00 0.000000e+00
    outer loop
      vertex   -1.121427e+01 -9.412095e+00 1.973359e+01
      vertex   -1.121427e+01 -1.395449e+01 1.994299e+01
      vertex   -1.121427e+01 -1.018059e+01 1.947268e+01
    endloop
  endfacet
  facet normal 1.000000e+00 0.000000e+00 0.000000e+00
    outer loop
      vertex   -1.121427e+01 -1.018059e+01 1.947268e+01
      vertex   -1.121427e+01 -1.395449e+01 1.994299e+01
      vertex   -1.121427e+01 -1.353436e+01 1.968107e+01
    endloop
  endfacet
  facet normal 1.000000e+00 0.000000e+00 0.000000e+00
    outer loop
      vertex   -1.121427e+01 -1.018059e+01 1.947268e+01
      vertex   -1.121427e+01 -1.353436e+01 1.968107e+01
      vertex   -1.121427e+01 -1.308509e+01 1.947306e+01
    endloop
  endfacet
  facet normal 1.000000e+00 0.000000e+00 0.000000e+00
    outer loop
      vertex   -1.121427e+01 -1.308509e+01 1.947306e+01
      vertex   -1.121427e+01 -1.261356e+01 1.932215e+01
      vertex   -1.121427e+01 -1.018059e+01 1.947268e+01
    endloop
  endfacet
  facet normal 1.000000e+00 0.000000e+00 0.000000e+00
    outer loop
      vertex   -1.121427e+01 -1.018059e+01 1.947268e+01
      vertex   -1.121427e+01 -1.261356e+01 1.932215e+01
      vertex   -1.121427e+01 -1.065215e+01 1.932189e+01
    endloop
  endfacet
  facet normal 1.000000e+00 0.000000e+00 0.000000e+00
    outer loop
      vertex   -1.121427e+01 -1.065215e+01 1.932189e+01
      vertex   -1.121427e+01 -1.261356e+01 1.932215e+01
      vertex   -1.121427e+01 -1.212701e+01 1.923063e+01
    endloop
  endfacet
  facet normal 1.000000e+00 0.000000e+00 0.000000e+00
    outer loop
      vertex   -1.121427e+01 -1.065215e+01 1.932189e+01
      vertex   -1.121427e+01 -1.212701e+01 1.923063e+01
      vertex   -1.121427e+01 -1.113873e+01 1.923050e+01
    endloop
  endfacet
  facet normal 1.000000e+00 0.000000e+00 0.000000e+00
    outer loop
      vertex   -1.121427e+01 -1.113873e+01 1.923050e+01
      vertex   -1.121427e+01 -1.212701e+01 1.923063e+01
      vertex   -1.121427e+01 -1.163287e+01 1.919993e+01
    endloop
  endfacet
  facet normal 1.000000e+00 -0.000000e+00 0.000000e+00
    outer loop
      vertex   -1.121427e+01 -5.393624e+00 1.998535e+01
      vertex   -1.121427e+01 -4.598577e+00 1.982239e+01
      vertex   -1.121427e+01 -1.091549e+00 2.180000e+01
    endloop
  endfacet
  facet normal 1.000000e+00 0.000000e+00 0.000000e+00
    outer loop
      vertex   -1.121427e+01 -1.091549e+00 2.180000e+01
      vertex   -1.121427e+01 -4.598577e+00 1.982239e+01
      vertex   -1.121427e+01 -3.820984e+00 1.959000e+01
    endloop
  endfacet
  facet normal 1.000000e+00 0.000000e+00 0.000000e+00
    outer loop
      vertex   -1.121427e+01 -1.091549e+00 2.180000e+01
      vertex   -1.121427e+01 -3.820984e+00 1.959000e+01
      vertex   -1.121427e+01 -3.066896e+00 1.928999e+01
    endloop
  endfacet
  facet normal 1.000000e+00 -0.000000e+00 0.000000e+00
    outer loop
      vertex   -1.121427e+01 -1.652481e+00 1.849695e+01
      vertex   -1.121427e+01 -1.003161e+00 1.801008e+01
      vertex   -1.121427e+01 -1.091549e+00 1.900000e+01
    endloop
  endfacet
  facet normal 1.000000e+00 0.000000e+00 0.000000e+00
    outer loop
      vertex   -1.121427e+01 -1.091549e+00 1.900000e+01
      vertex   -1.121427e+01 -1.003161e+00 1.801008e+01
      vertex   -1.121427e+01 -3.992747e-01 1.746788e+01
    endloop
  endfacet
  facet normal 1.000000e+00 0.000000e+00 0.000000e+00
    outer loop
      vertex   -1.121427e+01 -1.091549e+00 1.900000e+01
      vertex   -1.121427e+01 -3.992747e-01 1.746788e+01
      vertex   -1.121427e+01 6.716176e+00 1.746788e+01
    endloop
  endfacet
  facet normal 1.000000e+00 0.000000e+00 0.000000e+00
    outer loop
      vertex   -1.121427e+01 6.716176e+00 1.746788e+01
      vertex   -1.121427e+01 -3.992747e-01 1.746788e+01
      vertex   -1.121427e+01 1.544792e-01 1.687458e+01
    endloop
  endfacet
  facet normal 1.000000e+00 0.000000e+00 0.000000e+00
    outer loop
      vertex   -1.121427e+01 6.716176e+00 1.746788e+01
      vertex   -1.121427e+01 1.544792e-01 1.687458e+01
      vertex   -1.121427e+01 6.162422e+00 1.687458e+01
    endloop
  endfacet
  facet normal 1.000000e+00 0.000000e+00 0.000000e+00
    outer loop
      vertex   -1.121427e+01 6.162422e+00 1.687458e+01
      vertex   -1.121427e+01 1.544792e-01 1.687458e+01
      vertex   -1.121427e+01 6.537912e-01 1.623478e+01
    endloop
  endfacet
  facet normal 1.000000e+00 0.000000e+00 0.000000e+00
    outer loop
      vertex   -1.121427e+01 6.162422e+00 1.687458e+01
      vertex   -1.121427e+01 6.537912e-01 1.623478e+01
      vertex   -1.121427e+01 5.663110e+00 1.623478e+01
    endloop
  endfacet
  facet normal 1.000000e+00 0.000000e+00 0.000000e+00
    outer loop
      vertex   -1.121427e+01 5.663110e+00 1.623478e+01
      vertex   -1.121427e+01 6.537912e-01 1.623478e+01
      vertex   -1.121427e+01 1.094776e+00 1.555347e+01
    endloop
  endfacet
  facet normal 1.000000e+00 0.000000e+00 0.000000e+00
    outer loop
      vertex   -1.121427e+01 5.663110e+00 1.623478e+01
      vertex   -1.121427e+01 1.094776e+00 1.555347e+01
      vertex   -1.121427e+01 5.222126e+00 1.555347e+01
    endloop
  endfacet
  facet normal 1.000000e+00 0.000000e+00 0.000000e+00
    outer loop
      vertex   -1.121427e+01 5.222126e+00 1.555347e+01
      vertex   -1.121427e+01 1.094776e+00 1.555347e+01
      vertex   -1.121427e+01 4.842901e+00 1.483594e+01
    endloop
  endfacet
  facet normal 1.000000e+00 0.000000e+00 0.000000e+00
    outer loop
      vertex   -1.121427e+01 4.842901e+00 1.483594e+01
      vertex   -1.121427e+01 1.094776e+00 1.555347e+01
      vertex   -1.121427e+01 1.474001e+00 1.483594e+01
    endloop
  endfacet
  facet normal 1.000000e+00 0.000000e+00 0.000000e+00
    outer loop
      vertex   -1.121427e+01 4.842901e+00 1.483594e+01
      vertex   -1.121427e+01 1.474001e+00 1.483594e+01
      vertex   -1.121427e+01 4.528386e+00 1.408779e+01
    endloop
  endfacet
  facet normal 1.000000e+00 0.000000e+00 0.000000e+00
    outer loop
      vertex   -1.121427e+01 4.528386e+00 1.408779e+01
      vertex   -1.121427e+01 1.474001e+00 1.483594e+01
      vertex   -1.121427e+01 1.788516e+00 1.408779e+01
    endloop
  endfacet
  facet normal 1.000000e+00 0.000000e+00 0.000000e+00
    outer loop
      vertex   -1.121427e+01 4.528386e+00 1.408779e+01
      vertex   -1.121427e+01 1.788516e+00 1.408779e+01
      vertex   -1.121427e+01 4.281029e+00 1.331482e+01
    endloop
  endfacet
  facet normal 1.000000e+00 0.000000e+00 0.000000e+00
    outer loop
      vertex   -1.121427e+01 4.281029e+00 1.331482e+01
      vertex   -1.121427e+01 1.788516e+00 1.408779e+01
      vertex   -1.121427e+01 2.035873e+00 1.331482e+01
    endloop
  endfacet
  facet normal 1.000000e+00 0.000000e+00 0.000000e+00
    outer loop
      vertex   -1.121427e+01 4.281029e+00 1.331482e+01
      vertex   -1.121427e+01 2.035873e+00 1.331482e+01
      vertex   -1.121427e+01 4.102754e+00 1.252307e+01
    endloop
  endfacet
  facet normal 1.000000e+00 0.000000e+00 0.000000e+00
    outer loop
      vertex   -1.121427e+01 4.102754e+00 1.252307e+01
      vertex   -1.121427e+01 2.035873e+00 1.331482e+01
      vertex   -1.121427e+01 2.214147e+00 1.252307e+01
    endloop
  endfacet
  facet normal 1.000000e+00 0.000000e+00 0.000000e+00
    outer loop
      vertex   -1.121427e+01 4.102754e+00 1.252307e+01
      vertex   -1.121427e+01 2.214147e+00 1.252307e+01
      vertex   -1.121427e+01 3.994950e+00 1.171869e+01
    endloop
  endfacet
  facet normal 1.000000e+00 0.000000e+00 0.000000e+00
    outer loop
      vertex   -1.121427e+01 3.994950e+00 1.171869e+01
      vertex   -1.121427e+01 2.214147e+00 1.252307e+01
      vertex   -1.121427e+01 2.321952e+00 1.171869e+01
    endloop
  endfacet
  facet normal 1.000000e+00 0.000000e+00 0.000000e+00
    outer loop
      vertex   -1.121427e+01 3.994950e+00 1.171869e+01
      vertex   -1.121427e+01 2.321952e+00 1.171869e+01
      vertex   -1.121427e+01 3.958454e+00 1.090793e+01
    endloop
  endfacet
  facet normal 1.000000e+00 0.000000e+00 0.000000e+00
    outer loop
      vertex   -1.121427e+01 3.958454e+00 1.090793e+01
      vertex   -1.121427e+01 2.321952e+00 1.171869e+01
      vertex   -1.121427e+01 2.358447e+00 1.090793e+01
    endloop
  endfacet
  facet normal 1.000000e+00 0.000000e+00 0.000000e+00
    outer loop
      vertex   -1.121427e+01 3.958454e+00 1.090793e+01
      vertex   -1.121427e+01 2.358447e+00 1.090793e+01
      vertex   -1.121427e+01 2.323350e+00 1.009712e+01
    endloop
  endfacet
  facet normal 1.000000e+00 -0.000000e+00 0.000000e+00
    outer loop
      vertex   -1.121427e+01 2.216933e+00 9.292548e+00
      vertex   -1.121427e+01 4.099969e+00 9.292548e+00
      vertex   -1.121427e+01 2.323350e+00 1.009712e+01
    endloop
  endfacet
  facet normal 1.000000e+00 0.000000e+00 0.000000e+00
    outer loop
      vertex   -1.121427e+01 2.323350e+00 1.009712e+01
      vertex   -1.121427e+01 4.099969e+00 9.292548e+00
      vertex   -1.121427e+01 3.993551e+00 1.009712e+01
    endloop
  endfacet
  facet normal 1.000000e+00 -0.000000e+00 0.000000e+00
    outer loop
      vertex   -1.121427e+01 2.323350e+00 1.009712e+01
      vertex   -1.121427e+01 3.993551e+00 1.009712e+01
      vertex   -1.121427e+01 3.958454e+00 1.090793e+01
    endloop
  endfacet
  facet normal 1.000000e+00 0.000000e+00 0.000000e+00
    outer loop
      vertex   -1.121427e+01 4.099969e+00 9.292548e+00
      vertex   -1.121427e+01 2.216933e+00 9.292548e+00
      vertex   -1.121427e+01 4.276877e+00 8.500489e+00
    endloop
  endfacet
  facet normal 1.000000e+00 0.000000e+00 0.000000e+00
    outer loop
      vertex   -1.121427e+01 4.276877e+00 8.500489e+00
      vertex   -1.121427e+01 2.216933e+00 9.292548e+00
      vertex   -1.121427e+01 2.040024e+00 8.500489e+00
    endloop
  endfacet
  facet normal 1.000000e+00 0.000000e+00 0.000000e+00
    outer loop
      vertex   -1.121427e+01 4.276877e+00 8.500489e+00
      vertex   -1.121427e+01 2.040024e+00 8.500489e+00
      vertex   -1.121427e+01 4.522901e+00 7.727102e+00
    endloop
  endfacet
  facet normal 1.000000e+00 0.000000e+00 0.000000e+00
    outer loop
      vertex   -1.121427e+01 4.522901e+00 7.727102e+00
      vertex   -1.121427e+01 2.040024e+00 8.500489e+00
      vertex   -1.121427e+01 1.794000e+00 7.727102e+00
    endloop
  endfacet
  facet normal 1.000000e+00 0.000000e+00 0.000000e+00
    outer loop
      vertex   -1.121427e+01 4.522901e+00 7.727102e+00
      vertex   -1.121427e+01 1.794000e+00 7.727102e+00
      vertex   -1.121427e+01 1.480776e+00 6.978406e+00
    endloop
  endfacet
  facet normal 1.000000e+00 0.000000e+00 0.000000e+00
    outer loop
      vertex   -1.121427e+01 4.522901e+00 7.727102e+00
      vertex   -1.121427e+01 1.480776e+00 6.978406e+00
      vertex   -1.121427e+01 4.836125e+00 6.978406e+00
    endloop
  endfacet
  facet normal 1.000000e+00 0.000000e+00 0.000000e+00
    outer loop
      vertex   -1.121427e+01 4.836125e+00 6.978406e+00
      vertex   -1.121427e+01 1.480776e+00 6.978406e+00
      vertex   -1.121427e+01 1.102789e+00 6.260227e+00
    endloop
  endfacet
  facet normal 1.000000e+00 0.000000e+00 0.000000e+00
    outer loop
      vertex   -1.121427e+01 4.836125e+00 6.978406e+00
      vertex   -1.121427e+01 1.102789e+00 6.260227e+00
      vertex   -1.121427e+01 5.214112e+00 6.260227e+00
    endloop
  endfacet
  facet normal 1.000000e+00 0.000000e+00 0.000000e+00
    outer loop
      vertex   -1.121427e+01 5.214112e+00 6.260227e+00
      vertex   -1.121427e+01 1.102789e+00 6.260227e+00
      vertex   -1.121427e+01 6.629801e-01 5.578155e+00
    endloop
  endfacet
  facet normal 1.000000e+00 0.000000e+00 0.000000e+00
    outer loop
      vertex   -1.121427e+01 5.214112e+00 6.260227e+00
      vertex   -1.121427e+01 6.629801e-01 5.578155e+00
      vertex   -1.121427e+01 5.653921e+00 5.578155e+00
    endloop
  endfacet
  facet normal 1.000000e+00 0.000000e+00 0.000000e+00
    outer loop
      vertex   -1.121427e+01 5.653921e+00 5.578155e+00
      vertex   -1.121427e+01 6.629801e-01 5.578155e+00
      vertex   -1.121427e+01 1.658451e+00 3.800000e+00
    endloop
  endfacet
  facet normal 1.000000e+00 0.000000e+00 0.000000e+00
    outer loop
      vertex   -1.121427e+01 5.653921e+00 5.578155e+00
      vertex   -1.121427e+01 1.658451e+00 3.800000e+00
      vertex   -1.121427e+01 4.658451e+00 3.800000e+00
    endloop
  endfacet
  facet normal 1.000000e+00 0.000000e+00 0.000000e+00
    outer loop
      vertex   -1.121427e+01 4.658451e+00 3.800000e+00
      vertex   -1.121427e+01 1.658451e+00 3.800000e+00
      vertex   -1.121427e+01 4.784016e-01 2.114715e+00
    endloop
  endfacet
  facet normal 1.000000e+00 0.000000e+00 0.000000e+00
    outer loop
      vertex   -1.121427e+01 4.658451e+00 3.800000e+00
      vertex   -1.121427e+01 4.784016e-01 2.114715e+00
      vertex   -1.121427e+01 5.838500e+00 2.114715e+00
    endloop
  endfacet
  facet normal 1.000000e+00 0.000000e+00 0.000000e+00
    outer loop
      vertex   -1.121427e+01 5.838500e+00 2.114715e+00
      vertex   -1.121427e+01 4.784016e-01 2.114715e+00
      vertex   -1.121427e+01 6.422320e-01 1.800000e+00
    endloop
  endfacet
  facet normal 1.000000e+00 0.000000e+00 0.000000e+00
    outer loop
      vertex   -1.121427e+01 5.838500e+00 2.114715e+00
      vertex   -1.121427e+01 6.422320e-01 1.800000e+00
      vertex   -1.121427e+01 5.674669e+00 1.800000e+00
    endloop
  endfacet
  facet normal 1.000000e+00 0.000000e+00 0.000000e+00
    outer loop
      vertex   -1.121427e+01 6.629801e-01 5.578155e+00
      vertex   -1.121427e+01 1.647723e-01 4.937496e+00
      vertex   -1.121427e+01 1.658451e+00 3.800000e+00
    endloop
  endfacet
  facet normal 1.000000e+00 0.000000e+00 0.000000e+00
    outer loop
      vertex   -1.121427e+01 1.658451e+00 3.800000e+00
      vertex   -1.121427e+01 1.647723e-01 4.937496e+00
      vertex   -1.121427e+01 -3.879576e-01 4.343236e+00
    endloop
  endfacet
  facet normal 1.000000e+00 0.000000e+00 0.000000e+00
    outer loop
      vertex   -1.121427e+01 1.658451e+00 3.800000e+00
      vertex   -1.121427e+01 -3.879576e-01 4.343236e+00
      vertex   -1.121427e+01 -9.909083e-01 3.800000e+00
    endloop
  endfacet
  facet normal 1.000000e+00 0.000000e+00 0.000000e+00
    outer loop
      vertex   -1.121427e+01 4.784016e-01 2.114715e+00
      vertex   -1.121427e+01 4.556553e-01 2.072036e+00
      vertex   -1.121427e+01 6.422320e-01 1.800000e+00
    endloop
  endfacet
  facet normal 1.000000e+00 0.000000e+00 0.000000e+00
    outer loop
      vertex   -1.121427e+01 6.422320e-01 1.800000e+00
      vertex   -1.121427e+01 4.556553e-01 2.072036e+00
      vertex   -1.121427e+01 4.438188e-01 2.025144e+00
    endloop
  endfacet
  facet normal 1.000000e+00 0.000000e+00 0.000000e+00
    outer loop
      vertex   -1.121427e+01 6.422320e-01 1.800000e+00
      vertex   -1.121427e+01 4.438188e-01 2.025144e+00
      vertex   -1.121427e+01 4.435844e-01 1.976781e+00
    endloop
  endfacet
  facet normal 1.000000e+00 0.000000e+00 0.000000e+00
    outer loop
      vertex   -1.121427e+01 4.435844e-01 1.976781e+00
      vertex   -1.121427e+01 4.549656e-01 1.929777e+00
      vertex   -1.121427e+01 6.422320e-01 1.800000e+00
    endloop
  endfacet
  facet normal 1.000000e+00 0.000000e+00 0.000000e+00
    outer loop
      vertex   -1.121427e+01 6.422320e-01 1.800000e+00
      vertex   -1.121427e+01 4.549656e-01 1.929777e+00
      vertex   -1.121427e+01 4.772970e-01 1.886879e+00
    endloop
  endfacet
  facet normal 1.000000e+00 0.000000e+00 0.000000e+00
    outer loop
      vertex   -1.121427e+01 6.422320e-01 1.800000e+00
      vertex   -1.121427e+01 4.772970e-01 1.886879e+00
      vertex   -1.121427e+01 5.092729e-01 1.850595e+00
    endloop
  endfacet
  facet normal 1.000000e+00 0.000000e+00 0.000000e+00
    outer loop
      vertex   -1.121427e+01 5.092729e-01 1.850595e+00
      vertex   -1.121427e+01 5.490233e-01 1.823048e+00
      vertex   -1.121427e+01 6.422320e-01 1.800000e+00
    endloop
  endfacet
  facet normal 1.000000e+00 0.000000e+00 0.000000e+00
    outer loop
      vertex   -1.121427e+01 6.422320e-01 1.800000e+00
      vertex   -1.121427e+01 5.490233e-01 1.823048e+00
      vertex   -1.121427e+01 5.942241e-01 1.805847e+00
    endloop
  endfacet
  facet normal 1.000000e+00 0.000000e+00 -0.000000e+00
    outer loop
      vertex   -1.121427e+01 5.722677e+00 1.805847e+00
      vertex   -1.121427e+01 5.767878e+00 1.823048e+00
      vertex   -1.121427e+01 5.674669e+00 1.800000e+00
    endloop
  endfacet
  facet normal 1.000000e+00 0.000000e+00 0.000000e+00
    outer loop
      vertex   -1.121427e+01 5.674669e+00 1.800000e+00
      vertex   -1.121427e+01 5.767878e+00 1.823048e+00
      vertex   -1.121427e+01 5.807629e+00 1.850595e+00
    endloop
  endfacet
  facet normal 1.000000e+00 0.000000e+00 0.000000e+00
    outer loop
      vertex   -1.121427e+01 5.674669e+00 1.800000e+00
      vertex   -1.121427e+01 5.807629e+00 1.850595e+00
      vertex   -1.121427e+01 5.839604e+00 1.886879e+00
    endloop
  endfacet
  facet normal 1.000000e+00 0.000000e+00 -0.000000e+00
    outer loop
      vertex   -1.121427e+01 5.839604e+00 1.886879e+00
      vertex   -1.121427e+01 5.861936e+00 1.929777e+00
      vertex   -1.121427e+01 5.674669e+00 1.800000e+00
    endloop
  endfacet
  facet normal 1.000000e+00 0.000000e+00 0.000000e+00
    outer loop
      vertex   -1.121427e+01 5.674669e+00 1.800000e+00
      vertex   -1.121427e+01 5.861936e+00 1.929777e+00
      vertex   -1.121427e+01 5.873317e+00 1.976781e+00
    endloop
  endfacet
  facet normal 1.000000e+00 0.000000e+00 0.000000e+00
    outer loop
      vertex   -1.121427e+01 5.674669e+00 1.800000e+00
      vertex   -1.121427e+01 5.873317e+00 1.976781e+00
      vertex   -1.121427e+01 5.873083e+00 2.025144e+00
    endloop
  endfacet
  facet normal 1.000000e+00 0.000000e+00 0.000000e+00
    outer loop
      vertex   -1.121427e+01 5.873083e+00 2.025144e+00
      vertex   -1.121427e+01 5.861246e+00 2.072036e+00
      vertex   -1.121427e+01 5.674669e+00 1.800000e+00
    endloop
  endfacet
  facet normal 1.000000e+00 0.000000e+00 0.000000e+00
    outer loop
      vertex   -1.121427e+01 5.674669e+00 1.800000e+00
      vertex   -1.121427e+01 5.861246e+00 2.072036e+00
      vertex   -1.121427e+01 5.838500e+00 2.114715e+00
    endloop
  endfacet
  facet normal 1.000000e+00 0.000000e+00 0.000000e+00
    outer loop
      vertex   -1.121427e+01 7.307810e+00 3.800000e+00
      vertex   -1.121427e+01 6.704859e+00 4.343236e+00
      vertex   -1.121427e+01 4.658451e+00 3.800000e+00
    endloop
  endfacet
  facet normal 1.000000e+00 0.000000e+00 0.000000e+00
    outer loop
      vertex   -1.121427e+01 4.658451e+00 3.800000e+00
      vertex   -1.121427e+01 6.704859e+00 4.343236e+00
      vertex   -1.121427e+01 6.152129e+00 4.937496e+00
    endloop
  endfacet
  facet normal 1.000000e+00 0.000000e+00 0.000000e+00
    outer loop
      vertex   -1.121427e+01 4.658451e+00 3.800000e+00
      vertex   -1.121427e+01 6.152129e+00 4.937496e+00
      vertex   -1.121427e+01 5.653921e+00 5.578155e+00
    endloop
  endfacet
  facet normal 1.000000e+00 -0.000000e+00 0.000000e+00
    outer loop
      vertex   -1.121427e+01 -1.091549e+00 1.900000e+01
      vertex   -1.121427e+01 6.716176e+00 1.746788e+01
      vertex   -1.121427e+01 7.408451e+00 1.900000e+01
    endloop
  endfacet
  facet normal 1.000000e+00 0.000000e+00 0.000000e+00
    outer loop
      vertex   -1.121427e+01 7.408451e+00 1.900000e+01
      vertex   -1.121427e+01 6.716176e+00 1.746788e+01
      vertex   -1.121427e+01 7.320063e+00 1.801008e+01
    endloop
  endfacet
  facet normal 1.000000e+00 0.000000e+00 0.000000e+00
    outer loop
      vertex   -1.121427e+01 7.408451e+00 1.900000e+01
      vertex   -1.121427e+01 7.320063e+00 1.801008e+01
      vertex   -1.121427e+01 7.969383e+00 1.849695e+01
    endloop
  endfacet
  facet normal 1.000000e+00 0.000000e+00 -0.000000e+00
    outer loop
      vertex   -1.121427e+01 7.969383e+00 1.849695e+01
      vertex   -1.121427e+01 8.659083e+00 1.892469e+01
      vertex   -1.121427e+01 7.408451e+00 1.900000e+01
    endloop
  endfacet
  facet normal 1.000000e+00 -0.000000e+00 0.000000e+00
    outer loop
      vertex   -1.121427e+01 7.408451e+00 1.900000e+01
      vertex   -1.121427e+01 8.659083e+00 1.892469e+01
      vertex   -1.121427e+01 9.383797e+00 1.928999e+01
    endloop
  endfacet
  facet normal 1.000000e+00 0.000000e+00 0.000000e+00
    outer loop
      vertex   -1.121427e+01 7.408451e+00 1.900000e+01
      vertex   -1.121427e+01 9.383797e+00 1.928999e+01
      vertex   -1.121427e+01 7.408451e+00 2.180000e+01
    endloop
  endfacet
  facet normal 1.000000e+00 0.000000e+00 0.000000e+00
    outer loop
      vertex   -1.121427e+01 7.408451e+00 2.180000e+01
      vertex   -1.121427e+01 9.383797e+00 1.928999e+01
      vertex   -1.121427e+01 1.013788e+01 1.959000e+01
    endloop
  endfacet
  facet normal 1.000000e+00 0.000000e+00 0.000000e+00
    outer loop
      vertex   -1.121427e+01 7.408451e+00 2.180000e+01
      vertex   -1.121427e+01 1.013788e+01 1.959000e+01
      vertex   -1.121427e+01 1.091548e+01 1.982239e+01
    endloop
  endfacet
  facet normal 1.000000e+00 0.000000e+00 -0.000000e+00
    outer loop
      vertex   -1.121427e+01 1.091548e+01 1.982239e+01
      vertex   -1.121427e+01 1.171053e+01 1.998535e+01
      vertex   -1.121427e+01 7.408451e+00 2.180000e+01
    endloop
  endfacet
  facet normal 1.000000e+00 0.000000e+00 0.000000e+00
    outer loop
      vertex   -1.121427e+01 7.408451e+00 2.180000e+01
      vertex   -1.121427e+01 1.171053e+01 1.998535e+01
      vertex   -1.121427e+01 1.251684e+01 2.007760e+01
    endloop
  endfacet
  facet normal 1.000000e+00 0.000000e+00 0.000000e+00
    outer loop
      vertex   -1.121427e+01 7.408451e+00 2.180000e+01
      vertex   -1.121427e+01 1.251684e+01 2.007760e+01
      vertex   -1.121427e+01 1.332815e+01 2.009843e+01
    endloop
  endfacet
  facet normal 1.000000e+00 0.000000e+00 0.000000e+00
    outer loop
      vertex   -1.121427e+01 7.408451e+00 2.180000e+01
      vertex   -1.121427e+01 1.332815e+01 2.009843e+01
      vertex   -1.121427e+01 2.233725e+01 2.180000e+01
    endloop
  endfacet
  facet normal 1.000000e+00 0.000000e+00 0.000000e+00
    outer loop
      vertex   -1.121427e+01 2.233725e+01 2.180000e+01
      vertex   -1.121427e+01 1.332815e+01 2.009843e+01
      vertex   -1.121427e+01 1.413814e+01 2.004769e+01
    endloop
  endfacet
  facet normal 1.000000e+00 0.000000e+00 0.000000e+00
    outer loop
      vertex   -1.121427e+01 2.233725e+01 2.180000e+01
      vertex   -1.121427e+01 1.413814e+01 2.004769e+01
      vertex   -1.121427e+01 1.494050e+01 1.992576e+01
    endloop
  endfacet
  facet normal 1.000000e+00 0.000000e+00 0.000000e+00
    outer loop
      vertex   -1.121427e+01 2.233725e+01 2.180000e+01
      vertex   -1.121427e+01 1.494050e+01 1.992576e+01
      vertex   -1.121427e+01 2.065595e+01 2.025480e+01
    endloop
  endfacet
  facet normal 1.000000e+00 0.000000e+00 0.000000e+00
    outer loop
      vertex   -1.121427e+01 2.065595e+01 2.025480e+01
      vertex   -1.121427e+01 1.494050e+01 1.992576e+01
      vertex   -1.121427e+01 1.572900e+01 1.973359e+01
    endloop
  endfacet
  facet normal 1.000000e+00 0.000000e+00 0.000000e+00
    outer loop
      vertex   -1.121427e+01 2.065595e+01 2.025480e+01
      vertex   -1.121427e+01 1.572900e+01 1.973359e+01
      vertex   -1.121427e+01 2.027139e+01 1.994299e+01
    endloop
  endfacet
  facet normal 1.000000e+00 0.000000e+00 0.000000e+00
    outer loop
      vertex   -1.121427e+01 2.027139e+01 1.994299e+01
      vertex   -1.121427e+01 1.572900e+01 1.973359e+01
      vertex   -1.121427e+01 1.649749e+01 1.947268e+01
    endloop
  endfacet
  facet normal 1.000000e+00 0.000000e+00 0.000000e+00
    outer loop
      vertex   -1.121427e+01 2.027139e+01 1.994299e+01
      vertex   -1.121427e+01 1.649749e+01 1.947268e+01
      vertex   -1.121427e+01 1.985126e+01 1.968107e+01
    endloop
  endfacet
  facet normal 1.000000e+00 0.000000e+00 0.000000e+00
    outer loop
      vertex   -1.121427e+01 1.985126e+01 1.968107e+01
      vertex   -1.121427e+01 1.649749e+01 1.947268e+01
      vertex   -1.121427e+01 1.940199e+01 1.947306e+01
    endloop
  endfacet
  facet normal 1.000000e+00 0.000000e+00 0.000000e+00
    outer loop
      vertex   -1.121427e+01 1.940199e+01 1.947306e+01
      vertex   -1.121427e+01 1.649749e+01 1.947268e+01
      vertex   -1.121427e+01 1.893046e+01 1.932215e+01
    endloop
  endfacet
  facet normal 1.000000e+00 0.000000e+00 0.000000e+00
    outer loop
      vertex   -1.121427e+01 1.893046e+01 1.932215e+01
      vertex   -1.121427e+01 1.649749e+01 1.947268e+01
      vertex   -1.121427e+01 1.696905e+01 1.932189e+01
    endloop
  endfacet
  facet normal 1.000000e+00 0.000000e+00 0.000000e+00
    outer loop
      vertex   -1.121427e+01 1.893046e+01 1.932215e+01
      vertex   -1.121427e+01 1.696905e+01 1.932189e+01
      vertex   -1.121427e+01 1.844391e+01 1.923063e+01
    endloop
  endfacet
  facet normal 1.000000e+00 0.000000e+00 0.000000e+00
    outer loop
      vertex   -1.121427e+01 1.844391e+01 1.923063e+01
      vertex   -1.121427e+01 1.696905e+01 1.932189e+01
      vertex   -1.121427e+01 1.745563e+01 1.923050e+01
    endloop
  endfacet
  facet normal 1.000000e+00 0.000000e+00 0.000000e+00
    outer loop
      vertex   -1.121427e+01 1.844391e+01 1.923063e+01
      vertex   -1.121427e+01 1.745563e+01 1.923050e+01
      vertex   -1.121427e+01 1.794977e+01 1.919993e+01
    endloop
  endfacet
  facet normal 0.000000e+00 8.824920e-01 4.703275e-01
    outer loop
      vertex   -1.121427e+01 5.861246e+00 2.072036e+00
      vertex   -1.223700e+01 5.861246e+00 2.072036e+00
      vertex   -1.121427e+01 5.838500e+00 2.114715e+00
    endloop
  endfacet
  facet normal 9.095505e-19 8.824920e-01 4.703275e-01
    outer loop
      vertex   -1.121427e+01 5.838500e+00 2.114715e+00
      vertex   -1.223700e+01 5.861246e+00 2.072036e+00
      vertex   -1.325973e+01 5.861246e+00 2.072036e+00
    endloop
  endfacet
  facet normal 9.095505e-19 8.824920e-01 4.703275e-01
    outer loop
      vertex   -1.121427e+01 5.838500e+00 2.114715e+00
      vertex   -1.325973e+01 5.861246e+00 2.072036e+00
      vertex   -1.428245e+01 5.861246e+00 2.072036e+00
    endloop
  endfacet
  facet normal -0.000000e+00 9.695879e-01 2.447433e-01
    outer loop
      vertex   -1.428245e+01 5.861246e+00 2.072036e+00
      vertex   -1.325973e+01 5.861246e+00 2.072036e+00
      vertex   -1.428245e+01 5.873083e+00 2.025144e+00
    endloop
  endfacet
  facet normal -2.725909e-19 9.695879e-01 2.447433e-01
    outer loop
      vertex   -1.428245e+01 5.861246e+00 2.072036e+00
      vertex   -1.428245e+01 5.873083e+00 2.025144e+00
      vertex   -1.530518e+01 5.873083e+00 2.025144e+00
    endloop
  endfacet
  facet normal -0.000000e+00 9.999882e-01 4.848118e-03
    outer loop
      vertex   -1.530518e+01 5.873083e+00 2.025144e+00
      vertex   -1.428245e+01 5.873083e+00 2.025144e+00
      vertex   -1.530518e+01 5.873317e+00 1.976781e+00
    endloop
  endfacet
  facet normal 1.194666e-20 9.999882e-01 4.848118e-03
    outer loop
      vertex   -1.530518e+01 5.873083e+00 2.025144e+00
      vertex   -1.530518e+01 5.873317e+00 1.976781e+00
      vertex   -1.632791e+01 5.873317e+00 1.976781e+00
    endloop
  endfacet
  facet normal 0.000000e+00 9.719154e-01 -2.353306e-01
    outer loop
      vertex   -1.632791e+01 5.873317e+00 1.976781e+00
      vertex   -1.530518e+01 5.873317e+00 1.976781e+00
      vertex   -1.632791e+01 5.861936e+00 1.929777e+00
    endloop
  endfacet
  facet normal 6.052193e-19 9.719154e-01 -2.353306e-01
    outer loop
      vertex   -1.632791e+01 5.873317e+00 1.976781e+00
      vertex   -1.632791e+01 5.861936e+00 1.929777e+00
      vertex   -1.735064e+01 5.861936e+00 1.929777e+00
    endloop
  endfacet
  facet normal 0.000000e+00 8.870108e-01 -4.617486e-01
    outer loop
      vertex   -1.735064e+01 5.861936e+00 1.929777e+00
      vertex   -1.632791e+01 5.861936e+00 1.929777e+00
      vertex   -1.735064e+01 5.839604e+00 1.886879e+00
    endloop
  endfacet
  facet normal 1.480413e-19 8.870108e-01 -4.617486e-01
    outer loop
      vertex   -1.735064e+01 5.861936e+00 1.929777e+00
      vertex   -1.735064e+01 5.839604e+00 1.886879e+00
      vertex   -1.837336e+01 5.839604e+00 1.886879e+00
    endloop
  endfacet
  facet normal 0.000000e+00 7.502393e-01 -6.611664e-01
    outer loop
      vertex   -1.837336e+01 5.839604e+00 1.886879e+00
      vertex   -1.735064e+01 5.839604e+00 1.886879e+00
      vertex   -1.837336e+01 5.807629e+00 1.850595e+00
    endloop
  endfacet
  facet normal 1.624836e-18 7.502393e-01 -6.611664e-01
    outer loop
      vertex   -1.837336e+01 5.839604e+00 1.886879e+00
      vertex   -1.837336e+01 5.807629e+00 1.850595e+00
      vertex   -1.939609e+01 5.807629e+00 1.850595e+00
    endloop
  endfacet
  facet normal 0.000000e+00 5.695983e-01 -8.219232e-01
    outer loop
      vertex   -1.939609e+01 5.807629e+00 1.850595e+00
      vertex   -1.837336e+01 5.807629e+00 1.850595e+00
      vertex   -1.939609e+01 5.767878e+00 1.823048e+00
    endloop
  endfacet
  facet normal 2.045964e-18 5.695983e-01 -8.219232e-01
    outer loop
      vertex   -1.939609e+01 5.807629e+00 1.850595e+00
      vertex   -1.939609e+01 5.767878e+00 1.823048e+00
      vertex   -2.041882e+01 5.767878e+00 1.823048e+00
    endloop
  endfacet
  facet normal 0.000000e+00 3.556508e-01 -9.346189e-01
    outer loop
      vertex   -2.041882e+01 5.767878e+00 1.823048e+00
      vertex   -1.939609e+01 5.767878e+00 1.823048e+00
      vertex   -2.041882e+01 5.722677e+00 1.805847e+00
    endloop
  endfacet
  facet normal 7.494947e-20 3.556508e-01 -9.346189e-01
    outer loop
      vertex   -2.041882e+01 5.767878e+00 1.823048e+00
      vertex   -2.041882e+01 5.722677e+00 1.805847e+00
      vertex   -2.144155e+01 5.722677e+00 1.805847e+00
    endloop
  endfacet
  facet normal 0.000000e+00 1.209069e-01 -9.926639e-01
    outer loop
      vertex   -2.144155e+01 5.722677e+00 1.805847e+00
      vertex   -2.041882e+01 5.722677e+00 1.805847e+00
      vertex   -1.121427e+01 5.674669e+00 1.800000e+00
    endloop
  endfacet
  facet normal 0.000000e+00 1.209069e-01 -9.926639e-01
    outer loop
      vertex   -2.144155e+01 5.722677e+00 1.805847e+00
      vertex   -1.121427e+01 5.674669e+00 1.800000e+00
      vertex   -2.246427e+01 5.722677e+00 1.805847e+00
    endloop
  endfacet
  facet normal 2.329165e-20 1.209069e-01 -9.926639e-01
    outer loop
      vertex   -2.246427e+01 5.722677e+00 1.805847e+00
      vertex   -1.121427e+01 5.674669e+00 1.800000e+00
      vertex   -3.371427e+01 5.674669e+00 1.800000e+00
    endloop
  endfacet
  facet normal 0.000000e+00 1.209069e-01 -9.926639e-01
    outer loop
      vertex   -2.246427e+01 5.722677e+00 1.805847e+00
      vertex   -3.371427e+01 5.674669e+00 1.800000e+00
      vertex   -2.348700e+01 5.722677e+00 1.805847e+00
    endloop
  endfacet
  facet normal 0.000000e+00 1.209069e-01 -9.926639e-01
    outer loop
      vertex   -2.348700e+01 5.722677e+00 1.805847e+00
      vertex   -3.371427e+01 5.674669e+00 1.800000e+00
      vertex   -2.450973e+01 5.722677e+00 1.805847e+00
    endloop
  endfacet
  facet normal 0.000000e+00 3.556508e-01 -9.346189e-01
    outer loop
      vertex   -2.348700e+01 5.722677e+00 1.805847e+00
      vertex   -2.450973e+01 5.722677e+00 1.805847e+00
      vertex   -2.348700e+01 5.767878e+00 1.823048e+00
    endloop
  endfacet
  facet normal 0.000000e+00 3.556508e-01 -9.346189e-01
    outer loop
      vertex   -2.348700e+01 5.767878e+00 1.823048e+00
      vertex   -2.450973e+01 5.722677e+00 1.805847e+00
      vertex   -2.450973e+01 5.767878e+00 1.823048e+00
    endloop
  endfacet
  facet normal 0.000000e+00 5.695983e-01 -8.219232e-01
    outer loop
      vertex   -2.348700e+01 5.767878e+00 1.823048e+00
      vertex   -2.450973e+01 5.767878e+00 1.823048e+00
      vertex   -2.348700e+01 5.807629e+00 1.850595e+00
    endloop
  endfacet
  facet normal 0.000000e+00 5.695983e-01 -8.219232e-01
    outer loop
      vertex   -2.348700e+01 5.807629e+00 1.850595e+00
      vertex   -2.450973e+01 5.767878e+00 1.823048e+00
      vertex   -2.450973e+01 5.807629e+00 1.850595e+00
    endloop
  endfacet
  facet normal 0.000000e+00 7.502393e-01 -6.611664e-01
    outer loop
      vertex   -2.348700e+01 5.807629e+00 1.850595e+00
      vertex   -2.450973e+01 5.807629e+00 1.850595e+00
      vertex   -2.348700e+01 5.839604e+00 1.886879e+00
    endloop
  endfacet
  facet normal 0.000000e+00 7.502393e-01 -6.611664e-01
    outer loop
      vertex   -2.348700e+01 5.839604e+00 1.886879e+00
      vertex   -2.450973e+01 5.807629e+00 1.850595e+00
      vertex   -2.450973e+01 5.839604e+00 1.886879e+00
    endloop
  endfacet
  facet normal 0.000000e+00 8.870108e-01 -4.617486e-01
    outer loop
      vertex   -2.348700e+01 5.839604e+00 1.886879e+00
      vertex   -2.450973e+01 5.839604e+00 1.886879e+00
      vertex   -2.348700e+01 5.861936e+00 1.929777e+00
    endloop
  endfacet
  facet normal 0.000000e+00 8.870108e-01 -4.617486e-01
    outer loop
      vertex   -2.348700e+01 5.861936e+00 1.929777e+00
      vertex   -2.450973e+01 5.839604e+00 1.886879e+00
      vertex   -2.450973e+01 5.861936e+00 1.929777e+00
    endloop
  endfacet
  facet normal 0.000000e+00 9.719154e-01 -2.353306e-01
    outer loop
      vertex   -2.348700e+01 5.861936e+00 1.929777e+00
      vertex   -2.450973e+01 5.861936e+00 1.929777e+00
      vertex   -2.348700e+01 5.873317e+00 1.976781e+00
    endloop
  endfacet
  facet normal 0.000000e+00 9.719154e-01 -2.353306e-01
    outer loop
      vertex   -2.348700e+01 5.873317e+00 1.976781e+00
      vertex   -2.450973e+01 5.861936e+00 1.929777e+00
      vertex   -2.450973e+01 5.873317e+00 1.976781e+00
    endloop
  endfacet
  facet normal 0.000000e+00 9.999882e-01 4.848118e-03
    outer loop
      vertex   -2.348700e+01 5.873317e+00 1.976781e+00
      vertex   -2.450973e+01 5.873317e+00 1.976781e+00
      vertex   -2.348700e+01 5.873083e+00 2.025144e+00
    endloop
  endfacet
  facet normal 0.000000e+00 9.999882e-01 4.848118e-03
    outer loop
      vertex   -2.348700e+01 5.873083e+00 2.025144e+00
      vertex   -2.450973e+01 5.873317e+00 1.976781e+00
      vertex   -2.450973e+01 5.873083e+00 2.025144e+00
    endloop
  endfacet
  facet normal 0.000000e+00 9.695879e-01 2.447433e-01
    outer loop
      vertex   -2.348700e+01 5.873083e+00 2.025144e+00
      vertex   -2.450973e+01 5.873083e+00 2.025144e+00
      vertex   -2.348700e+01 5.861246e+00 2.072036e+00
    endloop
  endfacet
  facet normal 0.000000e+00 9.695879e-01 2.447433e-01
    outer loop
      vertex   -2.348700e+01 5.861246e+00 2.072036e+00
      vertex   -2.450973e+01 5.873083e+00 2.025144e+00
      vertex   -2.450973e+01 5.861246e+00 2.072036e+00
    endloop
  endfacet
  facet normal 0.000000e+00 8.824920e-01 4.703275e-01
    outer loop
      vertex   -2.348700e+01 5.861246e+00 2.072036e+00
      vertex   -2.450973e+01 5.861246e+00 2.072036e+00
      vertex   -3.371427e+01 5.838500e+00 2.114715e+00
    endloop
  endfacet
  facet normal -9.120488e-19 8.824920e-01 4.703275e-01
    outer loop
      vertex   -3.371427e+01 5.838500e+00 2.114715e+00
      vertex   -2.450973e+01 5.861246e+00 2.072036e+00
      vertex   -2.553245e+01 5.861246e+00 2.072036e+00
    endloop
  endfacet
  facet normal -9.120488e-19 8.824920e-01 4.703275e-01
    outer loop
      vertex   -3.371427e+01 5.838500e+00 2.114715e+00
      vertex   -2.553245e+01 5.861246e+00 2.072036e+00
      vertex   -2.655518e+01 5.861246e+00 2.072036e+00
    endloop
  endfacet
  facet normal -0.000000e+00 9.695879e-01 2.447433e-01
    outer loop
      vertex   -2.655518e+01 5.861246e+00 2.072036e+00
      vertex   -2.553245e+01 5.861246e+00 2.072036e+00
      vertex   -2.655518e+01 5.873083e+00 2.025144e+00
    endloop
  endfacet
  facet normal 8.625345e-19 9.695879e-01 2.447433e-01
    outer loop
      vertex   -2.655518e+01 5.861246e+00 2.072036e+00
      vertex   -2.655518e+01 5.873083e+00 2.025144e+00
      vertex   -2.757791e+01 5.873083e+00 2.025144e+00
    endloop
  endfacet
  facet normal -0.000000e+00 9.999882e-01 4.848118e-03
    outer loop
      vertex   -2.757791e+01 5.873083e+00 2.025144e+00
      vertex   -2.655518e+01 5.873083e+00 2.025144e+00
      vertex   -2.757791e+01 5.873317e+00 1.976781e+00
    endloop
  endfacet
  facet normal -6.395317e-21 9.999882e-01 4.848118e-03
    outer loop
      vertex   -2.757791e+01 5.873083e+00 2.025144e+00
      vertex   -2.757791e+01 5.873317e+00 1.976781e+00
      vertex   -2.860064e+01 5.873317e+00 1.976781e+00
    endloop
  endfacet
  facet normal 0.000000e+00 9.719154e-01 -2.353306e-01
    outer loop
      vertex   -2.860064e+01 5.873317e+00 1.976781e+00
      vertex   -2.757791e+01 5.873317e+00 1.976781e+00
      vertex   -2.860064e+01 5.861936e+00 1.929777e+00
    endloop
  endfacet
  facet normal 6.052193e-19 9.719154e-01 -2.353306e-01
    outer loop
      vertex   -2.860064e+01 5.873317e+00 1.976781e+00
      vertex   -2.860064e+01 5.861936e+00 1.929777e+00
      vertex   -2.962336e+01 5.861936e+00 1.929777e+00
    endloop
  endfacet
  facet normal 0.000000e+00 8.870108e-01 -4.617486e-01
    outer loop
      vertex   -2.962336e+01 5.861936e+00 1.929777e+00
      vertex   -2.860064e+01 5.861936e+00 1.929777e+00
      vertex   -2.962336e+01 5.839604e+00 1.886879e+00
    endloop
  endfacet
  facet normal 1.480413e-19 8.870108e-01 -4.617486e-01
    outer loop
      vertex   -2.962336e+01 5.861936e+00 1.929777e+00
      vertex   -2.962336e+01 5.839604e+00 1.886879e+00
      vertex   -3.064609e+01 5.839604e+00 1.886879e+00
    endloop
  endfacet
  facet normal 0.000000e+00 7.502393e-01 -6.611664e-01
    outer loop
      vertex   -3.064609e+01 5.839604e+00 1.886879e+00
      vertex   -2.962336e+01 5.839604e+00 1.886879e+00
      vertex   -3.064609e+01 5.807629e+00 1.850595e+00
    endloop
  endfacet
  facet normal 4.992363e-19 7.502393e-01 -6.611664e-01
    outer loop
      vertex   -3.064609e+01 5.839604e+00 1.886879e+00
      vertex   -3.064609e+01 5.807629e+00 1.850595e+00
      vertex   -3.166882e+01 5.807629e+00 1.850595e+00
    endloop
  endfacet
  facet normal 0.000000e+00 5.695983e-01 -8.219232e-01
    outer loop
      vertex   -3.166882e+01 5.807629e+00 1.850595e+00
      vertex   -3.064609e+01 5.807629e+00 1.850595e+00
      vertex   -3.166882e+01 5.767878e+00 1.823048e+00
    endloop
  endfacet
  facet normal -1.042471e-18 5.695983e-01 -8.219232e-01
    outer loop
      vertex   -3.166882e+01 5.807629e+00 1.850595e+00
      vertex   -3.166882e+01 5.767878e+00 1.823048e+00
      vertex   -3.269155e+01 5.767878e+00 1.823048e+00
    endloop
  endfacet
  facet normal 0.000000e+00 3.556508e-01 -9.346189e-01
    outer loop
      vertex   -3.269155e+01 5.767878e+00 1.823048e+00
      vertex   -3.166882e+01 5.767878e+00 1.823048e+00
      vertex   -3.269155e+01 5.722677e+00 1.805847e+00
    endloop
  endfacet
  facet normal 7.494947e-20 3.556508e-01 -9.346189e-01
    outer loop
      vertex   -3.269155e+01 5.767878e+00 1.823048e+00
      vertex   -3.269155e+01 5.722677e+00 1.805847e+00
      vertex   -3.371427e+01 5.722677e+00 1.805847e+00
    endloop
  endfacet
  facet normal 0.000000e+00 1.209069e-01 -9.926639e-01
    outer loop
      vertex   -3.371427e+01 5.722677e+00 1.805847e+00
      vertex   -3.269155e+01 5.722677e+00 1.805847e+00
      vertex   -3.371427e+01 5.674669e+00 1.800000e+00
    endloop
  endfacet
  facet normal 5.124162e-19 1.209069e-01 -9.926639e-01
    outer loop
      vertex   -3.371427e+01 5.674669e+00 1.800000e+00
      vertex   -3.269155e+01 5.722677e+00 1.805847e+00
      vertex   -3.166882e+01 5.722677e+00 1.805847e+00
    endloop
  endfacet
  facet normal 5.124162e-19 1.209069e-01 -9.926639e-01
    outer loop
      vertex   -3.371427e+01 5.674669e+00 1.800000e+00
      vertex   -3.166882e+01 5.722677e+00 1.805847e+00
      vertex   -3.064609e+01 5.722677e+00 1.805847e+00
    endloop
  endfacet
  facet normal 0.000000e+00 3.556508e-01 -9.346189e-01
    outer loop
      vertex   -3.064609e+01 5.722677e+00 1.805847e+00
      vertex   -3.166882e+01 5.722677e+00 1.805847e+00
      vertex   -3.064609e+01 5.767878e+00 1.823048e+00
    endloop
  endfacet
  facet normal 7.494947e-20 3.556508e-01 -9.346189e-01
    outer loop
      vertex   -3.064609e+01 5.722677e+00 1.805847e+00
      vertex   -3.064609e+01 5.767878e+00 1.823048e+00
      vertex   -2.962336e+01 5.767878e+00 1.823048e+00
    endloop
  endfacet
  facet normal 0.000000e+00 5.695983e-01 -8.219232e-01
    outer loop
      vertex   -2.962336e+01 5.767878e+00 1.823048e+00
      vertex   -3.064609e+01 5.767878e+00 1.823048e+00
      vertex   -2.962336e+01 5.807629e+00 1.850595e+00
    endloop
  endfacet
  facet normal -1.042471e-18 5.695983e-01 -8.219232e-01
    outer loop
      vertex   -2.962336e+01 5.767878e+00 1.823048e+00
      vertex   -2.962336e+01 5.807629e+00 1.850595e+00
      vertex   -2.860064e+01 5.807629e+00 1.850595e+00
    endloop
  endfacet
  facet normal 0.000000e+00 7.502393e-01 -6.611664e-01
    outer loop
      vertex   -2.860064e+01 5.807629e+00 1.850595e+00
      vertex   -2.962336e+01 5.807629e+00 1.850595e+00
      vertex   -2.860064e+01 5.839604e+00 1.886879e+00
    endloop
  endfacet
  facet normal 4.992363e-19 7.502393e-01 -6.611664e-01
    outer loop
      vertex   -2.860064e+01 5.807629e+00 1.850595e+00
      vertex   -2.860064e+01 5.839604e+00 1.886879e+00
      vertex   -2.757791e+01 5.839604e+00 1.886879e+00
    endloop
  endfacet
  facet normal 0.000000e+00 8.870108e-01 -4.617486e-01
    outer loop
      vertex   -2.757791e+01 5.839604e+00 1.886879e+00
      vertex   -2.860064e+01 5.839604e+00 1.886879e+00
      vertex   -2.757791e+01 5.861936e+00 1.929777e+00
    endloop
  endfacet
  facet normal 1.480413e-19 8.870108e-01 -4.617486e-01
    outer loop
      vertex   -2.757791e+01 5.839604e+00 1.886879e+00
      vertex   -2.757791e+01 5.861936e+00 1.929777e+00
      vertex   -2.655518e+01 5.861936e+00 1.929777e+00
    endloop
  endfacet
  facet normal 0.000000e+00 9.719154e-01 -2.353306e-01
    outer loop
      vertex   -2.655518e+01 5.861936e+00 1.929777e+00
      vertex   -2.757791e+01 5.861936e+00 1.929777e+00
      vertex   -2.655518e+01 5.873317e+00 1.976781e+00
    endloop
  endfacet
  facet normal 6.052193e-19 9.719154e-01 -2.353306e-01
    outer loop
      vertex   -2.655518e+01 5.861936e+00 1.929777e+00
      vertex   -2.655518e+01 5.873317e+00 1.976781e+00
      vertex   -2.553245e+01 5.873317e+00 1.976781e+00
    endloop
  endfacet
  facet normal 0.000000e+00 9.999882e-01 4.848118e-03
    outer loop
      vertex   -2.553245e+01 5.873317e+00 1.976781e+00
      vertex   -2.655518e+01 5.873317e+00 1.976781e+00
      vertex   -2.553245e+01 5.873083e+00 2.025144e+00
    endloop
  endfacet
  facet normal -6.395317e-21 9.999882e-01 4.848118e-03
    outer loop
      vertex   -2.553245e+01 5.873317e+00 1.976781e+00
      vertex   -2.553245e+01 5.873083e+00 2.025144e+00
      vertex   -2.450973e+01 5.873083e+00 2.025144e+00
    endloop
  endfacet
  facet normal 0.000000e+00 9.695879e-01 2.447433e-01
    outer loop
      vertex   -2.450973e+01 5.873083e+00 2.025144e+00
      vertex   -2.553245e+01 5.873083e+00 2.025144e+00
      vertex   -2.450973e+01 5.861246e+00 2.072036e+00
    endloop
  endfacet
  facet normal -0.000000e+00 9.695879e-01 2.447433e-01
    outer loop
      vertex   -1.223700e+01 5.861246e+00 2.072036e+00
      vertex   -1.121427e+01 5.861246e+00 2.072036e+00
      vertex   -1.223700e+01 5.873083e+00 2.025144e+00
    endloop
  endfacet
  facet normal -0.000000e+00 9.695879e-01 2.447433e-01
    outer loop
      vertex   -1.223700e+01 5.873083e+00 2.025144e+00
      vertex   -1.121427e+01 5.861246e+00 2.072036e+00
      vertex   -1.121427e+01 5.873083e+00 2.025144e+00
    endloop
  endfacet
  facet normal -0.000000e+00 9.999882e-01 4.848118e-03
    outer loop
      vertex   -1.223700e+01 5.873083e+00 2.025144e+00
      vertex   -1.121427e+01 5.873083e+00 2.025144e+00
      vertex   -1.223700e+01 5.873317e+00 1.976781e+00
    endloop
  endfacet
  facet normal -0.000000e+00 9.999882e-01 4.848118e-03
    outer loop
      vertex   -1.223700e+01 5.873317e+00 1.976781e+00
      vertex   -1.121427e+01 5.873083e+00 2.025144e+00
      vertex   -1.121427e+01 5.873317e+00 1.976781e+00
    endloop
  endfacet
  facet normal 0.000000e+00 9.719154e-01 -2.353306e-01
    outer loop
      vertex   -1.223700e+01 5.873317e+00 1.976781e+00
      vertex   -1.121427e+01 5.873317e+00 1.976781e+00
      vertex   -1.223700e+01 5.861936e+00 1.929777e+00
    endloop
  endfacet
  facet normal -1.021854e-16 9.719154e-01 -2.353306e-01
    outer loop
      vertex   -1.223700e+01 5.861936e+00 1.929777e+00
      vertex   -1.121427e+01 5.873317e+00 1.976781e+00
      vertex   -1.121427e+01 5.861936e+00 1.929777e+00
    endloop
  endfacet
  facet normal -2.005007e-16 8.870108e-01 -4.617486e-01
    outer loop
      vertex   -1.223700e+01 5.861936e+00 1.929777e+00
      vertex   -1.121427e+01 5.861936e+00 1.929777e+00
      vertex   -1.223700e+01 5.839604e+00 1.886879e+00
    endloop
  endfacet
  facet normal -1.002504e-16 8.870108e-01 -4.617486e-01
    outer loop
      vertex   -1.223700e+01 5.839604e+00 1.886879e+00
      vertex   -1.121427e+01 5.861936e+00 1.929777e+00
      vertex   -1.121427e+01 5.839604e+00 1.886879e+00
    endloop
  endfacet
  facet normal -1.435460e-16 7.502393e-01 -6.611664e-01
    outer loop
      vertex   -1.223700e+01 5.839604e+00 1.886879e+00
      vertex   -1.121427e+01 5.839604e+00 1.886879e+00
      vertex   -1.223700e+01 5.807629e+00 1.850595e+00
    endloop
  endfacet
  facet normal 0.000000e+00 7.502393e-01 -6.611664e-01
    outer loop
      vertex   -1.223700e+01 5.807629e+00 1.850595e+00
      vertex   -1.121427e+01 5.839604e+00 1.886879e+00
      vertex   -1.121427e+01 5.807629e+00 1.850595e+00
    endloop
  endfacet
  facet normal 0.000000e+00 5.695983e-01 -8.219232e-01
    outer loop
      vertex   -1.223700e+01 5.807629e+00 1.850595e+00
      vertex   -1.121427e+01 5.807629e+00 1.850595e+00
      vertex   -1.223700e+01 5.767878e+00 1.823048e+00
    endloop
  endfacet
  facet normal 1.784480e-16 5.695983e-01 -8.219232e-01
    outer loop
      vertex   -1.223700e+01 5.767878e+00 1.823048e+00
      vertex   -1.121427e+01 5.807629e+00 1.850595e+00
      vertex   -1.121427e+01 5.767878e+00 1.823048e+00
    endloop
  endfacet
  facet normal 2.029154e-16 3.556508e-01 -9.346189e-01
    outer loop
      vertex   -1.223700e+01 5.767878e+00 1.823048e+00
      vertex   -1.121427e+01 5.767878e+00 1.823048e+00
      vertex   -1.223700e+01 5.722677e+00 1.805847e+00
    endloop
  endfacet
  facet normal 0.000000e+00 3.556508e-01 -9.346189e-01
    outer loop
      vertex   -1.223700e+01 5.722677e+00 1.805847e+00
      vertex   -1.121427e+01 5.767878e+00 1.823048e+00
      vertex   -1.121427e+01 5.722677e+00 1.805847e+00
    endloop
  endfacet
  facet normal 0.000000e+00 1.209069e-01 -9.926639e-01
    outer loop
      vertex   -1.223700e+01 5.722677e+00 1.805847e+00
      vertex   -1.121427e+01 5.722677e+00 1.805847e+00
      vertex   -1.121427e+01 5.674669e+00 1.800000e+00
    endloop
  endfacet
  facet normal -2.037805e-16 3.556508e-01 -9.346189e-01
    outer loop
      vertex   -3.371427e+01 5.722677e+00 1.805847e+00
      vertex   -3.371427e+01 5.767878e+00 1.823048e+00
      vertex   -3.269155e+01 5.767878e+00 1.823048e+00
    endloop
  endfacet
  facet normal -1.784480e-16 5.695983e-01 -8.219232e-01
    outer loop
      vertex   -3.269155e+01 5.767878e+00 1.823048e+00
      vertex   -3.371427e+01 5.767878e+00 1.823048e+00
      vertex   -3.269155e+01 5.807629e+00 1.850595e+00
    endloop
  endfacet
  facet normal -1.042471e-18 5.695983e-01 -8.219232e-01
    outer loop
      vertex   -3.269155e+01 5.767878e+00 1.823048e+00
      vertex   -3.269155e+01 5.807629e+00 1.850595e+00
      vertex   -3.166882e+01 5.807629e+00 1.850595e+00
    endloop
  endfacet
  facet normal 0.000000e+00 7.502393e-01 -6.611664e-01
    outer loop
      vertex   -3.166882e+01 5.807629e+00 1.850595e+00
      vertex   -3.269155e+01 5.807629e+00 1.850595e+00
      vertex   -3.166882e+01 5.839604e+00 1.886879e+00
    endloop
  endfacet
  facet normal 4.992363e-19 7.502393e-01 -6.611664e-01
    outer loop
      vertex   -3.166882e+01 5.807629e+00 1.850595e+00
      vertex   -3.166882e+01 5.839604e+00 1.886879e+00
      vertex   -3.064609e+01 5.839604e+00 1.886879e+00
    endloop
  endfacet
  facet normal 0.000000e+00 8.870108e-01 -4.617486e-01
    outer loop
      vertex   -3.064609e+01 5.839604e+00 1.886879e+00
      vertex   -3.166882e+01 5.839604e+00 1.886879e+00
      vertex   -3.064609e+01 5.861936e+00 1.929777e+00
    endloop
  endfacet
  facet normal 1.480413e-19 8.870108e-01 -4.617486e-01
    outer loop
      vertex   -3.064609e+01 5.839604e+00 1.886879e+00
      vertex   -3.064609e+01 5.861936e+00 1.929777e+00
      vertex   -2.962336e+01 5.861936e+00 1.929777e+00
    endloop
  endfacet
  facet normal 0.000000e+00 9.719154e-01 -2.353306e-01
    outer loop
      vertex   -2.962336e+01 5.861936e+00 1.929777e+00
      vertex   -3.064609e+01 5.861936e+00 1.929777e+00
      vertex   -2.962336e+01 5.873317e+00 1.976781e+00
    endloop
  endfacet
  facet normal 6.052193e-19 9.719154e-01 -2.353306e-01
    outer loop
      vertex   -2.962336e+01 5.861936e+00 1.929777e+00
      vertex   -2.962336e+01 5.873317e+00 1.976781e+00
      vertex   -2.860064e+01 5.873317e+00 1.976781e+00
    endloop
  endfacet
  facet normal 0.000000e+00 9.999882e-01 4.848118e-03
    outer loop
      vertex   -2.860064e+01 5.873317e+00 1.976781e+00
      vertex   -2.962336e+01 5.873317e+00 1.976781e+00
      vertex   -2.860064e+01 5.873083e+00 2.025144e+00
    endloop
  endfacet
  facet normal -2.095640e-18 9.999882e-01 4.848118e-03
    outer loop
      vertex   -2.860064e+01 5.873317e+00 1.976781e+00
      vertex   -2.860064e+01 5.873083e+00 2.025144e+00
      vertex   -2.757791e+01 5.873083e+00 2.025144e+00
    endloop
  endfacet
  facet normal -1.062726e-16 9.695879e-01 2.447433e-01
    outer loop
      vertex   -2.757791e+01 5.873083e+00 2.025144e+00
      vertex   -2.860064e+01 5.873083e+00 2.025144e+00
      vertex   -2.757791e+01 5.861246e+00 2.072036e+00
    endloop
  endfacet
  facet normal 8.625345e-19 9.695879e-01 2.447433e-01
    outer loop
      vertex   -2.757791e+01 5.873083e+00 2.025144e+00
      vertex   -2.757791e+01 5.861246e+00 2.072036e+00
      vertex   -2.655518e+01 5.861246e+00 2.072036e+00
    endloop
  endfacet
  facet normal 0.000000e+00 8.824920e-01 4.703275e-01
    outer loop
      vertex   -2.655518e+01 5.861246e+00 2.072036e+00
      vertex   -2.757791e+01 5.861246e+00 2.072036e+00
      vertex   -3.371427e+01 5.838500e+00 2.114715e+00
    endloop
  endfacet
  facet normal 2.530837e-19 5.695983e-01 -8.219232e-01
    outer loop
      vertex   -3.371427e+01 5.767878e+00 1.823048e+00
      vertex   -3.371427e+01 5.807629e+00 1.850595e+00
      vertex   -3.269155e+01 5.807629e+00 1.850595e+00
    endloop
  endfacet
  facet normal 0.000000e+00 7.502393e-01 -6.611664e-01
    outer loop
      vertex   -3.269155e+01 5.807629e+00 1.850595e+00
      vertex   -3.371427e+01 5.807629e+00 1.850595e+00
      vertex   -3.269155e+01 5.839604e+00 1.886879e+00
    endloop
  endfacet
  facet normal 4.992363e-19 7.502393e-01 -6.611664e-01
    outer loop
      vertex   -3.269155e+01 5.807629e+00 1.850595e+00
      vertex   -3.269155e+01 5.839604e+00 1.886879e+00
      vertex   -3.166882e+01 5.839604e+00 1.886879e+00
    endloop
  endfacet
  facet normal 0.000000e+00 8.870108e-01 -4.617486e-01
    outer loop
      vertex   -3.166882e+01 5.839604e+00 1.886879e+00
      vertex   -3.269155e+01 5.839604e+00 1.886879e+00
      vertex   -3.166882e+01 5.861936e+00 1.929777e+00
    endloop
  endfacet
  facet normal 1.480413e-19 8.870108e-01 -4.617486e-01
    outer loop
      vertex   -3.166882e+01 5.839604e+00 1.886879e+00
      vertex   -3.166882e+01 5.861936e+00 1.929777e+00
      vertex   -3.064609e+01 5.861936e+00 1.929777e+00
    endloop
  endfacet
  facet normal 0.000000e+00 9.719154e-01 -2.353306e-01
    outer loop
      vertex   -3.064609e+01 5.861936e+00 1.929777e+00
      vertex   -3.166882e+01 5.861936e+00 1.929777e+00
      vertex   -3.064609e+01 5.873317e+00 1.976781e+00
    endloop
  endfacet
  facet normal 6.052193e-19 9.719154e-01 -2.353306e-01
    outer loop
      vertex   -3.064609e+01 5.861936e+00 1.929777e+00
      vertex   -3.064609e+01 5.873317e+00 1.976781e+00
      vertex   -2.962336e+01 5.873317e+00 1.976781e+00
    endloop
  endfacet
  facet normal 0.000000e+00 9.999882e-01 4.848118e-03
    outer loop
      vertex   -2.962336e+01 5.873317e+00 1.976781e+00
      vertex   -3.064609e+01 5.873317e+00 1.976781e+00
      vertex   -2.962336e+01 5.873083e+00 2.025144e+00
    endloop
  endfacet
  facet normal 9.512617e-21 9.999882e-01 4.848118e-03
    outer loop
      vertex   -2.962336e+01 5.873317e+00 1.976781e+00
      vertex   -2.962336e+01 5.873083e+00 2.025144e+00
      vertex   -2.860064e+01 5.873083e+00 2.025144e+00
    endloop
  endfacet
  facet normal 0.000000e+00 9.695879e-01 2.447433e-01
    outer loop
      vertex   -2.860064e+01 5.873083e+00 2.025144e+00
      vertex   -2.962336e+01 5.873083e+00 2.025144e+00
      vertex   -2.860064e+01 5.861246e+00 2.072036e+00
    endloop
  endfacet
  facet normal -1.943344e-19 9.695879e-01 2.447433e-01
    outer loop
      vertex   -2.860064e+01 5.873083e+00 2.025144e+00
      vertex   -2.860064e+01 5.861246e+00 2.072036e+00
      vertex   -2.757791e+01 5.861246e+00 2.072036e+00
    endloop
  endfacet
  facet normal 0.000000e+00 8.824920e-01 4.703275e-01
    outer loop
      vertex   -2.757791e+01 5.861246e+00 2.072036e+00
      vertex   -2.860064e+01 5.861246e+00 2.072036e+00
      vertex   -3.371427e+01 5.838500e+00 2.114715e+00
    endloop
  endfacet
  facet normal 1.451709e-16 7.502393e-01 -6.611664e-01
    outer loop
      vertex   -3.371427e+01 5.807629e+00 1.850595e+00
      vertex   -3.371427e+01 5.839604e+00 1.886879e+00
      vertex   -3.269155e+01 5.839604e+00 1.886879e+00
    endloop
  endfacet
  facet normal 1.002504e-16 8.870108e-01 -4.617486e-01
    outer loop
      vertex   -3.269155e+01 5.839604e+00 1.886879e+00
      vertex   -3.371427e+01 5.839604e+00 1.886879e+00
      vertex   -3.269155e+01 5.861936e+00 1.929777e+00
    endloop
  endfacet
  facet normal 1.480413e-19 8.870108e-01 -4.617486e-01
    outer loop
      vertex   -3.269155e+01 5.839604e+00 1.886879e+00
      vertex   -3.269155e+01 5.861936e+00 1.929777e+00
      vertex   -3.166882e+01 5.861936e+00 1.929777e+00
    endloop
  endfacet
  facet normal 0.000000e+00 9.719154e-01 -2.353306e-01
    outer loop
      vertex   -3.166882e+01 5.861936e+00 1.929777e+00
      vertex   -3.269155e+01 5.861936e+00 1.929777e+00
      vertex   -3.166882e+01 5.873317e+00 1.976781e+00
    endloop
  endfacet
  facet normal 6.052193e-19 9.719154e-01 -2.353306e-01
    outer loop
      vertex   -3.166882e+01 5.861936e+00 1.929777e+00
      vertex   -3.166882e+01 5.873317e+00 1.976781e+00
      vertex   -3.064609e+01 5.873317e+00 1.976781e+00
    endloop
  endfacet
  facet normal 0.000000e+00 9.999882e-01 4.848118e-03
    outer loop
      vertex   -3.064609e+01 5.873317e+00 1.976781e+00
      vertex   -3.166882e+01 5.873317e+00 1.976781e+00
      vertex   -3.064609e+01 5.873083e+00 2.025144e+00
    endloop
  endfacet
  facet normal 9.512617e-21 9.999882e-01 4.848118e-03
    outer loop
      vertex   -3.064609e+01 5.873317e+00 1.976781e+00
      vertex   -3.064609e+01 5.873083e+00 2.025144e+00
      vertex   -2.962336e+01 5.873083e+00 2.025144e+00
    endloop
  endfacet
  facet normal 0.000000e+00 9.695879e-01 2.447433e-01
    outer loop
      vertex   -2.962336e+01 5.873083e+00 2.025144e+00
      vertex   -3.064609e+01 5.873083e+00 2.025144e+00
      vertex   -2.962336e+01 5.861246e+00 2.072036e+00
    endloop
  endfacet
  facet normal -1.943344e-19 9.695879e-01 2.447433e-01
    outer loop
      vertex   -2.962336e+01 5.873083e+00 2.025144e+00
      vertex   -2.962336e+01 5.861246e+00 2.072036e+00
      vertex   -2.860064e+01 5.861246e+00 2.072036e+00
    endloop
  endfacet
  facet normal 0.000000e+00 8.824920e-01 4.703275e-01
    outer loop
      vertex   -2.860064e+01 5.861246e+00 2.072036e+00
      vertex   -2.962336e+01 5.861246e+00 2.072036e+00
      vertex   -3.371427e+01 5.838500e+00 2.114715e+00
    endloop
  endfacet
  facet normal 1.003984e-16 8.870108e-01 -4.617486e-01
    outer loop
      vertex   -3.371427e+01 5.839604e+00 1.886879e+00
      vertex   -3.371427e+01 5.861936e+00 1.929777e+00
      vertex   -3.269155e+01 5.861936e+00 1.929777e+00
    endloop
  endfacet
  facet normal 5.109269e-17 9.719154e-01 -2.353306e-01
    outer loop
      vertex   -3.269155e+01 5.861936e+00 1.929777e+00
      vertex   -3.371427e+01 5.861936e+00 1.929777e+00
      vertex   -3.269155e+01 5.873317e+00 1.976781e+00
    endloop
  endfacet
  facet normal 6.052193e-19 9.719154e-01 -2.353306e-01
    outer loop
      vertex   -3.269155e+01 5.861936e+00 1.929777e+00
      vertex   -3.269155e+01 5.873317e+00 1.976781e+00
      vertex   -3.166882e+01 5.873317e+00 1.976781e+00
    endloop
  endfacet
  facet normal 0.000000e+00 9.999882e-01 4.848118e-03
    outer loop
      vertex   -3.166882e+01 5.873317e+00 1.976781e+00
      vertex   -3.269155e+01 5.873317e+00 1.976781e+00
      vertex   -3.166882e+01 5.873083e+00 2.025144e+00
    endloop
  endfacet
  facet normal 9.512617e-21 9.999882e-01 4.848118e-03
    outer loop
      vertex   -3.166882e+01 5.873317e+00 1.976781e+00
      vertex   -3.166882e+01 5.873083e+00 2.025144e+00
      vertex   -3.064609e+01 5.873083e+00 2.025144e+00
    endloop
  endfacet
  facet normal 0.000000e+00 9.695879e-01 2.447433e-01
    outer loop
      vertex   -3.064609e+01 5.873083e+00 2.025144e+00
      vertex   -3.166882e+01 5.873083e+00 2.025144e+00
      vertex   -3.064609e+01 5.861246e+00 2.072036e+00
    endloop
  endfacet
  facet normal -1.943344e-19 9.695879e-01 2.447433e-01
    outer loop
      vertex   -3.064609e+01 5.873083e+00 2.025144e+00
      vertex   -3.064609e+01 5.861246e+00 2.072036e+00
      vertex   -2.962336e+01 5.861246e+00 2.072036e+00
    endloop
  endfacet
  facet normal 0.000000e+00 8.824920e-01 4.703275e-01
    outer loop
      vertex   -2.962336e+01 5.861246e+00 2.072036e+00
      vertex   -3.064609e+01 5.861246e+00 2.072036e+00
      vertex   -3.371427e+01 5.838500e+00 2.114715e+00
    endloop
  endfacet
  facet normal -9.099505e-19 9.719154e-01 -2.353306e-01
    outer loop
      vertex   -3.371427e+01 5.861936e+00 1.929777e+00
      vertex   -3.371427e+01 5.873317e+00 1.976781e+00
      vertex   -3.269155e+01 5.873317e+00 1.976781e+00
    endloop
  endfacet
  facet normal 0.000000e+00 9.999882e-01 4.848118e-03
    outer loop
      vertex   -3.269155e+01 5.873317e+00 1.976781e+00
      vertex   -3.371427e+01 5.873317e+00 1.976781e+00
      vertex   -3.269155e+01 5.873083e+00 2.025144e+00
    endloop
  endfacet
  facet normal 9.512617e-21 9.999882e-01 4.848118e-03
    outer loop
      vertex   -3.269155e+01 5.873317e+00 1.976781e+00
      vertex   -3.269155e+01 5.873083e+00 2.025144e+00
      vertex   -3.166882e+01 5.873083e+00 2.025144e+00
    endloop
  endfacet
  facet normal 0.000000e+00 9.695879e-01 2.447433e-01
    outer loop
      vertex   -3.166882e+01 5.873083e+00 2.025144e+00
      vertex   -3.269155e+01 5.873083e+00 2.025144e+00
      vertex   -3.166882e+01 5.861246e+00 2.072036e+00
    endloop
  endfacet
  facet normal -1.943344e-19 9.695879e-01 2.447433e-01
    outer loop
      vertex   -3.166882e+01 5.873083e+00 2.025144e+00
      vertex   -3.166882e+01 5.861246e+00 2.072036e+00
      vertex   -3.064609e+01 5.861246e+00 2.072036e+00
    endloop
  endfacet
  facet normal 0.000000e+00 8.824920e-01 4.703275e-01
    outer loop
      vertex   -3.064609e+01 5.861246e+00 2.072036e+00
      vertex   -3.166882e+01 5.861246e+00 2.072036e+00
      vertex   -3.371427e+01 5.838500e+00 2.114715e+00
    endloop
  endfacet
  facet normal 9.512617e-21 9.999882e-01 4.848118e-03
    outer loop
      vertex   -3.371427e+01 5.873317e+00 1.976781e+00
      vertex   -3.371427e+01 5.873083e+00 2.025144e+00
      vertex   -3.269155e+01 5.873083e+00 2.025144e+00
    endloop
  endfacet
  facet normal 0.000000e+00 9.695879e-01 2.447433e-01
    outer loop
      vertex   -3.269155e+01 5.873083e+00 2.025144e+00
      vertex   -3.371427e+01 5.873083e+00 2.025144e+00
      vertex   -3.269155e+01 5.861246e+00 2.072036e+00
    endloop
  endfacet
  facet normal -1.943344e-19 9.695879e-01 2.447433e-01
    outer loop
      vertex   -3.269155e+01 5.873083e+00 2.025144e+00
      vertex   -3.269155e+01 5.861246e+00 2.072036e+00
      vertex   -3.166882e+01 5.861246e+00 2.072036e+00
    endloop
  endfacet
  facet normal 0.000000e+00 8.824920e-01 4.703275e-01
    outer loop
      vertex   -3.166882e+01 5.861246e+00 2.072036e+00
      vertex   -3.269155e+01 5.861246e+00 2.072036e+00
      vertex   -3.371427e+01 5.838500e+00 2.114715e+00
    endloop
  endfacet
  facet normal -1.943344e-19 9.695879e-01 2.447433e-01
    outer loop
      vertex   -3.371427e+01 5.873083e+00 2.025144e+00
      vertex   -3.371427e+01 5.861246e+00 2.072036e+00
      vertex   -3.269155e+01 5.861246e+00 2.072036e+00
    endloop
  endfacet
  facet normal 0.000000e+00 8.824920e-01 4.703275e-01
    outer loop
      vertex   -3.269155e+01 5.861246e+00 2.072036e+00
      vertex   -3.371427e+01 5.861246e+00 2.072036e+00
      vertex   -3.371427e+01 5.838500e+00 2.114715e+00
    endloop
  endfacet
  facet normal -0.000000e+00 8.824920e-01 4.703275e-01
    outer loop
      vertex   -2.348700e+01 5.861246e+00 2.072036e+00
      vertex   -3.371427e+01 5.838500e+00 2.114715e+00
      vertex   -2.246427e+01 5.861246e+00 2.072036e+00
    endloop
  endfacet
  facet normal -9.324450e-18 8.824920e-01 4.703275e-01
    outer loop
      vertex   -2.246427e+01 5.861246e+00 2.072036e+00
      vertex   -3.371427e+01 5.838500e+00 2.114715e+00
      vertex   -1.121427e+01 5.838500e+00 2.114715e+00
    endloop
  endfacet
  facet normal -0.000000e+00 8.824920e-01 4.703275e-01
    outer loop
      vertex   -2.246427e+01 5.861246e+00 2.072036e+00
      vertex   -1.121427e+01 5.838500e+00 2.114715e+00
      vertex   -2.144155e+01 5.861246e+00 2.072036e+00
    endloop
  endfacet
  facet normal -0.000000e+00 8.824920e-01 4.703275e-01
    outer loop
      vertex   -2.144155e+01 5.861246e+00 2.072036e+00
      vertex   -1.121427e+01 5.838500e+00 2.114715e+00
      vertex   -2.041882e+01 5.861246e+00 2.072036e+00
    endloop
  endfacet
  facet normal -0.000000e+00 9.695879e-01 2.447433e-01
    outer loop
      vertex   -2.144155e+01 5.861246e+00 2.072036e+00
      vertex   -2.041882e+01 5.861246e+00 2.072036e+00
      vertex   -2.144155e+01 5.873083e+00 2.025144e+00
    endloop
  endfacet
  facet normal -0.000000e+00 9.695879e-01 2.447433e-01
    outer loop
      vertex   -2.144155e+01 5.873083e+00 2.025144e+00
      vertex   -2.041882e+01 5.861246e+00 2.072036e+00
      vertex   -2.041882e+01 5.873083e+00 2.025144e+00
    endloop
  endfacet
  facet normal -0.000000e+00 9.999882e-01 4.848118e-03
    outer loop
      vertex   -2.144155e+01 5.873083e+00 2.025144e+00
      vertex   -2.041882e+01 5.873083e+00 2.025144e+00
      vertex   -2.144155e+01 5.873317e+00 1.976781e+00
    endloop
  endfacet
  facet normal -0.000000e+00 9.999882e-01 4.848118e-03
    outer loop
      vertex   -2.144155e+01 5.873317e+00 1.976781e+00
      vertex   -2.041882e+01 5.873083e+00 2.025144e+00
      vertex   -2.041882e+01 5.873317e+00 1.976781e+00
    endloop
  endfacet
  facet normal 0.000000e+00 9.719154e-01 -2.353306e-01
    outer loop
      vertex   -2.144155e+01 5.873317e+00 1.976781e+00
      vertex   -2.041882e+01 5.873317e+00 1.976781e+00
      vertex   -2.144155e+01 5.861936e+00 1.929777e+00
    endloop
  endfacet
  facet normal 0.000000e+00 9.719154e-01 -2.353306e-01
    outer loop
      vertex   -2.144155e+01 5.861936e+00 1.929777e+00
      vertex   -2.041882e+01 5.873317e+00 1.976781e+00
      vertex   -2.041882e+01 5.861936e+00 1.929777e+00
    endloop
  endfacet
  facet normal 0.000000e+00 8.870108e-01 -4.617486e-01
    outer loop
      vertex   -2.144155e+01 5.861936e+00 1.929777e+00
      vertex   -2.041882e+01 5.861936e+00 1.929777e+00
      vertex   -2.144155e+01 5.839604e+00 1.886879e+00
    endloop
  endfacet
  facet normal 0.000000e+00 8.870108e-01 -4.617486e-01
    outer loop
      vertex   -2.144155e+01 5.839604e+00 1.886879e+00
      vertex   -2.041882e+01 5.861936e+00 1.929777e+00
      vertex   -2.041882e+01 5.839604e+00 1.886879e+00
    endloop
  endfacet
  facet normal 0.000000e+00 7.502393e-01 -6.611664e-01
    outer loop
      vertex   -2.144155e+01 5.839604e+00 1.886879e+00
      vertex   -2.041882e+01 5.839604e+00 1.886879e+00
      vertex   -2.144155e+01 5.807629e+00 1.850595e+00
    endloop
  endfacet
  facet normal 0.000000e+00 7.502393e-01 -6.611664e-01
    outer loop
      vertex   -2.144155e+01 5.807629e+00 1.850595e+00
      vertex   -2.041882e+01 5.839604e+00 1.886879e+00
      vertex   -2.041882e+01 5.807629e+00 1.850595e+00
    endloop
  endfacet
  facet normal 0.000000e+00 5.695983e-01 -8.219232e-01
    outer loop
      vertex   -2.144155e+01 5.807629e+00 1.850595e+00
      vertex   -2.041882e+01 5.807629e+00 1.850595e+00
      vertex   -2.144155e+01 5.767878e+00 1.823048e+00
    endloop
  endfacet
  facet normal 0.000000e+00 5.695983e-01 -8.219232e-01
    outer loop
      vertex   -2.144155e+01 5.767878e+00 1.823048e+00
      vertex   -2.041882e+01 5.807629e+00 1.850595e+00
      vertex   -2.041882e+01 5.767878e+00 1.823048e+00
    endloop
  endfacet
  facet normal 0.000000e+00 3.556508e-01 -9.346189e-01
    outer loop
      vertex   -2.144155e+01 5.767878e+00 1.823048e+00
      vertex   -2.041882e+01 5.767878e+00 1.823048e+00
      vertex   -2.144155e+01 5.722677e+00 1.805847e+00
    endloop
  endfacet
  facet normal -0.000000e+00 9.695879e-01 2.447433e-01
    outer loop
      vertex   -1.325973e+01 5.861246e+00 2.072036e+00
      vertex   -1.223700e+01 5.861246e+00 2.072036e+00
      vertex   -1.325973e+01 5.873083e+00 2.025144e+00
    endloop
  endfacet
  facet normal -0.000000e+00 9.695879e-01 2.447433e-01
    outer loop
      vertex   -1.325973e+01 5.873083e+00 2.025144e+00
      vertex   -1.223700e+01 5.861246e+00 2.072036e+00
      vertex   -1.223700e+01 5.873083e+00 2.025144e+00
    endloop
  endfacet
  facet normal -0.000000e+00 9.999882e-01 4.848118e-03
    outer loop
      vertex   -1.325973e+01 5.873083e+00 2.025144e+00
      vertex   -1.223700e+01 5.873083e+00 2.025144e+00
      vertex   -1.325973e+01 5.873317e+00 1.976781e+00
    endloop
  endfacet
  facet normal -0.000000e+00 9.999882e-01 4.848118e-03
    outer loop
      vertex   -1.325973e+01 5.873317e+00 1.976781e+00
      vertex   -1.223700e+01 5.873083e+00 2.025144e+00
      vertex   -1.223700e+01 5.873317e+00 1.976781e+00
    endloop
  endfacet
  facet normal 0.000000e+00 9.719154e-01 -2.353306e-01
    outer loop
      vertex   -1.325973e+01 5.873317e+00 1.976781e+00
      vertex   -1.223700e+01 5.873317e+00 1.976781e+00
      vertex   -1.325973e+01 5.861936e+00 1.929777e+00
    endloop
  endfacet
  facet normal 0.000000e+00 9.719154e-01 -2.353306e-01
    outer loop
      vertex   -1.325973e+01 5.861936e+00 1.929777e+00
      vertex   -1.223700e+01 5.873317e+00 1.976781e+00
      vertex   -1.223700e+01 5.861936e+00 1.929777e+00
    endloop
  endfacet
  facet normal 0.000000e+00 8.870108e-01 -4.617486e-01
    outer loop
      vertex   -1.325973e+01 5.861936e+00 1.929777e+00
      vertex   -1.223700e+01 5.861936e+00 1.929777e+00
      vertex   -1.325973e+01 5.839604e+00 1.886879e+00
    endloop
  endfacet
  facet normal 0.000000e+00 8.870108e-01 -4.617486e-01
    outer loop
      vertex   -1.325973e+01 5.839604e+00 1.886879e+00
      vertex   -1.223700e+01 5.861936e+00 1.929777e+00
      vertex   -1.223700e+01 5.839604e+00 1.886879e+00
    endloop
  endfacet
  facet normal 0.000000e+00 7.502393e-01 -6.611664e-01
    outer loop
      vertex   -1.325973e+01 5.839604e+00 1.886879e+00
      vertex   -1.223700e+01 5.839604e+00 1.886879e+00
      vertex   -1.325973e+01 5.807629e+00 1.850595e+00
    endloop
  endfacet
  facet normal 0.000000e+00 7.502393e-01 -6.611664e-01
    outer loop
      vertex   -1.325973e+01 5.807629e+00 1.850595e+00
      vertex   -1.223700e+01 5.839604e+00 1.886879e+00
      vertex   -1.223700e+01 5.807629e+00 1.850595e+00
    endloop
  endfacet
  facet normal 0.000000e+00 5.695983e-01 -8.219232e-01
    outer loop
      vertex   -1.325973e+01 5.807629e+00 1.850595e+00
      vertex   -1.223700e+01 5.807629e+00 1.850595e+00
      vertex   -1.325973e+01 5.767878e+00 1.823048e+00
    endloop
  endfacet
  facet normal 0.000000e+00 5.695983e-01 -8.219232e-01
    outer loop
      vertex   -1.325973e+01 5.767878e+00 1.823048e+00
      vertex   -1.223700e+01 5.807629e+00 1.850595e+00
      vertex   -1.223700e+01 5.767878e+00 1.823048e+00
    endloop
  endfacet
  facet normal 0.000000e+00 3.556508e-01 -9.346189e-01
    outer loop
      vertex   -1.325973e+01 5.767878e+00 1.823048e+00
      vertex   -1.223700e+01 5.767878e+00 1.823048e+00
      vertex   -1.325973e+01 5.722677e+00 1.805847e+00
    endloop
  endfacet
  facet normal 0.000000e+00 3.556508e-01 -9.346189e-01
    outer loop
      vertex   -1.325973e+01 5.722677e+00 1.805847e+00
      vertex   -1.223700e+01 5.767878e+00 1.823048e+00
      vertex   -1.223700e+01 5.722677e+00 1.805847e+00
    endloop
  endfacet
  facet normal 0.000000e+00 1.209069e-01 -9.926639e-01
    outer loop
      vertex   -1.325973e+01 5.722677e+00 1.805847e+00
      vertex   -1.223700e+01 5.722677e+00 1.805847e+00
      vertex   -1.121427e+01 5.674669e+00 1.800000e+00
    endloop
  endfacet
  facet normal 0.000000e+00 8.824920e-01 4.703275e-01
    outer loop
      vertex   -1.428245e+01 5.861246e+00 2.072036e+00
      vertex   -1.530518e+01 5.861246e+00 2.072036e+00
      vertex   -1.121427e+01 5.838500e+00 2.114715e+00
    endloop
  endfacet
  facet normal 9.095505e-19 8.824920e-01 4.703275e-01
    outer loop
      vertex   -1.121427e+01 5.838500e+00 2.114715e+00
      vertex   -1.530518e+01 5.861246e+00 2.072036e+00
      vertex   -1.632791e+01 5.861246e+00 2.072036e+00
    endloop
  endfacet
  facet normal 9.095505e-19 8.824920e-01 4.703275e-01
    outer loop
      vertex   -1.121427e+01 5.838500e+00 2.114715e+00
      vertex   -1.632791e+01 5.861246e+00 2.072036e+00
      vertex   -1.735064e+01 5.861246e+00 2.072036e+00
    endloop
  endfacet
  facet normal -0.000000e+00 9.695879e-01 2.447433e-01
    outer loop
      vertex   -1.735064e+01 5.861246e+00 2.072036e+00
      vertex   -1.632791e+01 5.861246e+00 2.072036e+00
      vertex   -1.735064e+01 5.873083e+00 2.025144e+00
    endloop
  endfacet
  facet normal 8.625345e-19 9.695879e-01 2.447433e-01
    outer loop
      vertex   -1.735064e+01 5.861246e+00 2.072036e+00
      vertex   -1.735064e+01 5.873083e+00 2.025144e+00
      vertex   -1.837336e+01 5.873083e+00 2.025144e+00
    endloop
  endfacet
  facet normal -0.000000e+00 9.999882e-01 4.848118e-03
    outer loop
      vertex   -1.837336e+01 5.873083e+00 2.025144e+00
      vertex   -1.735064e+01 5.873083e+00 2.025144e+00
      vertex   -1.837336e+01 5.873317e+00 1.976781e+00
    endloop
  endfacet
  facet normal -6.395317e-21 9.999882e-01 4.848118e-03
    outer loop
      vertex   -1.837336e+01 5.873083e+00 2.025144e+00
      vertex   -1.837336e+01 5.873317e+00 1.976781e+00
      vertex   -1.939609e+01 5.873317e+00 1.976781e+00
    endloop
  endfacet
  facet normal 0.000000e+00 9.719154e-01 -2.353306e-01
    outer loop
      vertex   -1.939609e+01 5.873317e+00 1.976781e+00
      vertex   -1.837336e+01 5.873317e+00 1.976781e+00
      vertex   -1.939609e+01 5.861936e+00 1.929777e+00
    endloop
  endfacet
  facet normal 6.052193e-19 9.719154e-01 -2.353306e-01
    outer loop
      vertex   -1.939609e+01 5.873317e+00 1.976781e+00
      vertex   -1.939609e+01 5.861936e+00 1.929777e+00
      vertex   -2.041882e+01 5.861936e+00 1.929777e+00
    endloop
  endfacet
  facet normal 0.000000e+00 8.870108e-01 -4.617486e-01
    outer loop
      vertex   -2.041882e+01 5.861936e+00 1.929777e+00
      vertex   -1.939609e+01 5.861936e+00 1.929777e+00
      vertex   -2.041882e+01 5.839604e+00 1.886879e+00
    endloop
  endfacet
  facet normal 0.000000e+00 9.695879e-01 2.447433e-01
    outer loop
      vertex   -1.428245e+01 5.861246e+00 2.072036e+00
      vertex   -1.530518e+01 5.873083e+00 2.025144e+00
      vertex   -1.530518e+01 5.861246e+00 2.072036e+00
    endloop
  endfacet
  facet normal -1.065452e-16 9.695879e-01 2.447433e-01
    outer loop
      vertex   -1.530518e+01 5.861246e+00 2.072036e+00
      vertex   -1.530518e+01 5.873083e+00 2.025144e+00
      vertex   -1.632791e+01 5.873083e+00 2.025144e+00
    endloop
  endfacet
  facet normal 0.000000e+00 9.695879e-01 2.447433e-01
    outer loop
      vertex   -1.530518e+01 5.861246e+00 2.072036e+00
      vertex   -1.632791e+01 5.873083e+00 2.025144e+00
      vertex   -1.632791e+01 5.861246e+00 2.072036e+00
    endloop
  endfacet
  facet normal 8.625345e-19 9.695879e-01 2.447433e-01
    outer loop
      vertex   -1.632791e+01 5.861246e+00 2.072036e+00
      vertex   -1.632791e+01 5.873083e+00 2.025144e+00
      vertex   -1.735064e+01 5.873083e+00 2.025144e+00
    endloop
  endfacet
  facet normal 0.000000e+00 8.824920e-01 4.703275e-01
    outer loop
      vertex   -1.735064e+01 5.861246e+00 2.072036e+00
      vertex   -1.837336e+01 5.861246e+00 2.072036e+00
      vertex   -1.121427e+01 5.838500e+00 2.114715e+00
    endloop
  endfacet
  facet normal 9.095505e-19 8.824920e-01 4.703275e-01
    outer loop
      vertex   -1.121427e+01 5.838500e+00 2.114715e+00
      vertex   -1.837336e+01 5.861246e+00 2.072036e+00
      vertex   -1.939609e+01 5.861246e+00 2.072036e+00
    endloop
  endfacet
  facet normal 9.095505e-19 8.824920e-01 4.703275e-01
    outer loop
      vertex   -1.121427e+01 5.838500e+00 2.114715e+00
      vertex   -1.939609e+01 5.861246e+00 2.072036e+00
      vertex   -2.041882e+01 5.861246e+00 2.072036e+00
    endloop
  endfacet
  facet normal -0.000000e+00 9.695879e-01 2.447433e-01
    outer loop
      vertex   -2.041882e+01 5.861246e+00 2.072036e+00
      vertex   -1.939609e+01 5.861246e+00 2.072036e+00
      vertex   -2.041882e+01 5.873083e+00 2.025144e+00
    endloop
  endfacet
  facet normal 0.000000e+00 9.695879e-01 2.447433e-01
    outer loop
      vertex   -1.735064e+01 5.861246e+00 2.072036e+00
      vertex   -1.837336e+01 5.873083e+00 2.025144e+00
      vertex   -1.837336e+01 5.861246e+00 2.072036e+00
    endloop
  endfacet
  facet normal 8.625345e-19 9.695879e-01 2.447433e-01
    outer loop
      vertex   -1.837336e+01 5.861246e+00 2.072036e+00
      vertex   -1.837336e+01 5.873083e+00 2.025144e+00
      vertex   -1.939609e+01 5.873083e+00 2.025144e+00
    endloop
  endfacet
  facet normal 0.000000e+00 9.695879e-01 2.447433e-01
    outer loop
      vertex   -1.837336e+01 5.861246e+00 2.072036e+00
      vertex   -1.939609e+01 5.873083e+00 2.025144e+00
      vertex   -1.939609e+01 5.861246e+00 2.072036e+00
    endloop
  endfacet
  facet normal 8.625345e-19 9.695879e-01 2.447433e-01
    outer loop
      vertex   -1.939609e+01 5.861246e+00 2.072036e+00
      vertex   -1.939609e+01 5.873083e+00 2.025144e+00
      vertex   -2.041882e+01 5.873083e+00 2.025144e+00
    endloop
  endfacet
  facet normal 8.625345e-19 9.695879e-01 2.447433e-01
    outer loop
      vertex   -2.348700e+01 5.873083e+00 2.025144e+00
      vertex   -2.348700e+01 5.861246e+00 2.072036e+00
      vertex   -2.246427e+01 5.861246e+00 2.072036e+00
    endloop
  endfacet
  facet normal -0.000000e+00 9.695879e-01 2.447433e-01
    outer loop
      vertex   -2.246427e+01 5.861246e+00 2.072036e+00
      vertex   -2.144155e+01 5.861246e+00 2.072036e+00
      vertex   -2.246427e+01 5.873083e+00 2.025144e+00
    endloop
  endfacet
  facet normal -0.000000e+00 9.695879e-01 2.447433e-01
    outer loop
      vertex   -2.246427e+01 5.873083e+00 2.025144e+00
      vertex   -2.144155e+01 5.861246e+00 2.072036e+00
      vertex   -2.144155e+01 5.873083e+00 2.025144e+00
    endloop
  endfacet
  facet normal -0.000000e+00 9.999882e-01 4.848118e-03
    outer loop
      vertex   -2.246427e+01 5.873083e+00 2.025144e+00
      vertex   -2.144155e+01 5.873083e+00 2.025144e+00
      vertex   -2.246427e+01 5.873317e+00 1.976781e+00
    endloop
  endfacet
  facet normal -0.000000e+00 9.999882e-01 4.848118e-03
    outer loop
      vertex   -2.246427e+01 5.873317e+00 1.976781e+00
      vertex   -2.144155e+01 5.873083e+00 2.025144e+00
      vertex   -2.144155e+01 5.873317e+00 1.976781e+00
    endloop
  endfacet
  facet normal 0.000000e+00 9.719154e-01 -2.353306e-01
    outer loop
      vertex   -2.246427e+01 5.873317e+00 1.976781e+00
      vertex   -2.144155e+01 5.873317e+00 1.976781e+00
      vertex   -2.246427e+01 5.861936e+00 1.929777e+00
    endloop
  endfacet
  facet normal 0.000000e+00 9.719154e-01 -2.353306e-01
    outer loop
      vertex   -2.246427e+01 5.861936e+00 1.929777e+00
      vertex   -2.144155e+01 5.873317e+00 1.976781e+00
      vertex   -2.144155e+01 5.861936e+00 1.929777e+00
    endloop
  endfacet
  facet normal 0.000000e+00 8.870108e-01 -4.617486e-01
    outer loop
      vertex   -2.246427e+01 5.861936e+00 1.929777e+00
      vertex   -2.144155e+01 5.861936e+00 1.929777e+00
      vertex   -2.246427e+01 5.839604e+00 1.886879e+00
    endloop
  endfacet
  facet normal 0.000000e+00 8.870108e-01 -4.617486e-01
    outer loop
      vertex   -2.246427e+01 5.839604e+00 1.886879e+00
      vertex   -2.144155e+01 5.861936e+00 1.929777e+00
      vertex   -2.144155e+01 5.839604e+00 1.886879e+00
    endloop
  endfacet
  facet normal 0.000000e+00 7.502393e-01 -6.611664e-01
    outer loop
      vertex   -2.246427e+01 5.839604e+00 1.886879e+00
      vertex   -2.144155e+01 5.839604e+00 1.886879e+00
      vertex   -2.246427e+01 5.807629e+00 1.850595e+00
    endloop
  endfacet
  facet normal 0.000000e+00 7.502393e-01 -6.611664e-01
    outer loop
      vertex   -2.246427e+01 5.807629e+00 1.850595e+00
      vertex   -2.144155e+01 5.839604e+00 1.886879e+00
      vertex   -2.144155e+01 5.807629e+00 1.850595e+00
    endloop
  endfacet
  facet normal 0.000000e+00 5.695983e-01 -8.219232e-01
    outer loop
      vertex   -2.246427e+01 5.807629e+00 1.850595e+00
      vertex   -2.144155e+01 5.807629e+00 1.850595e+00
      vertex   -2.246427e+01 5.767878e+00 1.823048e+00
    endloop
  endfacet
  facet normal 0.000000e+00 5.695983e-01 -8.219232e-01
    outer loop
      vertex   -2.246427e+01 5.767878e+00 1.823048e+00
      vertex   -2.144155e+01 5.807629e+00 1.850595e+00
      vertex   -2.144155e+01 5.767878e+00 1.823048e+00
    endloop
  endfacet
  facet normal 0.000000e+00 3.556508e-01 -9.346189e-01
    outer loop
      vertex   -2.246427e+01 5.767878e+00 1.823048e+00
      vertex   -2.144155e+01 5.767878e+00 1.823048e+00
      vertex   -2.246427e+01 5.722677e+00 1.805847e+00
    endloop
  endfacet
  facet normal 0.000000e+00 3.556508e-01 -9.346189e-01
    outer loop
      vertex   -2.246427e+01 5.722677e+00 1.805847e+00
      vertex   -2.144155e+01 5.767878e+00 1.823048e+00
      vertex   -2.144155e+01 5.722677e+00 1.805847e+00
    endloop
  endfacet
  facet normal -0.000000e+00 9.695879e-01 2.447433e-01
    outer loop
      vertex   -2.655518e+01 5.873083e+00 2.025144e+00
      vertex   -2.553245e+01 5.861246e+00 2.072036e+00
      vertex   -2.553245e+01 5.873083e+00 2.025144e+00
    endloop
  endfacet
  facet normal 8.625345e-19 9.695879e-01 2.447433e-01
    outer loop
      vertex   -2.553245e+01 5.873083e+00 2.025144e+00
      vertex   -2.553245e+01 5.861246e+00 2.072036e+00
      vertex   -2.450973e+01 5.861246e+00 2.072036e+00
    endloop
  endfacet
  facet normal -2.725909e-19 9.695879e-01 2.447433e-01
    outer loop
      vertex   -1.325973e+01 5.861246e+00 2.072036e+00
      vertex   -1.325973e+01 5.873083e+00 2.025144e+00
      vertex   -1.428245e+01 5.873083e+00 2.025144e+00
    endloop
  endfacet
  facet normal -0.000000e+00 9.999882e-01 4.848118e-03
    outer loop
      vertex   -1.428245e+01 5.873083e+00 2.025144e+00
      vertex   -1.325973e+01 5.873083e+00 2.025144e+00
      vertex   -1.428245e+01 5.873317e+00 1.976781e+00
    endloop
  endfacet
  facet normal 1.194666e-20 9.999882e-01 4.848118e-03
    outer loop
      vertex   -1.428245e+01 5.873083e+00 2.025144e+00
      vertex   -1.428245e+01 5.873317e+00 1.976781e+00
      vertex   -1.530518e+01 5.873317e+00 1.976781e+00
    endloop
  endfacet
  facet normal 0.000000e+00 9.719154e-01 -2.353306e-01
    outer loop
      vertex   -1.530518e+01 5.873317e+00 1.976781e+00
      vertex   -1.428245e+01 5.873317e+00 1.976781e+00
      vertex   -1.530518e+01 5.861936e+00 1.929777e+00
    endloop
  endfacet
  facet normal 1.014370e-16 9.719154e-01 -2.353306e-01
    outer loop
      vertex   -1.530518e+01 5.873317e+00 1.976781e+00
      vertex   -1.530518e+01 5.861936e+00 1.929777e+00
      vertex   -1.632791e+01 5.861936e+00 1.929777e+00
    endloop
  endfacet
  facet normal 2.005007e-16 8.870108e-01 -4.617486e-01
    outer loop
      vertex   -1.632791e+01 5.861936e+00 1.929777e+00
      vertex   -1.530518e+01 5.861936e+00 1.929777e+00
      vertex   -1.632791e+01 5.839604e+00 1.886879e+00
    endloop
  endfacet
  facet normal 1.480413e-19 8.870108e-01 -4.617486e-01
    outer loop
      vertex   -1.632791e+01 5.861936e+00 1.929777e+00
      vertex   -1.632791e+01 5.839604e+00 1.886879e+00
      vertex   -1.735064e+01 5.839604e+00 1.886879e+00
    endloop
  endfacet
  facet normal 0.000000e+00 7.502393e-01 -6.611664e-01
    outer loop
      vertex   -1.735064e+01 5.839604e+00 1.886879e+00
      vertex   -1.632791e+01 5.839604e+00 1.886879e+00
      vertex   -1.735064e+01 5.807629e+00 1.850595e+00
    endloop
  endfacet
  facet normal 1.624836e-18 7.502393e-01 -6.611664e-01
    outer loop
      vertex   -1.735064e+01 5.839604e+00 1.886879e+00
      vertex   -1.735064e+01 5.807629e+00 1.850595e+00
      vertex   -1.837336e+01 5.807629e+00 1.850595e+00
    endloop
  endfacet
  facet normal 0.000000e+00 5.695983e-01 -8.219232e-01
    outer loop
      vertex   -1.837336e+01 5.807629e+00 1.850595e+00
      vertex   -1.735064e+01 5.807629e+00 1.850595e+00
      vertex   -1.837336e+01 5.767878e+00 1.823048e+00
    endloop
  endfacet
  facet normal 2.045964e-18 5.695983e-01 -8.219232e-01
    outer loop
      vertex   -1.837336e+01 5.807629e+00 1.850595e+00
      vertex   -1.837336e+01 5.767878e+00 1.823048e+00
      vertex   -1.939609e+01 5.767878e+00 1.823048e+00
    endloop
  endfacet
  facet normal 0.000000e+00 3.556508e-01 -9.346189e-01
    outer loop
      vertex   -1.939609e+01 5.767878e+00 1.823048e+00
      vertex   -1.837336e+01 5.767878e+00 1.823048e+00
      vertex   -1.939609e+01 5.722677e+00 1.805847e+00
    endloop
  endfacet
  facet normal 7.494947e-20 3.556508e-01 -9.346189e-01
    outer loop
      vertex   -1.939609e+01 5.767878e+00 1.823048e+00
      vertex   -1.939609e+01 5.722677e+00 1.805847e+00
      vertex   -2.041882e+01 5.722677e+00 1.805847e+00
    endloop
  endfacet
  facet normal 0.000000e+00 1.209069e-01 -9.926639e-01
    outer loop
      vertex   -2.041882e+01 5.722677e+00 1.805847e+00
      vertex   -1.939609e+01 5.722677e+00 1.805847e+00
      vertex   -1.121427e+01 5.674669e+00 1.800000e+00
    endloop
  endfacet
  facet normal -0.000000e+00 9.999882e-01 4.848118e-03
    outer loop
      vertex   -1.428245e+01 5.873317e+00 1.976781e+00
      vertex   -1.325973e+01 5.873083e+00 2.025144e+00
      vertex   -1.325973e+01 5.873317e+00 1.976781e+00
    endloop
  endfacet
  facet normal -2.105152e-18 9.999882e-01 4.848118e-03
    outer loop
      vertex   -1.530518e+01 5.873083e+00 2.025144e+00
      vertex   -1.632791e+01 5.873317e+00 1.976781e+00
      vertex   -1.632791e+01 5.873083e+00 2.025144e+00
    endloop
  endfacet
  facet normal -6.395317e-21 9.999882e-01 4.848118e-03
    outer loop
      vertex   -1.632791e+01 5.873083e+00 2.025144e+00
      vertex   -1.632791e+01 5.873317e+00 1.976781e+00
      vertex   -1.735064e+01 5.873317e+00 1.976781e+00
    endloop
  endfacet
  facet normal 0.000000e+00 9.999882e-01 4.848118e-03
    outer loop
      vertex   -1.632791e+01 5.873083e+00 2.025144e+00
      vertex   -1.735064e+01 5.873317e+00 1.976781e+00
      vertex   -1.735064e+01 5.873083e+00 2.025144e+00
    endloop
  endfacet
  facet normal -6.395317e-21 9.999882e-01 4.848118e-03
    outer loop
      vertex   -1.735064e+01 5.873083e+00 2.025144e+00
      vertex   -1.735064e+01 5.873317e+00 1.976781e+00
      vertex   -1.837336e+01 5.873317e+00 1.976781e+00
    endloop
  endfacet
  facet normal -6.395317e-21 9.999882e-01 4.848118e-03
    outer loop
      vertex   -2.041882e+01 5.873317e+00 1.976781e+00
      vertex   -2.041882e+01 5.873083e+00 2.025144e+00
      vertex   -1.939609e+01 5.873083e+00 2.025144e+00
    endloop
  endfacet
  facet normal -0.000000e+00 9.999882e-01 4.848118e-03
    outer loop
      vertex   -2.041882e+01 5.873317e+00 1.976781e+00
      vertex   -1.939609e+01 5.873083e+00 2.025144e+00
      vertex   -1.939609e+01 5.873317e+00 1.976781e+00
    endloop
  endfacet
  facet normal -6.395317e-21 9.999882e-01 4.848118e-03
    outer loop
      vertex   -1.939609e+01 5.873317e+00 1.976781e+00
      vertex   -1.939609e+01 5.873083e+00 2.025144e+00
      vertex   -1.837336e+01 5.873083e+00 2.025144e+00
    endloop
  endfacet
  facet normal -6.395317e-21 9.999882e-01 4.848118e-03
    outer loop
      vertex   -2.348700e+01 5.873317e+00 1.976781e+00
      vertex   -2.348700e+01 5.873083e+00 2.025144e+00
      vertex   -2.246427e+01 5.873083e+00 2.025144e+00
    endloop
  endfacet
  facet normal 0.000000e+00 9.695879e-01 2.447433e-01
    outer loop
      vertex   -2.246427e+01 5.873083e+00 2.025144e+00
      vertex   -2.348700e+01 5.873083e+00 2.025144e+00
      vertex   -2.246427e+01 5.861246e+00 2.072036e+00
    endloop
  endfacet
  facet normal -0.000000e+00 9.999882e-01 4.848118e-03
    outer loop
      vertex   -2.348700e+01 5.873317e+00 1.976781e+00
      vertex   -2.246427e+01 5.873083e+00 2.025144e+00
      vertex   -2.246427e+01 5.873317e+00 1.976781e+00
    endloop
  endfacet
  facet normal -0.000000e+00 9.999882e-01 4.848118e-03
    outer loop
      vertex   -2.553245e+01 5.873317e+00 1.976781e+00
      vertex   -2.450973e+01 5.873083e+00 2.025144e+00
      vertex   -2.450973e+01 5.873317e+00 1.976781e+00
    endloop
  endfacet
  facet normal -0.000000e+00 9.999882e-01 4.848118e-03
    outer loop
      vertex   -2.757791e+01 5.873317e+00 1.976781e+00
      vertex   -2.655518e+01 5.873083e+00 2.025144e+00
      vertex   -2.655518e+01 5.873317e+00 1.976781e+00
    endloop
  endfacet
  facet normal -6.395317e-21 9.999882e-01 4.848118e-03
    outer loop
      vertex   -2.655518e+01 5.873317e+00 1.976781e+00
      vertex   -2.655518e+01 5.873083e+00 2.025144e+00
      vertex   -2.553245e+01 5.873083e+00 2.025144e+00
    endloop
  endfacet
  facet normal 0.000000e+00 9.719154e-01 -2.353306e-01
    outer loop
      vertex   -1.428245e+01 5.873317e+00 1.976781e+00
      vertex   -1.325973e+01 5.873317e+00 1.976781e+00
      vertex   -1.428245e+01 5.861936e+00 1.929777e+00
    endloop
  endfacet
  facet normal 0.000000e+00 9.719154e-01 -2.353306e-01
    outer loop
      vertex   -1.428245e+01 5.861936e+00 1.929777e+00
      vertex   -1.325973e+01 5.873317e+00 1.976781e+00
      vertex   -1.325973e+01 5.861936e+00 1.929777e+00
    endloop
  endfacet
  facet normal 0.000000e+00 8.870108e-01 -4.617486e-01
    outer loop
      vertex   -1.428245e+01 5.861936e+00 1.929777e+00
      vertex   -1.325973e+01 5.861936e+00 1.929777e+00
      vertex   -1.428245e+01 5.839604e+00 1.886879e+00
    endloop
  endfacet
  facet normal 0.000000e+00 8.870108e-01 -4.617486e-01
    outer loop
      vertex   -1.428245e+01 5.839604e+00 1.886879e+00
      vertex   -1.325973e+01 5.861936e+00 1.929777e+00
      vertex   -1.325973e+01 5.839604e+00 1.886879e+00
    endloop
  endfacet
  facet normal 0.000000e+00 7.502393e-01 -6.611664e-01
    outer loop
      vertex   -1.428245e+01 5.839604e+00 1.886879e+00
      vertex   -1.325973e+01 5.839604e+00 1.886879e+00
      vertex   -1.428245e+01 5.807629e+00 1.850595e+00
    endloop
  endfacet
  facet normal 0.000000e+00 7.502393e-01 -6.611664e-01
    outer loop
      vertex   -1.428245e+01 5.807629e+00 1.850595e+00
      vertex   -1.325973e+01 5.839604e+00 1.886879e+00
      vertex   -1.325973e+01 5.807629e+00 1.850595e+00
    endloop
  endfacet
  facet normal 0.000000e+00 5.695983e-01 -8.219232e-01
    outer loop
      vertex   -1.428245e+01 5.807629e+00 1.850595e+00
      vertex   -1.325973e+01 5.807629e+00 1.850595e+00
      vertex   -1.428245e+01 5.767878e+00 1.823048e+00
    endloop
  endfacet
  facet normal 0.000000e+00 5.695983e-01 -8.219232e-01
    outer loop
      vertex   -1.428245e+01 5.767878e+00 1.823048e+00
      vertex   -1.325973e+01 5.807629e+00 1.850595e+00
      vertex   -1.325973e+01 5.767878e+00 1.823048e+00
    endloop
  endfacet
  facet normal 0.000000e+00 3.556508e-01 -9.346189e-01
    outer loop
      vertex   -1.428245e+01 5.767878e+00 1.823048e+00
      vertex   -1.325973e+01 5.767878e+00 1.823048e+00
      vertex   -1.428245e+01 5.722677e+00 1.805847e+00
    endloop
  endfacet
  facet normal 0.000000e+00 3.556508e-01 -9.346189e-01
    outer loop
      vertex   -1.428245e+01 5.722677e+00 1.805847e+00
      vertex   -1.325973e+01 5.767878e+00 1.823048e+00
      vertex   -1.325973e+01 5.722677e+00 1.805847e+00
    endloop
  endfacet
  facet normal 0.000000e+00 1.209069e-01 -9.926639e-01
    outer loop
      vertex   -1.428245e+01 5.722677e+00 1.805847e+00
      vertex   -1.325973e+01 5.722677e+00 1.805847e+00
      vertex   -1.121427e+01 5.674669e+00 1.800000e+00
    endloop
  endfacet
  facet normal 0.000000e+00 9.719154e-01 -2.353306e-01
    outer loop
      vertex   -1.632791e+01 5.873317e+00 1.976781e+00
      vertex   -1.735064e+01 5.861936e+00 1.929777e+00
      vertex   -1.735064e+01 5.873317e+00 1.976781e+00
    endloop
  endfacet
  facet normal 6.052193e-19 9.719154e-01 -2.353306e-01
    outer loop
      vertex   -1.735064e+01 5.873317e+00 1.976781e+00
      vertex   -1.735064e+01 5.861936e+00 1.929777e+00
      vertex   -1.837336e+01 5.861936e+00 1.929777e+00
    endloop
  endfacet
  facet normal 0.000000e+00 9.719154e-01 -2.353306e-01
    outer loop
      vertex   -1.735064e+01 5.873317e+00 1.976781e+00
      vertex   -1.837336e+01 5.861936e+00 1.929777e+00
      vertex   -1.837336e+01 5.873317e+00 1.976781e+00
    endloop
  endfacet
  facet normal 6.052193e-19 9.719154e-01 -2.353306e-01
    outer loop
      vertex   -1.837336e+01 5.873317e+00 1.976781e+00
      vertex   -1.837336e+01 5.861936e+00 1.929777e+00
      vertex   -1.939609e+01 5.861936e+00 1.929777e+00
    endloop
  endfacet
  facet normal 6.052193e-19 9.719154e-01 -2.353306e-01
    outer loop
      vertex   -2.041882e+01 5.861936e+00 1.929777e+00
      vertex   -2.041882e+01 5.873317e+00 1.976781e+00
      vertex   -1.939609e+01 5.873317e+00 1.976781e+00
    endloop
  endfacet
  facet normal 6.052193e-19 9.719154e-01 -2.353306e-01
    outer loop
      vertex   -2.348700e+01 5.861936e+00 1.929777e+00
      vertex   -2.348700e+01 5.873317e+00 1.976781e+00
      vertex   -2.246427e+01 5.873317e+00 1.976781e+00
    endloop
  endfacet
  facet normal 0.000000e+00 9.719154e-01 -2.353306e-01
    outer loop
      vertex   -2.348700e+01 5.861936e+00 1.929777e+00
      vertex   -2.246427e+01 5.873317e+00 1.976781e+00
      vertex   -2.246427e+01 5.861936e+00 1.929777e+00
    endloop
  endfacet
  facet normal 0.000000e+00 9.719154e-01 -2.353306e-01
    outer loop
      vertex   -2.553245e+01 5.873317e+00 1.976781e+00
      vertex   -2.450973e+01 5.873317e+00 1.976781e+00
      vertex   -2.553245e+01 5.861936e+00 1.929777e+00
    endloop
  endfacet
  facet normal 0.000000e+00 9.719154e-01 -2.353306e-01
    outer loop
      vertex   -2.553245e+01 5.861936e+00 1.929777e+00
      vertex   -2.450973e+01 5.873317e+00 1.976781e+00
      vertex   -2.450973e+01 5.861936e+00 1.929777e+00
    endloop
  endfacet
  facet normal 0.000000e+00 8.870108e-01 -4.617486e-01
    outer loop
      vertex   -2.553245e+01 5.861936e+00 1.929777e+00
      vertex   -2.450973e+01 5.861936e+00 1.929777e+00
      vertex   -2.553245e+01 5.839604e+00 1.886879e+00
    endloop
  endfacet
  facet normal 0.000000e+00 8.870108e-01 -4.617486e-01
    outer loop
      vertex   -2.553245e+01 5.839604e+00 1.886879e+00
      vertex   -2.450973e+01 5.861936e+00 1.929777e+00
      vertex   -2.450973e+01 5.839604e+00 1.886879e+00
    endloop
  endfacet
  facet normal 0.000000e+00 7.502393e-01 -6.611664e-01
    outer loop
      vertex   -2.553245e+01 5.839604e+00 1.886879e+00
      vertex   -2.450973e+01 5.839604e+00 1.886879e+00
      vertex   -2.553245e+01 5.807629e+00 1.850595e+00
    endloop
  endfacet
  facet normal 1.435460e-16 7.502393e-01 -6.611664e-01
    outer loop
      vertex   -2.553245e+01 5.807629e+00 1.850595e+00
      vertex   -2.450973e+01 5.839604e+00 1.886879e+00
      vertex   -2.450973e+01 5.807629e+00 1.850595e+00
    endloop
  endfacet
  facet normal 1.784480e-16 5.695983e-01 -8.219232e-01
    outer loop
      vertex   -2.553245e+01 5.807629e+00 1.850595e+00
      vertex   -2.450973e+01 5.807629e+00 1.850595e+00
      vertex   -2.553245e+01 5.767878e+00 1.823048e+00
    endloop
  endfacet
  facet normal 0.000000e+00 5.695983e-01 -8.219232e-01
    outer loop
      vertex   -2.553245e+01 5.767878e+00 1.823048e+00
      vertex   -2.450973e+01 5.807629e+00 1.850595e+00
      vertex   -2.450973e+01 5.767878e+00 1.823048e+00
    endloop
  endfacet
  facet normal 0.000000e+00 3.556508e-01 -9.346189e-01
    outer loop
      vertex   -2.553245e+01 5.767878e+00 1.823048e+00
      vertex   -2.450973e+01 5.767878e+00 1.823048e+00
      vertex   -2.553245e+01 5.722677e+00 1.805847e+00
    endloop
  endfacet
  facet normal 0.000000e+00 3.556508e-01 -9.346189e-01
    outer loop
      vertex   -2.553245e+01 5.722677e+00 1.805847e+00
      vertex   -2.450973e+01 5.767878e+00 1.823048e+00
      vertex   -2.450973e+01 5.722677e+00 1.805847e+00
    endloop
  endfacet
  facet normal 0.000000e+00 1.209069e-01 -9.926639e-01
    outer loop
      vertex   -2.553245e+01 5.722677e+00 1.805847e+00
      vertex   -2.450973e+01 5.722677e+00 1.805847e+00
      vertex   -3.371427e+01 5.674669e+00 1.800000e+00
    endloop
  endfacet
  facet normal 0.000000e+00 9.719154e-01 -2.353306e-01
    outer loop
      vertex   -2.860064e+01 5.861936e+00 1.929777e+00
      vertex   -2.757791e+01 5.873317e+00 1.976781e+00
      vertex   -2.757791e+01 5.861936e+00 1.929777e+00
    endloop
  endfacet
  facet normal 6.052193e-19 9.719154e-01 -2.353306e-01
    outer loop
      vertex   -2.757791e+01 5.861936e+00 1.929777e+00
      vertex   -2.757791e+01 5.873317e+00 1.976781e+00
      vertex   -2.655518e+01 5.873317e+00 1.976781e+00
    endloop
  endfacet
  facet normal -7.484296e-19 9.719154e-01 -2.353306e-01
    outer loop
      vertex   -1.428245e+01 5.873317e+00 1.976781e+00
      vertex   -1.428245e+01 5.861936e+00 1.929777e+00
      vertex   -1.530518e+01 5.861936e+00 1.929777e+00
    endloop
  endfacet
  facet normal 0.000000e+00 8.870108e-01 -4.617486e-01
    outer loop
      vertex   -1.530518e+01 5.861936e+00 1.929777e+00
      vertex   -1.428245e+01 5.861936e+00 1.929777e+00
      vertex   -1.530518e+01 5.839604e+00 1.886879e+00
    endloop
  endfacet
  facet normal -1.014686e-18 8.870108e-01 -4.617486e-01
    outer loop
      vertex   -1.530518e+01 5.861936e+00 1.929777e+00
      vertex   -1.530518e+01 5.839604e+00 1.886879e+00
      vertex   -1.632791e+01 5.839604e+00 1.886879e+00
    endloop
  endfacet
  facet normal 0.000000e+00 7.502393e-01 -6.611664e-01
    outer loop
      vertex   -1.632791e+01 5.839604e+00 1.886879e+00
      vertex   -1.530518e+01 5.839604e+00 1.886879e+00
      vertex   -1.632791e+01 5.807629e+00 1.850595e+00
    endloop
  endfacet
  facet normal 1.624836e-18 7.502393e-01 -6.611664e-01
    outer loop
      vertex   -1.632791e+01 5.839604e+00 1.886879e+00
      vertex   -1.632791e+01 5.807629e+00 1.850595e+00
      vertex   -1.735064e+01 5.807629e+00 1.850595e+00
    endloop
  endfacet
  facet normal 0.000000e+00 5.695983e-01 -8.219232e-01
    outer loop
      vertex   -1.735064e+01 5.807629e+00 1.850595e+00
      vertex   -1.632791e+01 5.807629e+00 1.850595e+00
      vertex   -1.735064e+01 5.767878e+00 1.823048e+00
    endloop
  endfacet
  facet normal 2.045964e-18 5.695983e-01 -8.219232e-01
    outer loop
      vertex   -1.735064e+01 5.807629e+00 1.850595e+00
      vertex   -1.735064e+01 5.767878e+00 1.823048e+00
      vertex   -1.837336e+01 5.767878e+00 1.823048e+00
    endloop
  endfacet
  facet normal 0.000000e+00 3.556508e-01 -9.346189e-01
    outer loop
      vertex   -1.837336e+01 5.767878e+00 1.823048e+00
      vertex   -1.735064e+01 5.767878e+00 1.823048e+00
      vertex   -1.837336e+01 5.722677e+00 1.805847e+00
    endloop
  endfacet
  facet normal 7.494947e-20 3.556508e-01 -9.346189e-01
    outer loop
      vertex   -1.837336e+01 5.767878e+00 1.823048e+00
      vertex   -1.837336e+01 5.722677e+00 1.805847e+00
      vertex   -1.939609e+01 5.722677e+00 1.805847e+00
    endloop
  endfacet
  facet normal 0.000000e+00 1.209069e-01 -9.926639e-01
    outer loop
      vertex   -1.939609e+01 5.722677e+00 1.805847e+00
      vertex   -1.837336e+01 5.722677e+00 1.805847e+00
      vertex   -1.121427e+01 5.674669e+00 1.800000e+00
    endloop
  endfacet
  facet normal 0.000000e+00 8.870108e-01 -4.617486e-01
    outer loop
      vertex   -1.530518e+01 5.839604e+00 1.886879e+00
      vertex   -1.428245e+01 5.861936e+00 1.929777e+00
      vertex   -1.428245e+01 5.839604e+00 1.886879e+00
    endloop
  endfacet
  facet normal 0.000000e+00 8.870108e-01 -4.617486e-01
    outer loop
      vertex   -1.735064e+01 5.861936e+00 1.929777e+00
      vertex   -1.837336e+01 5.839604e+00 1.886879e+00
      vertex   -1.837336e+01 5.861936e+00 1.929777e+00
    endloop
  endfacet
  facet normal 1.480413e-19 8.870108e-01 -4.617486e-01
    outer loop
      vertex   -1.837336e+01 5.861936e+00 1.929777e+00
      vertex   -1.837336e+01 5.839604e+00 1.886879e+00
      vertex   -1.939609e+01 5.839604e+00 1.886879e+00
    endloop
  endfacet
  facet normal 0.000000e+00 8.870108e-01 -4.617486e-01
    outer loop
      vertex   -1.837336e+01 5.861936e+00 1.929777e+00
      vertex   -1.939609e+01 5.839604e+00 1.886879e+00
      vertex   -1.939609e+01 5.861936e+00 1.929777e+00
    endloop
  endfacet
  facet normal 1.480413e-19 8.870108e-01 -4.617486e-01
    outer loop
      vertex   -1.939609e+01 5.861936e+00 1.929777e+00
      vertex   -1.939609e+01 5.839604e+00 1.886879e+00
      vertex   -2.041882e+01 5.839604e+00 1.886879e+00
    endloop
  endfacet
  facet normal 1.480413e-19 8.870108e-01 -4.617486e-01
    outer loop
      vertex   -2.348700e+01 5.839604e+00 1.886879e+00
      vertex   -2.348700e+01 5.861936e+00 1.929777e+00
      vertex   -2.246427e+01 5.861936e+00 1.929777e+00
    endloop
  endfacet
  facet normal 0.000000e+00 8.870108e-01 -4.617486e-01
    outer loop
      vertex   -2.348700e+01 5.839604e+00 1.886879e+00
      vertex   -2.246427e+01 5.861936e+00 1.929777e+00
      vertex   -2.246427e+01 5.839604e+00 1.886879e+00
    endloop
  endfacet
  facet normal 6.052193e-19 9.719154e-01 -2.353306e-01
    outer loop
      vertex   -2.553245e+01 5.873317e+00 1.976781e+00
      vertex   -2.553245e+01 5.861936e+00 1.929777e+00
      vertex   -2.655518e+01 5.861936e+00 1.929777e+00
    endloop
  endfacet
  facet normal 0.000000e+00 8.870108e-01 -4.617486e-01
    outer loop
      vertex   -2.655518e+01 5.861936e+00 1.929777e+00
      vertex   -2.553245e+01 5.861936e+00 1.929777e+00
      vertex   -2.655518e+01 5.839604e+00 1.886879e+00
    endloop
  endfacet
  facet normal 1.480413e-19 8.870108e-01 -4.617486e-01
    outer loop
      vertex   -2.655518e+01 5.861936e+00 1.929777e+00
      vertex   -2.655518e+01 5.839604e+00 1.886879e+00
      vertex   -2.757791e+01 5.839604e+00 1.886879e+00
    endloop
  endfacet
  facet normal 0.000000e+00 7.502393e-01 -6.611664e-01
    outer loop
      vertex   -2.757791e+01 5.839604e+00 1.886879e+00
      vertex   -2.655518e+01 5.839604e+00 1.886879e+00
      vertex   -2.757791e+01 5.807629e+00 1.850595e+00
    endloop
  endfacet
  facet normal 4.992363e-19 7.502393e-01 -6.611664e-01
    outer loop
      vertex   -2.757791e+01 5.839604e+00 1.886879e+00
      vertex   -2.757791e+01 5.807629e+00 1.850595e+00
      vertex   -2.860064e+01 5.807629e+00 1.850595e+00
    endloop
  endfacet
  facet normal 0.000000e+00 5.695983e-01 -8.219232e-01
    outer loop
      vertex   -2.860064e+01 5.807629e+00 1.850595e+00
      vertex   -2.757791e+01 5.807629e+00 1.850595e+00
      vertex   -2.860064e+01 5.767878e+00 1.823048e+00
    endloop
  endfacet
  facet normal -1.042471e-18 5.695983e-01 -8.219232e-01
    outer loop
      vertex   -2.860064e+01 5.807629e+00 1.850595e+00
      vertex   -2.860064e+01 5.767878e+00 1.823048e+00
      vertex   -2.962336e+01 5.767878e+00 1.823048e+00
    endloop
  endfacet
  facet normal 0.000000e+00 3.556508e-01 -9.346189e-01
    outer loop
      vertex   -2.962336e+01 5.767878e+00 1.823048e+00
      vertex   -2.860064e+01 5.767878e+00 1.823048e+00
      vertex   -2.962336e+01 5.722677e+00 1.805847e+00
    endloop
  endfacet
  facet normal 7.494947e-20 3.556508e-01 -9.346189e-01
    outer loop
      vertex   -2.962336e+01 5.767878e+00 1.823048e+00
      vertex   -2.962336e+01 5.722677e+00 1.805847e+00
      vertex   -3.064609e+01 5.722677e+00 1.805847e+00
    endloop
  endfacet
  facet normal 0.000000e+00 1.209069e-01 -9.926639e-01
    outer loop
      vertex   -3.064609e+01 5.722677e+00 1.805847e+00
      vertex   -2.962336e+01 5.722677e+00 1.805847e+00
      vertex   -3.371427e+01 5.674669e+00 1.800000e+00
    endloop
  endfacet
  facet normal 0.000000e+00 8.870108e-01 -4.617486e-01
    outer loop
      vertex   -2.655518e+01 5.839604e+00 1.886879e+00
      vertex   -2.553245e+01 5.861936e+00 1.929777e+00
      vertex   -2.553245e+01 5.839604e+00 1.886879e+00
    endloop
  endfacet
  facet normal 0.000000e+00 8.870108e-01 -4.617486e-01
    outer loop
      vertex   -2.962336e+01 5.839604e+00 1.886879e+00
      vertex   -2.860064e+01 5.861936e+00 1.929777e+00
      vertex   -2.860064e+01 5.839604e+00 1.886879e+00
    endloop
  endfacet
  facet normal 1.480413e-19 8.870108e-01 -4.617486e-01
    outer loop
      vertex   -2.860064e+01 5.839604e+00 1.886879e+00
      vertex   -2.860064e+01 5.861936e+00 1.929777e+00
      vertex   -2.757791e+01 5.861936e+00 1.929777e+00
    endloop
  endfacet
  facet normal 0.000000e+00 7.502393e-01 -6.611664e-01
    outer loop
      vertex   -1.530518e+01 5.839604e+00 1.886879e+00
      vertex   -1.428245e+01 5.839604e+00 1.886879e+00
      vertex   -1.530518e+01 5.807629e+00 1.850595e+00
    endloop
  endfacet
  facet normal 0.000000e+00 7.502393e-01 -6.611664e-01
    outer loop
      vertex   -1.530518e+01 5.807629e+00 1.850595e+00
      vertex   -1.428245e+01 5.839604e+00 1.886879e+00
      vertex   -1.428245e+01 5.807629e+00 1.850595e+00
    endloop
  endfacet
  facet normal 0.000000e+00 5.695983e-01 -8.219232e-01
    outer loop
      vertex   -1.530518e+01 5.807629e+00 1.850595e+00
      vertex   -1.428245e+01 5.807629e+00 1.850595e+00
      vertex   -1.530518e+01 5.767878e+00 1.823048e+00
    endloop
  endfacet
  facet normal 0.000000e+00 5.695983e-01 -8.219232e-01
    outer loop
      vertex   -1.530518e+01 5.767878e+00 1.823048e+00
      vertex   -1.428245e+01 5.807629e+00 1.850595e+00
      vertex   -1.428245e+01 5.767878e+00 1.823048e+00
    endloop
  endfacet
  facet normal 0.000000e+00 3.556508e-01 -9.346189e-01
    outer loop
      vertex   -1.530518e+01 5.767878e+00 1.823048e+00
      vertex   -1.428245e+01 5.767878e+00 1.823048e+00
      vertex   -1.530518e+01 5.722677e+00 1.805847e+00
    endloop
  endfacet
  facet normal 0.000000e+00 3.556508e-01 -9.346189e-01
    outer loop
      vertex   -1.530518e+01 5.722677e+00 1.805847e+00
      vertex   -1.428245e+01 5.767878e+00 1.823048e+00
      vertex   -1.428245e+01 5.722677e+00 1.805847e+00
    endloop
  endfacet
  facet normal 0.000000e+00 1.209069e-01 -9.926639e-01
    outer loop
      vertex   -1.530518e+01 5.722677e+00 1.805847e+00
      vertex   -1.428245e+01 5.722677e+00 1.805847e+00
      vertex   -1.121427e+01 5.674669e+00 1.800000e+00
    endloop
  endfacet
  facet normal 1.624836e-18 7.502393e-01 -6.611664e-01
    outer loop
      vertex   -2.041882e+01 5.807629e+00 1.850595e+00
      vertex   -2.041882e+01 5.839604e+00 1.886879e+00
      vertex   -1.939609e+01 5.839604e+00 1.886879e+00
    endloop
  endfacet
  facet normal 0.000000e+00 7.502393e-01 -6.611664e-01
    outer loop
      vertex   -2.041882e+01 5.807629e+00 1.850595e+00
      vertex   -1.939609e+01 5.839604e+00 1.886879e+00
      vertex   -1.939609e+01 5.807629e+00 1.850595e+00
    endloop
  endfacet
  facet normal 1.624836e-18 7.502393e-01 -6.611664e-01
    outer loop
      vertex   -1.939609e+01 5.807629e+00 1.850595e+00
      vertex   -1.939609e+01 5.839604e+00 1.886879e+00
      vertex   -1.837336e+01 5.839604e+00 1.886879e+00
    endloop
  endfacet
  facet normal 1.624836e-18 7.502393e-01 -6.611664e-01
    outer loop
      vertex   -2.348700e+01 5.807629e+00 1.850595e+00
      vertex   -2.348700e+01 5.839604e+00 1.886879e+00
      vertex   -2.246427e+01 5.839604e+00 1.886879e+00
    endloop
  endfacet
  facet normal 0.000000e+00 7.502393e-01 -6.611664e-01
    outer loop
      vertex   -2.348700e+01 5.807629e+00 1.850595e+00
      vertex   -2.246427e+01 5.839604e+00 1.886879e+00
      vertex   -2.246427e+01 5.807629e+00 1.850595e+00
    endloop
  endfacet
  facet normal 0.000000e+00 7.502393e-01 -6.611664e-01
    outer loop
      vertex   -2.655518e+01 5.839604e+00 1.886879e+00
      vertex   -2.553245e+01 5.839604e+00 1.886879e+00
      vertex   -2.655518e+01 5.807629e+00 1.850595e+00
    endloop
  endfacet
  facet normal 0.000000e+00 7.502393e-01 -6.611664e-01
    outer loop
      vertex   -2.655518e+01 5.807629e+00 1.850595e+00
      vertex   -2.553245e+01 5.839604e+00 1.886879e+00
      vertex   -2.553245e+01 5.807629e+00 1.850595e+00
    endloop
  endfacet
  facet normal 0.000000e+00 5.695983e-01 -8.219232e-01
    outer loop
      vertex   -2.655518e+01 5.807629e+00 1.850595e+00
      vertex   -2.553245e+01 5.807629e+00 1.850595e+00
      vertex   -2.655518e+01 5.767878e+00 1.823048e+00
    endloop
  endfacet
  facet normal 0.000000e+00 5.695983e-01 -8.219232e-01
    outer loop
      vertex   -2.655518e+01 5.767878e+00 1.823048e+00
      vertex   -2.553245e+01 5.807629e+00 1.850595e+00
      vertex   -2.553245e+01 5.767878e+00 1.823048e+00
    endloop
  endfacet
  facet normal 0.000000e+00 3.556508e-01 -9.346189e-01
    outer loop
      vertex   -2.655518e+01 5.767878e+00 1.823048e+00
      vertex   -2.553245e+01 5.767878e+00 1.823048e+00
      vertex   -2.655518e+01 5.722677e+00 1.805847e+00
    endloop
  endfacet
  facet normal 0.000000e+00 3.556508e-01 -9.346189e-01
    outer loop
      vertex   -2.655518e+01 5.722677e+00 1.805847e+00
      vertex   -2.553245e+01 5.767878e+00 1.823048e+00
      vertex   -2.553245e+01 5.722677e+00 1.805847e+00
    endloop
  endfacet
  facet normal 0.000000e+00 1.209069e-01 -9.926639e-01
    outer loop
      vertex   -2.655518e+01 5.722677e+00 1.805847e+00
      vertex   -2.553245e+01 5.722677e+00 1.805847e+00
      vertex   -3.371427e+01 5.674669e+00 1.800000e+00
    endloop
  endfacet
  facet normal 0.000000e+00 7.502393e-01 -6.611664e-01
    outer loop
      vertex   -3.064609e+01 5.807629e+00 1.850595e+00
      vertex   -2.962336e+01 5.839604e+00 1.886879e+00
      vertex   -2.962336e+01 5.807629e+00 1.850595e+00
    endloop
  endfacet
  facet normal 4.992363e-19 7.502393e-01 -6.611664e-01
    outer loop
      vertex   -2.962336e+01 5.807629e+00 1.850595e+00
      vertex   -2.962336e+01 5.839604e+00 1.886879e+00
      vertex   -2.860064e+01 5.839604e+00 1.886879e+00
    endloop
  endfacet
  facet normal 1.624836e-18 7.502393e-01 -6.611664e-01
    outer loop
      vertex   -1.530518e+01 5.839604e+00 1.886879e+00
      vertex   -1.530518e+01 5.807629e+00 1.850595e+00
      vertex   -1.632791e+01 5.807629e+00 1.850595e+00
    endloop
  endfacet
  facet normal 0.000000e+00 5.695983e-01 -8.219232e-01
    outer loop
      vertex   -1.632791e+01 5.807629e+00 1.850595e+00
      vertex   -1.530518e+01 5.807629e+00 1.850595e+00
      vertex   -1.632791e+01 5.767878e+00 1.823048e+00
    endloop
  endfacet
  facet normal 2.045964e-18 5.695983e-01 -8.219232e-01
    outer loop
      vertex   -1.632791e+01 5.807629e+00 1.850595e+00
      vertex   -1.632791e+01 5.767878e+00 1.823048e+00
      vertex   -1.735064e+01 5.767878e+00 1.823048e+00
    endloop
  endfacet
  facet normal 0.000000e+00 3.556508e-01 -9.346189e-01
    outer loop
      vertex   -1.735064e+01 5.767878e+00 1.823048e+00
      vertex   -1.632791e+01 5.767878e+00 1.823048e+00
      vertex   -1.735064e+01 5.722677e+00 1.805847e+00
    endloop
  endfacet
  facet normal 7.494947e-20 3.556508e-01 -9.346189e-01
    outer loop
      vertex   -1.735064e+01 5.767878e+00 1.823048e+00
      vertex   -1.735064e+01 5.722677e+00 1.805847e+00
      vertex   -1.837336e+01 5.722677e+00 1.805847e+00
    endloop
  endfacet
  facet normal 0.000000e+00 1.209069e-01 -9.926639e-01
    outer loop
      vertex   -1.837336e+01 5.722677e+00 1.805847e+00
      vertex   -1.735064e+01 5.722677e+00 1.805847e+00
      vertex   -1.121427e+01 5.674669e+00 1.800000e+00
    endloop
  endfacet
  facet normal 0.000000e+00 5.695983e-01 -8.219232e-01
    outer loop
      vertex   -1.632791e+01 5.767878e+00 1.823048e+00
      vertex   -1.530518e+01 5.807629e+00 1.850595e+00
      vertex   -1.530518e+01 5.767878e+00 1.823048e+00
    endloop
  endfacet
  facet normal 2.045964e-18 5.695983e-01 -8.219232e-01
    outer loop
      vertex   -2.041882e+01 5.767878e+00 1.823048e+00
      vertex   -2.041882e+01 5.807629e+00 1.850595e+00
      vertex   -1.939609e+01 5.807629e+00 1.850595e+00
    endloop
  endfacet
  facet normal 2.045964e-18 5.695983e-01 -8.219232e-01
    outer loop
      vertex   -2.348700e+01 5.767878e+00 1.823048e+00
      vertex   -2.348700e+01 5.807629e+00 1.850595e+00
      vertex   -2.246427e+01 5.807629e+00 1.850595e+00
    endloop
  endfacet
  facet normal 0.000000e+00 5.695983e-01 -8.219232e-01
    outer loop
      vertex   -2.348700e+01 5.767878e+00 1.823048e+00
      vertex   -2.246427e+01 5.807629e+00 1.850595e+00
      vertex   -2.246427e+01 5.767878e+00 1.823048e+00
    endloop
  endfacet
  facet normal 4.992363e-19 7.502393e-01 -6.611664e-01
    outer loop
      vertex   -2.655518e+01 5.839604e+00 1.886879e+00
      vertex   -2.655518e+01 5.807629e+00 1.850595e+00
      vertex   -2.757791e+01 5.807629e+00 1.850595e+00
    endloop
  endfacet
  facet normal 0.000000e+00 5.695983e-01 -8.219232e-01
    outer loop
      vertex   -2.757791e+01 5.807629e+00 1.850595e+00
      vertex   -2.655518e+01 5.807629e+00 1.850595e+00
      vertex   -2.757791e+01 5.767878e+00 1.823048e+00
    endloop
  endfacet
  facet normal -1.042471e-18 5.695983e-01 -8.219232e-01
    outer loop
      vertex   -2.757791e+01 5.807629e+00 1.850595e+00
      vertex   -2.757791e+01 5.767878e+00 1.823048e+00
      vertex   -2.860064e+01 5.767878e+00 1.823048e+00
    endloop
  endfacet
  facet normal 0.000000e+00 3.556508e-01 -9.346189e-01
    outer loop
      vertex   -2.860064e+01 5.767878e+00 1.823048e+00
      vertex   -2.757791e+01 5.767878e+00 1.823048e+00
      vertex   -2.860064e+01 5.722677e+00 1.805847e+00
    endloop
  endfacet
  facet normal 7.494947e-20 3.556508e-01 -9.346189e-01
    outer loop
      vertex   -2.860064e+01 5.767878e+00 1.823048e+00
      vertex   -2.860064e+01 5.722677e+00 1.805847e+00
      vertex   -2.962336e+01 5.722677e+00 1.805847e+00
    endloop
  endfacet
  facet normal 0.000000e+00 1.209069e-01 -9.926639e-01
    outer loop
      vertex   -2.962336e+01 5.722677e+00 1.805847e+00
      vertex   -2.860064e+01 5.722677e+00 1.805847e+00
      vertex   -3.371427e+01 5.674669e+00 1.800000e+00
    endloop
  endfacet
  facet normal 0.000000e+00 5.695983e-01 -8.219232e-01
    outer loop
      vertex   -2.757791e+01 5.767878e+00 1.823048e+00
      vertex   -2.655518e+01 5.807629e+00 1.850595e+00
      vertex   -2.655518e+01 5.767878e+00 1.823048e+00
    endloop
  endfacet
  facet normal 0.000000e+00 5.695983e-01 -8.219232e-01
    outer loop
      vertex   -3.166882e+01 5.767878e+00 1.823048e+00
      vertex   -3.064609e+01 5.807629e+00 1.850595e+00
      vertex   -3.064609e+01 5.767878e+00 1.823048e+00
    endloop
  endfacet
  facet normal -1.042471e-18 5.695983e-01 -8.219232e-01
    outer loop
      vertex   -3.064609e+01 5.767878e+00 1.823048e+00
      vertex   -3.064609e+01 5.807629e+00 1.850595e+00
      vertex   -2.962336e+01 5.807629e+00 1.850595e+00
    endloop
  endfacet
  facet normal 0.000000e+00 3.556508e-01 -9.346189e-01
    outer loop
      vertex   -1.632791e+01 5.767878e+00 1.823048e+00
      vertex   -1.530518e+01 5.767878e+00 1.823048e+00
      vertex   -1.632791e+01 5.722677e+00 1.805847e+00
    endloop
  endfacet
  facet normal 0.000000e+00 3.556508e-01 -9.346189e-01
    outer loop
      vertex   -1.632791e+01 5.722677e+00 1.805847e+00
      vertex   -1.530518e+01 5.767878e+00 1.823048e+00
      vertex   -1.530518e+01 5.722677e+00 1.805847e+00
    endloop
  endfacet
  facet normal 0.000000e+00 1.209069e-01 -9.926639e-01
    outer loop
      vertex   -1.632791e+01 5.722677e+00 1.805847e+00
      vertex   -1.530518e+01 5.722677e+00 1.805847e+00
      vertex   -1.121427e+01 5.674669e+00 1.800000e+00
    endloop
  endfacet
  facet normal 7.494947e-20 3.556508e-01 -9.346189e-01
    outer loop
      vertex   -2.348700e+01 5.722677e+00 1.805847e+00
      vertex   -2.348700e+01 5.767878e+00 1.823048e+00
      vertex   -2.246427e+01 5.767878e+00 1.823048e+00
    endloop
  endfacet
  facet normal 0.000000e+00 3.556508e-01 -9.346189e-01
    outer loop
      vertex   -2.348700e+01 5.722677e+00 1.805847e+00
      vertex   -2.246427e+01 5.767878e+00 1.823048e+00
      vertex   -2.246427e+01 5.722677e+00 1.805847e+00
    endloop
  endfacet
  facet normal 0.000000e+00 3.556508e-01 -9.346189e-01
    outer loop
      vertex   -2.757791e+01 5.767878e+00 1.823048e+00
      vertex   -2.655518e+01 5.767878e+00 1.823048e+00
      vertex   -2.757791e+01 5.722677e+00 1.805847e+00
    endloop
  endfacet
  facet normal 0.000000e+00 3.556508e-01 -9.346189e-01
    outer loop
      vertex   -2.757791e+01 5.722677e+00 1.805847e+00
      vertex   -2.655518e+01 5.767878e+00 1.823048e+00
      vertex   -2.655518e+01 5.722677e+00 1.805847e+00
    endloop
  endfacet
  facet normal 0.000000e+00 1.209069e-01 -9.926639e-01
    outer loop
      vertex   -2.757791e+01 5.722677e+00 1.805847e+00
      vertex   -2.655518e+01 5.722677e+00 1.805847e+00
      vertex   -3.371427e+01 5.674669e+00 1.800000e+00
    endloop
  endfacet
  facet normal 0.000000e+00 3.556508e-01 -9.346189e-01
    outer loop
      vertex   -3.269155e+01 5.722677e+00 1.805847e+00
      vertex   -3.166882e+01 5.767878e+00 1.823048e+00
      vertex   -3.166882e+01 5.722677e+00 1.805847e+00
    endloop
  endfacet
  facet normal 7.494947e-20 3.556508e-01 -9.346189e-01
    outer loop
      vertex   -3.166882e+01 5.722677e+00 1.805847e+00
      vertex   -3.166882e+01 5.767878e+00 1.823048e+00
      vertex   -3.064609e+01 5.767878e+00 1.823048e+00
    endloop
  endfacet
  facet normal 5.124162e-19 1.209069e-01 -9.926639e-01
    outer loop
      vertex   -1.121427e+01 5.674669e+00 1.800000e+00
      vertex   -1.735064e+01 5.722677e+00 1.805847e+00
      vertex   -1.632791e+01 5.722677e+00 1.805847e+00
    endloop
  endfacet
  facet normal 0.000000e+00 3.556508e-01 -9.346189e-01
    outer loop
      vertex   -1.632791e+01 5.722677e+00 1.805847e+00
      vertex   -1.735064e+01 5.722677e+00 1.805847e+00
      vertex   -1.632791e+01 5.767878e+00 1.823048e+00
    endloop
  endfacet
  facet normal 5.124162e-19 1.209069e-01 -9.926639e-01
    outer loop
      vertex   -3.371427e+01 5.674669e+00 1.800000e+00
      vertex   -2.860064e+01 5.722677e+00 1.805847e+00
      vertex   -2.757791e+01 5.722677e+00 1.805847e+00
    endloop
  endfacet
  facet normal 0.000000e+00 3.556508e-01 -9.346189e-01
    outer loop
      vertex   -2.757791e+01 5.722677e+00 1.805847e+00
      vertex   -2.860064e+01 5.722677e+00 1.805847e+00
      vertex   -2.757791e+01 5.767878e+00 1.823048e+00
    endloop
  endfacet
  facet normal -0.000000e+00 -9.051641e-16 -1.000000e+00
    outer loop
      vertex   -4.671427e+01 -7.020353e+00 1.800000e+00
      vertex   -5.006427e+01 -7.020353e+00 1.800000e+00
      vertex   -4.671427e+01 -6.423273e-01 1.800000e+00
    endloop
  endfacet
  facet normal -1.723331e-15 0.000000e+00 -1.000000e+00
    outer loop
      vertex   -4.671427e+01 -6.423273e-01 1.800000e+00
      vertex   -5.006427e+01 -7.020353e+00 1.800000e+00
      vertex   -5.006427e+01 1.333725e+01 1.800000e+00
    endloop
  endfacet
  facet normal -1.723331e-15 0.000000e+00 -1.000000e+00
    outer loop
      vertex   -4.671427e+01 -6.423273e-01 1.800000e+00
      vertex   -5.006427e+01 1.333725e+01 1.800000e+00
      vertex   -4.671427e+01 6.959229e+00 1.800000e+00
    endloop
  endfacet
  facet normal 5.538098e-32 9.051641e-16 -1.000000e+00
    outer loop
      vertex   -4.671427e+01 6.959229e+00 1.800000e+00
      vertex   -5.006427e+01 1.333725e+01 1.800000e+00
      vertex   -4.671427e+01 1.333725e+01 1.800000e+00
    endloop
  endfacet
  facet normal 1.708035e-17 1.728566e-16 -1.000000e+00
    outer loop
      vertex   -3.371427e+01 6.959229e+00 1.800000e+00
      vertex   -3.371427e+01 5.674669e+00 1.800000e+00
      vertex   -4.671427e+01 6.959229e+00 1.800000e+00
    endloop
  endfacet
  facet normal 0.000000e+00 0.000000e+00 -1.000000e+00
    outer loop
      vertex   -4.671427e+01 6.959229e+00 1.800000e+00
      vertex   -3.371427e+01 5.674669e+00 1.800000e+00
      vertex   -3.371427e+01 6.422320e-01 1.800000e+00
    endloop
  endfacet
  facet normal 0.000000e+00 0.000000e+00 -1.000000e+00
    outer loop
      vertex   -4.671427e+01 6.959229e+00 1.800000e+00
      vertex   -3.371427e+01 6.422320e-01 1.800000e+00
      vertex   -4.671427e+01 -6.423273e-01 1.800000e+00
    endloop
  endfacet
  facet normal 0.000000e+00 0.000000e+00 -1.000000e+00
    outer loop
      vertex   -4.671427e+01 -6.423273e-01 1.800000e+00
      vertex   -3.371427e+01 6.422320e-01 1.800000e+00
      vertex   -3.371427e+01 -6.423273e-01 1.800000e+00
    endloop
  endfacet
  facet normal -0.000000e+00 -0.000000e+00 -1.000000e+00
    outer loop
      vertex   -1.121427e+01 5.674669e+00 1.800000e+00
      vertex   -1.121427e+01 6.422320e-01 1.800000e+00
      vertex   -3.371427e+01 5.674669e+00 1.800000e+00
    endloop
  endfacet
  facet normal 0.000000e+00 0.000000e+00 -1.000000e+00
    outer loop
      vertex   -3.371427e+01 5.674669e+00 1.800000e+00
      vertex   -1.121427e+01 6.422320e-01 1.800000e+00
      vertex   -3.371427e+01 6.422320e-01 1.800000e+00
    endloop
  endfacet
  facet normal -0.000000e+00 -1.209069e-01 -9.926639e-01
    outer loop
      vertex   -1.121427e+01 5.942241e-01 1.805847e+00
      vertex   -1.223700e+01 5.942241e-01 1.805847e+00
      vertex   -1.121427e+01 6.422320e-01 1.800000e+00
    endloop
  endfacet
  facet normal -3.779092e-19 -1.209069e-01 -9.926639e-01
    outer loop
      vertex   -1.121427e+01 6.422320e-01 1.800000e+00
      vertex   -1.223700e+01 5.942241e-01 1.805847e+00
      vertex   -1.325973e+01 5.942241e-01 1.805847e+00
    endloop
  endfacet
  facet normal -3.779092e-19 -1.209069e-01 -9.926639e-01
    outer loop
      vertex   -1.121427e+01 6.422320e-01 1.800000e+00
      vertex   -1.325973e+01 5.942241e-01 1.805847e+00
      vertex   -1.428245e+01 5.942241e-01 1.805847e+00
    endloop
  endfacet
  facet normal 0.000000e+00 -3.556508e-01 -9.346189e-01
    outer loop
      vertex   -1.428245e+01 5.942241e-01 1.805847e+00
      vertex   -1.325973e+01 5.942241e-01 1.805847e+00
      vertex   -1.428245e+01 5.490233e-01 1.823048e+00
    endloop
  endfacet
  facet normal 2.264000e-19 -3.556508e-01 -9.346189e-01
    outer loop
      vertex   -1.428245e+01 5.942241e-01 1.805847e+00
      vertex   -1.428245e+01 5.490233e-01 1.823048e+00
      vertex   -1.530518e+01 5.490233e-01 1.823048e+00
    endloop
  endfacet
  facet normal 0.000000e+00 -5.695983e-01 -8.219232e-01
    outer loop
      vertex   -1.530518e+01 5.490233e-01 1.823048e+00
      vertex   -1.428245e+01 5.490233e-01 1.823048e+00
      vertex   -1.530518e+01 5.092729e-01 1.850595e+00
    endloop
  endfacet
  facet normal -1.056567e-18 -5.695983e-01 -8.219232e-01
    outer loop
      vertex   -1.530518e+01 5.490233e-01 1.823048e+00
      vertex   -1.530518e+01 5.092729e-01 1.850595e+00
      vertex   -1.632791e+01 5.092729e-01 1.850595e+00
    endloop
  endfacet
  facet normal 0.000000e+00 -7.502393e-01 -6.611664e-01
    outer loop
      vertex   -1.632791e+01 5.092729e-01 1.850595e+00
      vertex   -1.530518e+01 5.092729e-01 1.850595e+00
      vertex   -1.632791e+01 4.772970e-01 1.886879e+00
    endloop
  endfacet
  facet normal -1.895518e-18 -7.502393e-01 -6.611664e-01
    outer loop
      vertex   -1.632791e+01 5.092729e-01 1.850595e+00
      vertex   -1.632791e+01 4.772970e-01 1.886879e+00
      vertex   -1.735064e+01 4.772970e-01 1.886879e+00
    endloop
  endfacet
  facet normal 0.000000e+00 -8.870108e-01 -4.617486e-01
    outer loop
      vertex   -1.735064e+01 4.772970e-01 1.886879e+00
      vertex   -1.632791e+01 4.772970e-01 1.886879e+00
      vertex   -1.735064e+01 4.549656e-01 1.929777e+00
    endloop
  endfacet
  facet normal 7.496444e-19 -8.870108e-01 -4.617486e-01
    outer loop
      vertex   -1.735064e+01 4.772970e-01 1.886879e+00
      vertex   -1.735064e+01 4.549656e-01 1.929777e+00
      vertex   -1.837336e+01 4.549656e-01 1.929777e+00
    endloop
  endfacet
  facet normal 0.000000e+00 -9.719154e-01 -2.353306e-01
    outer loop
      vertex   -1.837336e+01 4.549656e-01 1.929777e+00
      vertex   -1.735064e+01 4.549656e-01 1.929777e+00
      vertex   -1.837336e+01 4.435844e-01 1.976781e+00
    endloop
  endfacet
  facet normal -4.480365e-19 -9.719154e-01 -2.353306e-01
    outer loop
      vertex   -1.837336e+01 4.549656e-01 1.929777e+00
      vertex   -1.837336e+01 4.435844e-01 1.976781e+00
      vertex   -1.939609e+01 4.435844e-01 1.976781e+00
    endloop
  endfacet
  facet normal 0.000000e+00 -9.999882e-01 4.848118e-03
    outer loop
      vertex   -1.939609e+01 4.435844e-01 1.976781e+00
      vertex   -1.837336e+01 4.435844e-01 1.976781e+00
      vertex   -1.939609e+01 4.438188e-01 2.025144e+00
    endloop
  endfacet
  facet normal 1.503267e-21 -9.999882e-01 4.848118e-03
    outer loop
      vertex   -1.939609e+01 4.435844e-01 1.976781e+00
      vertex   -1.939609e+01 4.438188e-01 2.025144e+00
      vertex   -2.041882e+01 4.438188e-01 2.025144e+00
    endloop
  endfacet
  facet normal 0.000000e+00 -9.695879e-01 2.447433e-01
    outer loop
      vertex   -2.041882e+01 4.438188e-01 2.025144e+00
      vertex   -1.939609e+01 4.438188e-01 2.025144e+00
      vertex   -2.041882e+01 4.556553e-01 2.072036e+00
    endloop
  endfacet
  facet normal -8.245073e-19 -9.695879e-01 2.447433e-01
    outer loop
      vertex   -2.041882e+01 4.438188e-01 2.025144e+00
      vertex   -2.041882e+01 4.556553e-01 2.072036e+00
      vertex   -2.144155e+01 4.556553e-01 2.072036e+00
    endloop
  endfacet
  facet normal 0.000000e+00 -8.824920e-01 4.703275e-01
    outer loop
      vertex   -2.144155e+01 4.556553e-01 2.072036e+00
      vertex   -2.041882e+01 4.556553e-01 2.072036e+00
      vertex   -1.121427e+01 4.784016e-01 2.114715e+00
    endloop
  endfacet
  facet normal 0.000000e+00 -8.824920e-01 4.703275e-01
    outer loop
      vertex   -2.144155e+01 4.556553e-01 2.072036e+00
      vertex   -1.121427e+01 4.784016e-01 2.114715e+00
      vertex   -2.246427e+01 4.556553e-01 2.072036e+00
    endloop
  endfacet
  facet normal -4.866064e-21 -8.824920e-01 4.703275e-01
    outer loop
      vertex   -2.246427e+01 4.556553e-01 2.072036e+00
      vertex   -1.121427e+01 4.784016e-01 2.114715e+00
      vertex   -3.371427e+01 4.784016e-01 2.114715e+00
    endloop
  endfacet
  facet normal 0.000000e+00 -8.824920e-01 4.703275e-01
    outer loop
      vertex   -2.246427e+01 4.556553e-01 2.072036e+00
      vertex   -3.371427e+01 4.784016e-01 2.114715e+00
      vertex   -2.348700e+01 4.556553e-01 2.072036e+00
    endloop
  endfacet
  facet normal 0.000000e+00 -8.824920e-01 4.703275e-01
    outer loop
      vertex   -2.348700e+01 4.556553e-01 2.072036e+00
      vertex   -3.371427e+01 4.784016e-01 2.114715e+00
      vertex   -2.450973e+01 4.556553e-01 2.072036e+00
    endloop
  endfacet
  facet normal 0.000000e+00 -9.695879e-01 2.447433e-01
    outer loop
      vertex   -2.348700e+01 4.556553e-01 2.072036e+00
      vertex   -2.450973e+01 4.556553e-01 2.072036e+00
      vertex   -2.348700e+01 4.438188e-01 2.025144e+00
    endloop
  endfacet
  facet normal 0.000000e+00 -9.695879e-01 2.447433e-01
    outer loop
      vertex   -2.348700e+01 4.438188e-01 2.025144e+00
      vertex   -2.450973e+01 4.556553e-01 2.072036e+00
      vertex   -2.450973e+01 4.438188e-01 2.025144e+00
    endloop
  endfacet
  facet normal 0.000000e+00 -9.999882e-01 4.848118e-03
    outer loop
      vertex   -2.348700e+01 4.438188e-01 2.025144e+00
      vertex   -2.450973e+01 4.438188e-01 2.025144e+00
      vertex   -2.348700e+01 4.435844e-01 1.976781e+00
    endloop
  endfacet
  facet normal 0.000000e+00 -9.999882e-01 4.848118e-03
    outer loop
      vertex   -2.348700e+01 4.435844e-01 1.976781e+00
      vertex   -2.450973e+01 4.438188e-01 2.025144e+00
      vertex   -2.450973e+01 4.435844e-01 1.976781e+00
    endloop
  endfacet
  facet normal -0.000000e+00 -9.719154e-01 -2.353306e-01
    outer loop
      vertex   -2.348700e+01 4.435844e-01 1.976781e+00
      vertex   -2.450973e+01 4.435844e-01 1.976781e+00
      vertex   -2.348700e+01 4.549656e-01 1.929777e+00
    endloop
  endfacet
  facet normal -0.000000e+00 -9.719154e-01 -2.353306e-01
    outer loop
      vertex   -2.348700e+01 4.549656e-01 1.929777e+00
      vertex   -2.450973e+01 4.435844e-01 1.976781e+00
      vertex   -2.450973e+01 4.549656e-01 1.929777e+00
    endloop
  endfacet
  facet normal -0.000000e+00 -8.870108e-01 -4.617486e-01
    outer loop
      vertex   -2.348700e+01 4.549656e-01 1.929777e+00
      vertex   -2.450973e+01 4.549656e-01 1.929777e+00
      vertex   -2.348700e+01 4.772970e-01 1.886879e+00
    endloop
  endfacet
  facet normal -0.000000e+00 -8.870108e-01 -4.617486e-01
    outer loop
      vertex   -2.348700e+01 4.772970e-01 1.886879e+00
      vertex   -2.450973e+01 4.549656e-01 1.929777e+00
      vertex   -2.450973e+01 4.772970e-01 1.886879e+00
    endloop
  endfacet
  facet normal -0.000000e+00 -7.502393e-01 -6.611664e-01
    outer loop
      vertex   -2.348700e+01 4.772970e-01 1.886879e+00
      vertex   -2.450973e+01 4.772970e-01 1.886879e+00
      vertex   -2.348700e+01 5.092729e-01 1.850595e+00
    endloop
  endfacet
  facet normal -0.000000e+00 -7.502393e-01 -6.611664e-01
    outer loop
      vertex   -2.348700e+01 5.092729e-01 1.850595e+00
      vertex   -2.450973e+01 4.772970e-01 1.886879e+00
      vertex   -2.450973e+01 5.092729e-01 1.850595e+00
    endloop
  endfacet
  facet normal -0.000000e+00 -5.695983e-01 -8.219232e-01
    outer loop
      vertex   -2.348700e+01 5.092729e-01 1.850595e+00
      vertex   -2.450973e+01 5.092729e-01 1.850595e+00
      vertex   -2.348700e+01 5.490233e-01 1.823048e+00
    endloop
  endfacet
  facet normal -0.000000e+00 -5.695983e-01 -8.219232e-01
    outer loop
      vertex   -2.348700e+01 5.490233e-01 1.823048e+00
      vertex   -2.450973e+01 5.092729e-01 1.850595e+00
      vertex   -2.450973e+01 5.490233e-01 1.823048e+00
    endloop
  endfacet
  facet normal -0.000000e+00 -3.556508e-01 -9.346189e-01
    outer loop
      vertex   -2.348700e+01 5.490233e-01 1.823048e+00
      vertex   -2.450973e+01 5.490233e-01 1.823048e+00
      vertex   -2.348700e+01 5.942241e-01 1.805847e+00
    endloop
  endfacet
  facet normal -0.000000e+00 -3.556508e-01 -9.346189e-01
    outer loop
      vertex   -2.348700e+01 5.942241e-01 1.805847e+00
      vertex   -2.450973e+01 5.490233e-01 1.823048e+00
      vertex   -2.450973e+01 5.942241e-01 1.805847e+00
    endloop
  endfacet
  facet normal -0.000000e+00 -1.209069e-01 -9.926639e-01
    outer loop
      vertex   -2.348700e+01 5.942241e-01 1.805847e+00
      vertex   -2.450973e+01 5.942241e-01 1.805847e+00
      vertex   -3.371427e+01 6.422320e-01 1.800000e+00
    endloop
  endfacet
  facet normal -3.779092e-19 -1.209069e-01 -9.926639e-01
    outer loop
      vertex   -3.371427e+01 6.422320e-01 1.800000e+00
      vertex   -2.450973e+01 5.942241e-01 1.805847e+00
      vertex   -2.553245e+01 5.942241e-01 1.805847e+00
    endloop
  endfacet
  facet normal -3.779092e-19 -1.209069e-01 -9.926639e-01
    outer loop
      vertex   -3.371427e+01 6.422320e-01 1.800000e+00
      vertex   -2.553245e+01 5.942241e-01 1.805847e+00
      vertex   -2.655518e+01 5.942241e-01 1.805847e+00
    endloop
  endfacet
  facet normal 0.000000e+00 -3.556508e-01 -9.346189e-01
    outer loop
      vertex   -2.655518e+01 5.942241e-01 1.805847e+00
      vertex   -2.553245e+01 5.942241e-01 1.805847e+00
      vertex   -2.655518e+01 5.490233e-01 1.823048e+00
    endloop
  endfacet
  facet normal 2.264000e-19 -3.556508e-01 -9.346189e-01
    outer loop
      vertex   -2.655518e+01 5.942241e-01 1.805847e+00
      vertex   -2.655518e+01 5.490233e-01 1.823048e+00
      vertex   -2.757791e+01 5.490233e-01 1.823048e+00
    endloop
  endfacet
  facet normal 0.000000e+00 -5.695983e-01 -8.219232e-01
    outer loop
      vertex   -2.757791e+01 5.490233e-01 1.823048e+00
      vertex   -2.655518e+01 5.490233e-01 1.823048e+00
      vertex   -2.757791e+01 5.092729e-01 1.850595e+00
    endloop
  endfacet
  facet normal -1.056567e-18 -5.695983e-01 -8.219232e-01
    outer loop
      vertex   -2.757791e+01 5.490233e-01 1.823048e+00
      vertex   -2.757791e+01 5.092729e-01 1.850595e+00
      vertex   -2.860064e+01 5.092729e-01 1.850595e+00
    endloop
  endfacet
  facet normal 0.000000e+00 -7.502393e-01 -6.611664e-01
    outer loop
      vertex   -2.860064e+01 5.092729e-01 1.850595e+00
      vertex   -2.757791e+01 5.092729e-01 1.850595e+00
      vertex   -2.860064e+01 4.772970e-01 1.886879e+00
    endloop
  endfacet
  facet normal -1.895518e-18 -7.502393e-01 -6.611664e-01
    outer loop
      vertex   -2.860064e+01 5.092729e-01 1.850595e+00
      vertex   -2.860064e+01 4.772970e-01 1.886879e+00
      vertex   -2.962336e+01 4.772970e-01 1.886879e+00
    endloop
  endfacet
  facet normal 0.000000e+00 -8.870108e-01 -4.617486e-01
    outer loop
      vertex   -2.962336e+01 4.772970e-01 1.886879e+00
      vertex   -2.860064e+01 4.772970e-01 1.886879e+00
      vertex   -2.962336e+01 4.549656e-01 1.929777e+00
    endloop
  endfacet
  facet normal 7.496444e-19 -8.870108e-01 -4.617486e-01
    outer loop
      vertex   -2.962336e+01 4.772970e-01 1.886879e+00
      vertex   -2.962336e+01 4.549656e-01 1.929777e+00
      vertex   -3.064609e+01 4.549656e-01 1.929777e+00
    endloop
  endfacet
  facet normal 0.000000e+00 -9.719154e-01 -2.353306e-01
    outer loop
      vertex   -3.064609e+01 4.549656e-01 1.929777e+00
      vertex   -2.962336e+01 4.549656e-01 1.929777e+00
      vertex   -3.064609e+01 4.435844e-01 1.976781e+00
    endloop
  endfacet
  facet normal -4.480365e-19 -9.719154e-01 -2.353306e-01
    outer loop
      vertex   -3.064609e+01 4.549656e-01 1.929777e+00
      vertex   -3.064609e+01 4.435844e-01 1.976781e+00
      vertex   -3.166882e+01 4.435844e-01 1.976781e+00
    endloop
  endfacet
  facet normal 0.000000e+00 -9.999882e-01 4.848118e-03
    outer loop
      vertex   -3.166882e+01 4.435844e-01 1.976781e+00
      vertex   -3.064609e+01 4.435844e-01 1.976781e+00
      vertex   -3.166882e+01 4.438188e-01 2.025144e+00
    endloop
  endfacet
  facet normal 1.503267e-21 -9.999882e-01 4.848118e-03
    outer loop
      vertex   -3.166882e+01 4.435844e-01 1.976781e+00
      vertex   -3.166882e+01 4.438188e-01 2.025144e+00
      vertex   -3.269155e+01 4.438188e-01 2.025144e+00
    endloop
  endfacet
  facet normal 0.000000e+00 -9.695879e-01 2.447433e-01
    outer loop
      vertex   -3.269155e+01 4.438188e-01 2.025144e+00
      vertex   -3.166882e+01 4.438188e-01 2.025144e+00
      vertex   -3.269155e+01 4.556553e-01 2.072036e+00
    endloop
  endfacet
  facet normal 5.178335e-17 -9.695879e-01 2.447433e-01
    outer loop
      vertex   -3.269155e+01 4.438188e-01 2.025144e+00
      vertex   -3.269155e+01 4.556553e-01 2.072036e+00
      vertex   -3.371427e+01 4.556553e-01 2.072036e+00
    endloop
  endfacet
  facet normal 4.789952e-17 -8.824920e-01 4.703275e-01
    outer loop
      vertex   -3.371427e+01 4.556553e-01 2.072036e+00
      vertex   -3.269155e+01 4.556553e-01 2.072036e+00
      vertex   -3.371427e+01 4.784016e-01 2.114715e+00
    endloop
  endfacet
  facet normal -1.070534e-19 -8.824920e-01 4.703275e-01
    outer loop
      vertex   -3.371427e+01 4.784016e-01 2.114715e+00
      vertex   -3.269155e+01 4.556553e-01 2.072036e+00
      vertex   -3.166882e+01 4.556553e-01 2.072036e+00
    endloop
  endfacet
  facet normal -1.070534e-19 -8.824920e-01 4.703275e-01
    outer loop
      vertex   -3.371427e+01 4.784016e-01 2.114715e+00
      vertex   -3.166882e+01 4.556553e-01 2.072036e+00
      vertex   -3.064609e+01 4.556553e-01 2.072036e+00
    endloop
  endfacet
  facet normal 0.000000e+00 -9.695879e-01 2.447433e-01
    outer loop
      vertex   -3.064609e+01 4.556553e-01 2.072036e+00
      vertex   -3.166882e+01 4.556553e-01 2.072036e+00
      vertex   -3.064609e+01 4.438188e-01 2.025144e+00
    endloop
  endfacet
  facet normal -8.245073e-19 -9.695879e-01 2.447433e-01
    outer loop
      vertex   -3.064609e+01 4.556553e-01 2.072036e+00
      vertex   -3.064609e+01 4.438188e-01 2.025144e+00
      vertex   -2.962336e+01 4.438188e-01 2.025144e+00
    endloop
  endfacet
  facet normal 0.000000e+00 -9.999882e-01 4.848118e-03
    outer loop
      vertex   -2.962336e+01 4.438188e-01 2.025144e+00
      vertex   -3.064609e+01 4.438188e-01 2.025144e+00
      vertex   -2.962336e+01 4.435844e-01 1.976781e+00
    endloop
  endfacet
  facet normal 1.503267e-21 -9.999882e-01 4.848118e-03
    outer loop
      vertex   -2.962336e+01 4.438188e-01 2.025144e+00
      vertex   -2.962336e+01 4.435844e-01 1.976781e+00
      vertex   -2.860064e+01 4.435844e-01 1.976781e+00
    endloop
  endfacet
  facet normal -0.000000e+00 -9.719154e-01 -2.353306e-01
    outer loop
      vertex   -2.860064e+01 4.435844e-01 1.976781e+00
      vertex   -2.962336e+01 4.435844e-01 1.976781e+00
      vertex   -2.860064e+01 4.549656e-01 1.929777e+00
    endloop
  endfacet
  facet normal -4.480365e-19 -9.719154e-01 -2.353306e-01
    outer loop
      vertex   -2.860064e+01 4.435844e-01 1.976781e+00
      vertex   -2.860064e+01 4.549656e-01 1.929777e+00
      vertex   -2.757791e+01 4.549656e-01 1.929777e+00
    endloop
  endfacet
  facet normal -0.000000e+00 -8.870108e-01 -4.617486e-01
    outer loop
      vertex   -2.757791e+01 4.549656e-01 1.929777e+00
      vertex   -2.860064e+01 4.549656e-01 1.929777e+00
      vertex   -2.757791e+01 4.772970e-01 1.886879e+00
    endloop
  endfacet
  facet normal 7.496444e-19 -8.870108e-01 -4.617486e-01
    outer loop
      vertex   -2.757791e+01 4.549656e-01 1.929777e+00
      vertex   -2.757791e+01 4.772970e-01 1.886879e+00
      vertex   -2.655518e+01 4.772970e-01 1.886879e+00
    endloop
  endfacet
  facet normal -0.000000e+00 -7.502393e-01 -6.611664e-01
    outer loop
      vertex   -2.655518e+01 4.772970e-01 1.886879e+00
      vertex   -2.757791e+01 4.772970e-01 1.886879e+00
      vertex   -2.655518e+01 5.092729e-01 1.850595e+00
    endloop
  endfacet
  facet normal -1.895518e-18 -7.502393e-01 -6.611664e-01
    outer loop
      vertex   -2.655518e+01 4.772970e-01 1.886879e+00
      vertex   -2.655518e+01 5.092729e-01 1.850595e+00
      vertex   -2.553245e+01 5.092729e-01 1.850595e+00
    endloop
  endfacet
  facet normal -0.000000e+00 -5.695983e-01 -8.219232e-01
    outer loop
      vertex   -2.553245e+01 5.092729e-01 1.850595e+00
      vertex   -2.655518e+01 5.092729e-01 1.850595e+00
      vertex   -2.553245e+01 5.490233e-01 1.823048e+00
    endloop
  endfacet
  facet normal -1.056567e-18 -5.695983e-01 -8.219232e-01
    outer loop
      vertex   -2.553245e+01 5.092729e-01 1.850595e+00
      vertex   -2.553245e+01 5.490233e-01 1.823048e+00
      vertex   -2.450973e+01 5.490233e-01 1.823048e+00
    endloop
  endfacet
  facet normal -0.000000e+00 -3.556508e-01 -9.346189e-01
    outer loop
      vertex   -2.450973e+01 5.490233e-01 1.823048e+00
      vertex   -2.553245e+01 5.490233e-01 1.823048e+00
      vertex   -2.450973e+01 5.942241e-01 1.805847e+00
    endloop
  endfacet
  facet normal 0.000000e+00 -3.556508e-01 -9.346189e-01
    outer loop
      vertex   -1.223700e+01 5.942241e-01 1.805847e+00
      vertex   -1.121427e+01 5.942241e-01 1.805847e+00
      vertex   -1.223700e+01 5.490233e-01 1.823048e+00
    endloop
  endfacet
  facet normal 4.058308e-16 -3.556508e-01 -9.346189e-01
    outer loop
      vertex   -1.223700e+01 5.490233e-01 1.823048e+00
      vertex   -1.121427e+01 5.942241e-01 1.805847e+00
      vertex   -1.121427e+01 5.490233e-01 1.823048e+00
    endloop
  endfacet
  facet normal 3.568959e-16 -5.695983e-01 -8.219232e-01
    outer loop
      vertex   -1.223700e+01 5.490233e-01 1.823048e+00
      vertex   -1.121427e+01 5.490233e-01 1.823048e+00
      vertex   -1.223700e+01 5.092729e-01 1.850595e+00
    endloop
  endfacet
  facet normal 6.183283e-17 -5.695983e-01 -8.219232e-01
    outer loop
      vertex   -1.223700e+01 5.092729e-01 1.850595e+00
      vertex   -1.121427e+01 5.490233e-01 1.823048e+00
      vertex   -1.121427e+01 5.092729e-01 1.850595e+00
    endloop
  endfacet
  facet normal 8.144233e-17 -7.502393e-01 -6.611664e-01
    outer loop
      vertex   -1.223700e+01 5.092729e-01 1.850595e+00
      vertex   -1.121427e+01 5.092729e-01 1.850595e+00
      vertex   -1.223700e+01 4.772970e-01 1.886879e+00
    endloop
  endfacet
  facet normal 0.000000e+00 -7.502393e-01 -6.611664e-01
    outer loop
      vertex   -1.223700e+01 4.772970e-01 1.886879e+00
      vertex   -1.121427e+01 5.092729e-01 1.850595e+00
      vertex   -1.121427e+01 4.772970e-01 1.886879e+00
    endloop
  endfacet
  facet normal 0.000000e+00 -8.870108e-01 -4.617486e-01
    outer loop
      vertex   -1.223700e+01 4.772970e-01 1.886879e+00
      vertex   -1.121427e+01 4.772970e-01 1.886879e+00
      vertex   -1.223700e+01 4.549656e-01 1.929777e+00
    endloop
  endfacet
  facet normal 0.000000e+00 -8.870108e-01 -4.617486e-01
    outer loop
      vertex   -1.223700e+01 4.549656e-01 1.929777e+00
      vertex   -1.121427e+01 4.772970e-01 1.886879e+00
      vertex   -1.121427e+01 4.549656e-01 1.929777e+00
    endloop
  endfacet
  facet normal 0.000000e+00 -9.719154e-01 -2.353306e-01
    outer loop
      vertex   -1.223700e+01 4.549656e-01 1.929777e+00
      vertex   -1.121427e+01 4.549656e-01 1.929777e+00
      vertex   -1.223700e+01 4.435844e-01 1.976781e+00
    endloop
  endfacet
  facet normal -5.275321e-17 -9.719154e-01 -2.353306e-01
    outer loop
      vertex   -1.223700e+01 4.435844e-01 1.976781e+00
      vertex   -1.121427e+01 4.549656e-01 1.929777e+00
      vertex   -1.121427e+01 4.435844e-01 1.976781e+00
    endloop
  endfacet
  facet normal -5.427693e-17 -9.999882e-01 4.848118e-03
    outer loop
      vertex   -1.223700e+01 4.435844e-01 1.976781e+00
      vertex   -1.121427e+01 4.435844e-01 1.976781e+00
      vertex   -1.223700e+01 4.438188e-01 2.025144e+00
    endloop
  endfacet
  facet normal 0.000000e+00 -9.999882e-01 4.848118e-03
    outer loop
      vertex   -1.223700e+01 4.438188e-01 2.025144e+00
      vertex   -1.121427e+01 4.435844e-01 1.976781e+00
      vertex   -1.121427e+01 4.438188e-01 2.025144e+00
    endloop
  endfacet
  facet normal 0.000000e+00 -9.695879e-01 2.447433e-01
    outer loop
      vertex   -1.223700e+01 4.438188e-01 2.025144e+00
      vertex   -1.121427e+01 4.438188e-01 2.025144e+00
      vertex   -1.223700e+01 4.556553e-01 2.072036e+00
    endloop
  endfacet
  facet normal -5.262688e-17 -9.695879e-01 2.447433e-01
    outer loop
      vertex   -1.223700e+01 4.556553e-01 2.072036e+00
      vertex   -1.121427e+01 4.438188e-01 2.025144e+00
      vertex   -1.121427e+01 4.556553e-01 2.072036e+00
    endloop
  endfacet
  facet normal -4.789952e-17 -8.824920e-01 4.703275e-01
    outer loop
      vertex   -1.223700e+01 4.556553e-01 2.072036e+00
      vertex   -1.121427e+01 4.556553e-01 2.072036e+00
      vertex   -1.121427e+01 4.784016e-01 2.114715e+00
    endloop
  endfacet
  facet normal -1.060973e-16 -9.695879e-01 2.447433e-01
    outer loop
      vertex   -3.371427e+01 4.556553e-01 2.072036e+00
      vertex   -3.371427e+01 4.438188e-01 2.025144e+00
      vertex   -3.269155e+01 4.438188e-01 2.025144e+00
    endloop
  endfacet
  facet normal -1.085539e-16 -9.999882e-01 4.848118e-03
    outer loop
      vertex   -3.269155e+01 4.438188e-01 2.025144e+00
      vertex   -3.371427e+01 4.438188e-01 2.025144e+00
      vertex   -3.269155e+01 4.435844e-01 1.976781e+00
    endloop
  endfacet
  facet normal 1.503267e-21 -9.999882e-01 4.848118e-03
    outer loop
      vertex   -3.269155e+01 4.438188e-01 2.025144e+00
      vertex   -3.269155e+01 4.435844e-01 1.976781e+00
      vertex   -3.166882e+01 4.435844e-01 1.976781e+00
    endloop
  endfacet
  facet normal -0.000000e+00 -9.719154e-01 -2.353306e-01
    outer loop
      vertex   -3.166882e+01 4.435844e-01 1.976781e+00
      vertex   -3.269155e+01 4.435844e-01 1.976781e+00
      vertex   -3.166882e+01 4.549656e-01 1.929777e+00
    endloop
  endfacet
  facet normal -4.480365e-19 -9.719154e-01 -2.353306e-01
    outer loop
      vertex   -3.166882e+01 4.435844e-01 1.976781e+00
      vertex   -3.166882e+01 4.549656e-01 1.929777e+00
      vertex   -3.064609e+01 4.549656e-01 1.929777e+00
    endloop
  endfacet
  facet normal -0.000000e+00 -8.870108e-01 -4.617486e-01
    outer loop
      vertex   -3.064609e+01 4.549656e-01 1.929777e+00
      vertex   -3.166882e+01 4.549656e-01 1.929777e+00
      vertex   -3.064609e+01 4.772970e-01 1.886879e+00
    endloop
  endfacet
  facet normal 7.496444e-19 -8.870108e-01 -4.617486e-01
    outer loop
      vertex   -3.064609e+01 4.549656e-01 1.929777e+00
      vertex   -3.064609e+01 4.772970e-01 1.886879e+00
      vertex   -2.962336e+01 4.772970e-01 1.886879e+00
    endloop
  endfacet
  facet normal -0.000000e+00 -7.502393e-01 -6.611664e-01
    outer loop
      vertex   -2.962336e+01 4.772970e-01 1.886879e+00
      vertex   -3.064609e+01 4.772970e-01 1.886879e+00
      vertex   -2.962336e+01 5.092729e-01 1.850595e+00
    endloop
  endfacet
  facet normal -1.895518e-18 -7.502393e-01 -6.611664e-01
    outer loop
      vertex   -2.962336e+01 4.772970e-01 1.886879e+00
      vertex   -2.962336e+01 5.092729e-01 1.850595e+00
      vertex   -2.860064e+01 5.092729e-01 1.850595e+00
    endloop
  endfacet
  facet normal -0.000000e+00 -5.695983e-01 -8.219232e-01
    outer loop
      vertex   -2.860064e+01 5.092729e-01 1.850595e+00
      vertex   -2.962336e+01 5.092729e-01 1.850595e+00
      vertex   -2.860064e+01 5.490233e-01 1.823048e+00
    endloop
  endfacet
  facet normal -1.056567e-18 -5.695983e-01 -8.219232e-01
    outer loop
      vertex   -2.860064e+01 5.092729e-01 1.850595e+00
      vertex   -2.860064e+01 5.490233e-01 1.823048e+00
      vertex   -2.757791e+01 5.490233e-01 1.823048e+00
    endloop
  endfacet
  facet normal -0.000000e+00 -3.556508e-01 -9.346189e-01
    outer loop
      vertex   -2.757791e+01 5.490233e-01 1.823048e+00
      vertex   -2.860064e+01 5.490233e-01 1.823048e+00
      vertex   -2.757791e+01 5.942241e-01 1.805847e+00
    endloop
  endfacet
  facet normal 2.264000e-19 -3.556508e-01 -9.346189e-01
    outer loop
      vertex   -2.757791e+01 5.490233e-01 1.823048e+00
      vertex   -2.757791e+01 5.942241e-01 1.805847e+00
      vertex   -2.655518e+01 5.942241e-01 1.805847e+00
    endloop
  endfacet
  facet normal -0.000000e+00 -1.209069e-01 -9.926639e-01
    outer loop
      vertex   -2.655518e+01 5.942241e-01 1.805847e+00
      vertex   -2.757791e+01 5.942241e-01 1.805847e+00
      vertex   -3.371427e+01 6.422320e-01 1.800000e+00
    endloop
  endfacet
  facet normal 5.426009e-17 -9.999882e-01 4.848118e-03
    outer loop
      vertex   -3.371427e+01 4.438188e-01 2.025144e+00
      vertex   -3.371427e+01 4.435844e-01 1.976781e+00
      vertex   -3.269155e+01 4.435844e-01 1.976781e+00
    endloop
  endfacet
  facet normal 5.275321e-17 -9.719154e-01 -2.353306e-01
    outer loop
      vertex   -3.269155e+01 4.435844e-01 1.976781e+00
      vertex   -3.371427e+01 4.435844e-01 1.976781e+00
      vertex   -3.269155e+01 4.549656e-01 1.929777e+00
    endloop
  endfacet
  facet normal -4.480365e-19 -9.719154e-01 -2.353306e-01
    outer loop
      vertex   -3.269155e+01 4.435844e-01 1.976781e+00
      vertex   -3.269155e+01 4.549656e-01 1.929777e+00
      vertex   -3.166882e+01 4.549656e-01 1.929777e+00
    endloop
  endfacet
  facet normal -0.000000e+00 -8.870108e-01 -4.617486e-01
    outer loop
      vertex   -3.166882e+01 4.549656e-01 1.929777e+00
      vertex   -3.269155e+01 4.549656e-01 1.929777e+00
      vertex   -3.166882e+01 4.772970e-01 1.886879e+00
    endloop
  endfacet
  facet normal 7.496444e-19 -8.870108e-01 -4.617486e-01
    outer loop
      vertex   -3.166882e+01 4.549656e-01 1.929777e+00
      vertex   -3.166882e+01 4.772970e-01 1.886879e+00
      vertex   -3.064609e+01 4.772970e-01 1.886879e+00
    endloop
  endfacet
  facet normal -0.000000e+00 -7.502393e-01 -6.611664e-01
    outer loop
      vertex   -3.064609e+01 4.772970e-01 1.886879e+00
      vertex   -3.166882e+01 4.772970e-01 1.886879e+00
      vertex   -3.064609e+01 5.092729e-01 1.850595e+00
    endloop
  endfacet
  facet normal -1.895518e-18 -7.502393e-01 -6.611664e-01
    outer loop
      vertex   -3.064609e+01 4.772970e-01 1.886879e+00
      vertex   -3.064609e+01 5.092729e-01 1.850595e+00
      vertex   -2.962336e+01 5.092729e-01 1.850595e+00
    endloop
  endfacet
  facet normal -0.000000e+00 -5.695983e-01 -8.219232e-01
    outer loop
      vertex   -2.962336e+01 5.092729e-01 1.850595e+00
      vertex   -3.064609e+01 5.092729e-01 1.850595e+00
      vertex   -2.962336e+01 5.490233e-01 1.823048e+00
    endloop
  endfacet
  facet normal -1.056567e-18 -5.695983e-01 -8.219232e-01
    outer loop
      vertex   -2.962336e+01 5.092729e-01 1.850595e+00
      vertex   -2.962336e+01 5.490233e-01 1.823048e+00
      vertex   -2.860064e+01 5.490233e-01 1.823048e+00
    endloop
  endfacet
  facet normal -0.000000e+00 -3.556508e-01 -9.346189e-01
    outer loop
      vertex   -2.860064e+01 5.490233e-01 1.823048e+00
      vertex   -2.962336e+01 5.490233e-01 1.823048e+00
      vertex   -2.860064e+01 5.942241e-01 1.805847e+00
    endloop
  endfacet
  facet normal 2.264000e-19 -3.556508e-01 -9.346189e-01
    outer loop
      vertex   -2.860064e+01 5.490233e-01 1.823048e+00
      vertex   -2.860064e+01 5.942241e-01 1.805847e+00
      vertex   -2.757791e+01 5.942241e-01 1.805847e+00
    endloop
  endfacet
  facet normal -0.000000e+00 -1.209069e-01 -9.926639e-01
    outer loop
      vertex   -2.757791e+01 5.942241e-01 1.805847e+00
      vertex   -2.860064e+01 5.942241e-01 1.805847e+00
      vertex   -3.371427e+01 6.422320e-01 1.800000e+00
    endloop
  endfacet
  facet normal -5.933802e-19 -9.719154e-01 -2.353306e-01
    outer loop
      vertex   -3.371427e+01 4.435844e-01 1.976781e+00
      vertex   -3.371427e+01 4.549656e-01 1.929777e+00
      vertex   -3.269155e+01 4.549656e-01 1.929777e+00
    endloop
  endfacet
  facet normal -0.000000e+00 -8.870108e-01 -4.617486e-01
    outer loop
      vertex   -3.269155e+01 4.549656e-01 1.929777e+00
      vertex   -3.371427e+01 4.549656e-01 1.929777e+00
      vertex   -3.269155e+01 4.772970e-01 1.886879e+00
    endloop
  endfacet
  facet normal 7.496444e-19 -8.870108e-01 -4.617486e-01
    outer loop
      vertex   -3.269155e+01 4.549656e-01 1.929777e+00
      vertex   -3.269155e+01 4.772970e-01 1.886879e+00
      vertex   -3.166882e+01 4.772970e-01 1.886879e+00
    endloop
  endfacet
  facet normal -0.000000e+00 -7.502393e-01 -6.611664e-01
    outer loop
      vertex   -3.166882e+01 4.772970e-01 1.886879e+00
      vertex   -3.269155e+01 4.772970e-01 1.886879e+00
      vertex   -3.166882e+01 5.092729e-01 1.850595e+00
    endloop
  endfacet
  facet normal -1.895518e-18 -7.502393e-01 -6.611664e-01
    outer loop
      vertex   -3.166882e+01 4.772970e-01 1.886879e+00
      vertex   -3.166882e+01 5.092729e-01 1.850595e+00
      vertex   -3.064609e+01 5.092729e-01 1.850595e+00
    endloop
  endfacet
  facet normal -0.000000e+00 -5.695983e-01 -8.219232e-01
    outer loop
      vertex   -3.064609e+01 5.092729e-01 1.850595e+00
      vertex   -3.166882e+01 5.092729e-01 1.850595e+00
      vertex   -3.064609e+01 5.490233e-01 1.823048e+00
    endloop
  endfacet
  facet normal -1.056567e-18 -5.695983e-01 -8.219232e-01
    outer loop
      vertex   -3.064609e+01 5.092729e-01 1.850595e+00
      vertex   -3.064609e+01 5.490233e-01 1.823048e+00
      vertex   -2.962336e+01 5.490233e-01 1.823048e+00
    endloop
  endfacet
  facet normal -0.000000e+00 -3.556508e-01 -9.346189e-01
    outer loop
      vertex   -2.962336e+01 5.490233e-01 1.823048e+00
      vertex   -3.064609e+01 5.490233e-01 1.823048e+00
      vertex   -2.962336e+01 5.942241e-01 1.805847e+00
    endloop
  endfacet
  facet normal 2.264000e-19 -3.556508e-01 -9.346189e-01
    outer loop
      vertex   -2.962336e+01 5.490233e-01 1.823048e+00
      vertex   -2.962336e+01 5.942241e-01 1.805847e+00
      vertex   -2.860064e+01 5.942241e-01 1.805847e+00
    endloop
  endfacet
  facet normal -0.000000e+00 -1.209069e-01 -9.926639e-01
    outer loop
      vertex   -2.860064e+01 5.942241e-01 1.805847e+00
      vertex   -2.962336e+01 5.942241e-01 1.805847e+00
      vertex   -3.371427e+01 6.422320e-01 1.800000e+00
    endloop
  endfacet
  facet normal 7.496444e-19 -8.870108e-01 -4.617486e-01
    outer loop
      vertex   -3.371427e+01 4.549656e-01 1.929777e+00
      vertex   -3.371427e+01 4.772970e-01 1.886879e+00
      vertex   -3.269155e+01 4.772970e-01 1.886879e+00
    endloop
  endfacet
  facet normal -0.000000e+00 -7.502393e-01 -6.611664e-01
    outer loop
      vertex   -3.269155e+01 4.772970e-01 1.886879e+00
      vertex   -3.371427e+01 4.772970e-01 1.886879e+00
      vertex   -3.269155e+01 5.092729e-01 1.850595e+00
    endloop
  endfacet
  facet normal -1.895518e-18 -7.502393e-01 -6.611664e-01
    outer loop
      vertex   -3.269155e+01 4.772970e-01 1.886879e+00
      vertex   -3.269155e+01 5.092729e-01 1.850595e+00
      vertex   -3.166882e+01 5.092729e-01 1.850595e+00
    endloop
  endfacet
  facet normal -0.000000e+00 -5.695983e-01 -8.219232e-01
    outer loop
      vertex   -3.166882e+01 5.092729e-01 1.850595e+00
      vertex   -3.269155e+01 5.092729e-01 1.850595e+00
      vertex   -3.166882e+01 5.490233e-01 1.823048e+00
    endloop
  endfacet
  facet normal -1.056567e-18 -5.695983e-01 -8.219232e-01
    outer loop
      vertex   -3.166882e+01 5.092729e-01 1.850595e+00
      vertex   -3.166882e+01 5.490233e-01 1.823048e+00
      vertex   -3.064609e+01 5.490233e-01 1.823048e+00
    endloop
  endfacet
  facet normal -0.000000e+00 -3.556508e-01 -9.346189e-01
    outer loop
      vertex   -3.064609e+01 5.490233e-01 1.823048e+00
      vertex   -3.166882e+01 5.490233e-01 1.823048e+00
      vertex   -3.064609e+01 5.942241e-01 1.805847e+00
    endloop
  endfacet
  facet normal 2.264000e-19 -3.556508e-01 -9.346189e-01
    outer loop
      vertex   -3.064609e+01 5.490233e-01 1.823048e+00
      vertex   -3.064609e+01 5.942241e-01 1.805847e+00
      vertex   -2.962336e+01 5.942241e-01 1.805847e+00
    endloop
  endfacet
  facet normal -0.000000e+00 -1.209069e-01 -9.926639e-01
    outer loop
      vertex   -2.962336e+01 5.942241e-01 1.805847e+00
      vertex   -3.064609e+01 5.942241e-01 1.805847e+00
      vertex   -3.371427e+01 6.422320e-01 1.800000e+00
    endloop
  endfacet
  facet normal -8.333785e-17 -7.502393e-01 -6.611664e-01
    outer loop
      vertex   -3.371427e+01 4.772970e-01 1.886879e+00
      vertex   -3.371427e+01 5.092729e-01 1.850595e+00
      vertex   -3.269155e+01 5.092729e-01 1.850595e+00
    endloop
  endfacet
  facet normal -6.183283e-17 -5.695983e-01 -8.219232e-01
    outer loop
      vertex   -3.269155e+01 5.092729e-01 1.850595e+00
      vertex   -3.371427e+01 5.092729e-01 1.850595e+00
      vertex   -3.269155e+01 5.490233e-01 1.823048e+00
    endloop
  endfacet
  facet normal -1.056567e-18 -5.695983e-01 -8.219232e-01
    outer loop
      vertex   -3.269155e+01 5.092729e-01 1.850595e+00
      vertex   -3.269155e+01 5.490233e-01 1.823048e+00
      vertex   -3.166882e+01 5.490233e-01 1.823048e+00
    endloop
  endfacet
  facet normal -0.000000e+00 -3.556508e-01 -9.346189e-01
    outer loop
      vertex   -3.166882e+01 5.490233e-01 1.823048e+00
      vertex   -3.269155e+01 5.490233e-01 1.823048e+00
      vertex   -3.166882e+01 5.942241e-01 1.805847e+00
    endloop
  endfacet
  facet normal 2.264000e-19 -3.556508e-01 -9.346189e-01
    outer loop
      vertex   -3.166882e+01 5.490233e-01 1.823048e+00
      vertex   -3.166882e+01 5.942241e-01 1.805847e+00
      vertex   -3.064609e+01 5.942241e-01 1.805847e+00
    endloop
  endfacet
  facet normal -0.000000e+00 -1.209069e-01 -9.926639e-01
    outer loop
      vertex   -3.064609e+01 5.942241e-01 1.805847e+00
      vertex   -3.166882e+01 5.942241e-01 1.805847e+00
      vertex   -3.371427e+01 6.422320e-01 1.800000e+00
    endloop
  endfacet
  facet normal -3.557026e-16 -5.695983e-01 -8.219232e-01
    outer loop
      vertex   -3.371427e+01 5.092729e-01 1.850595e+00
      vertex   -3.371427e+01 5.490233e-01 1.823048e+00
      vertex   -3.269155e+01 5.490233e-01 1.823048e+00
    endloop
  endfacet
  facet normal -4.058308e-16 -3.556508e-01 -9.346189e-01
    outer loop
      vertex   -3.269155e+01 5.490233e-01 1.823048e+00
      vertex   -3.371427e+01 5.490233e-01 1.823048e+00
      vertex   -3.269155e+01 5.942241e-01 1.805847e+00
    endloop
  endfacet
  facet normal 2.264000e-19 -3.556508e-01 -9.346189e-01
    outer loop
      vertex   -3.269155e+01 5.490233e-01 1.823048e+00
      vertex   -3.269155e+01 5.942241e-01 1.805847e+00
      vertex   -3.166882e+01 5.942241e-01 1.805847e+00
    endloop
  endfacet
  facet normal -0.000000e+00 -1.209069e-01 -9.926639e-01
    outer loop
      vertex   -3.166882e+01 5.942241e-01 1.805847e+00
      vertex   -3.269155e+01 5.942241e-01 1.805847e+00
      vertex   -3.371427e+01 6.422320e-01 1.800000e+00
    endloop
  endfacet
  facet normal -8.542065e-20 -3.556508e-01 -9.346189e-01
    outer loop
      vertex   -3.371427e+01 5.490233e-01 1.823048e+00
      vertex   -3.371427e+01 5.942241e-01 1.805847e+00
      vertex   -3.269155e+01 5.942241e-01 1.805847e+00
    endloop
  endfacet
  facet normal -0.000000e+00 -1.209069e-01 -9.926639e-01
    outer loop
      vertex   -3.269155e+01 5.942241e-01 1.805847e+00
      vertex   -3.371427e+01 5.942241e-01 1.805847e+00
      vertex   -3.371427e+01 6.422320e-01 1.800000e+00
    endloop
  endfacet
  facet normal 0.000000e+00 -1.209069e-01 -9.926639e-01
    outer loop
      vertex   -2.348700e+01 5.942241e-01 1.805847e+00
      vertex   -3.371427e+01 6.422320e-01 1.800000e+00
      vertex   -2.246427e+01 5.942241e-01 1.805847e+00
    endloop
  endfacet
  facet normal -1.717769e-20 -1.209069e-01 -9.926639e-01
    outer loop
      vertex   -2.246427e+01 5.942241e-01 1.805847e+00
      vertex   -3.371427e+01 6.422320e-01 1.800000e+00
      vertex   -1.121427e+01 6.422320e-01 1.800000e+00
    endloop
  endfacet
  facet normal 0.000000e+00 -1.209069e-01 -9.926639e-01
    outer loop
      vertex   -2.246427e+01 5.942241e-01 1.805847e+00
      vertex   -1.121427e+01 6.422320e-01 1.800000e+00
      vertex   -2.144155e+01 5.942241e-01 1.805847e+00
    endloop
  endfacet
  facet normal 0.000000e+00 -1.209069e-01 -9.926639e-01
    outer loop
      vertex   -2.144155e+01 5.942241e-01 1.805847e+00
      vertex   -1.121427e+01 6.422320e-01 1.800000e+00
      vertex   -2.041882e+01 5.942241e-01 1.805847e+00
    endloop
  endfacet
  facet normal 0.000000e+00 -3.556508e-01 -9.346189e-01
    outer loop
      vertex   -2.144155e+01 5.942241e-01 1.805847e+00
      vertex   -2.041882e+01 5.942241e-01 1.805847e+00
      vertex   -2.144155e+01 5.490233e-01 1.823048e+00
    endloop
  endfacet
  facet normal 0.000000e+00 -3.556508e-01 -9.346189e-01
    outer loop
      vertex   -2.144155e+01 5.490233e-01 1.823048e+00
      vertex   -2.041882e+01 5.942241e-01 1.805847e+00
      vertex   -2.041882e+01 5.490233e-01 1.823048e+00
    endloop
  endfacet
  facet normal 0.000000e+00 -5.695983e-01 -8.219232e-01
    outer loop
      vertex   -2.144155e+01 5.490233e-01 1.823048e+00
      vertex   -2.041882e+01 5.490233e-01 1.823048e+00
      vertex   -2.144155e+01 5.092729e-01 1.850595e+00
    endloop
  endfacet
  facet normal 0.000000e+00 -5.695983e-01 -8.219232e-01
    outer loop
      vertex   -2.144155e+01 5.092729e-01 1.850595e+00
      vertex   -2.041882e+01 5.490233e-01 1.823048e+00
      vertex   -2.041882e+01 5.092729e-01 1.850595e+00
    endloop
  endfacet
  facet normal 0.000000e+00 -7.502393e-01 -6.611664e-01
    outer loop
      vertex   -2.144155e+01 5.092729e-01 1.850595e+00
      vertex   -2.041882e+01 5.092729e-01 1.850595e+00
      vertex   -2.144155e+01 4.772970e-01 1.886879e+00
    endloop
  endfacet
  facet normal 0.000000e+00 -7.502393e-01 -6.611664e-01
    outer loop
      vertex   -2.144155e+01 4.772970e-01 1.886879e+00
      vertex   -2.041882e+01 5.092729e-01 1.850595e+00
      vertex   -2.041882e+01 4.772970e-01 1.886879e+00
    endloop
  endfacet
  facet normal 0.000000e+00 -8.870108e-01 -4.617486e-01
    outer loop
      vertex   -2.144155e+01 4.772970e-01 1.886879e+00
      vertex   -2.041882e+01 4.772970e-01 1.886879e+00
      vertex   -2.144155e+01 4.549656e-01 1.929777e+00
    endloop
  endfacet
  facet normal 0.000000e+00 -8.870108e-01 -4.617486e-01
    outer loop
      vertex   -2.144155e+01 4.549656e-01 1.929777e+00
      vertex   -2.041882e+01 4.772970e-01 1.886879e+00
      vertex   -2.041882e+01 4.549656e-01 1.929777e+00
    endloop
  endfacet
  facet normal 0.000000e+00 -9.719154e-01 -2.353306e-01
    outer loop
      vertex   -2.144155e+01 4.549656e-01 1.929777e+00
      vertex   -2.041882e+01 4.549656e-01 1.929777e+00
      vertex   -2.144155e+01 4.435844e-01 1.976781e+00
    endloop
  endfacet
  facet normal 0.000000e+00 -9.719154e-01 -2.353306e-01
    outer loop
      vertex   -2.144155e+01 4.435844e-01 1.976781e+00
      vertex   -2.041882e+01 4.549656e-01 1.929777e+00
      vertex   -2.041882e+01 4.435844e-01 1.976781e+00
    endloop
  endfacet
  facet normal 0.000000e+00 -9.999882e-01 4.848118e-03
    outer loop
      vertex   -2.144155e+01 4.435844e-01 1.976781e+00
      vertex   -2.041882e+01 4.435844e-01 1.976781e+00
      vertex   -2.144155e+01 4.438188e-01 2.025144e+00
    endloop
  endfacet
  facet normal 0.000000e+00 -9.999882e-01 4.848118e-03
    outer loop
      vertex   -2.144155e+01 4.438188e-01 2.025144e+00
      vertex   -2.041882e+01 4.435844e-01 1.976781e+00
      vertex   -2.041882e+01 4.438188e-01 2.025144e+00
    endloop
  endfacet
  facet normal 0.000000e+00 -9.695879e-01 2.447433e-01
    outer loop
      vertex   -2.144155e+01 4.438188e-01 2.025144e+00
      vertex   -2.041882e+01 4.438188e-01 2.025144e+00
      vertex   -2.144155e+01 4.556553e-01 2.072036e+00
    endloop
  endfacet
  facet normal 0.000000e+00 -3.556508e-01 -9.346189e-01
    outer loop
      vertex   -1.325973e+01 5.942241e-01 1.805847e+00
      vertex   -1.223700e+01 5.942241e-01 1.805847e+00
      vertex   -1.325973e+01 5.490233e-01 1.823048e+00
    endloop
  endfacet
  facet normal 0.000000e+00 -3.556508e-01 -9.346189e-01
    outer loop
      vertex   -1.325973e+01 5.490233e-01 1.823048e+00
      vertex   -1.223700e+01 5.942241e-01 1.805847e+00
      vertex   -1.223700e+01 5.490233e-01 1.823048e+00
    endloop
  endfacet
  facet normal 0.000000e+00 -5.695983e-01 -8.219232e-01
    outer loop
      vertex   -1.325973e+01 5.490233e-01 1.823048e+00
      vertex   -1.223700e+01 5.490233e-01 1.823048e+00
      vertex   -1.325973e+01 5.092729e-01 1.850595e+00
    endloop
  endfacet
  facet normal 0.000000e+00 -5.695983e-01 -8.219232e-01
    outer loop
      vertex   -1.325973e+01 5.092729e-01 1.850595e+00
      vertex   -1.223700e+01 5.490233e-01 1.823048e+00
      vertex   -1.223700e+01 5.092729e-01 1.850595e+00
    endloop
  endfacet
  facet normal 0.000000e+00 -7.502393e-01 -6.611664e-01
    outer loop
      vertex   -1.325973e+01 5.092729e-01 1.850595e+00
      vertex   -1.223700e+01 5.092729e-01 1.850595e+00
      vertex   -1.325973e+01 4.772970e-01 1.886879e+00
    endloop
  endfacet
  facet normal 0.000000e+00 -7.502393e-01 -6.611664e-01
    outer loop
      vertex   -1.325973e+01 4.772970e-01 1.886879e+00
      vertex   -1.223700e+01 5.092729e-01 1.850595e+00
      vertex   -1.223700e+01 4.772970e-01 1.886879e+00
    endloop
  endfacet
  facet normal 0.000000e+00 -8.870108e-01 -4.617486e-01
    outer loop
      vertex   -1.325973e+01 4.772970e-01 1.886879e+00
      vertex   -1.223700e+01 4.772970e-01 1.886879e+00
      vertex   -1.325973e+01 4.549656e-01 1.929777e+00
    endloop
  endfacet
  facet normal 0.000000e+00 -8.870108e-01 -4.617486e-01
    outer loop
      vertex   -1.325973e+01 4.549656e-01 1.929777e+00
      vertex   -1.223700e+01 4.772970e-01 1.886879e+00
      vertex   -1.223700e+01 4.549656e-01 1.929777e+00
    endloop
  endfacet
  facet normal 0.000000e+00 -9.719154e-01 -2.353306e-01
    outer loop
      vertex   -1.325973e+01 4.549656e-01 1.929777e+00
      vertex   -1.223700e+01 4.549656e-01 1.929777e+00
      vertex   -1.325973e+01 4.435844e-01 1.976781e+00
    endloop
  endfacet
  facet normal 0.000000e+00 -9.719154e-01 -2.353306e-01
    outer loop
      vertex   -1.325973e+01 4.435844e-01 1.976781e+00
      vertex   -1.223700e+01 4.549656e-01 1.929777e+00
      vertex   -1.223700e+01 4.435844e-01 1.976781e+00
    endloop
  endfacet
  facet normal 0.000000e+00 -9.999882e-01 4.848118e-03
    outer loop
      vertex   -1.325973e+01 4.435844e-01 1.976781e+00
      vertex   -1.223700e+01 4.435844e-01 1.976781e+00
      vertex   -1.325973e+01 4.438188e-01 2.025144e+00
    endloop
  endfacet
  facet normal 0.000000e+00 -9.999882e-01 4.848118e-03
    outer loop
      vertex   -1.325973e+01 4.438188e-01 2.025144e+00
      vertex   -1.223700e+01 4.435844e-01 1.976781e+00
      vertex   -1.223700e+01 4.438188e-01 2.025144e+00
    endloop
  endfacet
  facet normal 0.000000e+00 -9.695879e-01 2.447433e-01
    outer loop
      vertex   -1.325973e+01 4.438188e-01 2.025144e+00
      vertex   -1.223700e+01 4.438188e-01 2.025144e+00
      vertex   -1.325973e+01 4.556553e-01 2.072036e+00
    endloop
  endfacet
  facet normal 0.000000e+00 -9.695879e-01 2.447433e-01
    outer loop
      vertex   -1.325973e+01 4.556553e-01 2.072036e+00
      vertex   -1.223700e+01 4.438188e-01 2.025144e+00
      vertex   -1.223700e+01 4.556553e-01 2.072036e+00
    endloop
  endfacet
  facet normal 0.000000e+00 -8.824920e-01 4.703275e-01
    outer loop
      vertex   -1.325973e+01 4.556553e-01 2.072036e+00
      vertex   -1.223700e+01 4.556553e-01 2.072036e+00
      vertex   -1.121427e+01 4.784016e-01 2.114715e+00
    endloop
  endfacet
  facet normal -0.000000e+00 -1.209069e-01 -9.926639e-01
    outer loop
      vertex   -1.428245e+01 5.942241e-01 1.805847e+00
      vertex   -1.530518e+01 5.942241e-01 1.805847e+00
      vertex   -1.121427e+01 6.422320e-01 1.800000e+00
    endloop
  endfacet
  facet normal -3.779092e-19 -1.209069e-01 -9.926639e-01
    outer loop
      vertex   -1.121427e+01 6.422320e-01 1.800000e+00
      vertex   -1.530518e+01 5.942241e-01 1.805847e+00
      vertex   -1.632791e+01 5.942241e-01 1.805847e+00
    endloop
  endfacet
  facet normal -3.779092e-19 -1.209069e-01 -9.926639e-01
    outer loop
      vertex   -1.121427e+01 6.422320e-01 1.800000e+00
      vertex   -1.632791e+01 5.942241e-01 1.805847e+00
      vertex   -1.735064e+01 5.942241e-01 1.805847e+00
    endloop
  endfacet
  facet normal 0.000000e+00 -3.556508e-01 -9.346189e-01
    outer loop
      vertex   -1.735064e+01 5.942241e-01 1.805847e+00
      vertex   -1.632791e+01 5.942241e-01 1.805847e+00
      vertex   -1.735064e+01 5.490233e-01 1.823048e+00
    endloop
  endfacet
  facet normal 2.264000e-19 -3.556508e-01 -9.346189e-01
    outer loop
      vertex   -1.735064e+01 5.942241e-01 1.805847e+00
      vertex   -1.735064e+01 5.490233e-01 1.823048e+00
      vertex   -1.837336e+01 5.490233e-01 1.823048e+00
    endloop
  endfacet
  facet normal 0.000000e+00 -5.695983e-01 -8.219232e-01
    outer loop
      vertex   -1.837336e+01 5.490233e-01 1.823048e+00
      vertex   -1.735064e+01 5.490233e-01 1.823048e+00
      vertex   -1.837336e+01 5.092729e-01 1.850595e+00
    endloop
  endfacet
  facet normal -1.056567e-18 -5.695983e-01 -8.219232e-01
    outer loop
      vertex   -1.837336e+01 5.490233e-01 1.823048e+00
      vertex   -1.837336e+01 5.092729e-01 1.850595e+00
      vertex   -1.939609e+01 5.092729e-01 1.850595e+00
    endloop
  endfacet
  facet normal 0.000000e+00 -7.502393e-01 -6.611664e-01
    outer loop
      vertex   -1.939609e+01 5.092729e-01 1.850595e+00
      vertex   -1.837336e+01 5.092729e-01 1.850595e+00
      vertex   -1.939609e+01 4.772970e-01 1.886879e+00
    endloop
  endfacet
  facet normal -1.895518e-18 -7.502393e-01 -6.611664e-01
    outer loop
      vertex   -1.939609e+01 5.092729e-01 1.850595e+00
      vertex   -1.939609e+01 4.772970e-01 1.886879e+00
      vertex   -2.041882e+01 4.772970e-01 1.886879e+00
    endloop
  endfacet
  facet normal 0.000000e+00 -8.870108e-01 -4.617486e-01
    outer loop
      vertex   -2.041882e+01 4.772970e-01 1.886879e+00
      vertex   -1.939609e+01 4.772970e-01 1.886879e+00
      vertex   -2.041882e+01 4.549656e-01 1.929777e+00
    endloop
  endfacet
  facet normal -0.000000e+00 -3.556508e-01 -9.346189e-01
    outer loop
      vertex   -1.428245e+01 5.942241e-01 1.805847e+00
      vertex   -1.530518e+01 5.490233e-01 1.823048e+00
      vertex   -1.530518e+01 5.942241e-01 1.805847e+00
    endloop
  endfacet
  facet normal 2.264000e-19 -3.556508e-01 -9.346189e-01
    outer loop
      vertex   -1.530518e+01 5.942241e-01 1.805847e+00
      vertex   -1.530518e+01 5.490233e-01 1.823048e+00
      vertex   -1.632791e+01 5.490233e-01 1.823048e+00
    endloop
  endfacet
  facet normal -0.000000e+00 -3.556508e-01 -9.346189e-01
    outer loop
      vertex   -1.530518e+01 5.942241e-01 1.805847e+00
      vertex   -1.632791e+01 5.490233e-01 1.823048e+00
      vertex   -1.632791e+01 5.942241e-01 1.805847e+00
    endloop
  endfacet
  facet normal 2.264000e-19 -3.556508e-01 -9.346189e-01
    outer loop
      vertex   -1.632791e+01 5.942241e-01 1.805847e+00
      vertex   -1.632791e+01 5.490233e-01 1.823048e+00
      vertex   -1.735064e+01 5.490233e-01 1.823048e+00
    endloop
  endfacet
  facet normal -0.000000e+00 -1.209069e-01 -9.926639e-01
    outer loop
      vertex   -1.735064e+01 5.942241e-01 1.805847e+00
      vertex   -1.837336e+01 5.942241e-01 1.805847e+00
      vertex   -1.121427e+01 6.422320e-01 1.800000e+00
    endloop
  endfacet
  facet normal -3.779092e-19 -1.209069e-01 -9.926639e-01
    outer loop
      vertex   -1.121427e+01 6.422320e-01 1.800000e+00
      vertex   -1.837336e+01 5.942241e-01 1.805847e+00
      vertex   -1.939609e+01 5.942241e-01 1.805847e+00
    endloop
  endfacet
  facet normal -3.779092e-19 -1.209069e-01 -9.926639e-01
    outer loop
      vertex   -1.121427e+01 6.422320e-01 1.800000e+00
      vertex   -1.939609e+01 5.942241e-01 1.805847e+00
      vertex   -2.041882e+01 5.942241e-01 1.805847e+00
    endloop
  endfacet
  facet normal 0.000000e+00 -3.556508e-01 -9.346189e-01
    outer loop
      vertex   -2.041882e+01 5.942241e-01 1.805847e+00
      vertex   -1.939609e+01 5.942241e-01 1.805847e+00
      vertex   -2.041882e+01 5.490233e-01 1.823048e+00
    endloop
  endfacet
  facet normal -0.000000e+00 -3.556508e-01 -9.346189e-01
    outer loop
      vertex   -1.735064e+01 5.942241e-01 1.805847e+00
      vertex   -1.837336e+01 5.490233e-01 1.823048e+00
      vertex   -1.837336e+01 5.942241e-01 1.805847e+00
    endloop
  endfacet
  facet normal 2.264000e-19 -3.556508e-01 -9.346189e-01
    outer loop
      vertex   -1.837336e+01 5.942241e-01 1.805847e+00
      vertex   -1.837336e+01 5.490233e-01 1.823048e+00
      vertex   -1.939609e+01 5.490233e-01 1.823048e+00
    endloop
  endfacet
  facet normal -0.000000e+00 -3.556508e-01 -9.346189e-01
    outer loop
      vertex   -1.837336e+01 5.942241e-01 1.805847e+00
      vertex   -1.939609e+01 5.490233e-01 1.823048e+00
      vertex   -1.939609e+01 5.942241e-01 1.805847e+00
    endloop
  endfacet
  facet normal 2.264000e-19 -3.556508e-01 -9.346189e-01
    outer loop
      vertex   -1.939609e+01 5.942241e-01 1.805847e+00
      vertex   -1.939609e+01 5.490233e-01 1.823048e+00
      vertex   -2.041882e+01 5.490233e-01 1.823048e+00
    endloop
  endfacet
  facet normal 2.264000e-19 -3.556508e-01 -9.346189e-01
    outer loop
      vertex   -2.348700e+01 5.490233e-01 1.823048e+00
      vertex   -2.348700e+01 5.942241e-01 1.805847e+00
      vertex   -2.246427e+01 5.942241e-01 1.805847e+00
    endloop
  endfacet
  facet normal 0.000000e+00 -3.556508e-01 -9.346189e-01
    outer loop
      vertex   -2.246427e+01 5.942241e-01 1.805847e+00
      vertex   -2.144155e+01 5.942241e-01 1.805847e+00
      vertex   -2.246427e+01 5.490233e-01 1.823048e+00
    endloop
  endfacet
  facet normal 0.000000e+00 -3.556508e-01 -9.346189e-01
    outer loop
      vertex   -2.246427e+01 5.490233e-01 1.823048e+00
      vertex   -2.144155e+01 5.942241e-01 1.805847e+00
      vertex   -2.144155e+01 5.490233e-01 1.823048e+00
    endloop
  endfacet
  facet normal 0.000000e+00 -5.695983e-01 -8.219232e-01
    outer loop
      vertex   -2.246427e+01 5.490233e-01 1.823048e+00
      vertex   -2.144155e+01 5.490233e-01 1.823048e+00
      vertex   -2.246427e+01 5.092729e-01 1.850595e+00
    endloop
  endfacet
  facet normal 0.000000e+00 -5.695983e-01 -8.219232e-01
    outer loop
      vertex   -2.246427e+01 5.092729e-01 1.850595e+00
      vertex   -2.144155e+01 5.490233e-01 1.823048e+00
      vertex   -2.144155e+01 5.092729e-01 1.850595e+00
    endloop
  endfacet
  facet normal 0.000000e+00 -7.502393e-01 -6.611664e-01
    outer loop
      vertex   -2.246427e+01 5.092729e-01 1.850595e+00
      vertex   -2.144155e+01 5.092729e-01 1.850595e+00
      vertex   -2.246427e+01 4.772970e-01 1.886879e+00
    endloop
  endfacet
  facet normal 0.000000e+00 -7.502393e-01 -6.611664e-01
    outer loop
      vertex   -2.246427e+01 4.772970e-01 1.886879e+00
      vertex   -2.144155e+01 5.092729e-01 1.850595e+00
      vertex   -2.144155e+01 4.772970e-01 1.886879e+00
    endloop
  endfacet
  facet normal 0.000000e+00 -8.870108e-01 -4.617486e-01
    outer loop
      vertex   -2.246427e+01 4.772970e-01 1.886879e+00
      vertex   -2.144155e+01 4.772970e-01 1.886879e+00
      vertex   -2.246427e+01 4.549656e-01 1.929777e+00
    endloop
  endfacet
  facet normal 0.000000e+00 -8.870108e-01 -4.617486e-01
    outer loop
      vertex   -2.246427e+01 4.549656e-01 1.929777e+00
      vertex   -2.144155e+01 4.772970e-01 1.886879e+00
      vertex   -2.144155e+01 4.549656e-01 1.929777e+00
    endloop
  endfacet
  facet normal 0.000000e+00 -9.719154e-01 -2.353306e-01
    outer loop
      vertex   -2.246427e+01 4.549656e-01 1.929777e+00
      vertex   -2.144155e+01 4.549656e-01 1.929777e+00
      vertex   -2.246427e+01 4.435844e-01 1.976781e+00
    endloop
  endfacet
  facet normal 0.000000e+00 -9.719154e-01 -2.353306e-01
    outer loop
      vertex   -2.246427e+01 4.435844e-01 1.976781e+00
      vertex   -2.144155e+01 4.549656e-01 1.929777e+00
      vertex   -2.144155e+01 4.435844e-01 1.976781e+00
    endloop
  endfacet
  facet normal 0.000000e+00 -9.999882e-01 4.848118e-03
    outer loop
      vertex   -2.246427e+01 4.435844e-01 1.976781e+00
      vertex   -2.144155e+01 4.435844e-01 1.976781e+00
      vertex   -2.246427e+01 4.438188e-01 2.025144e+00
    endloop
  endfacet
  facet normal 0.000000e+00 -9.999882e-01 4.848118e-03
    outer loop
      vertex   -2.246427e+01 4.438188e-01 2.025144e+00
      vertex   -2.144155e+01 4.435844e-01 1.976781e+00
      vertex   -2.144155e+01 4.438188e-01 2.025144e+00
    endloop
  endfacet
  facet normal 0.000000e+00 -9.695879e-01 2.447433e-01
    outer loop
      vertex   -2.246427e+01 4.438188e-01 2.025144e+00
      vertex   -2.144155e+01 4.438188e-01 2.025144e+00
      vertex   -2.246427e+01 4.556553e-01 2.072036e+00
    endloop
  endfacet
  facet normal 0.000000e+00 -9.695879e-01 2.447433e-01
    outer loop
      vertex   -2.246427e+01 4.556553e-01 2.072036e+00
      vertex   -2.144155e+01 4.438188e-01 2.025144e+00
      vertex   -2.144155e+01 4.556553e-01 2.072036e+00
    endloop
  endfacet
  facet normal 0.000000e+00 -3.556508e-01 -9.346189e-01
    outer loop
      vertex   -2.655518e+01 5.490233e-01 1.823048e+00
      vertex   -2.553245e+01 5.942241e-01 1.805847e+00
      vertex   -2.553245e+01 5.490233e-01 1.823048e+00
    endloop
  endfacet
  facet normal 2.264000e-19 -3.556508e-01 -9.346189e-01
    outer loop
      vertex   -2.553245e+01 5.490233e-01 1.823048e+00
      vertex   -2.553245e+01 5.942241e-01 1.805847e+00
      vertex   -2.450973e+01 5.942241e-01 1.805847e+00
    endloop
  endfacet
  facet normal 2.264000e-19 -3.556508e-01 -9.346189e-01
    outer loop
      vertex   -1.325973e+01 5.942241e-01 1.805847e+00
      vertex   -1.325973e+01 5.490233e-01 1.823048e+00
      vertex   -1.428245e+01 5.490233e-01 1.823048e+00
    endloop
  endfacet
  facet normal 0.000000e+00 -5.695983e-01 -8.219232e-01
    outer loop
      vertex   -1.428245e+01 5.490233e-01 1.823048e+00
      vertex   -1.325973e+01 5.490233e-01 1.823048e+00
      vertex   -1.428245e+01 5.092729e-01 1.850595e+00
    endloop
  endfacet
  facet normal -1.056567e-18 -5.695983e-01 -8.219232e-01
    outer loop
      vertex   -1.428245e+01 5.490233e-01 1.823048e+00
      vertex   -1.428245e+01 5.092729e-01 1.850595e+00
      vertex   -1.530518e+01 5.092729e-01 1.850595e+00
    endloop
  endfacet
  facet normal 0.000000e+00 -7.502393e-01 -6.611664e-01
    outer loop
      vertex   -1.530518e+01 5.092729e-01 1.850595e+00
      vertex   -1.428245e+01 5.092729e-01 1.850595e+00
      vertex   -1.530518e+01 4.772970e-01 1.886879e+00
    endloop
  endfacet
  facet normal -1.895518e-18 -7.502393e-01 -6.611664e-01
    outer loop
      vertex   -1.530518e+01 5.092729e-01 1.850595e+00
      vertex   -1.530518e+01 4.772970e-01 1.886879e+00
      vertex   -1.632791e+01 4.772970e-01 1.886879e+00
    endloop
  endfacet
  facet normal 0.000000e+00 -8.870108e-01 -4.617486e-01
    outer loop
      vertex   -1.632791e+01 4.772970e-01 1.886879e+00
      vertex   -1.530518e+01 4.772970e-01 1.886879e+00
      vertex   -1.632791e+01 4.549656e-01 1.929777e+00
    endloop
  endfacet
  facet normal 7.496444e-19 -8.870108e-01 -4.617486e-01
    outer loop
      vertex   -1.632791e+01 4.772970e-01 1.886879e+00
      vertex   -1.632791e+01 4.549656e-01 1.929777e+00
      vertex   -1.735064e+01 4.549656e-01 1.929777e+00
    endloop
  endfacet
  facet normal 0.000000e+00 -9.719154e-01 -2.353306e-01
    outer loop
      vertex   -1.735064e+01 4.549656e-01 1.929777e+00
      vertex   -1.632791e+01 4.549656e-01 1.929777e+00
      vertex   -1.735064e+01 4.435844e-01 1.976781e+00
    endloop
  endfacet
  facet normal -4.480365e-19 -9.719154e-01 -2.353306e-01
    outer loop
      vertex   -1.735064e+01 4.549656e-01 1.929777e+00
      vertex   -1.735064e+01 4.435844e-01 1.976781e+00
      vertex   -1.837336e+01 4.435844e-01 1.976781e+00
    endloop
  endfacet
  facet normal 0.000000e+00 -9.999882e-01 4.848118e-03
    outer loop
      vertex   -1.837336e+01 4.435844e-01 1.976781e+00
      vertex   -1.735064e+01 4.435844e-01 1.976781e+00
      vertex   -1.837336e+01 4.438188e-01 2.025144e+00
    endloop
  endfacet
  facet normal 1.503267e-21 -9.999882e-01 4.848118e-03
    outer loop
      vertex   -1.837336e+01 4.435844e-01 1.976781e+00
      vertex   -1.837336e+01 4.438188e-01 2.025144e+00
      vertex   -1.939609e+01 4.438188e-01 2.025144e+00
    endloop
  endfacet
  facet normal 0.000000e+00 -9.695879e-01 2.447433e-01
    outer loop
      vertex   -1.939609e+01 4.438188e-01 2.025144e+00
      vertex   -1.837336e+01 4.438188e-01 2.025144e+00
      vertex   -1.939609e+01 4.556553e-01 2.072036e+00
    endloop
  endfacet
  facet normal -8.245073e-19 -9.695879e-01 2.447433e-01
    outer loop
      vertex   -1.939609e+01 4.438188e-01 2.025144e+00
      vertex   -1.939609e+01 4.556553e-01 2.072036e+00
      vertex   -2.041882e+01 4.556553e-01 2.072036e+00
    endloop
  endfacet
  facet normal 0.000000e+00 -8.824920e-01 4.703275e-01
    outer loop
      vertex   -2.041882e+01 4.556553e-01 2.072036e+00
      vertex   -1.939609e+01 4.556553e-01 2.072036e+00
      vertex   -1.121427e+01 4.784016e-01 2.114715e+00
    endloop
  endfacet
  facet normal 0.000000e+00 -5.695983e-01 -8.219232e-01
    outer loop
      vertex   -1.428245e+01 5.092729e-01 1.850595e+00
      vertex   -1.325973e+01 5.490233e-01 1.823048e+00
      vertex   -1.325973e+01 5.092729e-01 1.850595e+00
    endloop
  endfacet
  facet normal -0.000000e+00 -5.695983e-01 -8.219232e-01
    outer loop
      vertex   -1.530518e+01 5.490233e-01 1.823048e+00
      vertex   -1.632791e+01 5.092729e-01 1.850595e+00
      vertex   -1.632791e+01 5.490233e-01 1.823048e+00
    endloop
  endfacet
  facet normal -1.056567e-18 -5.695983e-01 -8.219232e-01
    outer loop
      vertex   -1.632791e+01 5.490233e-01 1.823048e+00
      vertex   -1.632791e+01 5.092729e-01 1.850595e+00
      vertex   -1.735064e+01 5.092729e-01 1.850595e+00
    endloop
  endfacet
  facet normal -0.000000e+00 -5.695983e-01 -8.219232e-01
    outer loop
      vertex   -1.632791e+01 5.490233e-01 1.823048e+00
      vertex   -1.735064e+01 5.092729e-01 1.850595e+00
      vertex   -1.735064e+01 5.490233e-01 1.823048e+00
    endloop
  endfacet
  facet normal -1.056567e-18 -5.695983e-01 -8.219232e-01
    outer loop
      vertex   -1.735064e+01 5.490233e-01 1.823048e+00
      vertex   -1.735064e+01 5.092729e-01 1.850595e+00
      vertex   -1.837336e+01 5.092729e-01 1.850595e+00
    endloop
  endfacet
  facet normal -1.056567e-18 -5.695983e-01 -8.219232e-01
    outer loop
      vertex   -2.041882e+01 5.092729e-01 1.850595e+00
      vertex   -2.041882e+01 5.490233e-01 1.823048e+00
      vertex   -1.939609e+01 5.490233e-01 1.823048e+00
    endloop
  endfacet
  facet normal 0.000000e+00 -5.695983e-01 -8.219232e-01
    outer loop
      vertex   -2.041882e+01 5.092729e-01 1.850595e+00
      vertex   -1.939609e+01 5.490233e-01 1.823048e+00
      vertex   -1.939609e+01 5.092729e-01 1.850595e+00
    endloop
  endfacet
  facet normal -1.056567e-18 -5.695983e-01 -8.219232e-01
    outer loop
      vertex   -1.939609e+01 5.092729e-01 1.850595e+00
      vertex   -1.939609e+01 5.490233e-01 1.823048e+00
      vertex   -1.837336e+01 5.490233e-01 1.823048e+00
    endloop
  endfacet
  facet normal -1.056567e-18 -5.695983e-01 -8.219232e-01
    outer loop
      vertex   -2.348700e+01 5.092729e-01 1.850595e+00
      vertex   -2.348700e+01 5.490233e-01 1.823048e+00
      vertex   -2.246427e+01 5.490233e-01 1.823048e+00
    endloop
  endfacet
  facet normal -0.000000e+00 -3.556508e-01 -9.346189e-01
    outer loop
      vertex   -2.246427e+01 5.490233e-01 1.823048e+00
      vertex   -2.348700e+01 5.490233e-01 1.823048e+00
      vertex   -2.246427e+01 5.942241e-01 1.805847e+00
    endloop
  endfacet
  facet normal 0.000000e+00 -5.695983e-01 -8.219232e-01
    outer loop
      vertex   -2.348700e+01 5.092729e-01 1.850595e+00
      vertex   -2.246427e+01 5.490233e-01 1.823048e+00
      vertex   -2.246427e+01 5.092729e-01 1.850595e+00
    endloop
  endfacet
  facet normal 0.000000e+00 -5.695983e-01 -8.219232e-01
    outer loop
      vertex   -2.553245e+01 5.092729e-01 1.850595e+00
      vertex   -2.450973e+01 5.490233e-01 1.823048e+00
      vertex   -2.450973e+01 5.092729e-01 1.850595e+00
    endloop
  endfacet
  facet normal 0.000000e+00 -5.695983e-01 -8.219232e-01
    outer loop
      vertex   -2.757791e+01 5.092729e-01 1.850595e+00
      vertex   -2.655518e+01 5.490233e-01 1.823048e+00
      vertex   -2.655518e+01 5.092729e-01 1.850595e+00
    endloop
  endfacet
  facet normal -1.056567e-18 -5.695983e-01 -8.219232e-01
    outer loop
      vertex   -2.655518e+01 5.092729e-01 1.850595e+00
      vertex   -2.655518e+01 5.490233e-01 1.823048e+00
      vertex   -2.553245e+01 5.490233e-01 1.823048e+00
    endloop
  endfacet
  facet normal 0.000000e+00 -7.502393e-01 -6.611664e-01
    outer loop
      vertex   -1.428245e+01 5.092729e-01 1.850595e+00
      vertex   -1.325973e+01 5.092729e-01 1.850595e+00
      vertex   -1.428245e+01 4.772970e-01 1.886879e+00
    endloop
  endfacet
  facet normal 0.000000e+00 -7.502393e-01 -6.611664e-01
    outer loop
      vertex   -1.428245e+01 4.772970e-01 1.886879e+00
      vertex   -1.325973e+01 5.092729e-01 1.850595e+00
      vertex   -1.325973e+01 4.772970e-01 1.886879e+00
    endloop
  endfacet
  facet normal 0.000000e+00 -8.870108e-01 -4.617486e-01
    outer loop
      vertex   -1.428245e+01 4.772970e-01 1.886879e+00
      vertex   -1.325973e+01 4.772970e-01 1.886879e+00
      vertex   -1.428245e+01 4.549656e-01 1.929777e+00
    endloop
  endfacet
  facet normal 0.000000e+00 -8.870108e-01 -4.617486e-01
    outer loop
      vertex   -1.428245e+01 4.549656e-01 1.929777e+00
      vertex   -1.325973e+01 4.772970e-01 1.886879e+00
      vertex   -1.325973e+01 4.549656e-01 1.929777e+00
    endloop
  endfacet
  facet normal 0.000000e+00 -9.719154e-01 -2.353306e-01
    outer loop
      vertex   -1.428245e+01 4.549656e-01 1.929777e+00
      vertex   -1.325973e+01 4.549656e-01 1.929777e+00
      vertex   -1.428245e+01 4.435844e-01 1.976781e+00
    endloop
  endfacet
  facet normal 0.000000e+00 -9.719154e-01 -2.353306e-01
    outer loop
      vertex   -1.428245e+01 4.435844e-01 1.976781e+00
      vertex   -1.325973e+01 4.549656e-01 1.929777e+00
      vertex   -1.325973e+01 4.435844e-01 1.976781e+00
    endloop
  endfacet
  facet normal 0.000000e+00 -9.999882e-01 4.848118e-03
    outer loop
      vertex   -1.428245e+01 4.435844e-01 1.976781e+00
      vertex   -1.325973e+01 4.435844e-01 1.976781e+00
      vertex   -1.428245e+01 4.438188e-01 2.025144e+00
    endloop
  endfacet
  facet normal 0.000000e+00 -9.999882e-01 4.848118e-03
    outer loop
      vertex   -1.428245e+01 4.438188e-01 2.025144e+00
      vertex   -1.325973e+01 4.435844e-01 1.976781e+00
      vertex   -1.325973e+01 4.438188e-01 2.025144e+00
    endloop
  endfacet
  facet normal 0.000000e+00 -9.695879e-01 2.447433e-01
    outer loop
      vertex   -1.428245e+01 4.438188e-01 2.025144e+00
      vertex   -1.325973e+01 4.438188e-01 2.025144e+00
      vertex   -1.428245e+01 4.556553e-01 2.072036e+00
    endloop
  endfacet
  facet normal 0.000000e+00 -9.695879e-01 2.447433e-01
    outer loop
      vertex   -1.428245e+01 4.556553e-01 2.072036e+00
      vertex   -1.325973e+01 4.438188e-01 2.025144e+00
      vertex   -1.325973e+01 4.556553e-01 2.072036e+00
    endloop
  endfacet
  facet normal 0.000000e+00 -8.824920e-01 4.703275e-01
    outer loop
      vertex   -1.428245e+01 4.556553e-01 2.072036e+00
      vertex   -1.325973e+01 4.556553e-01 2.072036e+00
      vertex   -1.121427e+01 4.784016e-01 2.114715e+00
    endloop
  endfacet
  facet normal -0.000000e+00 -7.502393e-01 -6.611664e-01
    outer loop
      vertex   -1.632791e+01 5.092729e-01 1.850595e+00
      vertex   -1.735064e+01 4.772970e-01 1.886879e+00
      vertex   -1.735064e+01 5.092729e-01 1.850595e+00
    endloop
  endfacet
  facet normal -1.895518e-18 -7.502393e-01 -6.611664e-01
    outer loop
      vertex   -1.735064e+01 5.092729e-01 1.850595e+00
      vertex   -1.735064e+01 4.772970e-01 1.886879e+00
      vertex   -1.837336e+01 4.772970e-01 1.886879e+00
    endloop
  endfacet
  facet normal -0.000000e+00 -7.502393e-01 -6.611664e-01
    outer loop
      vertex   -1.735064e+01 5.092729e-01 1.850595e+00
      vertex   -1.837336e+01 4.772970e-01 1.886879e+00
      vertex   -1.837336e+01 5.092729e-01 1.850595e+00
    endloop
  endfacet
  facet normal -1.895518e-18 -7.502393e-01 -6.611664e-01
    outer loop
      vertex   -1.837336e+01 5.092729e-01 1.850595e+00
      vertex   -1.837336e+01 4.772970e-01 1.886879e+00
      vertex   -1.939609e+01 4.772970e-01 1.886879e+00
    endloop
  endfacet
  facet normal -1.895518e-18 -7.502393e-01 -6.611664e-01
    outer loop
      vertex   -2.041882e+01 4.772970e-01 1.886879e+00
      vertex   -2.041882e+01 5.092729e-01 1.850595e+00
      vertex   -1.939609e+01 5.092729e-01 1.850595e+00
    endloop
  endfacet
  facet normal -1.895518e-18 -7.502393e-01 -6.611664e-01
    outer loop
      vertex   -2.348700e+01 4.772970e-01 1.886879e+00
      vertex   -2.348700e+01 5.092729e-01 1.850595e+00
      vertex   -2.246427e+01 5.092729e-01 1.850595e+00
    endloop
  endfacet
  facet normal 0.000000e+00 -7.502393e-01 -6.611664e-01
    outer loop
      vertex   -2.348700e+01 4.772970e-01 1.886879e+00
      vertex   -2.246427e+01 5.092729e-01 1.850595e+00
      vertex   -2.246427e+01 4.772970e-01 1.886879e+00
    endloop
  endfacet
  facet normal 0.000000e+00 -7.502393e-01 -6.611664e-01
    outer loop
      vertex   -2.553245e+01 5.092729e-01 1.850595e+00
      vertex   -2.450973e+01 5.092729e-01 1.850595e+00
      vertex   -2.553245e+01 4.772970e-01 1.886879e+00
    endloop
  endfacet
  facet normal 0.000000e+00 -7.502393e-01 -6.611664e-01
    outer loop
      vertex   -2.553245e+01 4.772970e-01 1.886879e+00
      vertex   -2.450973e+01 5.092729e-01 1.850595e+00
      vertex   -2.450973e+01 4.772970e-01 1.886879e+00
    endloop
  endfacet
  facet normal 0.000000e+00 -8.870108e-01 -4.617486e-01
    outer loop
      vertex   -2.553245e+01 4.772970e-01 1.886879e+00
      vertex   -2.450973e+01 4.772970e-01 1.886879e+00
      vertex   -2.553245e+01 4.549656e-01 1.929777e+00
    endloop
  endfacet
  facet normal 0.000000e+00 -8.870108e-01 -4.617486e-01
    outer loop
      vertex   -2.553245e+01 4.549656e-01 1.929777e+00
      vertex   -2.450973e+01 4.772970e-01 1.886879e+00
      vertex   -2.450973e+01 4.549656e-01 1.929777e+00
    endloop
  endfacet
  facet normal 0.000000e+00 -9.719154e-01 -2.353306e-01
    outer loop
      vertex   -2.553245e+01 4.549656e-01 1.929777e+00
      vertex   -2.450973e+01 4.549656e-01 1.929777e+00
      vertex   -2.553245e+01 4.435844e-01 1.976781e+00
    endloop
  endfacet
  facet normal 0.000000e+00 -9.719154e-01 -2.353306e-01
    outer loop
      vertex   -2.553245e+01 4.435844e-01 1.976781e+00
      vertex   -2.450973e+01 4.549656e-01 1.929777e+00
      vertex   -2.450973e+01 4.435844e-01 1.976781e+00
    endloop
  endfacet
  facet normal 0.000000e+00 -9.999882e-01 4.848118e-03
    outer loop
      vertex   -2.553245e+01 4.435844e-01 1.976781e+00
      vertex   -2.450973e+01 4.435844e-01 1.976781e+00
      vertex   -2.553245e+01 4.438188e-01 2.025144e+00
    endloop
  endfacet
  facet normal 0.000000e+00 -9.999882e-01 4.848118e-03
    outer loop
      vertex   -2.553245e+01 4.438188e-01 2.025144e+00
      vertex   -2.450973e+01 4.435844e-01 1.976781e+00
      vertex   -2.450973e+01 4.438188e-01 2.025144e+00
    endloop
  endfacet
  facet normal 0.000000e+00 -9.695879e-01 2.447433e-01
    outer loop
      vertex   -2.553245e+01 4.438188e-01 2.025144e+00
      vertex   -2.450973e+01 4.438188e-01 2.025144e+00
      vertex   -2.553245e+01 4.556553e-01 2.072036e+00
    endloop
  endfacet
  facet normal 0.000000e+00 -9.695879e-01 2.447433e-01
    outer loop
      vertex   -2.553245e+01 4.556553e-01 2.072036e+00
      vertex   -2.450973e+01 4.438188e-01 2.025144e+00
      vertex   -2.450973e+01 4.556553e-01 2.072036e+00
    endloop
  endfacet
  facet normal 0.000000e+00 -8.824920e-01 4.703275e-01
    outer loop
      vertex   -2.553245e+01 4.556553e-01 2.072036e+00
      vertex   -2.450973e+01 4.556553e-01 2.072036e+00
      vertex   -3.371427e+01 4.784016e-01 2.114715e+00
    endloop
  endfacet
  facet normal 0.000000e+00 -7.502393e-01 -6.611664e-01
    outer loop
      vertex   -2.860064e+01 4.772970e-01 1.886879e+00
      vertex   -2.757791e+01 5.092729e-01 1.850595e+00
      vertex   -2.757791e+01 4.772970e-01 1.886879e+00
    endloop
  endfacet
  facet normal -1.895518e-18 -7.502393e-01 -6.611664e-01
    outer loop
      vertex   -2.757791e+01 4.772970e-01 1.886879e+00
      vertex   -2.757791e+01 5.092729e-01 1.850595e+00
      vertex   -2.655518e+01 5.092729e-01 1.850595e+00
    endloop
  endfacet
  facet normal -1.895518e-18 -7.502393e-01 -6.611664e-01
    outer loop
      vertex   -1.428245e+01 5.092729e-01 1.850595e+00
      vertex   -1.428245e+01 4.772970e-01 1.886879e+00
      vertex   -1.530518e+01 4.772970e-01 1.886879e+00
    endloop
  endfacet
  facet normal 0.000000e+00 -8.870108e-01 -4.617486e-01
    outer loop
      vertex   -1.530518e+01 4.772970e-01 1.886879e+00
      vertex   -1.428245e+01 4.772970e-01 1.886879e+00
      vertex   -1.530518e+01 4.549656e-01 1.929777e+00
    endloop
  endfacet
  facet normal 7.496444e-19 -8.870108e-01 -4.617486e-01
    outer loop
      vertex   -1.530518e+01 4.772970e-01 1.886879e+00
      vertex   -1.530518e+01 4.549656e-01 1.929777e+00
      vertex   -1.632791e+01 4.549656e-01 1.929777e+00
    endloop
  endfacet
  facet normal 0.000000e+00 -9.719154e-01 -2.353306e-01
    outer loop
      vertex   -1.632791e+01 4.549656e-01 1.929777e+00
      vertex   -1.530518e+01 4.549656e-01 1.929777e+00
      vertex   -1.632791e+01 4.435844e-01 1.976781e+00
    endloop
  endfacet
  facet normal -4.480365e-19 -9.719154e-01 -2.353306e-01
    outer loop
      vertex   -1.632791e+01 4.549656e-01 1.929777e+00
      vertex   -1.632791e+01 4.435844e-01 1.976781e+00
      vertex   -1.735064e+01 4.435844e-01 1.976781e+00
    endloop
  endfacet
  facet normal 0.000000e+00 -9.999882e-01 4.848118e-03
    outer loop
      vertex   -1.735064e+01 4.435844e-01 1.976781e+00
      vertex   -1.632791e+01 4.435844e-01 1.976781e+00
      vertex   -1.735064e+01 4.438188e-01 2.025144e+00
    endloop
  endfacet
  facet normal 1.503267e-21 -9.999882e-01 4.848118e-03
    outer loop
      vertex   -1.735064e+01 4.435844e-01 1.976781e+00
      vertex   -1.735064e+01 4.438188e-01 2.025144e+00
      vertex   -1.837336e+01 4.438188e-01 2.025144e+00
    endloop
  endfacet
  facet normal 0.000000e+00 -9.695879e-01 2.447433e-01
    outer loop
      vertex   -1.837336e+01 4.438188e-01 2.025144e+00
      vertex   -1.735064e+01 4.438188e-01 2.025144e+00
      vertex   -1.837336e+01 4.556553e-01 2.072036e+00
    endloop
  endfacet
  facet normal -8.245073e-19 -9.695879e-01 2.447433e-01
    outer loop
      vertex   -1.837336e+01 4.438188e-01 2.025144e+00
      vertex   -1.837336e+01 4.556553e-01 2.072036e+00
      vertex   -1.939609e+01 4.556553e-01 2.072036e+00
    endloop
  endfacet
  facet normal 0.000000e+00 -8.824920e-01 4.703275e-01
    outer loop
      vertex   -1.939609e+01 4.556553e-01 2.072036e+00
      vertex   -1.837336e+01 4.556553e-01 2.072036e+00
      vertex   -1.121427e+01 4.784016e-01 2.114715e+00
    endloop
  endfacet
  facet normal 0.000000e+00 -8.870108e-01 -4.617486e-01
    outer loop
      vertex   -1.530518e+01 4.549656e-01 1.929777e+00
      vertex   -1.428245e+01 4.772970e-01 1.886879e+00
      vertex   -1.428245e+01 4.549656e-01 1.929777e+00
    endloop
  endfacet
  facet normal -0.000000e+00 -8.870108e-01 -4.617486e-01
    outer loop
      vertex   -1.735064e+01 4.772970e-01 1.886879e+00
      vertex   -1.837336e+01 4.549656e-01 1.929777e+00
      vertex   -1.837336e+01 4.772970e-01 1.886879e+00
    endloop
  endfacet
  facet normal 7.496444e-19 -8.870108e-01 -4.617486e-01
    outer loop
      vertex   -1.837336e+01 4.772970e-01 1.886879e+00
      vertex   -1.837336e+01 4.549656e-01 1.929777e+00
      vertex   -1.939609e+01 4.549656e-01 1.929777e+00
    endloop
  endfacet
  facet normal -0.000000e+00 -8.870108e-01 -4.617486e-01
    outer loop
      vertex   -1.837336e+01 4.772970e-01 1.886879e+00
      vertex   -1.939609e+01 4.549656e-01 1.929777e+00
      vertex   -1.939609e+01 4.772970e-01 1.886879e+00
    endloop
  endfacet
  facet normal 7.496444e-19 -8.870108e-01 -4.617486e-01
    outer loop
      vertex   -1.939609e+01 4.772970e-01 1.886879e+00
      vertex   -1.939609e+01 4.549656e-01 1.929777e+00
      vertex   -2.041882e+01 4.549656e-01 1.929777e+00
    endloop
  endfacet
  facet normal 7.496444e-19 -8.870108e-01 -4.617486e-01
    outer loop
      vertex   -2.348700e+01 4.549656e-01 1.929777e+00
      vertex   -2.348700e+01 4.772970e-01 1.886879e+00
      vertex   -2.246427e+01 4.772970e-01 1.886879e+00
    endloop
  endfacet
  facet normal 0.000000e+00 -8.870108e-01 -4.617486e-01
    outer loop
      vertex   -2.348700e+01 4.549656e-01 1.929777e+00
      vertex   -2.246427e+01 4.772970e-01 1.886879e+00
      vertex   -2.246427e+01 4.549656e-01 1.929777e+00
    endloop
  endfacet
  facet normal -1.895518e-18 -7.502393e-01 -6.611664e-01
    outer loop
      vertex   -2.553245e+01 5.092729e-01 1.850595e+00
      vertex   -2.553245e+01 4.772970e-01 1.886879e+00
      vertex   -2.655518e+01 4.772970e-01 1.886879e+00
    endloop
  endfacet
  facet normal 0.000000e+00 -8.870108e-01 -4.617486e-01
    outer loop
      vertex   -2.655518e+01 4.772970e-01 1.886879e+00
      vertex   -2.553245e+01 4.772970e-01 1.886879e+00
      vertex   -2.655518e+01 4.549656e-01 1.929777e+00
    endloop
  endfacet
  facet normal 7.496444e-19 -8.870108e-01 -4.617486e-01
    outer loop
      vertex   -2.655518e+01 4.772970e-01 1.886879e+00
      vertex   -2.655518e+01 4.549656e-01 1.929777e+00
      vertex   -2.757791e+01 4.549656e-01 1.929777e+00
    endloop
  endfacet
  facet normal 0.000000e+00 -9.719154e-01 -2.353306e-01
    outer loop
      vertex   -2.757791e+01 4.549656e-01 1.929777e+00
      vertex   -2.655518e+01 4.549656e-01 1.929777e+00
      vertex   -2.757791e+01 4.435844e-01 1.976781e+00
    endloop
  endfacet
  facet normal -4.480365e-19 -9.719154e-01 -2.353306e-01
    outer loop
      vertex   -2.757791e+01 4.549656e-01 1.929777e+00
      vertex   -2.757791e+01 4.435844e-01 1.976781e+00
      vertex   -2.860064e+01 4.435844e-01 1.976781e+00
    endloop
  endfacet
  facet normal 0.000000e+00 -9.999882e-01 4.848118e-03
    outer loop
      vertex   -2.860064e+01 4.435844e-01 1.976781e+00
      vertex   -2.757791e+01 4.435844e-01 1.976781e+00
      vertex   -2.860064e+01 4.438188e-01 2.025144e+00
    endloop
  endfacet
  facet normal 1.503267e-21 -9.999882e-01 4.848118e-03
    outer loop
      vertex   -2.860064e+01 4.435844e-01 1.976781e+00
      vertex   -2.860064e+01 4.438188e-01 2.025144e+00
      vertex   -2.962336e+01 4.438188e-01 2.025144e+00
    endloop
  endfacet
  facet normal 0.000000e+00 -9.695879e-01 2.447433e-01
    outer loop
      vertex   -2.962336e+01 4.438188e-01 2.025144e+00
      vertex   -2.860064e+01 4.438188e-01 2.025144e+00
      vertex   -2.962336e+01 4.556553e-01 2.072036e+00
    endloop
  endfacet
  facet normal -8.245073e-19 -9.695879e-01 2.447433e-01
    outer loop
      vertex   -2.962336e+01 4.438188e-01 2.025144e+00
      vertex   -2.962336e+01 4.556553e-01 2.072036e+00
      vertex   -3.064609e+01 4.556553e-01 2.072036e+00
    endloop
  endfacet
  facet normal 0.000000e+00 -8.824920e-01 4.703275e-01
    outer loop
      vertex   -3.064609e+01 4.556553e-01 2.072036e+00
      vertex   -2.962336e+01 4.556553e-01 2.072036e+00
      vertex   -3.371427e+01 4.784016e-01 2.114715e+00
    endloop
  endfacet
  facet normal 0.000000e+00 -8.870108e-01 -4.617486e-01
    outer loop
      vertex   -2.655518e+01 4.549656e-01 1.929777e+00
      vertex   -2.553245e+01 4.772970e-01 1.886879e+00
      vertex   -2.553245e+01 4.549656e-01 1.929777e+00
    endloop
  endfacet
  facet normal 0.000000e+00 -8.870108e-01 -4.617486e-01
    outer loop
      vertex   -2.962336e+01 4.549656e-01 1.929777e+00
      vertex   -2.860064e+01 4.772970e-01 1.886879e+00
      vertex   -2.860064e+01 4.549656e-01 1.929777e+00
    endloop
  endfacet
  facet normal 7.496444e-19 -8.870108e-01 -4.617486e-01
    outer loop
      vertex   -2.860064e+01 4.549656e-01 1.929777e+00
      vertex   -2.860064e+01 4.772970e-01 1.886879e+00
      vertex   -2.757791e+01 4.772970e-01 1.886879e+00
    endloop
  endfacet
  facet normal 0.000000e+00 -9.719154e-01 -2.353306e-01
    outer loop
      vertex   -1.530518e+01 4.549656e-01 1.929777e+00
      vertex   -1.428245e+01 4.549656e-01 1.929777e+00
      vertex   -1.530518e+01 4.435844e-01 1.976781e+00
    endloop
  endfacet
  facet normal 0.000000e+00 -9.719154e-01 -2.353306e-01
    outer loop
      vertex   -1.530518e+01 4.435844e-01 1.976781e+00
      vertex   -1.428245e+01 4.549656e-01 1.929777e+00
      vertex   -1.428245e+01 4.435844e-01 1.976781e+00
    endloop
  endfacet
  facet normal 0.000000e+00 -9.999882e-01 4.848118e-03
    outer loop
      vertex   -1.530518e+01 4.435844e-01 1.976781e+00
      vertex   -1.428245e+01 4.435844e-01 1.976781e+00
      vertex   -1.530518e+01 4.438188e-01 2.025144e+00
    endloop
  endfacet
  facet normal 0.000000e+00 -9.999882e-01 4.848118e-03
    outer loop
      vertex   -1.530518e+01 4.438188e-01 2.025144e+00
      vertex   -1.428245e+01 4.435844e-01 1.976781e+00
      vertex   -1.428245e+01 4.438188e-01 2.025144e+00
    endloop
  endfacet
  facet normal 0.000000e+00 -9.695879e-01 2.447433e-01
    outer loop
      vertex   -1.530518e+01 4.438188e-01 2.025144e+00
      vertex   -1.428245e+01 4.438188e-01 2.025144e+00
      vertex   -1.530518e+01 4.556553e-01 2.072036e+00
    endloop
  endfacet
  facet normal 0.000000e+00 -9.695879e-01 2.447433e-01
    outer loop
      vertex   -1.530518e+01 4.556553e-01 2.072036e+00
      vertex   -1.428245e+01 4.438188e-01 2.025144e+00
      vertex   -1.428245e+01 4.556553e-01 2.072036e+00
    endloop
  endfacet
  facet normal 0.000000e+00 -8.824920e-01 4.703275e-01
    outer loop
      vertex   -1.530518e+01 4.556553e-01 2.072036e+00
      vertex   -1.428245e+01 4.556553e-01 2.072036e+00
      vertex   -1.121427e+01 4.784016e-01 2.114715e+00
    endloop
  endfacet
  facet normal -4.480365e-19 -9.719154e-01 -2.353306e-01
    outer loop
      vertex   -2.041882e+01 4.435844e-01 1.976781e+00
      vertex   -2.041882e+01 4.549656e-01 1.929777e+00
      vertex   -1.939609e+01 4.549656e-01 1.929777e+00
    endloop
  endfacet
  facet normal 0.000000e+00 -9.719154e-01 -2.353306e-01
    outer loop
      vertex   -2.041882e+01 4.435844e-01 1.976781e+00
      vertex   -1.939609e+01 4.549656e-01 1.929777e+00
      vertex   -1.939609e+01 4.435844e-01 1.976781e+00
    endloop
  endfacet
  facet normal -4.480365e-19 -9.719154e-01 -2.353306e-01
    outer loop
      vertex   -1.939609e+01 4.435844e-01 1.976781e+00
      vertex   -1.939609e+01 4.549656e-01 1.929777e+00
      vertex   -1.837336e+01 4.549656e-01 1.929777e+00
    endloop
  endfacet
  facet normal -4.480365e-19 -9.719154e-01 -2.353306e-01
    outer loop
      vertex   -2.348700e+01 4.435844e-01 1.976781e+00
      vertex   -2.348700e+01 4.549656e-01 1.929777e+00
      vertex   -2.246427e+01 4.549656e-01 1.929777e+00
    endloop
  endfacet
  facet normal 0.000000e+00 -9.719154e-01 -2.353306e-01
    outer loop
      vertex   -2.348700e+01 4.435844e-01 1.976781e+00
      vertex   -2.246427e+01 4.549656e-01 1.929777e+00
      vertex   -2.246427e+01 4.435844e-01 1.976781e+00
    endloop
  endfacet
  facet normal 0.000000e+00 -9.719154e-01 -2.353306e-01
    outer loop
      vertex   -2.655518e+01 4.549656e-01 1.929777e+00
      vertex   -2.553245e+01 4.549656e-01 1.929777e+00
      vertex   -2.655518e+01 4.435844e-01 1.976781e+00
    endloop
  endfacet
  facet normal 0.000000e+00 -9.719154e-01 -2.353306e-01
    outer loop
      vertex   -2.655518e+01 4.435844e-01 1.976781e+00
      vertex   -2.553245e+01 4.549656e-01 1.929777e+00
      vertex   -2.553245e+01 4.435844e-01 1.976781e+00
    endloop
  endfacet
  facet normal 0.000000e+00 -9.999882e-01 4.848118e-03
    outer loop
      vertex   -2.655518e+01 4.435844e-01 1.976781e+00
      vertex   -2.553245e+01 4.435844e-01 1.976781e+00
      vertex   -2.655518e+01 4.438188e-01 2.025144e+00
    endloop
  endfacet
  facet normal 0.000000e+00 -9.999882e-01 4.848118e-03
    outer loop
      vertex   -2.655518e+01 4.438188e-01 2.025144e+00
      vertex   -2.553245e+01 4.435844e-01 1.976781e+00
      vertex   -2.553245e+01 4.438188e-01 2.025144e+00
    endloop
  endfacet
  facet normal 0.000000e+00 -9.695879e-01 2.447433e-01
    outer loop
      vertex   -2.655518e+01 4.438188e-01 2.025144e+00
      vertex   -2.553245e+01 4.438188e-01 2.025144e+00
      vertex   -2.655518e+01 4.556553e-01 2.072036e+00
    endloop
  endfacet
  facet normal 0.000000e+00 -9.695879e-01 2.447433e-01
    outer loop
      vertex   -2.655518e+01 4.556553e-01 2.072036e+00
      vertex   -2.553245e+01 4.438188e-01 2.025144e+00
      vertex   -2.553245e+01 4.556553e-01 2.072036e+00
    endloop
  endfacet
  facet normal 0.000000e+00 -8.824920e-01 4.703275e-01
    outer loop
      vertex   -2.655518e+01 4.556553e-01 2.072036e+00
      vertex   -2.553245e+01 4.556553e-01 2.072036e+00
      vertex   -3.371427e+01 4.784016e-01 2.114715e+00
    endloop
  endfacet
  facet normal 0.000000e+00 -9.719154e-01 -2.353306e-01
    outer loop
      vertex   -3.064609e+01 4.435844e-01 1.976781e+00
      vertex   -2.962336e+01 4.549656e-01 1.929777e+00
      vertex   -2.962336e+01 4.435844e-01 1.976781e+00
    endloop
  endfacet
  facet normal -4.480365e-19 -9.719154e-01 -2.353306e-01
    outer loop
      vertex   -2.962336e+01 4.435844e-01 1.976781e+00
      vertex   -2.962336e+01 4.549656e-01 1.929777e+00
      vertex   -2.860064e+01 4.549656e-01 1.929777e+00
    endloop
  endfacet
  facet normal -4.480365e-19 -9.719154e-01 -2.353306e-01
    outer loop
      vertex   -1.530518e+01 4.549656e-01 1.929777e+00
      vertex   -1.530518e+01 4.435844e-01 1.976781e+00
      vertex   -1.632791e+01 4.435844e-01 1.976781e+00
    endloop
  endfacet
  facet normal 0.000000e+00 -9.999882e-01 4.848118e-03
    outer loop
      vertex   -1.632791e+01 4.435844e-01 1.976781e+00
      vertex   -1.530518e+01 4.435844e-01 1.976781e+00
      vertex   -1.632791e+01 4.438188e-01 2.025144e+00
    endloop
  endfacet
  facet normal 1.503267e-21 -9.999882e-01 4.848118e-03
    outer loop
      vertex   -1.632791e+01 4.435844e-01 1.976781e+00
      vertex   -1.632791e+01 4.438188e-01 2.025144e+00
      vertex   -1.735064e+01 4.438188e-01 2.025144e+00
    endloop
  endfacet
  facet normal 0.000000e+00 -9.695879e-01 2.447433e-01
    outer loop
      vertex   -1.735064e+01 4.438188e-01 2.025144e+00
      vertex   -1.632791e+01 4.438188e-01 2.025144e+00
      vertex   -1.735064e+01 4.556553e-01 2.072036e+00
    endloop
  endfacet
  facet normal -8.245073e-19 -9.695879e-01 2.447433e-01
    outer loop
      vertex   -1.735064e+01 4.438188e-01 2.025144e+00
      vertex   -1.735064e+01 4.556553e-01 2.072036e+00
      vertex   -1.837336e+01 4.556553e-01 2.072036e+00
    endloop
  endfacet
  facet normal 0.000000e+00 -8.824920e-01 4.703275e-01
    outer loop
      vertex   -1.837336e+01 4.556553e-01 2.072036e+00
      vertex   -1.735064e+01 4.556553e-01 2.072036e+00
      vertex   -1.121427e+01 4.784016e-01 2.114715e+00
    endloop
  endfacet
  facet normal 0.000000e+00 -9.999882e-01 4.848118e-03
    outer loop
      vertex   -1.632791e+01 4.438188e-01 2.025144e+00
      vertex   -1.530518e+01 4.435844e-01 1.976781e+00
      vertex   -1.530518e+01 4.438188e-01 2.025144e+00
    endloop
  endfacet
  facet normal 1.503267e-21 -9.999882e-01 4.848118e-03
    outer loop
      vertex   -2.041882e+01 4.438188e-01 2.025144e+00
      vertex   -2.041882e+01 4.435844e-01 1.976781e+00
      vertex   -1.939609e+01 4.435844e-01 1.976781e+00
    endloop
  endfacet
  facet normal 1.503267e-21 -9.999882e-01 4.848118e-03
    outer loop
      vertex   -2.348700e+01 4.438188e-01 2.025144e+00
      vertex   -2.348700e+01 4.435844e-01 1.976781e+00
      vertex   -2.246427e+01 4.435844e-01 1.976781e+00
    endloop
  endfacet
  facet normal 0.000000e+00 -9.999882e-01 4.848118e-03
    outer loop
      vertex   -2.348700e+01 4.438188e-01 2.025144e+00
      vertex   -2.246427e+01 4.435844e-01 1.976781e+00
      vertex   -2.246427e+01 4.438188e-01 2.025144e+00
    endloop
  endfacet
  facet normal -4.480365e-19 -9.719154e-01 -2.353306e-01
    outer loop
      vertex   -2.655518e+01 4.549656e-01 1.929777e+00
      vertex   -2.655518e+01 4.435844e-01 1.976781e+00
      vertex   -2.757791e+01 4.435844e-01 1.976781e+00
    endloop
  endfacet
  facet normal 0.000000e+00 -9.999882e-01 4.848118e-03
    outer loop
      vertex   -2.757791e+01 4.435844e-01 1.976781e+00
      vertex   -2.655518e+01 4.435844e-01 1.976781e+00
      vertex   -2.757791e+01 4.438188e-01 2.025144e+00
    endloop
  endfacet
  facet normal 1.503267e-21 -9.999882e-01 4.848118e-03
    outer loop
      vertex   -2.757791e+01 4.435844e-01 1.976781e+00
      vertex   -2.757791e+01 4.438188e-01 2.025144e+00
      vertex   -2.860064e+01 4.438188e-01 2.025144e+00
    endloop
  endfacet
  facet normal 0.000000e+00 -9.695879e-01 2.447433e-01
    outer loop
      vertex   -2.860064e+01 4.438188e-01 2.025144e+00
      vertex   -2.757791e+01 4.438188e-01 2.025144e+00
      vertex   -2.860064e+01 4.556553e-01 2.072036e+00
    endloop
  endfacet
  facet normal -8.245073e-19 -9.695879e-01 2.447433e-01
    outer loop
      vertex   -2.860064e+01 4.438188e-01 2.025144e+00
      vertex   -2.860064e+01 4.556553e-01 2.072036e+00
      vertex   -2.962336e+01 4.556553e-01 2.072036e+00
    endloop
  endfacet
  facet normal 0.000000e+00 -8.824920e-01 4.703275e-01
    outer loop
      vertex   -2.962336e+01 4.556553e-01 2.072036e+00
      vertex   -2.860064e+01 4.556553e-01 2.072036e+00
      vertex   -3.371427e+01 4.784016e-01 2.114715e+00
    endloop
  endfacet
  facet normal 0.000000e+00 -9.999882e-01 4.848118e-03
    outer loop
      vertex   -2.757791e+01 4.438188e-01 2.025144e+00
      vertex   -2.655518e+01 4.435844e-01 1.976781e+00
      vertex   -2.655518e+01 4.438188e-01 2.025144e+00
    endloop
  endfacet
  facet normal 0.000000e+00 -9.999882e-01 4.848118e-03
    outer loop
      vertex   -3.166882e+01 4.438188e-01 2.025144e+00
      vertex   -3.064609e+01 4.435844e-01 1.976781e+00
      vertex   -3.064609e+01 4.438188e-01 2.025144e+00
    endloop
  endfacet
  facet normal 1.503267e-21 -9.999882e-01 4.848118e-03
    outer loop
      vertex   -3.064609e+01 4.438188e-01 2.025144e+00
      vertex   -3.064609e+01 4.435844e-01 1.976781e+00
      vertex   -2.962336e+01 4.435844e-01 1.976781e+00
    endloop
  endfacet
  facet normal 0.000000e+00 -9.695879e-01 2.447433e-01
    outer loop
      vertex   -1.632791e+01 4.438188e-01 2.025144e+00
      vertex   -1.530518e+01 4.438188e-01 2.025144e+00
      vertex   -1.632791e+01 4.556553e-01 2.072036e+00
    endloop
  endfacet
  facet normal 0.000000e+00 -9.695879e-01 2.447433e-01
    outer loop
      vertex   -1.632791e+01 4.556553e-01 2.072036e+00
      vertex   -1.530518e+01 4.438188e-01 2.025144e+00
      vertex   -1.530518e+01 4.556553e-01 2.072036e+00
    endloop
  endfacet
  facet normal 0.000000e+00 -8.824920e-01 4.703275e-01
    outer loop
      vertex   -1.632791e+01 4.556553e-01 2.072036e+00
      vertex   -1.530518e+01 4.556553e-01 2.072036e+00
      vertex   -1.121427e+01 4.784016e-01 2.114715e+00
    endloop
  endfacet
  facet normal -8.245073e-19 -9.695879e-01 2.447433e-01
    outer loop
      vertex   -2.348700e+01 4.556553e-01 2.072036e+00
      vertex   -2.348700e+01 4.438188e-01 2.025144e+00
      vertex   -2.246427e+01 4.438188e-01 2.025144e+00
    endloop
  endfacet
  facet normal 0.000000e+00 -9.695879e-01 2.447433e-01
    outer loop
      vertex   -2.348700e+01 4.556553e-01 2.072036e+00
      vertex   -2.246427e+01 4.438188e-01 2.025144e+00
      vertex   -2.246427e+01 4.556553e-01 2.072036e+00
    endloop
  endfacet
  facet normal 0.000000e+00 -9.695879e-01 2.447433e-01
    outer loop
      vertex   -2.757791e+01 4.438188e-01 2.025144e+00
      vertex   -2.655518e+01 4.438188e-01 2.025144e+00
      vertex   -2.757791e+01 4.556553e-01 2.072036e+00
    endloop
  endfacet
  facet normal 0.000000e+00 -9.695879e-01 2.447433e-01
    outer loop
      vertex   -2.757791e+01 4.556553e-01 2.072036e+00
      vertex   -2.655518e+01 4.438188e-01 2.025144e+00
      vertex   -2.655518e+01 4.556553e-01 2.072036e+00
    endloop
  endfacet
  facet normal 0.000000e+00 -8.824920e-01 4.703275e-01
    outer loop
      vertex   -2.757791e+01 4.556553e-01 2.072036e+00
      vertex   -2.655518e+01 4.556553e-01 2.072036e+00
      vertex   -3.371427e+01 4.784016e-01 2.114715e+00
    endloop
  endfacet
  facet normal 0.000000e+00 -9.695879e-01 2.447433e-01
    outer loop
      vertex   -3.269155e+01 4.556553e-01 2.072036e+00
      vertex   -3.166882e+01 4.438188e-01 2.025144e+00
      vertex   -3.166882e+01 4.556553e-01 2.072036e+00
    endloop
  endfacet
  facet normal -8.245073e-19 -9.695879e-01 2.447433e-01
    outer loop
      vertex   -3.166882e+01 4.556553e-01 2.072036e+00
      vertex   -3.166882e+01 4.438188e-01 2.025144e+00
      vertex   -3.064609e+01 4.438188e-01 2.025144e+00
    endloop
  endfacet
  facet normal -1.070534e-19 -8.824920e-01 4.703275e-01
    outer loop
      vertex   -1.121427e+01 4.784016e-01 2.114715e+00
      vertex   -1.735064e+01 4.556553e-01 2.072036e+00
      vertex   -1.632791e+01 4.556553e-01 2.072036e+00
    endloop
  endfacet
  facet normal 0.000000e+00 -9.695879e-01 2.447433e-01
    outer loop
      vertex   -1.632791e+01 4.556553e-01 2.072036e+00
      vertex   -1.735064e+01 4.556553e-01 2.072036e+00
      vertex   -1.632791e+01 4.438188e-01 2.025144e+00
    endloop
  endfacet
  facet normal -1.070534e-19 -8.824920e-01 4.703275e-01
    outer loop
      vertex   -3.371427e+01 4.784016e-01 2.114715e+00
      vertex   -2.860064e+01 4.556553e-01 2.072036e+00
      vertex   -2.757791e+01 4.556553e-01 2.072036e+00
    endloop
  endfacet
  facet normal 0.000000e+00 -9.695879e-01 2.447433e-01
    outer loop
      vertex   -2.757791e+01 4.556553e-01 2.072036e+00
      vertex   -2.860064e+01 4.556553e-01 2.072036e+00
      vertex   -2.757791e+01 4.438188e-01 2.025144e+00
    endloop
  endfacet
  facet normal 0.000000e+00 -8.191520e-01 5.735764e-01
    outer loop
      vertex   -1.121427e+01 4.784016e-01 2.114715e+00
      vertex   -1.121427e+01 1.658451e+00 3.800000e+00
      vertex   -3.371427e+01 4.784016e-01 2.114715e+00
    endloop
  endfacet
  facet normal -2.357967e-18 -8.191520e-01 5.735764e-01
    outer loop
      vertex   -3.371427e+01 4.784016e-01 2.114715e+00
      vertex   -1.121427e+01 1.658451e+00 3.800000e+00
      vertex   -3.371427e+01 1.658451e+00 3.800000e+00
    endloop
  endfacet
  facet normal -0.000000e+00 -2.128792e-14 -1.000000e+00
    outer loop
      vertex   -1.121427e+01 1.658451e+00 3.800000e+00
      vertex   -1.121427e+01 -9.909083e-01 3.800000e+00
      vertex   -3.371427e+01 1.658451e+00 3.800000e+00
    endloop
  endfacet
  facet normal 4.631750e-32 -2.128792e-14 -1.000000e+00
    outer loop
      vertex   -3.371427e+01 1.658451e+00 3.800000e+00
      vertex   -1.121427e+01 -9.909083e-01 3.800000e+00
      vertex   -3.371427e+01 -9.909083e-01 3.800000e+00
    endloop
  endfacet
  facet normal 0.000000e+00 -6.594309e-01 7.517652e-01
    outer loop
      vertex   -3.371427e+01 -9.909083e-01 3.800000e+00
      vertex   -1.121427e+01 -9.909083e-01 3.800000e+00
      vertex   -2.896427e+01 -5.644306e-01 4.174096e+00
    endloop
  endfacet
  facet normal -4.245906e-04 -6.693597e-01 7.429384e-01
    outer loop
      vertex   -2.896427e+01 -5.644306e-01 4.174096e+00
      vertex   -1.121427e+01 -9.909083e-01 3.800000e+00
      vertex   -1.121427e+01 -3.879576e-01 4.343236e+00
    endloop
  endfacet
  facet normal 4.304895e-04 -7.141773e-01 6.999647e-01
    outer loop
      vertex   -2.896427e+01 -5.644306e-01 4.174096e+00
      vertex   -1.121427e+01 -3.879576e-01 4.343236e+00
      vertex   -2.896427e+01 9.157749e-03 4.759331e+00
    endloop
  endfacet
  facet normal -4.166035e-04 -7.322296e-01 6.810578e-01
    outer loop
      vertex   -2.896427e+01 9.157749e-03 4.759331e+00
      vertex   -1.121427e+01 -3.879576e-01 4.343236e+00
      vertex   -1.121427e+01 1.647723e-01 4.937496e+00
    endloop
  endfacet
  facet normal 4.223121e-04 -7.736290e-01 6.336387e-01
    outer loop
      vertex   -2.896427e+01 9.157749e-03 4.759331e+00
      vertex   -1.121427e+01 1.647723e-01 4.937496e+00
      vertex   -2.896427e+01 5.283951e-01 5.393284e+00
    endloop
  endfacet
  facet normal -4.082357e-04 -7.894014e-01 6.138772e-01
    outer loop
      vertex   -2.896427e+01 5.283951e-01 5.393284e+00
      vertex   -1.121427e+01 1.647723e-01 4.937496e+00
      vertex   -1.121427e+01 6.629801e-01 5.578155e+00
    endloop
  endfacet
  facet normal 4.137539e-04 -8.269430e-01 5.622856e-01
    outer loop
      vertex   -2.896427e+01 5.283951e-01 5.393284e+00
      vertex   -1.121427e+01 6.629801e-01 5.578155e+00
      vertex   -2.896427e+01 9.891618e-01 6.070925e+00
    endloop
  endfacet
  facet normal -3.994872e-04 -8.404302e-01 5.419196e-01
    outer loop
      vertex   -2.896427e+01 9.891618e-01 6.070925e+00
      vertex   -1.121427e+01 6.629801e-01 5.578155e+00
      vertex   -1.121427e+01 1.102789e+00 6.260227e+00
    endloop
  endfacet
  facet normal 4.048151e-04 -8.736963e-01 4.864716e-01
    outer loop
      vertex   -2.896427e+01 9.891618e-01 6.070925e+00
      vertex   -1.121427e+01 1.102789e+00 6.260227e+00
      vertex   -2.896427e+01 1.387803e+00 6.786879e+00
    endloop
  endfacet
  facet normal -3.903581e-04 -8.849189e-01 4.657449e-01
    outer loop
      vertex   -2.896427e+01 1.387803e+00 6.786879e+00
      vertex   -1.121427e+01 1.102789e+00 6.260227e+00
      vertex   -1.121427e+01 1.480776e+00 6.978406e+00
    endloop
  endfacet
  facet normal 3.954956e-04 -9.135180e-01 4.067980e-01
    outer loop
      vertex   -2.896427e+01 1.387803e+00 6.786879e+00
      vertex   -1.121427e+01 1.480776e+00 6.978406e+00
      vertex   -2.896427e+01 1.721155e+00 7.535464e+00
    endloop
  endfacet
  facet normal -3.808482e-04 -9.225214e-01 3.859458e-01
    outer loop
      vertex   -2.896427e+01 1.721155e+00 7.535464e+00
      vertex   -1.121427e+01 1.480776e+00 6.978406e+00
      vertex   -1.121427e+01 1.794000e+00 7.727102e+00
    endloop
  endfacet
  facet normal 3.857954e-04 -9.460922e-01 3.238971e-01
    outer loop
      vertex   -2.896427e+01 1.721155e+00 7.535464e+00
      vertex   -1.121427e+01 1.794000e+00 7.727102e+00
      vertex   -2.896427e+01 1.986573e+00 8.310742e+00
    endloop
  endfacet
  facet normal -3.709577e-04 -9.529449e-01 3.031433e-01
    outer loop
      vertex   -2.896427e+01 1.986573e+00 8.310742e+00
      vertex   -1.121427e+01 1.794000e+00 7.727102e+00
      vertex   -1.121427e+01 2.040024e+00 8.500489e+00
    endloop
  endfacet
  facet normal 3.757145e-04 -9.711605e-01 2.384265e-01
    outer loop
      vertex   -2.896427e+01 1.986573e+00 8.310742e+00
      vertex   -1.121427e+01 2.040024e+00 8.500489e+00
      vertex   -2.896427e+01 2.181952e+00 9.106563e+00
    endloop
  endfacet
  facet normal -3.606864e-04 -9.759528e-01 2.179819e-01
    outer loop
      vertex   -2.896427e+01 2.181952e+00 9.106563e+00
      vertex   -1.121427e+01 2.040024e+00 8.500489e+00
      vertex   -1.121427e+01 2.216933e+00 9.292548e+00
    endloop
  endfacet
  facet normal 3.652529e-04 -9.885239e-01 1.510643e-01
    outer loop
      vertex   -2.896427e+01 2.181952e+00 9.106563e+00
      vertex   -1.121427e+01 2.216933e+00 9.292548e+00
      vertex   -2.896427e+01 2.305743e+00 9.916612e+00
    endloop
  endfacet
  facet normal -3.500346e-04 -9.913659e-01 1.311241e-01
    outer loop
      vertex   -2.896427e+01 2.305743e+00 9.916612e+00
      vertex   -1.121427e+01 2.216933e+00 9.292548e+00
      vertex   -1.121427e+01 2.323350e+00 1.009712e+01
    endloop
  endfacet
  facet normal 3.544107e-04 -9.980447e-01 6.250357e-02
    outer loop
      vertex   -2.896427e+01 2.305743e+00 9.916612e+00
      vertex   -1.121427e+01 2.323350e+00 1.009712e+01
      vertex   -2.896427e+01 2.356961e+00 1.073446e+01
    endloop
  endfacet
  facet normal -3.390020e-04 -9.990644e-01 4.324591e-02
    outer loop
      vertex   -2.896427e+01 2.356961e+00 1.073446e+01
      vertex   -1.121427e+01 2.323350e+00 1.009712e+01
      vertex   -1.121427e+01 2.358447e+00 1.090793e+01
    endloop
  endfacet
  facet normal 3.431879e-04 -9.996473e-01 -2.655300e-02
    outer loop
      vertex   -2.896427e+01 2.356961e+00 1.073446e+01
      vertex   -1.121427e+01 2.358447e+00 1.090793e+01
      vertex   -2.896427e+01 2.335202e+00 1.155363e+01
    endloop
  endfacet
  facet normal -3.275889e-04 -9.989883e-01 -4.496879e-02
    outer loop
      vertex   -2.896427e+01 2.335202e+00 1.155363e+01
      vertex   -1.121427e+01 2.358447e+00 1.090793e+01
      vertex   -1.121427e+01 2.321952e+00 1.171869e+01
    endloop
  endfacet
  facet normal 3.315844e-04 -9.933192e-01 -1.153989e-01
    outer loop
      vertex   -2.896427e+01 2.335202e+00 1.155363e+01
      vertex   -1.121427e+01 2.321952e+00 1.171869e+01
      vertex   -2.896427e+01 2.240638e+00 1.236761e+01
    endloop
  endfacet
  facet normal -3.157950e-04 -9.911383e-01 -1.328335e-01
    outer loop
      vertex   -2.896427e+01 2.240638e+00 1.236761e+01
      vertex   -1.121427e+01 2.321952e+00 1.171869e+01
      vertex   -1.121427e+01 2.214147e+00 1.252307e+01
    endloop
  endfacet
  facet normal 3.196002e-04 -9.791104e-01 -2.033293e-01
    outer loop
      vertex   -2.896427e+01 2.240638e+00 1.236761e+01
      vertex   -1.121427e+01 2.214147e+00 1.252307e+01
      vertex   -2.896427e+01 2.074019e+00 1.316994e+01
    endloop
  endfacet
  facet normal -3.036206e-04 -9.755754e-01 -2.196646e-01
    outer loop
      vertex   -2.896427e+01 2.074019e+00 1.316994e+01
      vertex   -1.121427e+01 2.214147e+00 1.252307e+01
      vertex   -1.121427e+01 2.035873e+00 1.331482e+01
    endloop
  endfacet
  facet normal 3.072355e-04 -9.571336e-01 -2.896465e-01
    outer loop
      vertex   -2.896427e+01 2.074019e+00 1.316994e+01
      vertex   -1.121427e+01 2.035873e+00 1.331482e+01
      vertex   -2.896427e+01 1.836668e+00 1.395427e+01
    endloop
  endfacet
  facet normal -2.910655e-04 -9.524207e-01 -3.047863e-01
    outer loop
      vertex   -2.896427e+01 1.836668e+00 1.395427e+01
      vertex   -1.121427e+01 2.035873e+00 1.331482e+01
      vertex   -1.121427e+01 1.788516e+00 1.408779e+01
    endloop
  endfacet
  facet normal 2.944901e-04 -9.275633e-01 -3.736658e-01
    outer loop
      vertex   -2.896427e+01 1.836668e+00 1.395427e+01
      vertex   -1.121427e+01 1.788516e+00 1.408779e+01
      vertex   -2.896427e+01 1.530466e+00 1.471436e+01
    endloop
  endfacet
  facet normal -2.781299e-04 -9.218545e-01 -3.875362e-01
    outer loop
      vertex   -2.896427e+01 1.530466e+00 1.471436e+01
      vertex   -1.121427e+01 1.788516e+00 1.408779e+01
      vertex   -1.121427e+01 1.474001e+00 1.483594e+01
    endloop
  endfacet
  facet normal 2.813641e-04 -8.906341e-01 -4.547206e-01
    outer loop
      vertex   -2.896427e+01 1.530466e+00 1.471436e+01
      vertex   -1.121427e+01 1.474001e+00 1.483594e+01
      vertex   -2.896427e+01 1.157844e+00 1.544420e+01
    endloop
  endfacet
  facet normal -2.648136e-04 -8.841145e-01 -4.672703e-01
    outer loop
      vertex   -2.896427e+01 1.157844e+00 1.544420e+01
      vertex   -1.121427e+01 1.474001e+00 1.483594e+01
      vertex   -1.121427e+01 1.094776e+00 1.555347e+01
    endloop
  endfacet
  facet normal 2.678576e-04 -8.466389e-01 -5.321678e-01
    outer loop
      vertex   -2.896427e+01 1.157844e+00 1.544420e+01
      vertex   -1.121427e+01 1.094776e+00 1.555347e+01
      vertex   -2.896427e+01 7.217571e-01 1.613798e+01
    endloop
  endfacet
  facet normal -2.511167e-04 -8.394944e-01 -5.433682e-01
    outer loop
      vertex   -2.896427e+01 7.217571e-01 1.613798e+01
      vertex   -1.121427e+01 1.094776e+00 1.555347e+01
      vertex   -1.121427e+01 6.537912e-01 1.623478e+01
    endloop
  endfacet
  facet normal 2.539704e-04 -7.959267e-01 -6.053929e-01
    outer loop
      vertex   -2.896427e+01 7.217571e-01 1.613798e+01
      vertex   -1.121427e+01 6.537912e-01 1.623478e+01
      vertex   -2.896427e+01 2.256659e-01 1.679020e+01
    endloop
  endfacet
  facet normal -2.370392e-04 -7.883416e-01 -6.152377e-01
    outer loop
      vertex   -2.896427e+01 2.256659e-01 1.679020e+01
      vertex   -1.121427e+01 6.537912e-01 1.623478e+01
      vertex   -1.121427e+01 1.544792e-01 1.687458e+01
    endloop
  endfacet
  facet normal 2.397026e-04 -7.389000e-01 -6.738151e-01
    outer loop
      vertex   -2.896427e+01 2.256659e-01 1.679020e+01
      vertex   -1.121427e+01 1.544792e-01 1.687458e+01
      vertex   -2.896427e+01 -3.264941e-01 1.739570e+01
    endloop
  endfacet
  facet normal -2.225812e-04 -7.310540e-01 -6.823196e-01
    outer loop
      vertex   -2.896427e+01 -3.264941e-01 1.739570e+01
      vertex   -1.121427e+01 1.544792e-01 1.687458e+01
      vertex   -1.121427e+01 -3.992747e-01 1.746788e+01
    endloop
  endfacet
  facet normal 2.250543e-04 -6.760111e-01 -7.368914e-01
    outer loop
      vertex   -2.896427e+01 -3.264941e-01 1.739570e+01
      vertex   -1.121427e+01 -3.992747e-01 1.746788e+01
      vertex   -2.896427e+01 -9.303421e-01 1.794965e+01
    endloop
  endfacet
  facet normal -2.077426e-04 -6.680775e-01 -7.440917e-01
    outer loop
      vertex   -2.896427e+01 -9.303421e-01 1.794965e+01
      vertex   -1.121427e+01 -3.992747e-01 1.746788e+01
      vertex   -1.121427e+01 -1.003161e+00 1.801008e+01
    endloop
  endfacet
  facet normal 2.100255e-04 -6.077589e-01 -7.941216e-01
    outer loop
      vertex   -2.896427e+01 -9.303421e-01 1.794965e+01
      vertex   -1.121427e+01 -1.003161e+00 1.801008e+01
      vertex   -2.896427e+01 -1.581088e+00 1.844768e+01
    endloop
  endfacet
  facet normal -1.925235e-04 -5.999021e-01 -8.000734e-01
    outer loop
      vertex   -2.896427e+01 -1.581088e+00 1.844768e+01
      vertex   -1.121427e+01 -1.003161e+00 1.801008e+01
      vertex   -1.121427e+01 -1.652481e+00 1.849695e+01
    endloop
  endfacet
  facet normal 1.946161e-04 -5.346850e-01 -8.450514e-01
    outer loop
      vertex   -2.896427e+01 -1.581088e+00 1.844768e+01
      vertex   -1.121427e+01 -1.652481e+00 1.849695e+01
      vertex   -2.896427e+01 -2.273568e+00 1.888583e+01
    endloop
  endfacet
  facet normal -1.769238e-04 -5.270583e-01 -8.498291e-01
    outer loop
      vertex   -2.896427e+01 -2.273568e+00 1.888583e+01
      vertex   -1.121427e+01 -1.652481e+00 1.849695e+01
      vertex   -1.121427e+01 -2.342182e+00 1.892469e+01
    endloop
  endfacet
  facet normal 1.788261e-04 -4.573691e-01 -8.892769e-01
    outer loop
      vertex   -2.896427e+01 -2.273568e+00 1.888583e+01
      vertex   -1.121427e+01 -2.342182e+00 1.892469e+01
      vertex   -2.896427e+01 -3.002289e+00 1.926063e+01
    endloop
  endfacet
  facet normal -1.609436e-04 -4.501131e-01 -8.929715e-01
    outer loop
      vertex   -2.896427e+01 -3.002289e+00 1.926063e+01
      vertex   -1.121427e+01 -2.342182e+00 1.892469e+01
      vertex   -1.121427e+01 -3.066896e+00 1.928999e+01
    endloop
  endfacet
  facet normal 1.626556e-04 -3.764246e-01 -9.264472e-01
    outer loop
      vertex   -2.896427e+01 -3.002289e+00 1.926063e+01
      vertex   -1.121427e+01 -3.066896e+00 1.928999e+01
      vertex   -2.896427e+01 -3.761469e+00 1.956909e+01
    endloop
  endfacet
  facet normal -1.445829e-04 -3.696652e-01 -9.291650e-01
    outer loop
      vertex   -2.896427e+01 -3.761469e+00 1.956909e+01
      vertex   -1.121427e+01 -3.066896e+00 1.928999e+01
      vertex   -1.121427e+01 -3.820984e+00 1.959000e+01
    endloop
  endfacet
  facet normal 1.461047e-04 -2.924937e-01 -9.562674e-01
    outer loop
      vertex   -2.896427e+01 -3.761469e+00 1.956909e+01
      vertex   -1.121427e+01 -3.820984e+00 1.959000e+01
      vertex   -2.896427e+01 -4.545085e+00 1.980877e+01
    endloop
  endfacet
  facet normal -1.278416e-04 -2.863405e-01 -9.581279e-01
    outer loop
      vertex   -2.896427e+01 -4.545085e+00 1.980877e+01
      vertex   -1.121427e+01 -3.820984e+00 1.959000e+01
      vertex   -1.121427e+01 -4.598577e+00 1.982239e+01
    endloop
  endfacet
  facet normal 1.291732e-04 -2.062423e-01 -9.785010e-01
    outer loop
      vertex   -2.896427e+01 -4.545085e+00 1.980877e+01
      vertex   -1.121427e+01 -4.598577e+00 1.982239e+01
      vertex   -2.896427e+01 -5.346921e+00 1.997778e+01
    endloop
  endfacet
  facet normal -1.107199e-04 -2.007877e-01 -9.796348e-01
    outer loop
      vertex   -2.896427e+01 -5.346921e+00 1.997778e+01
      vertex   -1.121427e+01 -4.598577e+00 1.982239e+01
      vertex   -1.121427e+01 -5.393624e+00 1.998535e+01
    endloop
  endfacet
  facet normal 1.118612e-04 -1.183546e-01 -9.929714e-01
    outer loop
      vertex   -2.896427e+01 -5.346921e+00 1.997778e+01
      vertex   -1.121427e+01 -5.393624e+00 1.998535e+01
      vertex   -2.896427e+01 -6.160615e+00 2.007477e+01
    endloop
  endfacet
  facet normal -9.321773e-05 -1.136723e-01 -9.935183e-01
    outer loop
      vertex   -2.896427e+01 -6.160615e+00 2.007477e+01
      vertex   -1.121427e+01 -5.393624e+00 1.998535e+01
      vertex   -1.121427e+01 -6.199940e+00 2.007760e+01
    endloop
  endfacet
  facet normal 9.416880e-05 -2.952786e-02 -9.995640e-01
    outer loop
      vertex   -2.896427e+01 -6.160615e+00 2.007477e+01
      vertex   -1.121427e+01 -6.199940e+00 2.007760e+01
      vertex   -2.896427e+01 -6.979711e+00 2.009896e+01
    endloop
  endfacet
  facet normal -7.533506e-05 -2.567234e-02 -9.996704e-01
    outer loop
      vertex   -2.896427e+01 -6.979711e+00 2.009896e+01
      vertex   -1.121427e+01 -6.199940e+00 2.007760e+01
      vertex   -1.121427e+01 -7.011248e+00 2.009843e+01
    endloop
  endfacet
  facet normal 7.609591e-05 5.953310e-02 -9.982263e-01
    outer loop
      vertex   -2.896427e+01 -6.979711e+00 2.009896e+01
      vertex   -1.121427e+01 -7.011248e+00 2.009843e+01
      vertex   -2.896427e+01 -7.797710e+00 2.005018e+01
    endloop
  endfacet
  facet normal -5.707194e-05 6.252739e-02 -9.980432e-01
    outer loop
      vertex   -2.896427e+01 -7.797710e+00 2.005018e+01
      vertex   -1.121427e+01 -7.011248e+00 2.009843e+01
      vertex   -1.121427e+01 -7.821235e+00 2.004769e+01
    endloop
  endfacet
  facet normal 5.764256e-05 1.481217e-01 -9.889691e-01
    outer loop
      vertex   -2.896427e+01 -7.797710e+00 2.005018e+01
      vertex   -1.121427e+01 -7.821235e+00 2.004769e+01
      vertex   -2.896427e+01 -8.608124e+00 1.992880e+01
    endloop
  endfacet
  facet normal -3.842838e-05 1.502405e-01 -9.886495e-01
    outer loop
      vertex   -2.896427e+01 -8.608124e+00 1.992880e+01
      vertex   -1.121427e+01 -7.821235e+00 2.004769e+01
      vertex   -1.121427e+01 -8.623599e+00 1.992576e+01
    endloop
  endfacet
  facet normal 3.899899e-05 2.357435e-01 -9.718153e-01
    outer loop
      vertex   -2.896427e+01 -8.608124e+00 1.992880e+01
      vertex   -1.121427e+01 -8.623599e+00 1.992576e+01
      vertex   -2.896427e+01 -9.408309e+00 1.973469e+01
    endloop
  endfacet
  facet normal -9.749749e-06 2.367845e-01 -9.715622e-01
    outer loop
      vertex   -2.896427e+01 -9.408309e+00 1.973469e+01
      vertex   -1.121427e+01 -8.623599e+00 1.992576e+01
      vertex   -1.121427e+01 -9.412095e+00 1.973359e+01
    endloop
  endfacet
  facet normal 9.750206e-06 3.210820e-01 -9.470514e-01
    outer loop
      vertex   -2.896427e+01 -9.408309e+00 1.973469e+01
      vertex   -1.121427e+01 -9.412095e+00 1.973359e+01
      vertex   -4.671427e+01 -1.018059e+01 1.947268e+01
    endloop
  endfacet
  facet normal 0.000000e+00 3.214859e-01 -9.469144e-01
    outer loop
      vertex   -4.671427e+01 -1.018059e+01 1.947268e+01
      vertex   -1.121427e+01 -9.412095e+00 1.973359e+01
      vertex   -1.121427e+01 -1.018059e+01 1.947268e+01
    endloop
  endfacet
  facet normal 9.844849e-06 3.210801e-01 -9.470520e-01
    outer loop
      vertex   -4.671427e+01 -1.018059e+01 1.947268e+01
      vertex   -4.671427e+01 -9.404523e+00 1.973579e+01
      vertex   -2.896427e+01 -9.408309e+00 1.973469e+01
    endloop
  endfacet
  facet normal -9.892398e-06 2.357435e-01 -9.718153e-01
    outer loop
      vertex   -2.896427e+01 -9.408309e+00 1.973469e+01
      vertex   -4.671427e+01 -9.404523e+00 1.973579e+01
      vertex   -2.896427e+01 -8.608124e+00 1.992880e+01
    endloop
  endfacet
  facet normal 1.707787e-16 2.355352e-01 -9.718658e-01
    outer loop
      vertex   -4.671427e+01 -9.404523e+00 1.973579e+01
      vertex   -4.671427e+01 -8.608124e+00 1.992880e+01
      vertex   -2.896427e+01 -8.608124e+00 1.992880e+01
    endloop
  endfacet
  facet normal 1.831215e-16 1.481217e-01 -9.889691e-01
    outer loop
      vertex   -2.896427e+01 -8.608124e+00 1.992880e+01
      vertex   -4.671427e+01 -8.608124e+00 1.992880e+01
      vertex   -2.896427e+01 -7.797710e+00 2.005018e+01
    endloop
  endfacet
  facet normal 1.437900e-17 1.481217e-01 -9.889691e-01
    outer loop
      vertex   -4.671427e+01 -8.608124e+00 1.992880e+01
      vertex   -4.671427e+01 -7.797710e+00 2.005018e+01
      vertex   -2.896427e+01 -7.797710e+00 2.005018e+01
    endloop
  endfacet
  facet normal 5.957861e-18 5.953310e-02 -9.982263e-01
    outer loop
      vertex   -2.896427e+01 -7.797710e+00 2.005018e+01
      vertex   -4.671427e+01 -7.797710e+00 2.005018e+01
      vertex   -2.896427e+01 -6.979711e+00 2.009896e+01
    endloop
  endfacet
  facet normal -9.081550e-18 5.953310e-02 -9.982263e-01
    outer loop
      vertex   -4.671427e+01 -7.797710e+00 2.005018e+01
      vertex   -4.671427e+01 -6.979711e+00 2.009896e+01
      vertex   -2.896427e+01 -6.979711e+00 2.009896e+01
    endloop
  endfacet
  facet normal 4.432564e-18 -2.952786e-02 -9.995640e-01
    outer loop
      vertex   -2.896427e+01 -6.979711e+00 2.009896e+01
      vertex   -4.671427e+01 -6.979711e+00 2.009896e+01
      vertex   -2.896427e+01 -6.160615e+00 2.007477e+01
    endloop
  endfacet
  facet normal 8.827407e-18 -2.952786e-02 -9.995640e-01
    outer loop
      vertex   -4.671427e+01 -6.979711e+00 2.009896e+01
      vertex   -4.671427e+01 -6.160615e+00 2.007477e+01
      vertex   -2.896427e+01 -6.160615e+00 2.007477e+01
    endloop
  endfacet
  facet normal 3.553351e-17 -1.183546e-01 -9.929714e-01
    outer loop
      vertex   -2.896427e+01 -6.160615e+00 2.007477e+01
      vertex   -4.671427e+01 -6.160615e+00 2.007477e+01
      vertex   -2.896427e+01 -5.346921e+00 1.997778e+01
    endloop
  endfacet
  facet normal 1.738505e-17 -1.183546e-01 -9.929714e-01
    outer loop
      vertex   -4.671427e+01 -6.160615e+00 2.007477e+01
      vertex   -4.671427e+01 -5.346921e+00 1.997778e+01
      vertex   -2.896427e+01 -5.346921e+00 1.997778e+01
    endloop
  endfacet
  facet normal 3.095999e-17 -2.062423e-01 -9.785010e-01
    outer loop
      vertex   -2.896427e+01 -5.346921e+00 1.997778e+01
      vertex   -4.671427e+01 -5.346921e+00 1.997778e+01
      vertex   -2.896427e+01 -4.545085e+00 1.980877e+01
    endloop
  endfacet
  facet normal -9.432872e-18 -2.062423e-01 -9.785010e-01
    outer loop
      vertex   -4.671427e+01 -5.346921e+00 1.997778e+01
      vertex   -4.671427e+01 -4.545085e+00 1.980877e+01
      vertex   -2.896427e+01 -4.545085e+00 1.980877e+01
    endloop
  endfacet
  facet normal -1.463587e-17 -2.924937e-01 -9.562674e-01
    outer loop
      vertex   -2.896427e+01 -4.545085e+00 1.980877e+01
      vertex   -4.671427e+01 -4.545085e+00 1.980877e+01
      vertex   -2.896427e+01 -3.761469e+00 1.956909e+01
    endloop
  endfacet
  facet normal -8.805920e-17 -2.924937e-01 -9.562674e-01
    outer loop
      vertex   -4.671427e+01 -4.545085e+00 1.980877e+01
      vertex   -4.671427e+01 -3.761469e+00 1.956909e+01
      vertex   -2.896427e+01 -3.761469e+00 1.956909e+01
    endloop
  endfacet
  facet normal -1.130137e-16 -3.764246e-01 -9.264472e-01
    outer loop
      vertex   -2.896427e+01 -3.761469e+00 1.956909e+01
      vertex   -4.671427e+01 -3.761469e+00 1.956909e+01
      vertex   -2.896427e+01 -3.002289e+00 1.926063e+01
    endloop
  endfacet
  facet normal 4.726772e-17 -3.764246e-01 -9.264472e-01
    outer loop
      vertex   -4.671427e+01 -3.761469e+00 1.956909e+01
      vertex   -4.671427e+01 -3.002289e+00 1.926063e+01
      vertex   -2.896427e+01 -3.002289e+00 1.926063e+01
    endloop
  endfacet
  facet normal 5.721485e-17 -4.573691e-01 -8.892769e-01
    outer loop
      vertex   -2.896427e+01 -3.002289e+00 1.926063e+01
      vertex   -4.671427e+01 -3.002289e+00 1.926063e+01
      vertex   -2.896427e+01 -2.273568e+00 1.888583e+01
    endloop
  endfacet
  facet normal 3.520633e-17 -4.573691e-01 -8.892769e-01
    outer loop
      vertex   -4.671427e+01 -3.002289e+00 1.926063e+01
      vertex   -4.671427e+01 -2.273568e+00 1.888583e+01
      vertex   -2.896427e+01 -2.273568e+00 1.888583e+01
    endloop
  endfacet
  facet normal 4.013203e-17 -5.346850e-01 -8.450514e-01
    outer loop
      vertex   -2.896427e+01 -2.273568e+00 1.888583e+01
      vertex   -4.671427e+01 -2.273568e+00 1.888583e+01
      vertex   -2.896427e+01 -1.581088e+00 1.844768e+01
    endloop
  endfacet
  facet normal -1.372341e-16 -5.346850e-01 -8.450514e-01
    outer loop
      vertex   -4.671427e+01 -2.273568e+00 1.888583e+01
      vertex   -4.671427e+01 -1.581088e+00 1.844768e+01
      vertex   -2.896427e+01 -1.581088e+00 1.844768e+01
    endloop
  endfacet
  facet normal -1.209318e-16 -6.077589e-01 -7.941216e-01
    outer loop
      vertex   -2.896427e+01 -1.581088e+00 1.844768e+01
      vertex   -4.671427e+01 -1.581088e+00 1.844768e+01
      vertex   -2.896427e+01 -9.303421e-01 1.794965e+01
    endloop
  endfacet
  facet normal -7.586266e-17 -6.077589e-01 -7.941216e-01
    outer loop
      vertex   -4.671427e+01 -1.581088e+00 1.844768e+01
      vertex   -4.671427e+01 -9.303421e-01 1.794965e+01
      vertex   -2.896427e+01 -9.303421e-01 1.794965e+01
    endloop
  endfacet
  facet normal -8.456598e-17 -6.760111e-01 -7.368915e-01
    outer loop
      vertex   -2.896427e+01 -9.303421e-01 1.794965e+01
      vertex   -4.671427e+01 -9.303421e-01 1.794965e+01
      vertex   -2.896427e+01 -3.264941e-01 1.739570e+01
    endloop
  endfacet
  facet normal 4.080378e-17 -6.760111e-01 -7.368915e-01
    outer loop
      vertex   -4.671427e+01 -9.303421e-01 1.794965e+01
      vertex   -4.671427e+01 -3.264941e-01 1.739570e+01
      vertex   -2.896427e+01 -3.264941e-01 1.739570e+01
    endloop
  endfacet
  facet normal 4.621655e-17 -7.389000e-01 -6.738151e-01
    outer loop
      vertex   -2.896427e+01 -3.264941e-01 1.739570e+01
      vertex   -4.671427e+01 -3.264941e-01 1.739570e+01
      vertex   -2.896427e+01 2.256659e-01 1.679020e+01
    endloop
  endfacet
  facet normal -4.738571e-17 -7.389000e-01 -6.738151e-01
    outer loop
      vertex   -4.671427e+01 -3.264941e-01 1.739570e+01
      vertex   -4.671427e+01 2.256659e-01 1.679020e+01
      vertex   -2.896427e+01 2.256659e-01 1.679020e+01
    endloop
  endfacet
  facet normal -4.978345e-17 -7.959268e-01 -6.053929e-01
    outer loop
      vertex   -2.896427e+01 2.256659e-01 1.679020e+01
      vertex   -4.671427e+01 2.256659e-01 1.679020e+01
      vertex   -2.896427e+01 7.217571e-01 1.613798e+01
    endloop
  endfacet
  facet normal -7.132831e-17 -7.959268e-01 -6.053929e-01
    outer loop
      vertex   -4.671427e+01 2.256659e-01 1.679020e+01
      vertex   -4.671427e+01 7.217571e-01 1.613798e+01
      vertex   -2.896427e+01 7.217571e-01 1.613798e+01
    endloop
  endfacet
  facet normal -5.355954e-17 -8.466389e-01 -5.321678e-01
    outer loop
      vertex   -2.896427e+01 7.217571e-01 1.613798e+01
      vertex   -4.671427e+01 7.217571e-01 1.613798e+01
      vertex   -2.896427e+01 1.157844e+00 1.544420e+01
    endloop
  endfacet
  facet normal 2.284561e-19 -8.466389e-01 -5.321678e-01
    outer loop
      vertex   -4.671427e+01 7.217571e-01 1.613798e+01
      vertex   -4.671427e+01 1.157844e+00 1.544420e+01
      vertex   -2.896427e+01 1.157844e+00 1.544420e+01
    endloop
  endfacet
  facet normal -1.020036e-17 -8.906341e-01 -4.547206e-01
    outer loop
      vertex   -2.896427e+01 1.157844e+00 1.544420e+01
      vertex   -4.671427e+01 1.157844e+00 1.544420e+01
      vertex   -2.896427e+01 1.530466e+00 1.471436e+01
    endloop
  endfacet
  facet normal -3.586805e-17 -8.906341e-01 -4.547206e-01
    outer loop
      vertex   -4.671427e+01 1.157844e+00 1.544420e+01
      vertex   -4.671427e+01 1.530466e+00 1.471436e+01
      vertex   -2.896427e+01 1.530466e+00 1.471436e+01
    endloop
  endfacet
  facet normal -1.677327e-17 -9.275634e-01 -3.736659e-01
    outer loop
      vertex   -2.896427e+01 1.530466e+00 1.471436e+01
      vertex   -4.671427e+01 1.530466e+00 1.471436e+01
      vertex   -2.896427e+01 1.836668e+00 1.395427e+01
    endloop
  endfacet
  facet normal 3.699582e-17 -9.275634e-01 -3.736659e-01
    outer loop
      vertex   -4.671427e+01 1.530466e+00 1.471436e+01
      vertex   -4.671427e+01 1.836668e+00 1.395427e+01
      vertex   -2.896427e+01 1.836668e+00 1.395427e+01
    endloop
  endfacet
  facet normal 2.898680e-17 -9.571337e-01 -2.896466e-01
    outer loop
      vertex   -2.896427e+01 1.836668e+00 1.395427e+01
      vertex   -4.671427e+01 1.836668e+00 1.395427e+01
      vertex   -2.896427e+01 2.074019e+00 1.316994e+01
    endloop
  endfacet
  facet normal -2.814259e-17 -9.571337e-01 -2.896466e-01
    outer loop
      vertex   -4.671427e+01 1.836668e+00 1.395427e+01
      vertex   -4.671427e+01 2.074019e+00 1.316994e+01
      vertex   -2.896427e+01 2.074019e+00 1.316994e+01
    endloop
  endfacet
  facet normal -2.034847e-17 -9.791104e-01 -2.033293e-01
    outer loop
      vertex   -2.896427e+01 2.074019e+00 1.316994e+01
      vertex   -4.671427e+01 2.074019e+00 1.316994e+01
      vertex   -2.896427e+01 2.240638e+00 1.236761e+01
    endloop
  endfacet
  facet normal 1.976107e-17 -9.791104e-01 -2.033293e-01
    outer loop
      vertex   -4.671427e+01 2.074019e+00 1.316994e+01
      vertex   -4.671427e+01 2.240638e+00 1.236761e+01
      vertex   -2.896427e+01 2.240638e+00 1.236761e+01
    endloop
  endfacet
  facet normal 1.154871e-17 -9.933192e-01 -1.153989e-01
    outer loop
      vertex   -2.896427e+01 2.240638e+00 1.236761e+01
      vertex   -4.671427e+01 2.240638e+00 1.236761e+01
      vertex   -2.896427e+01 2.335202e+00 1.155363e+01
    endloop
  endfacet
  facet normal -1.186468e-17 -9.933192e-01 -1.153989e-01
    outer loop
      vertex   -4.671427e+01 2.240638e+00 1.236761e+01
      vertex   -4.671427e+01 2.335202e+00 1.155363e+01
      vertex   -2.896427e+01 2.335202e+00 1.155363e+01
    endloop
  endfacet
  facet normal -2.657330e-18 -9.996474e-01 -2.655301e-02
    outer loop
      vertex   -2.896427e+01 2.335202e+00 1.155363e+01
      vertex   -4.671427e+01 2.335202e+00 1.155363e+01
      vertex   -2.896427e+01 2.356961e+00 1.073446e+01
    endloop
  endfacet
  facet normal -5.342200e-18 -9.996474e-01 -2.655301e-02
    outer loop
      vertex   -4.671427e+01 2.335202e+00 1.155363e+01
      vertex   -4.671427e+01 2.356961e+00 1.073446e+01
      vertex   -2.896427e+01 2.356961e+00 1.073446e+01
    endloop
  endfacet
  facet normal 1.251027e-17 -9.980447e-01 6.250358e-02
    outer loop
      vertex   -2.896427e+01 2.356961e+00 1.073446e+01
      vertex   -4.671427e+01 2.356961e+00 1.073446e+01
      vertex   -2.896427e+01 2.305743e+00 9.916612e+00
    endloop
  endfacet
  facet normal 3.719833e-17 -9.980447e-01 6.250358e-02
    outer loop
      vertex   -4.671427e+01 2.356961e+00 1.073446e+01
      vertex   -4.671427e+01 2.305743e+00 9.916612e+00
      vertex   -2.896427e+01 2.305743e+00 9.916612e+00
    endloop
  endfacet
  facet normal 1.922803e-17 -9.885239e-01 1.510643e-01
    outer loop
      vertex   -2.896427e+01 2.305743e+00 9.916612e+00
      vertex   -4.671427e+01 2.305743e+00 9.916612e+00
      vertex   -2.896427e+01 2.181952e+00 9.106563e+00
    endloop
  endfacet
  facet normal 1.552250e-17 -9.885239e-01 1.510643e-01
    outer loop
      vertex   -4.671427e+01 2.305743e+00 9.916612e+00
      vertex   -4.671427e+01 2.181952e+00 9.106563e+00
      vertex   -2.896427e+01 2.181952e+00 9.106563e+00
    endloop
  endfacet
  facet normal 2.386087e-17 -9.711605e-01 2.384265e-01
    outer loop
      vertex   -2.896427e+01 2.181952e+00 9.106563e+00
      vertex   -4.671427e+01 2.181952e+00 9.106563e+00
      vertex   -2.896427e+01 1.986573e+00 8.310742e+00
    endloop
  endfacet
  facet normal -4.825270e-17 -9.711605e-01 2.384265e-01
    outer loop
      vertex   -4.671427e+01 2.181952e+00 9.106563e+00
      vertex   -4.671427e+01 1.986573e+00 8.310742e+00
      vertex   -2.896427e+01 1.986573e+00 8.310742e+00
    endloop
  endfacet
  facet normal -6.482894e-17 -9.460923e-01 3.238971e-01
    outer loop
      vertex   -2.896427e+01 1.986573e+00 8.310742e+00
      vertex   -4.671427e+01 1.986573e+00 8.310742e+00
      vertex   -2.896427e+01 1.721155e+00 7.535464e+00
    endloop
  endfacet
  facet normal 3.200422e-17 -9.460923e-01 3.238971e-01
    outer loop
      vertex   -4.671427e+01 1.986573e+00 8.310742e+00
      vertex   -4.671427e+01 1.721155e+00 7.535464e+00
      vertex   -2.896427e+01 1.721155e+00 7.535464e+00
    endloop
  endfacet
  facet normal 4.071090e-17 -9.135181e-01 4.067980e-01
    outer loop
      vertex   -2.896427e+01 1.721155e+00 7.535464e+00
      vertex   -4.671427e+01 1.721155e+00 7.535464e+00
      vertex   -2.896427e+01 1.387803e+00 6.786879e+00
    endloop
  endfacet
  facet normal 1.707552e-17 -9.135181e-01 4.067980e-01
    outer loop
      vertex   -4.671427e+01 1.721155e+00 7.535464e+00
      vertex   -4.671427e+01 1.387803e+00 6.786879e+00
      vertex   -2.896427e+01 1.387803e+00 6.786879e+00
    endloop
  endfacet
  facet normal 5.963420e-18 -8.736964e-01 4.864716e-01
    outer loop
      vertex   -2.896427e+01 1.387803e+00 6.786879e+00
      vertex   -4.671427e+01 1.387803e+00 6.786879e+00
      vertex   -2.896427e+01 9.891618e-01 6.070925e+00
    endloop
  endfacet
  facet normal 5.453631e-17 -8.736964e-01 4.864716e-01
    outer loop
      vertex   -4.671427e+01 1.387803e+00 6.786879e+00
      vertex   -4.671427e+01 9.891618e-01 6.070925e+00
      vertex   -2.896427e+01 9.891618e-01 6.070925e+00
    endloop
  endfacet
  facet normal 5.172345e-17 -8.269431e-01 5.622857e-01
    outer loop
      vertex   -2.896427e+01 9.891618e-01 6.070925e+00
      vertex   -4.671427e+01 9.891618e-01 6.070925e+00
      vertex   -2.896427e+01 5.283951e-01 5.393284e+00
    endloop
  endfacet
  facet normal 2.468612e-17 -8.269431e-01 5.622857e-01
    outer loop
      vertex   -4.671427e+01 9.891618e-01 6.070925e+00
      vertex   -4.671427e+01 5.283951e-01 5.393284e+00
      vertex   -2.896427e+01 5.283951e-01 5.393284e+00
    endloop
  endfacet
  facet normal 1.668262e-17 -7.736291e-01 6.336387e-01
    outer loop
      vertex   -2.896427e+01 5.283951e-01 5.393284e+00
      vertex   -4.671427e+01 5.283951e-01 5.393284e+00
      vertex   -2.896427e+01 9.157749e-03 4.759331e+00
    endloop
  endfacet
  facet normal -6.299542e-17 -7.736291e-01 6.336387e-01
    outer loop
      vertex   -4.671427e+01 5.283951e-01 5.393284e+00
      vertex   -4.671427e+01 9.157749e-03 4.759331e+00
      vertex   -2.896427e+01 9.157749e-03 4.759331e+00
    endloop
  endfacet
  facet normal -7.004998e-17 -7.141774e-01 6.999647e-01
    outer loop
      vertex   -2.896427e+01 9.157749e-03 4.759331e+00
      vertex   -4.671427e+01 9.157749e-03 4.759331e+00
      vertex   -2.896427e+01 -5.644306e-01 4.174096e+00
    endloop
  endfacet
  facet normal -2.724650e-17 -7.141774e-01 6.999647e-01
    outer loop
      vertex   -4.671427e+01 9.157749e-03 4.759331e+00
      vertex   -4.671427e+01 -5.644306e-01 4.174096e+00
      vertex   -2.896427e+01 -5.644306e-01 4.174096e+00
    endloop
  endfacet
  facet normal -3.398805e-17 -6.594309e-01 7.517652e-01
    outer loop
      vertex   -2.896427e+01 -5.644306e-01 4.174096e+00
      vertex   -4.671427e+01 -5.644306e-01 4.174096e+00
      vertex   -3.371427e+01 -9.909083e-01 3.800000e+00
    endloop
  endfacet
  facet normal 5.984292e-04 -6.490596e-01 7.607374e-01
    outer loop
      vertex   -4.671427e+01 -5.644306e-01 4.174096e+00
      vertex   -4.671427e+01 -1.187819e+00 3.642222e+00
      vertex   -3.371427e+01 -9.909083e-01 3.800000e+00
    endloop
  endfacet
  facet normal 1.774496e-04 -6.324048e-01 7.746381e-01
    outer loop
      vertex   -3.371427e+01 -9.909083e-01 3.800000e+00
      vertex   -4.671427e+01 -1.187819e+00 3.642222e+00
      vertex   -3.371427e+01 -1.056064e+00 3.746808e+00
    endloop
  endfacet
  facet normal 5.915151e-05 -6.252963e-01 7.803874e-01
    outer loop
      vertex   -3.371427e+01 -1.056064e+00 3.746808e+00
      vertex   -4.671427e+01 -1.187819e+00 3.642222e+00
      vertex   -3.371427e+01 -1.121702e+00 3.694214e+00
    endloop
  endfacet
  facet normal -1.621605e-17 -6.181356e-01 7.860715e-01
    outer loop
      vertex   -3.371427e+01 -1.121702e+00 3.694214e+00
      vertex   -4.671427e+01 -1.187819e+00 3.642222e+00
      vertex   -3.371427e+01 -1.187819e+00 3.642222e+00
    endloop
  endfacet
  facet normal -3.812863e-16 3.045773e-01 -9.524876e-01
    outer loop
      vertex   -1.121427e+01 -1.065215e+01 1.932189e+01
      vertex   -2.008927e+01 -1.065215e+01 1.932189e+01
      vertex   -1.121427e+01 -1.018059e+01 1.947268e+01
    endloop
  endfacet
  facet normal 2.516244e-19 3.045773e-01 -9.524876e-01
    outer loop
      vertex   -1.121427e+01 -1.018059e+01 1.947268e+01
      vertex   -2.008927e+01 -1.065215e+01 1.932189e+01
      vertex   -2.896427e+01 -1.065215e+01 1.932189e+01
    endloop
  endfacet
  facet normal 0.000000e+00 3.045773e-01 -9.524876e-01
    outer loop
      vertex   -1.121427e+01 -1.018059e+01 1.947268e+01
      vertex   -2.896427e+01 -1.065215e+01 1.932189e+01
      vertex   -4.671427e+01 -1.018059e+01 1.947268e+01
    endloop
  endfacet
  facet normal 2.516244e-19 3.045773e-01 -9.524876e-01
    outer loop
      vertex   -4.671427e+01 -1.018059e+01 1.947268e+01
      vertex   -2.896427e+01 -1.065215e+01 1.932189e+01
      vertex   -3.783927e+01 -1.065215e+01 1.932189e+01
    endloop
  endfacet
  facet normal 3.815379e-16 3.045773e-01 -9.524876e-01
    outer loop
      vertex   -4.671427e+01 -1.018059e+01 1.947268e+01
      vertex   -3.783927e+01 -1.065215e+01 1.932189e+01
      vertex   -4.671427e+01 -1.065215e+01 1.932189e+01
    endloop
  endfacet
  facet normal 3.934276e-16 1.845793e-01 -9.828176e-01
    outer loop
      vertex   -4.671427e+01 -1.065215e+01 1.932189e+01
      vertex   -3.783927e+01 -1.065215e+01 1.932189e+01
      vertex   -4.671427e+01 -1.113873e+01 1.923050e+01
    endloop
  endfacet
  facet normal 0.000000e+00 1.845793e-01 -9.828176e-01
    outer loop
      vertex   -4.671427e+01 -1.113873e+01 1.923050e+01
      vertex   -3.783927e+01 -1.065215e+01 1.932189e+01
      vertex   -3.783927e+01 -1.113873e+01 1.923050e+01
    endloop
  endfacet
  facet normal 0.000000e+00 6.175360e-02 -9.980914e-01
    outer loop
      vertex   -4.671427e+01 -1.113873e+01 1.923050e+01
      vertex   -3.783927e+01 -1.113873e+01 1.923050e+01
      vertex   -4.671427e+01 -1.163287e+01 1.919993e+01
    endloop
  endfacet
  facet normal 0.000000e+00 6.175360e-02 -9.980914e-01
    outer loop
      vertex   -4.671427e+01 -1.163287e+01 1.919993e+01
      vertex   -3.783927e+01 -1.113873e+01 1.923050e+01
      vertex   -3.783927e+01 -1.163287e+01 1.919993e+01
    endloop
  endfacet
  facet normal 0.000000e+00 -6.201809e-02 -9.980750e-01
    outer loop
      vertex   -4.671427e+01 -1.163287e+01 1.919993e+01
      vertex   -3.783927e+01 -1.163287e+01 1.919993e+01
      vertex   -4.671427e+01 -1.212701e+01 1.923063e+01
    endloop
  endfacet
  facet normal 0.000000e+00 -6.201809e-02 -9.980750e-01
    outer loop
      vertex   -4.671427e+01 -1.212701e+01 1.923063e+01
      vertex   -3.783927e+01 -1.163287e+01 1.919993e+01
      vertex   -3.783927e+01 -1.212701e+01 1.923063e+01
    endloop
  endfacet
  facet normal 0.000000e+00 -1.848397e-01 -9.827687e-01
    outer loop
      vertex   -4.671427e+01 -1.212701e+01 1.923063e+01
      vertex   -3.783927e+01 -1.212701e+01 1.923063e+01
      vertex   -4.671427e+01 -1.261356e+01 1.932215e+01
    endloop
  endfacet
  facet normal 0.000000e+00 -1.848397e-01 -9.827687e-01
    outer loop
      vertex   -4.671427e+01 -1.261356e+01 1.932215e+01
      vertex   -3.783927e+01 -1.212701e+01 1.923063e+01
      vertex   -3.783927e+01 -1.261356e+01 1.932215e+01
    endloop
  endfacet
  facet normal 0.000000e+00 -3.048297e-01 -9.524069e-01
    outer loop
      vertex   -4.671427e+01 -1.261356e+01 1.932215e+01
      vertex   -3.783927e+01 -1.261356e+01 1.932215e+01
      vertex   -4.671427e+01 -1.308509e+01 1.947306e+01
    endloop
  endfacet
  facet normal 0.000000e+00 -3.048297e-01 -9.524069e-01
    outer loop
      vertex   -4.671427e+01 -1.308509e+01 1.947306e+01
      vertex   -3.783927e+01 -1.261356e+01 1.932215e+01
      vertex   -3.783927e+01 -1.308509e+01 1.947306e+01
    endloop
  endfacet
  facet normal 0.000000e+00 -4.201498e-01 -9.074548e-01
    outer loop
      vertex   -4.671427e+01 -1.308509e+01 1.947306e+01
      vertex   -3.783927e+01 -1.308509e+01 1.947306e+01
      vertex   -4.671427e+01 -1.353436e+01 1.968107e+01
    endloop
  endfacet
  facet normal 0.000000e+00 -4.201498e-01 -9.074548e-01
    outer loop
      vertex   -4.671427e+01 -1.353436e+01 1.968107e+01
      vertex   -3.783927e+01 -1.308509e+01 1.947306e+01
      vertex   -3.783927e+01 -1.353436e+01 1.968107e+01
    endloop
  endfacet
  facet normal 0.000000e+00 -5.290335e-01 -8.486009e-01
    outer loop
      vertex   -4.671427e+01 -1.353436e+01 1.968107e+01
      vertex   -3.783927e+01 -1.353436e+01 1.968107e+01
      vertex   -4.671427e+01 -1.395449e+01 1.994299e+01
    endloop
  endfacet
  facet normal -3.396999e-16 -5.290335e-01 -8.486009e-01
    outer loop
      vertex   -4.671427e+01 -1.395449e+01 1.994299e+01
      vertex   -3.783927e+01 -1.353436e+01 1.968107e+01
      vertex   -3.783927e+01 -1.395449e+01 1.994299e+01
    endloop
  endfacet
  facet normal -3.109363e-16 -6.298127e-01 -7.767470e-01
    outer loop
      vertex   -4.671427e+01 -1.395449e+01 1.994299e+01
      vertex   -3.783927e+01 -1.395449e+01 1.994299e+01
      vertex   -4.671427e+01 -1.433904e+01 2.025480e+01
    endloop
  endfacet
  facet normal 1.561009e-18 -6.298127e-01 -7.767470e-01
    outer loop
      vertex   -4.671427e+01 -1.433904e+01 2.025480e+01
      vertex   -3.783927e+01 -1.395449e+01 1.994299e+01
      vertex   -2.896427e+01 -1.395449e+01 1.994299e+01
    endloop
  endfacet
  facet normal 0.000000e+00 -6.298127e-01 -7.767470e-01
    outer loop
      vertex   -4.671427e+01 -1.433904e+01 2.025480e+01
      vertex   -2.896427e+01 -1.395449e+01 1.994299e+01
      vertex   -1.121427e+01 -1.433904e+01 2.025480e+01
    endloop
  endfacet
  facet normal 1.561009e-18 -6.298127e-01 -7.767470e-01
    outer loop
      vertex   -1.121427e+01 -1.433904e+01 2.025480e+01
      vertex   -2.896427e+01 -1.395449e+01 1.994299e+01
      vertex   -2.008927e+01 -1.395449e+01 1.994299e+01
    endloop
  endfacet
  facet normal 3.124973e-16 -6.298127e-01 -7.767470e-01
    outer loop
      vertex   -1.121427e+01 -1.433904e+01 2.025480e+01
      vertex   -2.008927e+01 -1.395449e+01 1.994299e+01
      vertex   -1.121427e+01 -1.395449e+01 1.994299e+01
    endloop
  endfacet
  facet normal 3.396999e-16 -5.290335e-01 -8.486009e-01
    outer loop
      vertex   -1.121427e+01 -1.395449e+01 1.994299e+01
      vertex   -2.008927e+01 -1.395449e+01 1.994299e+01
      vertex   -1.121427e+01 -1.353436e+01 1.968107e+01
    endloop
  endfacet
  facet normal -0.000000e+00 -5.290335e-01 -8.486009e-01
    outer loop
      vertex   -1.121427e+01 -1.353436e+01 1.968107e+01
      vertex   -2.008927e+01 -1.395449e+01 1.994299e+01
      vertex   -2.008927e+01 -1.353436e+01 1.968107e+01
    endloop
  endfacet
  facet normal -0.000000e+00 -4.201498e-01 -9.074548e-01
    outer loop
      vertex   -1.121427e+01 -1.353436e+01 1.968107e+01
      vertex   -2.008927e+01 -1.353436e+01 1.968107e+01
      vertex   -1.121427e+01 -1.308509e+01 1.947306e+01
    endloop
  endfacet
  facet normal -0.000000e+00 -4.201498e-01 -9.074548e-01
    outer loop
      vertex   -1.121427e+01 -1.308509e+01 1.947306e+01
      vertex   -2.008927e+01 -1.353436e+01 1.968107e+01
      vertex   -2.008927e+01 -1.308509e+01 1.947306e+01
    endloop
  endfacet
  facet normal -0.000000e+00 -3.048297e-01 -9.524069e-01
    outer loop
      vertex   -1.121427e+01 -1.308509e+01 1.947306e+01
      vertex   -2.008927e+01 -1.308509e+01 1.947306e+01
      vertex   -1.121427e+01 -1.261356e+01 1.932215e+01
    endloop
  endfacet
  facet normal -0.000000e+00 -3.048297e-01 -9.524069e-01
    outer loop
      vertex   -1.121427e+01 -1.261356e+01 1.932215e+01
      vertex   -2.008927e+01 -1.308509e+01 1.947306e+01
      vertex   -2.008927e+01 -1.261356e+01 1.932215e+01
    endloop
  endfacet
  facet normal -0.000000e+00 -1.848397e-01 -9.827687e-01
    outer loop
      vertex   -1.121427e+01 -1.261356e+01 1.932215e+01
      vertex   -2.008927e+01 -1.261356e+01 1.932215e+01
      vertex   -1.121427e+01 -1.212701e+01 1.923063e+01
    endloop
  endfacet
  facet normal -0.000000e+00 -1.848397e-01 -9.827687e-01
    outer loop
      vertex   -1.121427e+01 -1.212701e+01 1.923063e+01
      vertex   -2.008927e+01 -1.261356e+01 1.932215e+01
      vertex   -2.008927e+01 -1.212701e+01 1.923063e+01
    endloop
  endfacet
  facet normal -0.000000e+00 -6.201809e-02 -9.980750e-01
    outer loop
      vertex   -1.121427e+01 -1.212701e+01 1.923063e+01
      vertex   -2.008927e+01 -1.212701e+01 1.923063e+01
      vertex   -1.121427e+01 -1.163287e+01 1.919993e+01
    endloop
  endfacet
  facet normal -0.000000e+00 -6.201809e-02 -9.980750e-01
    outer loop
      vertex   -1.121427e+01 -1.163287e+01 1.919993e+01
      vertex   -2.008927e+01 -1.212701e+01 1.923063e+01
      vertex   -2.008927e+01 -1.163287e+01 1.919993e+01
    endloop
  endfacet
  facet normal 0.000000e+00 6.175360e-02 -9.980914e-01
    outer loop
      vertex   -1.121427e+01 -1.163287e+01 1.919993e+01
      vertex   -2.008927e+01 -1.163287e+01 1.919993e+01
      vertex   -1.121427e+01 -1.113873e+01 1.923050e+01
    endloop
  endfacet
  facet normal 0.000000e+00 6.175360e-02 -9.980914e-01
    outer loop
      vertex   -1.121427e+01 -1.113873e+01 1.923050e+01
      vertex   -2.008927e+01 -1.163287e+01 1.919993e+01
      vertex   -2.008927e+01 -1.113873e+01 1.923050e+01
    endloop
  endfacet
  facet normal 0.000000e+00 1.845793e-01 -9.828176e-01
    outer loop
      vertex   -1.121427e+01 -1.113873e+01 1.923050e+01
      vertex   -2.008927e+01 -1.113873e+01 1.923050e+01
      vertex   -1.121427e+01 -1.065215e+01 1.932189e+01
    endloop
  endfacet
  facet normal -3.934276e-16 1.845793e-01 -9.828176e-01
    outer loop
      vertex   -1.121427e+01 -1.065215e+01 1.932189e+01
      vertex   -2.008927e+01 -1.113873e+01 1.923050e+01
      vertex   -2.008927e+01 -1.065215e+01 1.932189e+01
    endloop
  endfacet
  facet normal 7.007493e-19 1.845793e-01 -9.828176e-01
    outer loop
      vertex   -3.783927e+01 -1.113873e+01 1.923050e+01
      vertex   -3.783927e+01 -1.065215e+01 1.932189e+01
      vertex   -2.896427e+01 -1.065215e+01 1.932189e+01
    endloop
  endfacet
  facet normal 0.000000e+00 1.845793e-01 -9.828176e-01
    outer loop
      vertex   -2.896427e+01 -1.065215e+01 1.932189e+01
      vertex   -2.008927e+01 -1.065215e+01 1.932189e+01
      vertex   -2.896427e+01 -1.113873e+01 1.923050e+01
    endloop
  endfacet
  facet normal 0.000000e+00 1.845793e-01 -9.828176e-01
    outer loop
      vertex   -2.896427e+01 -1.113873e+01 1.923050e+01
      vertex   -2.008927e+01 -1.065215e+01 1.932189e+01
      vertex   -2.008927e+01 -1.113873e+01 1.923050e+01
    endloop
  endfacet
  facet normal 0.000000e+00 6.175360e-02 -9.980914e-01
    outer loop
      vertex   -2.896427e+01 -1.113873e+01 1.923050e+01
      vertex   -2.008927e+01 -1.113873e+01 1.923050e+01
      vertex   -2.896427e+01 -1.163287e+01 1.919993e+01
    endloop
  endfacet
  facet normal 0.000000e+00 6.175360e-02 -9.980914e-01
    outer loop
      vertex   -2.896427e+01 -1.163287e+01 1.919993e+01
      vertex   -2.008927e+01 -1.113873e+01 1.923050e+01
      vertex   -2.008927e+01 -1.163287e+01 1.919993e+01
    endloop
  endfacet
  facet normal 0.000000e+00 -6.201809e-02 -9.980750e-01
    outer loop
      vertex   -2.896427e+01 -1.163287e+01 1.919993e+01
      vertex   -2.008927e+01 -1.163287e+01 1.919993e+01
      vertex   -2.896427e+01 -1.212701e+01 1.923063e+01
    endloop
  endfacet
  facet normal 0.000000e+00 -6.201809e-02 -9.980750e-01
    outer loop
      vertex   -2.896427e+01 -1.212701e+01 1.923063e+01
      vertex   -2.008927e+01 -1.163287e+01 1.919993e+01
      vertex   -2.008927e+01 -1.212701e+01 1.923063e+01
    endloop
  endfacet
  facet normal 0.000000e+00 -1.848397e-01 -9.827687e-01
    outer loop
      vertex   -2.896427e+01 -1.212701e+01 1.923063e+01
      vertex   -2.008927e+01 -1.212701e+01 1.923063e+01
      vertex   -2.896427e+01 -1.261356e+01 1.932215e+01
    endloop
  endfacet
  facet normal 3.699620e-17 -1.848397e-01 -9.827687e-01
    outer loop
      vertex   -2.896427e+01 -1.261356e+01 1.932215e+01
      vertex   -2.008927e+01 -1.212701e+01 1.923063e+01
      vertex   -2.008927e+01 -1.261356e+01 1.932215e+01
    endloop
  endfacet
  facet normal 6.101253e-17 -3.048297e-01 -9.524069e-01
    outer loop
      vertex   -2.896427e+01 -1.261356e+01 1.932215e+01
      vertex   -2.008927e+01 -1.261356e+01 1.932215e+01
      vertex   -2.896427e+01 -1.308509e+01 1.947306e+01
    endloop
  endfacet
  facet normal 0.000000e+00 -3.048297e-01 -9.524069e-01
    outer loop
      vertex   -2.896427e+01 -1.308509e+01 1.947306e+01
      vertex   -2.008927e+01 -1.261356e+01 1.932215e+01
      vertex   -2.008927e+01 -1.308509e+01 1.947306e+01
    endloop
  endfacet
  facet normal 0.000000e+00 -4.201498e-01 -9.074548e-01
    outer loop
      vertex   -2.896427e+01 -1.308509e+01 1.947306e+01
      vertex   -2.008927e+01 -1.308509e+01 1.947306e+01
      vertex   -2.896427e+01 -1.353436e+01 1.968107e+01
    endloop
  endfacet
  facet normal 0.000000e+00 -4.201498e-01 -9.074548e-01
    outer loop
      vertex   -2.896427e+01 -1.353436e+01 1.968107e+01
      vertex   -2.008927e+01 -1.308509e+01 1.947306e+01
      vertex   -2.008927e+01 -1.353436e+01 1.968107e+01
    endloop
  endfacet
  facet normal 0.000000e+00 -5.290335e-01 -8.486009e-01
    outer loop
      vertex   -2.896427e+01 -1.353436e+01 1.968107e+01
      vertex   -2.008927e+01 -1.353436e+01 1.968107e+01
      vertex   -2.896427e+01 -1.395449e+01 1.994299e+01
    endloop
  endfacet
  facet normal 0.000000e+00 -5.290335e-01 -8.486009e-01
    outer loop
      vertex   -2.896427e+01 -1.395449e+01 1.994299e+01
      vertex   -2.008927e+01 -1.353436e+01 1.968107e+01
      vertex   -2.008927e+01 -1.395449e+01 1.994299e+01
    endloop
  endfacet
  facet normal 1.293420e-19 6.175360e-02 -9.980914e-01
    outer loop
      vertex   -3.783927e+01 -1.163287e+01 1.919993e+01
      vertex   -3.783927e+01 -1.113873e+01 1.923050e+01
      vertex   -2.896427e+01 -1.113873e+01 1.923050e+01
    endloop
  endfacet
  facet normal 0.000000e+00 1.845793e-01 -9.828176e-01
    outer loop
      vertex   -2.896427e+01 -1.113873e+01 1.923050e+01
      vertex   -3.783927e+01 -1.113873e+01 1.923050e+01
      vertex   -2.896427e+01 -1.065215e+01 1.932189e+01
    endloop
  endfacet
  facet normal -1.236016e-17 6.175360e-02 -9.980914e-01
    outer loop
      vertex   -3.783927e+01 -1.163287e+01 1.919993e+01
      vertex   -2.896427e+01 -1.113873e+01 1.923050e+01
      vertex   -2.896427e+01 -1.163287e+01 1.919993e+01
    endloop
  endfacet
  facet normal 1.260621e-17 -6.201809e-02 -9.980750e-01
    outer loop
      vertex   -3.783927e+01 -1.212701e+01 1.923063e+01
      vertex   -3.783927e+01 -1.163287e+01 1.919993e+01
      vertex   -2.896427e+01 -1.163287e+01 1.919993e+01
    endloop
  endfacet
  facet normal 0.000000e+00 -6.201809e-02 -9.980750e-01
    outer loop
      vertex   -3.783927e+01 -1.212701e+01 1.923063e+01
      vertex   -2.896427e+01 -1.163287e+01 1.919993e+01
      vertex   -2.896427e+01 -1.212701e+01 1.923063e+01
    endloop
  endfacet
  facet normal -4.764313e-19 -1.848397e-01 -9.827687e-01
    outer loop
      vertex   -3.783927e+01 -1.261356e+01 1.932215e+01
      vertex   -3.783927e+01 -1.212701e+01 1.923063e+01
      vertex   -2.896427e+01 -1.212701e+01 1.923063e+01
    endloop
  endfacet
  facet normal 0.000000e+00 -1.848397e-01 -9.827687e-01
    outer loop
      vertex   -3.783927e+01 -1.261356e+01 1.932215e+01
      vertex   -2.896427e+01 -1.212701e+01 1.923063e+01
      vertex   -2.896427e+01 -1.261356e+01 1.932215e+01
    endloop
  endfacet
  facet normal 5.249412e-19 -3.048297e-01 -9.524069e-01
    outer loop
      vertex   -3.783927e+01 -1.308509e+01 1.947306e+01
      vertex   -3.783927e+01 -1.261356e+01 1.932215e+01
      vertex   -2.896427e+01 -1.261356e+01 1.932215e+01
    endloop
  endfacet
  facet normal 0.000000e+00 -3.048297e-01 -9.524069e-01
    outer loop
      vertex   -3.783927e+01 -1.308509e+01 1.947306e+01
      vertex   -2.896427e+01 -1.261356e+01 1.932215e+01
      vertex   -2.896427e+01 -1.308509e+01 1.947306e+01
    endloop
  endfacet
  facet normal -1.958187e-19 -4.201498e-01 -9.074548e-01
    outer loop
      vertex   -3.783927e+01 -1.353436e+01 1.968107e+01
      vertex   -3.783927e+01 -1.308509e+01 1.947306e+01
      vertex   -2.896427e+01 -1.308509e+01 1.947306e+01
    endloop
  endfacet
  facet normal 1.681884e-16 -4.201498e-01 -9.074548e-01
    outer loop
      vertex   -3.783927e+01 -1.353436e+01 1.968107e+01
      vertex   -2.896427e+01 -1.308509e+01 1.947306e+01
      vertex   -2.896427e+01 -1.353436e+01 1.968107e+01
    endloop
  endfacet
  facet normal 2.124558e-16 -5.290335e-01 -8.486009e-01
    outer loop
      vertex   -3.783927e+01 -1.395449e+01 1.994299e+01
      vertex   -3.783927e+01 -1.353436e+01 1.968107e+01
      vertex   -2.896427e+01 -1.353436e+01 1.968107e+01
    endloop
  endfacet
  facet normal 0.000000e+00 -5.290335e-01 -8.486009e-01
    outer loop
      vertex   -3.783927e+01 -1.395449e+01 1.994299e+01
      vertex   -2.896427e+01 -1.353436e+01 1.968107e+01
      vertex   -2.896427e+01 -1.395449e+01 1.994299e+01
    endloop
  endfacet
  facet normal -0.000000e+00 -6.766751e-01 -7.362817e-01
    outer loop
      vertex   -1.121427e+01 -1.433904e+01 2.025480e+01
      vertex   -1.121427e+01 -1.602035e+01 2.180000e+01
      vertex   -4.671427e+01 -1.433904e+01 2.025480e+01
    endloop
  endfacet
  facet normal -7.376611e-19 -6.766751e-01 -7.362817e-01
    outer loop
      vertex   -4.671427e+01 -1.433904e+01 2.025480e+01
      vertex   -1.121427e+01 -1.602035e+01 2.180000e+01
      vertex   -4.671427e+01 -1.602035e+01 2.180000e+01
    endloop
  endfacet
  facet normal -8.579202e-16 -1.938323e-16 1.000000e+00
    outer loop
      vertex   -5.006427e+01 -1.602035e+01 2.180000e+01
      vertex   -3.871427e+01 -1.127013e+01 2.180000e+01
      vertex   -5.006427e+01 2.308451e+00 2.180000e+01
    endloop
  endfacet
  facet normal 2.880844e-16 7.640848e-16 1.000000e+00
    outer loop
      vertex   -5.006427e+01 2.308451e+00 2.180000e+01
      vertex   -3.871427e+01 -1.127013e+01 2.180000e+01
      vertex   -2.871427e+01 -1.091549e+00 2.180000e+01
    endloop
  endfacet
  facet normal 1.664035e-16 0.000000e+00 1.000000e+00
    outer loop
      vertex   -5.006427e+01 2.308451e+00 2.180000e+01
      vertex   -2.871427e+01 -1.091549e+00 2.180000e+01
      vertex   -2.871427e+01 2.308451e+00 2.180000e+01
    endloop
  endfacet
  facet normal 0.000000e+00 -2.243713e-15 1.000000e+00
    outer loop
      vertex   -5.006427e+01 -1.602035e+01 2.180000e+01
      vertex   -4.671427e+01 -1.602035e+01 2.180000e+01
      vertex   -3.871427e+01 -1.127013e+01 2.180000e+01
    endloop
  endfacet
  facet normal -1.332268e-15 0.000000e+00 1.000000e+00
    outer loop
      vertex   -3.871427e+01 -1.127013e+01 2.180000e+01
      vertex   -4.671427e+01 -1.602035e+01 2.180000e+01
      vertex   -3.871427e+01 -1.333746e+01 2.180000e+01
    endloop
  endfacet
  facet normal 0.000000e+00 -3.972635e-15 1.000000e+00
    outer loop
      vertex   -3.871427e+01 -1.333746e+01 2.180000e+01
      vertex   -4.671427e+01 -1.602035e+01 2.180000e+01
      vertex   -2.271427e+01 -1.333746e+01 2.180000e+01
    endloop
  endfacet
  facet normal 0.000000e+00 -3.972635e-15 1.000000e+00
    outer loop
      vertex   -2.271427e+01 -1.333746e+01 2.180000e+01
      vertex   -4.671427e+01 -1.602035e+01 2.180000e+01
      vertex   -1.121427e+01 -1.602035e+01 2.180000e+01
    endloop
  endfacet
  facet normal 9.267949e-16 -0.000000e+00 1.000000e+00
    outer loop
      vertex   -2.271427e+01 -1.333746e+01 2.180000e+01
      vertex   -1.121427e+01 -1.602035e+01 2.180000e+01
      vertex   -2.271427e+01 -1.127013e+01 2.180000e+01
    endloop
  endfacet
  facet normal 8.284953e-16 -2.379771e-16 1.000000e+00
    outer loop
      vertex   -2.271427e+01 -1.127013e+01 2.180000e+01
      vertex   -1.121427e+01 -1.602035e+01 2.180000e+01
      vertex   -1.121427e+01 -1.091549e+00 2.180000e+01
    endloop
  endfacet
  facet normal -2.030122e-16 9.274447e-16 1.000000e+00
    outer loop
      vertex   -2.271427e+01 -1.127013e+01 2.180000e+01
      vertex   -1.121427e+01 -1.091549e+00 2.180000e+01
      vertex   -2.871427e+01 -1.091549e+00 2.180000e+01
    endloop
  endfacet
  facet normal -0.000000e+00 1.047115e-15 1.000000e+00
    outer loop
      vertex   -3.871427e+01 -1.127013e+01 2.180000e+01
      vertex   -2.271427e+01 -1.127013e+01 2.180000e+01
      vertex   -2.871427e+01 -1.091549e+00 2.180000e+01
    endloop
  endfacet
  facet normal 0.000000e+00 -7.071068e-01 -7.071068e-01
    outer loop
      vertex   -5.021427e+01 4.758451e+00 1.400000e+01
      vertex   -4.871427e+01 4.758451e+00 1.400000e+01
      vertex   -5.021427e+01 4.008451e+00 1.475000e+01
    endloop
  endfacet
  facet normal -2.512148e-15 -7.071068e-01 -7.071068e-01
    outer loop
      vertex   -5.021427e+01 4.008451e+00 1.475000e+01
      vertex   -4.871427e+01 4.758451e+00 1.400000e+01
      vertex   -4.871427e+01 4.008451e+00 1.475000e+01
    endloop
  endfacet
  facet normal 0.000000e+00 0.000000e+00 -1.000000e+00
    outer loop
      vertex   -4.871427e+01 4.758451e+00 1.400000e+01
      vertex   -5.021427e+01 4.758451e+00 1.400000e+01
      vertex   -4.871427e+01 1.008725e+01 1.400000e+01
    endloop
  endfacet
  facet normal 1.262114e-14 -3.552714e-15 -1.000000e+00
    outer loop
      vertex   -4.871427e+01 1.008725e+01 1.400000e+01
      vertex   -5.021427e+01 4.758451e+00 1.400000e+01
      vertex   -4.871427e+01 1.108725e+01 1.400000e+01
    endloop
  endfacet
  facet normal 0.000000e+00 -3.552714e-15 -1.000000e+00
    outer loop
      vertex   -4.871427e+01 1.008725e+01 1.400000e+01
      vertex   -4.871427e+01 1.108725e+01 1.400000e+01
      vertex   -4.721427e+01 1.108725e+01 1.400000e+01
    endloop
  endfacet
  facet normal -2.368476e-15 -1.422716e-30 -1.000000e+00
    outer loop
      vertex   -5.021427e+01 4.758451e+00 1.400000e+01
      vertex   -5.021427e+01 1.658725e+01 1.400000e+01
      vertex   -4.871427e+01 1.108725e+01 1.400000e+01
    endloop
  endfacet
  facet normal -2.368476e-15 0.000000e+00 -1.000000e+00
    outer loop
      vertex   -4.871427e+01 1.108725e+01 1.400000e+01
      vertex   -5.021427e+01 1.658725e+01 1.400000e+01
      vertex   -4.871427e+01 1.558725e+01 1.400000e+01
    endloop
  endfacet
  facet normal 0.000000e+00 3.552714e-15 -1.000000e+00
    outer loop
      vertex   -4.871427e+01 1.558725e+01 1.400000e+01
      vertex   -5.021427e+01 1.658725e+01 1.400000e+01
      vertex   -4.671427e+01 1.658725e+01 1.400000e+01
    endloop
  endfacet
  facet normal 0.000000e+00 3.552714e-15 -1.000000e+00
    outer loop
      vertex   -4.871427e+01 1.558725e+01 1.400000e+01
      vertex   -4.671427e+01 1.658725e+01 1.400000e+01
      vertex   -4.721427e+01 1.558725e+01 1.400000e+01
    endloop
  endfacet
  facet normal 2.057137e-14 -6.732970e-15 -1.000000e+00
    outer loop
      vertex   -4.721427e+01 1.558725e+01 1.400000e+01
      vertex   -4.671427e+01 1.658725e+01 1.400000e+01
      vertex   -4.704472e+01 1.557764e+01 1.400000e+01
    endloop
  endfacet
  facet normal 0.000000e+00 0.000000e+00 -1.000000e+00
    outer loop
      vertex   -4.704472e+01 1.557764e+01 1.400000e+01
      vertex   -4.671427e+01 1.658725e+01 1.400000e+01
      vertex   -4.687734e+01 1.554892e+01 1.400000e+01
    endloop
  endfacet
  facet normal 0.000000e+00 0.000000e+00 -1.000000e+00
    outer loop
      vertex   -4.687734e+01 1.554892e+01 1.400000e+01
      vertex   -4.671427e+01 1.658725e+01 1.400000e+01
      vertex   -4.671427e+01 1.550147e+01 1.400000e+01
    endloop
  endfacet
  facet normal 0.000000e+00 -3.552714e-15 -1.000000e+00
    outer loop
      vertex   -4.871427e+01 1.008725e+01 1.400000e+01
      vertex   -4.721427e+01 1.108725e+01 1.400000e+01
      vertex   -4.671427e+01 1.008725e+01 1.400000e+01
    endloop
  endfacet
  facet normal 2.057137e-14 6.732970e-15 -1.000000e+00
    outer loop
      vertex   -4.671427e+01 1.008725e+01 1.400000e+01
      vertex   -4.721427e+01 1.108725e+01 1.400000e+01
      vertex   -4.704472e+01 1.109687e+01 1.400000e+01
    endloop
  endfacet
  facet normal 0.000000e+00 0.000000e+00 -1.000000e+00
    outer loop
      vertex   -4.671427e+01 1.008725e+01 1.400000e+01
      vertex   -4.704472e+01 1.109687e+01 1.400000e+01
      vertex   -4.687734e+01 1.112559e+01 1.400000e+01
    endloop
  endfacet
  facet normal 0.000000e+00 0.000000e+00 -1.000000e+00
    outer loop
      vertex   -4.687734e+01 1.112559e+01 1.400000e+01
      vertex   -4.671427e+01 1.117304e+01 1.400000e+01
      vertex   -4.671427e+01 1.008725e+01 1.400000e+01
    endloop
  endfacet
  facet normal 2.930839e-15 7.071068e-01 -7.071068e-01
    outer loop
      vertex   -5.021427e+01 2.308451e+00 1.475000e+01
      vertex   -4.871427e+01 2.308451e+00 1.475000e+01
      vertex   -5.021427e+01 1.558451e+00 1.400000e+01
    endloop
  endfacet
  facet normal -2.093457e-16 7.071068e-01 -7.071068e-01
    outer loop
      vertex   -5.021427e+01 1.558451e+00 1.400000e+01
      vertex   -4.871427e+01 2.308451e+00 1.475000e+01
      vertex   -4.871427e+01 1.558451e+00 1.400000e+01
    endloop
  endfacet
  facet normal -2.326182e-15 1.000000e+00 -9.516197e-15
    outer loop
      vertex   -5.006427e+01 2.308451e+00 2.180000e+01
      vertex   -4.796427e+01 2.308451e+00 2.040000e+01
      vertex   -5.021427e+01 2.308451e+00 2.165000e+01
    endloop
  endfacet
  facet normal 2.114711e-15 1.000000e+00 -1.522592e-15
    outer loop
      vertex   -5.021427e+01 2.308451e+00 2.165000e+01
      vertex   -4.796427e+01 2.308451e+00 2.040000e+01
      vertex   -4.871427e+01 2.308451e+00 1.965000e+01
    endloop
  endfacet
  facet normal 4.144833e-15 1.000000e+00 0.000000e+00
    outer loop
      vertex   -5.021427e+01 2.308451e+00 2.165000e+01
      vertex   -4.871427e+01 2.308451e+00 1.965000e+01
      vertex   -5.021427e+01 2.308451e+00 1.475000e+01
    endloop
  endfacet
  facet normal 4.144833e-15 1.000000e+00 0.000000e+00
    outer loop
      vertex   -5.021427e+01 2.308451e+00 1.475000e+01
      vertex   -4.871427e+01 2.308451e+00 1.965000e+01
      vertex   -4.871427e+01 2.308451e+00 1.475000e+01
    endloop
  endfacet
  facet normal 2.912060e-16 1.000000e+00 -5.590116e-15
    outer loop
      vertex   -5.006427e+01 2.308451e+00 2.180000e+01
      vertex   -2.871427e+01 2.308451e+00 2.180000e+01
      vertex   -4.796427e+01 2.308451e+00 2.040000e+01
    endloop
  endfacet
  facet normal 2.076261e-16 1.000000e+00 -4.440892e-15
    outer loop
      vertex   -4.796427e+01 2.308451e+00 2.040000e+01
      vertex   -2.871427e+01 2.308451e+00 2.180000e+01
      vertex   -2.871427e+01 2.308451e+00 2.040000e+01
    endloop
  endfacet
  facet normal -7.071068e-01 0.000000e+00 7.071068e-01
    outer loop
      vertex   -4.796427e+01 4.008451e+00 2.040000e+01
      vertex   -4.871427e+01 4.008451e+00 1.965000e+01
      vertex   -4.796427e+01 2.308451e+00 2.040000e+01
    endloop
  endfacet
  facet normal -7.071068e-01 1.399991e-29 7.071068e-01
    outer loop
      vertex   -4.796427e+01 2.308451e+00 2.040000e+01
      vertex   -4.871427e+01 4.008451e+00 1.965000e+01
      vertex   -4.871427e+01 2.308451e+00 1.965000e+01
    endloop
  endfacet
  facet normal -1.000000e+00 -0.000000e+00 0.000000e+00
    outer loop
      vertex   -4.871427e+01 4.008451e+00 1.965000e+01
      vertex   -4.871427e+01 4.008451e+00 1.475000e+01
      vertex   -4.871427e+01 2.308451e+00 1.965000e+01
    endloop
  endfacet
  facet normal -1.000000e+00 0.000000e+00 0.000000e+00
    outer loop
      vertex   -4.871427e+01 2.308451e+00 1.965000e+01
      vertex   -4.871427e+01 4.008451e+00 1.475000e+01
      vertex   -4.871427e+01 2.308451e+00 1.475000e+01
    endloop
  endfacet
  facet normal -1.000000e+00 0.000000e+00 0.000000e+00
    outer loop
      vertex   -4.871427e+01 2.308451e+00 1.475000e+01
      vertex   -4.871427e+01 4.008451e+00 1.475000e+01
      vertex   -4.871427e+01 4.758451e+00 1.400000e+01
    endloop
  endfacet
  facet normal -1.000000e+00 0.000000e+00 -0.000000e+00
    outer loop
      vertex   -4.871427e+01 2.308451e+00 1.475000e+01
      vertex   -4.871427e+01 4.758451e+00 1.400000e+01
      vertex   -4.871427e+01 1.558451e+00 1.400000e+01
    endloop
  endfacet
  facet normal -1.000000e+00 0.000000e+00 -0.000000e+00
    outer loop
      vertex   -4.871427e+01 1.558451e+00 1.400000e+01
      vertex   -4.871427e+01 4.758451e+00 1.400000e+01
      vertex   -4.871427e+01 -3.770353e+00 7.600000e+00
    endloop
  endfacet
  facet normal -1.000000e+00 -0.000000e+00 0.000000e+00
    outer loop
      vertex   -4.871427e+01 1.558451e+00 1.400000e+01
      vertex   -4.871427e+01 -3.770353e+00 7.600000e+00
      vertex   -4.871427e+01 -3.770353e+00 1.400000e+01
    endloop
  endfacet
  facet normal -1.000000e+00 -0.000000e+00 -0.000000e+00
    outer loop
      vertex   -4.871427e+01 1.008725e+01 1.400000e+01
      vertex   -4.871427e+01 1.008725e+01 7.600000e+00
      vertex   -4.871427e+01 4.758451e+00 1.400000e+01
    endloop
  endfacet
  facet normal -1.000000e+00 0.000000e+00 -0.000000e+00
    outer loop
      vertex   -4.871427e+01 4.758451e+00 1.400000e+01
      vertex   -4.871427e+01 1.008725e+01 7.600000e+00
      vertex   -4.871427e+01 -3.770353e+00 7.600000e+00
    endloop
  endfacet
  facet normal 0.000000e+00 -1.000000e+00 0.000000e+00
    outer loop
      vertex   -5.021427e+01 1.658725e+01 1.400000e+01
      vertex   -5.021427e+01 1.658725e+01 7.600000e+00
      vertex   -4.671427e+01 1.658725e+01 1.400000e+01
    endloop
  endfacet
  facet normal 0.000000e+00 -1.000000e+00 -0.000000e+00
    outer loop
      vertex   -4.671427e+01 1.658725e+01 1.400000e+01
      vertex   -5.021427e+01 1.658725e+01 7.600000e+00
      vertex   -4.671427e+01 1.658725e+01 7.600000e+00
    endloop
  endfacet
  facet normal -3.781463e-17 2.645592e-16 1.000000e+00
    outer loop
      vertex   -5.021427e+01 -1.027035e+01 7.600000e+00
      vertex   -4.871427e+01 1.008725e+01 7.600000e+00
      vertex   -5.021427e+01 1.658725e+01 7.600000e+00
    endloop
  endfacet
  facet normal -1.184238e-15 0.000000e+00 1.000000e+00
    outer loop
      vertex   -5.021427e+01 1.658725e+01 7.600000e+00
      vertex   -4.871427e+01 1.008725e+01 7.600000e+00
      vertex   -4.871427e+01 1.108725e+01 7.600000e+00
    endloop
  endfacet
  facet normal -1.184238e-15 0.000000e+00 1.000000e+00
    outer loop
      vertex   -5.021427e+01 1.658725e+01 7.600000e+00
      vertex   -4.871427e+01 1.108725e+01 7.600000e+00
      vertex   -4.871427e+01 1.558725e+01 7.600000e+00
    endloop
  endfacet
  facet normal 0.000000e+00 0.000000e+00 1.000000e+00
    outer loop
      vertex   -4.671427e+01 -1.027035e+01 7.600000e+00
      vertex   -4.871427e+01 -9.270353e+00 7.600000e+00
      vertex   -5.021427e+01 -1.027035e+01 7.600000e+00
    endloop
  endfacet
  facet normal -7.894919e-16 1.184238e-15 1.000000e+00
    outer loop
      vertex   -5.021427e+01 -1.027035e+01 7.600000e+00
      vertex   -4.871427e+01 -9.270353e+00 7.600000e+00
      vertex   -4.871427e+01 -4.770353e+00 7.600000e+00
    endloop
  endfacet
  facet normal 3.552714e-15 0.000000e+00 1.000000e+00
    outer loop
      vertex   -5.021427e+01 -1.027035e+01 7.600000e+00
      vertex   -4.871427e+01 -4.770353e+00 7.600000e+00
      vertex   -4.871427e+01 -3.770353e+00 7.600000e+00
    endloop
  endfacet
  facet normal -2.368476e-15 0.000000e+00 1.000000e+00
    outer loop
      vertex   -4.871427e+01 -3.770353e+00 7.600000e+00
      vertex   -4.871427e+01 -4.770353e+00 7.600000e+00
      vertex   -4.721427e+01 -4.770353e+00 7.600000e+00
    endloop
  endfacet
  facet normal -0.000000e+00 3.552714e-15 1.000000e+00
    outer loop
      vertex   -4.871427e+01 -3.770353e+00 7.600000e+00
      vertex   -4.721427e+01 -4.770353e+00 7.600000e+00
      vertex   -4.671427e+01 -3.770353e+00 7.600000e+00
    endloop
  endfacet
  facet normal 3.585298e-14 -1.437378e-14 1.000000e+00
    outer loop
      vertex   -4.671427e+01 -3.770353e+00 7.600000e+00
      vertex   -4.721427e+01 -4.770353e+00 7.600000e+00
      vertex   -4.704472e+01 -4.779967e+00 7.600000e+00
    endloop
  endfacet
  facet normal -4.287330e-16 -2.498839e-15 1.000000e+00
    outer loop
      vertex   -4.671427e+01 -3.770353e+00 7.600000e+00
      vertex   -4.704472e+01 -4.779967e+00 7.600000e+00
      vertex   -4.687734e+01 -4.808685e+00 7.600000e+00
    endloop
  endfacet
  facet normal -6.637123e-15 4.090024e-15 1.000000e+00
    outer loop
      vertex   -4.671427e+01 -9.184566e+00 7.600000e+00
      vertex   -4.687734e+01 -9.232021e+00 7.600000e+00
      vertex   -4.671427e+01 -1.027035e+01 7.600000e+00
    endloop
  endfacet
  facet normal -8.574661e-16 4.997679e-15 1.000000e+00
    outer loop
      vertex   -4.671427e+01 -1.027035e+01 7.600000e+00
      vertex   -4.687734e+01 -9.232021e+00 7.600000e+00
      vertex   -4.704472e+01 -9.260739e+00 7.600000e+00
    endloop
  endfacet
  facet normal 3.056322e-14 1.528161e-14 1.000000e+00
    outer loop
      vertex   -4.671427e+01 -1.027035e+01 7.600000e+00
      vertex   -4.704472e+01 -9.260739e+00 7.600000e+00
      vertex   -4.721427e+01 -9.270353e+00 7.600000e+00
    endloop
  endfacet
  facet normal 0.000000e+00 0.000000e+00 1.000000e+00
    outer loop
      vertex   -4.721427e+01 -9.270353e+00 7.600000e+00
      vertex   -4.871427e+01 -9.270353e+00 7.600000e+00
      vertex   -4.671427e+01 -1.027035e+01 7.600000e+00
    endloop
  endfacet
  facet normal -2.154933e-14 8.180047e-16 1.000000e+00
    outer loop
      vertex   -4.687734e+01 -4.808685e+00 7.600000e+00
      vertex   -4.671427e+01 -4.856139e+00 7.600000e+00
      vertex   -4.671427e+01 -3.770353e+00 7.600000e+00
    endloop
  endfacet
  facet normal 3.552714e-15 -0.000000e+00 1.000000e+00
    outer loop
      vertex   -4.871427e+01 -3.770353e+00 7.600000e+00
      vertex   -4.871427e+01 1.008725e+01 7.600000e+00
      vertex   -5.021427e+01 -1.027035e+01 7.600000e+00
    endloop
  endfacet
  facet normal -0.000000e+00 0.000000e+00 1.000000e+00
    outer loop
      vertex   -4.871427e+01 1.108725e+01 7.600000e+00
      vertex   -4.871427e+01 1.008725e+01 7.600000e+00
      vertex   -4.721427e+01 1.108725e+01 7.600000e+00
    endloop
  endfacet
  facet normal 0.000000e+00 0.000000e+00 1.000000e+00
    outer loop
      vertex   -4.721427e+01 1.108725e+01 7.600000e+00
      vertex   -4.871427e+01 1.008725e+01 7.600000e+00
      vertex   -4.671427e+01 1.008725e+01 7.600000e+00
    endloop
  endfacet
  facet normal -0.000000e+00 0.000000e+00 1.000000e+00
    outer loop
      vertex   -4.721427e+01 1.108725e+01 7.600000e+00
      vertex   -4.671427e+01 1.008725e+01 7.600000e+00
      vertex   -4.704472e+01 1.109687e+01 7.600000e+00
    endloop
  endfacet
  facet normal -0.000000e+00 0.000000e+00 1.000000e+00
    outer loop
      vertex   -4.704472e+01 1.109687e+01 7.600000e+00
      vertex   -4.671427e+01 1.008725e+01 7.600000e+00
      vertex   -4.687734e+01 1.112559e+01 7.600000e+00
    endloop
  endfacet
  facet normal -5.208792e-15 -8.180047e-16 1.000000e+00
    outer loop
      vertex   -4.687734e+01 1.112559e+01 7.600000e+00
      vertex   -4.671427e+01 1.008725e+01 7.600000e+00
      vertex   -4.671427e+01 1.117304e+01 7.600000e+00
    endloop
  endfacet
  facet normal -0.000000e+00 1.776357e-15 1.000000e+00
    outer loop
      vertex   -5.021427e+01 1.658725e+01 7.600000e+00
      vertex   -4.871427e+01 1.558725e+01 7.600000e+00
      vertex   -4.671427e+01 1.658725e+01 7.600000e+00
    endloop
  endfacet
  facet normal 0.000000e+00 1.776357e-15 1.000000e+00
    outer loop
      vertex   -4.671427e+01 1.658725e+01 7.600000e+00
      vertex   -4.871427e+01 1.558725e+01 7.600000e+00
      vertex   -4.721427e+01 1.558725e+01 7.600000e+00
    endloop
  endfacet
  facet normal 9.794297e-17 1.727385e-15 1.000000e+00
    outer loop
      vertex   -4.671427e+01 1.658725e+01 7.600000e+00
      vertex   -4.721427e+01 1.558725e+01 7.600000e+00
      vertex   -4.704472e+01 1.557764e+01 7.600000e+00
    endloop
  endfacet
  facet normal 2.858220e-16 1.665893e-15 1.000000e+00
    outer loop
      vertex   -4.704472e+01 1.557764e+01 7.600000e+00
      vertex   -4.687734e+01 1.554892e+01 7.600000e+00
      vertex   -4.671427e+01 1.658725e+01 7.600000e+00
    endloop
  endfacet
  facet normal -4.732681e-15 2.454014e-15 1.000000e+00
    outer loop
      vertex   -4.671427e+01 1.658725e+01 7.600000e+00
      vertex   -4.687734e+01 1.554892e+01 7.600000e+00
      vertex   -4.671427e+01 1.550147e+01 7.600000e+00
    endloop
  endfacet
  facet normal 0.000000e+00 1.000000e+00 0.000000e+00
    outer loop
      vertex   -5.021427e+01 -1.027035e+01 7.600000e+00
      vertex   -5.021427e+01 -1.027035e+01 1.400000e+01
      vertex   -4.671427e+01 -1.027035e+01 7.600000e+00
    endloop
  endfacet
  facet normal 0.000000e+00 1.000000e+00 -0.000000e+00
    outer loop
      vertex   -4.671427e+01 -1.027035e+01 7.600000e+00
      vertex   -5.021427e+01 -1.027035e+01 1.400000e+01
      vertex   -4.671427e+01 -1.027035e+01 1.400000e+01
    endloop
  endfacet
  facet normal 1.973829e-31 -6.667001e-16 -1.000000e+00
    outer loop
      vertex   -4.871427e+01 1.558451e+00 1.400000e+01
      vertex   -4.871427e+01 -3.770353e+00 1.400000e+01
      vertex   -5.021427e+01 1.558451e+00 1.400000e+01
    endloop
  endfacet
  facet normal 2.368476e-15 0.000000e+00 -1.000000e+00
    outer loop
      vertex   -5.021427e+01 1.558451e+00 1.400000e+01
      vertex   -4.871427e+01 -3.770353e+00 1.400000e+01
      vertex   -4.871427e+01 -4.770353e+00 1.400000e+01
    endloop
  endfacet
  facet normal -1.433164e-15 -9.010329e-16 -1.000000e+00
    outer loop
      vertex   -5.021427e+01 1.558451e+00 1.400000e+01
      vertex   -4.871427e+01 -4.770353e+00 1.400000e+01
      vertex   -5.021427e+01 -1.027035e+01 1.400000e+01
    endloop
  endfacet
  facet normal -3.289550e-15 -3.947460e-16 -1.000000e+00
    outer loop
      vertex   -5.021427e+01 -1.027035e+01 1.400000e+01
      vertex   -4.871427e+01 -4.770353e+00 1.400000e+01
      vertex   -4.871427e+01 -9.270353e+00 1.400000e+01
    endloop
  endfacet
  facet normal 0.000000e+00 -5.329071e-15 -1.000000e+00
    outer loop
      vertex   -5.021427e+01 -1.027035e+01 1.400000e+01
      vertex   -4.871427e+01 -9.270353e+00 1.400000e+01
      vertex   -4.671427e+01 -1.027035e+01 1.400000e+01
    endloop
  endfacet
  facet normal 0.000000e+00 -5.329071e-15 -1.000000e+00
    outer loop
      vertex   -4.671427e+01 -1.027035e+01 1.400000e+01
      vertex   -4.871427e+01 -9.270353e+00 1.400000e+01
      vertex   -4.721427e+01 -9.270353e+00 1.400000e+01
    endloop
  endfacet
  facet normal -5.064488e-14 -3.065151e-14 -1.000000e+00
    outer loop
      vertex   -4.671427e+01 -1.027035e+01 1.400000e+01
      vertex   -4.721427e+01 -9.270353e+00 1.400000e+01
      vertex   -4.704472e+01 -9.260739e+00 1.400000e+01
    endloop
  endfacet
  facet normal 0.000000e+00 0.000000e+00 -1.000000e+00
    outer loop
      vertex   -4.871427e+01 -4.770353e+00 1.400000e+01
      vertex   -4.871427e+01 -3.770353e+00 1.400000e+01
      vertex   -4.721427e+01 -4.770353e+00 1.400000e+01
    endloop
  endfacet
  facet normal 0.000000e+00 0.000000e+00 -1.000000e+00
    outer loop
      vertex   -4.721427e+01 -4.770353e+00 1.400000e+01
      vertex   -4.871427e+01 -3.770353e+00 1.400000e+01
      vertex   -4.671427e+01 -3.770353e+00 1.400000e+01
    endloop
  endfacet
  facet normal 0.000000e+00 0.000000e+00 -1.000000e+00
    outer loop
      vertex   -4.721427e+01 -4.770353e+00 1.400000e+01
      vertex   -4.671427e+01 -3.770353e+00 1.400000e+01
      vertex   -4.704472e+01 -4.779967e+00 1.400000e+01
    endloop
  endfacet
  facet normal 0.000000e+00 0.000000e+00 -1.000000e+00
    outer loop
      vertex   -4.704472e+01 -4.779967e+00 1.400000e+01
      vertex   -4.671427e+01 -3.770353e+00 1.400000e+01
      vertex   -4.687734e+01 -4.808685e+00 1.400000e+01
    endloop
  endfacet
  facet normal 0.000000e+00 0.000000e+00 -1.000000e+00
    outer loop
      vertex   -4.687734e+01 -4.808685e+00 1.400000e+01
      vertex   -4.671427e+01 -3.770353e+00 1.400000e+01
      vertex   -4.671427e+01 -4.856139e+00 1.400000e+01
    endloop
  endfacet
  facet normal 2.286576e-15 -1.332714e-14 -1.000000e+00
    outer loop
      vertex   -4.704472e+01 -9.260739e+00 1.400000e+01
      vertex   -4.687734e+01 -9.232021e+00 1.400000e+01
      vertex   -4.671427e+01 -1.027035e+01 1.400000e+01
    endloop
  endfacet
  facet normal 6.631438e-14 -3.272019e-15 -1.000000e+00
    outer loop
      vertex   -4.671427e+01 -1.027035e+01 1.400000e+01
      vertex   -4.687734e+01 -9.232021e+00 1.400000e+01
      vertex   -4.671427e+01 -9.184566e+00 1.400000e+01
    endloop
  endfacet
  facet normal 1.599612e-14 0.000000e+00 -1.000000e+00
    outer loop
      vertex   -4.671427e+01 -9.184566e+00 7.600000e+00
      vertex   -4.671427e+01 -4.856139e+00 7.600000e+00
      vertex   -4.643665e+01 -9.053046e+00 7.600000e+00
    endloop
  endfacet
  facet normal 9.390676e-15 -4.369466e-16 -1.000000e+00
    outer loop
      vertex   -4.643665e+01 -9.053046e+00 7.600000e+00
      vertex   -4.671427e+01 -4.856139e+00 7.600000e+00
      vertex   -4.643665e+01 -4.987659e+00 7.600000e+00
    endloop
  endfacet
  facet normal 3.305010e-16 -4.369466e-16 -1.000000e+00
    outer loop
      vertex   -4.643665e+01 -9.053046e+00 7.600000e+00
      vertex   -4.643665e+01 -4.987659e+00 7.600000e+00
      vertex   -4.619164e+01 -8.867726e+00 7.600000e+00
    endloop
  endfacet
  facet normal -3.636555e-16 -4.807791e-16 -1.000000e+00
    outer loop
      vertex   -4.619164e+01 -8.867726e+00 7.600000e+00
      vertex   -4.643665e+01 -4.987659e+00 7.600000e+00
      vertex   -4.619164e+01 -5.172980e+00 7.600000e+00
    endloop
  endfacet
  facet normal 5.503167e-16 -4.807791e-16 -1.000000e+00
    outer loop
      vertex   -4.619164e+01 -8.867726e+00 7.600000e+00
      vertex   -4.619164e+01 -5.172980e+00 7.600000e+00
      vertex   -4.598953e+01 -8.636378e+00 7.600000e+00
    endloop
  endfacet
  facet normal -6.290992e-16 -5.496067e-16 -1.000000e+00
    outer loop
      vertex   -4.598953e+01 -8.636378e+00 7.600000e+00
      vertex   -4.619164e+01 -5.172980e+00 7.600000e+00
      vertex   -4.598953e+01 -5.404327e+00 7.600000e+00
    endloop
  endfacet
  facet normal 9.759128e-16 -5.496067e-16 -1.000000e+00
    outer loop
      vertex   -4.598953e+01 -8.636378e+00 7.600000e+00
      vertex   -4.598953e+01 -5.404327e+00 7.600000e+00
      vertex   -4.583878e+01 -8.368707e+00 7.600000e+00
    endloop
  endfacet
  facet normal -1.169648e-15 -6.587131e-16 -1.000000e+00
    outer loop
      vertex   -4.583878e+01 -8.368707e+00 7.600000e+00
      vertex   -4.598953e+01 -5.404327e+00 7.600000e+00
      vertex   -4.583878e+01 -5.671999e+00 7.600000e+00
    endloop
  endfacet
  facet normal -3.967831e-15 -6.587131e-16 -1.000000e+00
    outer loop
      vertex   -4.583878e+01 -8.368707e+00 7.600000e+00
      vertex   -4.583878e+01 -5.671999e+00 7.600000e+00
      vertex   -4.571427e+01 -7.770353e+00 7.600000e+00
    endloop
  endfacet
  facet normal 7.133387e-15 0.000000e+00 -1.000000e+00
    outer loop
      vertex   -4.571427e+01 -7.770353e+00 7.600000e+00
      vertex   -4.583878e+01 -5.671999e+00 7.600000e+00
      vertex   -4.571427e+01 -6.270353e+00 7.600000e+00
    endloop
  endfacet
  facet normal -1.352506e-14 -4.298767e-15 -1.000000e+00
    outer loop
      vertex   -4.571427e+01 -6.270353e+00 7.600000e+00
      vertex   -4.583878e+01 -5.671999e+00 7.600000e+00
      vertex   -4.574573e+01 -5.964767e+00 7.600000e+00
    endloop
  endfacet
  facet normal 1.352506e-14 -4.298767e-15 -1.000000e+00
    outer loop
      vertex   -4.571427e+01 -7.770353e+00 7.600000e+00
      vertex   -4.574573e+01 -8.075938e+00 7.600000e+00
      vertex   -4.583878e+01 -8.368707e+00 7.600000e+00
    endloop
  endfacet
  facet normal 1.000000e+00 0.000000e+00 -0.000000e+00
    outer loop
      vertex   -4.571427e+01 -6.270353e+00 7.600000e+00
      vertex   -4.571427e+01 -6.270353e+00 1.400000e+01
      vertex   -4.571427e+01 -7.770353e+00 7.600000e+00
    endloop
  endfacet
  facet normal 1.000000e+00 0.000000e+00 0.000000e+00
    outer loop
      vertex   -4.571427e+01 -7.770353e+00 7.600000e+00
      vertex   -4.571427e+01 -6.270353e+00 1.400000e+01
      vertex   -4.571427e+01 -7.770353e+00 1.400000e+01
    endloop
  endfacet
  facet normal -0.000000e+00 0.000000e+00 -1.000000e+00
    outer loop
      vertex   -4.574573e+01 1.228167e+01 7.600000e+00
      vertex   -4.583878e+01 1.198890e+01 7.600000e+00
      vertex   -4.571427e+01 1.258725e+01 7.600000e+00
    endloop
  endfacet
  facet normal -0.000000e+00 0.000000e+00 -1.000000e+00
    outer loop
      vertex   -4.571427e+01 1.258725e+01 7.600000e+00
      vertex   -4.583878e+01 1.198890e+01 7.600000e+00
      vertex   -4.583878e+01 1.468561e+01 7.600000e+00
    endloop
  endfacet
  facet normal 0.000000e+00 0.000000e+00 -1.000000e+00
    outer loop
      vertex   -4.571427e+01 1.258725e+01 7.600000e+00
      vertex   -4.583878e+01 1.468561e+01 7.600000e+00
      vertex   -4.571427e+01 1.408725e+01 7.600000e+00
    endloop
  endfacet
  facet normal 0.000000e+00 0.000000e+00 -1.000000e+00
    outer loop
      vertex   -4.571427e+01 1.408725e+01 7.600000e+00
      vertex   -4.583878e+01 1.468561e+01 7.600000e+00
      vertex   -4.574573e+01 1.439284e+01 7.600000e+00
    endloop
  endfacet
  facet normal -0.000000e+00 -0.000000e+00 -1.000000e+00
    outer loop
      vertex   -4.583878e+01 1.468561e+01 7.600000e+00
      vertex   -4.583878e+01 1.198890e+01 7.600000e+00
      vertex   -4.598953e+01 1.495328e+01 7.600000e+00
    endloop
  endfacet
  facet normal 0.000000e+00 0.000000e+00 -1.000000e+00
    outer loop
      vertex   -4.598953e+01 1.495328e+01 7.600000e+00
      vertex   -4.583878e+01 1.198890e+01 7.600000e+00
      vertex   -4.598953e+01 1.172123e+01 7.600000e+00
    endloop
  endfacet
  facet normal -0.000000e+00 -0.000000e+00 -1.000000e+00
    outer loop
      vertex   -4.598953e+01 1.495328e+01 7.600000e+00
      vertex   -4.598953e+01 1.172123e+01 7.600000e+00
      vertex   -4.619164e+01 1.518463e+01 7.600000e+00
    endloop
  endfacet
  facet normal 0.000000e+00 0.000000e+00 -1.000000e+00
    outer loop
      vertex   -4.619164e+01 1.518463e+01 7.600000e+00
      vertex   -4.598953e+01 1.172123e+01 7.600000e+00
      vertex   -4.619164e+01 1.148988e+01 7.600000e+00
    endloop
  endfacet
  facet normal -0.000000e+00 -0.000000e+00 -1.000000e+00
    outer loop
      vertex   -4.619164e+01 1.518463e+01 7.600000e+00
      vertex   -4.619164e+01 1.148988e+01 7.600000e+00
      vertex   -4.643665e+01 1.536995e+01 7.600000e+00
    endloop
  endfacet
  facet normal 0.000000e+00 0.000000e+00 -1.000000e+00
    outer loop
      vertex   -4.643665e+01 1.536995e+01 7.600000e+00
      vertex   -4.619164e+01 1.148988e+01 7.600000e+00
      vertex   -4.643665e+01 1.130456e+01 7.600000e+00
    endloop
  endfacet
  facet normal -3.199224e-15 -0.000000e+00 -1.000000e+00
    outer loop
      vertex   -4.643665e+01 1.536995e+01 7.600000e+00
      vertex   -4.643665e+01 1.130456e+01 7.600000e+00
      vertex   -4.671427e+01 1.550147e+01 7.600000e+00
    endloop
  endfacet
  facet normal -3.199224e-15 -0.000000e+00 -1.000000e+00
    outer loop
      vertex   -4.671427e+01 1.550147e+01 7.600000e+00
      vertex   -4.643665e+01 1.130456e+01 7.600000e+00
      vertex   -4.671427e+01 1.117304e+01 7.600000e+00
    endloop
  endfacet
  facet normal 1.279690e-14 0.000000e+00 1.000000e+00
    outer loop
      vertex   -4.671427e+01 1.550147e+01 1.400000e+01
      vertex   -4.671427e+01 1.117304e+01 1.400000e+01
      vertex   -4.643665e+01 1.536995e+01 1.400000e+01
    endloop
  endfacet
  facet normal 1.279690e-14 0.000000e+00 1.000000e+00
    outer loop
      vertex   -4.643665e+01 1.536995e+01 1.400000e+01
      vertex   -4.671427e+01 1.117304e+01 1.400000e+01
      vertex   -4.643665e+01 1.130456e+01 1.400000e+01
    endloop
  endfacet
  facet normal 0.000000e+00 0.000000e+00 1.000000e+00
    outer loop
      vertex   -4.643665e+01 1.536995e+01 1.400000e+01
      vertex   -4.643665e+01 1.130456e+01 1.400000e+01
      vertex   -4.619164e+01 1.518463e+01 1.400000e+01
    endloop
  endfacet
  facet normal 0.000000e+00 0.000000e+00 1.000000e+00
    outer loop
      vertex   -4.619164e+01 1.518463e+01 1.400000e+01
      vertex   -4.643665e+01 1.130456e+01 1.400000e+01
      vertex   -4.619164e+01 1.148988e+01 1.400000e+01
    endloop
  endfacet
  facet normal 0.000000e+00 0.000000e+00 1.000000e+00
    outer loop
      vertex   -4.619164e+01 1.518463e+01 1.400000e+01
      vertex   -4.619164e+01 1.148988e+01 1.400000e+01
      vertex   -4.598953e+01 1.495328e+01 1.400000e+01
    endloop
  endfacet
  facet normal 0.000000e+00 0.000000e+00 1.000000e+00
    outer loop
      vertex   -4.598953e+01 1.495328e+01 1.400000e+01
      vertex   -4.619164e+01 1.148988e+01 1.400000e+01
      vertex   -4.598953e+01 1.172123e+01 1.400000e+01
    endloop
  endfacet
  facet normal 0.000000e+00 0.000000e+00 1.000000e+00
    outer loop
      vertex   -4.598953e+01 1.495328e+01 1.400000e+01
      vertex   -4.598953e+01 1.172123e+01 1.400000e+01
      vertex   -4.583878e+01 1.468561e+01 1.400000e+01
    endloop
  endfacet
  facet normal 0.000000e+00 0.000000e+00 1.000000e+00
    outer loop
      vertex   -4.583878e+01 1.468561e+01 1.400000e+01
      vertex   -4.598953e+01 1.172123e+01 1.400000e+01
      vertex   -4.583878e+01 1.198890e+01 1.400000e+01
    endloop
  endfacet
  facet normal 0.000000e+00 0.000000e+00 1.000000e+00
    outer loop
      vertex   -4.583878e+01 1.468561e+01 1.400000e+01
      vertex   -4.583878e+01 1.198890e+01 1.400000e+01
      vertex   -4.571427e+01 1.408725e+01 1.400000e+01
    endloop
  endfacet
  facet normal 0.000000e+00 0.000000e+00 1.000000e+00
    outer loop
      vertex   -4.571427e+01 1.408725e+01 1.400000e+01
      vertex   -4.583878e+01 1.198890e+01 1.400000e+01
      vertex   -4.571427e+01 1.258725e+01 1.400000e+01
    endloop
  endfacet
  facet normal 0.000000e+00 0.000000e+00 1.000000e+00
    outer loop
      vertex   -4.571427e+01 1.258725e+01 1.400000e+01
      vertex   -4.583878e+01 1.198890e+01 1.400000e+01
      vertex   -4.574573e+01 1.228167e+01 1.400000e+01
    endloop
  endfacet
  facet normal 0.000000e+00 0.000000e+00 1.000000e+00
    outer loop
      vertex   -4.571427e+01 1.408725e+01 1.400000e+01
      vertex   -4.574573e+01 1.439284e+01 1.400000e+01
      vertex   -4.583878e+01 1.468561e+01 1.400000e+01
    endloop
  endfacet
  facet normal 1.000000e+00 -0.000000e+00 0.000000e+00
    outer loop
      vertex   -4.571427e+01 1.258725e+01 1.400000e+01
      vertex   -4.571427e+01 1.258725e+01 7.600000e+00
      vertex   -4.571427e+01 1.408725e+01 1.400000e+01
    endloop
  endfacet
  facet normal 1.000000e+00 0.000000e+00 0.000000e+00
    outer loop
      vertex   -4.571427e+01 1.408725e+01 1.400000e+01
      vertex   -4.571427e+01 1.258725e+01 7.600000e+00
      vertex   -4.571427e+01 1.408725e+01 7.600000e+00
    endloop
  endfacet
  facet normal 0.000000e+00 -1.000000e+00 0.000000e+00
    outer loop
      vertex   -4.671427e+01 -3.770353e+00 7.600000e+00
      vertex   -4.671427e+01 -3.770353e+00 1.400000e+01
      vertex   -4.871427e+01 -3.770353e+00 7.600000e+00
    endloop
  endfacet
  facet normal 0.000000e+00 -1.000000e+00 0.000000e+00
    outer loop
      vertex   -4.871427e+01 -3.770353e+00 7.600000e+00
      vertex   -4.671427e+01 -3.770353e+00 1.400000e+01
      vertex   -4.871427e+01 -3.770353e+00 1.400000e+01
    endloop
  endfacet
  facet normal 0.000000e+00 1.000000e+00 0.000000e+00
    outer loop
      vertex   -4.671427e+01 1.008725e+01 1.400000e+01
      vertex   -4.671427e+01 1.008725e+01 7.600000e+00
      vertex   -4.871427e+01 1.008725e+01 1.400000e+01
    endloop
  endfacet
  facet normal 0.000000e+00 1.000000e+00 0.000000e+00
    outer loop
      vertex   -4.871427e+01 1.008725e+01 1.400000e+01
      vertex   -4.671427e+01 1.008725e+01 7.600000e+00
      vertex   -4.871427e+01 1.008725e+01 7.600000e+00
    endloop
  endfacet
  facet normal -1.000000e+00 0.000000e+00 0.000000e+00
    outer loop
      vertex   -4.871427e+01 1.108725e+01 7.600000e+00
      vertex   -4.871427e+01 1.108725e+01 1.400000e+01
      vertex   -4.871427e+01 1.558725e+01 7.600000e+00
    endloop
  endfacet
  facet normal -1.000000e+00 0.000000e+00 0.000000e+00
    outer loop
      vertex   -4.871427e+01 1.558725e+01 7.600000e+00
      vertex   -4.871427e+01 1.108725e+01 1.400000e+01
      vertex   -4.871427e+01 1.558725e+01 1.400000e+01
    endloop
  endfacet
  facet normal -1.000000e+00 -0.000000e+00 0.000000e+00
    outer loop
      vertex   -4.871427e+01 -4.770353e+00 1.400000e+01
      vertex   -4.871427e+01 -4.770353e+00 7.600000e+00
      vertex   -4.871427e+01 -9.270353e+00 1.400000e+01
    endloop
  endfacet
  facet normal -1.000000e+00 0.000000e+00 0.000000e+00
    outer loop
      vertex   -4.871427e+01 -9.270353e+00 1.400000e+01
      vertex   -4.871427e+01 -4.770353e+00 7.600000e+00
      vertex   -4.871427e+01 -9.270353e+00 7.600000e+00
    endloop
  endfacet
  facet normal 0.000000e+00 6.298127e-01 -7.767470e-01
    outer loop
      vertex   -1.121427e+01 2.027139e+01 1.994299e+01
      vertex   -2.008927e+01 2.027139e+01 1.994299e+01
      vertex   -1.121427e+01 2.065595e+01 2.025480e+01
    endloop
  endfacet
  facet normal 7.431096e-19 6.298127e-01 -7.767470e-01
    outer loop
      vertex   -1.121427e+01 2.065595e+01 2.025480e+01
      vertex   -2.008927e+01 2.027139e+01 1.994299e+01
      vertex   -2.896427e+01 2.027139e+01 1.994299e+01
    endloop
  endfacet
  facet normal 0.000000e+00 6.298127e-01 -7.767470e-01
    outer loop
      vertex   -1.121427e+01 2.065595e+01 2.025480e+01
      vertex   -2.896427e+01 2.027139e+01 1.994299e+01
      vertex   -4.671427e+01 2.065595e+01 2.025480e+01
    endloop
  endfacet
  facet normal 7.431096e-19 6.298127e-01 -7.767470e-01
    outer loop
      vertex   -4.671427e+01 2.065595e+01 2.025480e+01
      vertex   -2.896427e+01 2.027139e+01 1.994299e+01
      vertex   -3.783927e+01 2.027139e+01 1.994299e+01
    endloop
  endfacet
  facet normal 7.431096e-19 6.298127e-01 -7.767470e-01
    outer loop
      vertex   -4.671427e+01 2.065595e+01 2.025480e+01
      vertex   -3.783927e+01 2.027139e+01 1.994299e+01
      vertex   -4.671427e+01 2.027139e+01 1.994299e+01
    endloop
  endfacet
  facet normal 0.000000e+00 5.290335e-01 -8.486009e-01
    outer loop
      vertex   -4.671427e+01 2.027139e+01 1.994299e+01
      vertex   -3.783927e+01 2.027139e+01 1.994299e+01
      vertex   -4.671427e+01 1.985126e+01 1.968107e+01
    endloop
  endfacet
  facet normal 3.396999e-16 5.290335e-01 -8.486009e-01
    outer loop
      vertex   -4.671427e+01 1.985126e+01 1.968107e+01
      vertex   -3.783927e+01 2.027139e+01 1.994299e+01
      vertex   -3.783927e+01 1.985126e+01 1.968107e+01
    endloop
  endfacet
  facet normal 3.632594e-16 4.201498e-01 -9.074548e-01
    outer loop
      vertex   -4.671427e+01 1.985126e+01 1.968107e+01
      vertex   -3.783927e+01 1.985126e+01 1.968107e+01
      vertex   -4.671427e+01 1.940199e+01 1.947306e+01
    endloop
  endfacet
  facet normal 0.000000e+00 4.201498e-01 -9.074548e-01
    outer loop
      vertex   -4.671427e+01 1.940199e+01 1.947306e+01
      vertex   -3.783927e+01 1.985126e+01 1.968107e+01
      vertex   -3.783927e+01 1.940199e+01 1.947306e+01
    endloop
  endfacet
  facet normal 0.000000e+00 3.048297e-01 -9.524069e-01
    outer loop
      vertex   -4.671427e+01 1.940199e+01 1.947306e+01
      vertex   -3.783927e+01 1.940199e+01 1.947306e+01
      vertex   -4.671427e+01 1.893046e+01 1.932215e+01
    endloop
  endfacet
  facet normal 0.000000e+00 3.048297e-01 -9.524069e-01
    outer loop
      vertex   -4.671427e+01 1.893046e+01 1.932215e+01
      vertex   -3.783927e+01 1.940199e+01 1.947306e+01
      vertex   -3.783927e+01 1.893046e+01 1.932215e+01
    endloop
  endfacet
  facet normal 0.000000e+00 1.848397e-01 -9.827687e-01
    outer loop
      vertex   -4.671427e+01 1.893046e+01 1.932215e+01
      vertex   -3.783927e+01 1.893046e+01 1.932215e+01
      vertex   -4.671427e+01 1.844391e+01 1.923063e+01
    endloop
  endfacet
  facet normal 0.000000e+00 1.848397e-01 -9.827687e-01
    outer loop
      vertex   -4.671427e+01 1.844391e+01 1.923063e+01
      vertex   -3.783927e+01 1.893046e+01 1.932215e+01
      vertex   -3.783927e+01 1.844391e+01 1.923063e+01
    endloop
  endfacet
  facet normal 0.000000e+00 6.201809e-02 -9.980750e-01
    outer loop
      vertex   -4.671427e+01 1.844391e+01 1.923063e+01
      vertex   -3.783927e+01 1.844391e+01 1.923063e+01
      vertex   -4.671427e+01 1.794977e+01 1.919993e+01
    endloop
  endfacet
  facet normal 0.000000e+00 6.201809e-02 -9.980750e-01
    outer loop
      vertex   -4.671427e+01 1.794977e+01 1.919993e+01
      vertex   -3.783927e+01 1.844391e+01 1.923063e+01
      vertex   -3.783927e+01 1.794977e+01 1.919993e+01
    endloop
  endfacet
  facet normal 0.000000e+00 -6.175360e-02 -9.980914e-01
    outer loop
      vertex   -4.671427e+01 1.794977e+01 1.919993e+01
      vertex   -3.783927e+01 1.794977e+01 1.919993e+01
      vertex   -4.671427e+01 1.745563e+01 1.923050e+01
    endloop
  endfacet
  facet normal 0.000000e+00 -6.175360e-02 -9.980914e-01
    outer loop
      vertex   -4.671427e+01 1.745563e+01 1.923050e+01
      vertex   -3.783927e+01 1.794977e+01 1.919993e+01
      vertex   -3.783927e+01 1.745563e+01 1.923050e+01
    endloop
  endfacet
  facet normal 0.000000e+00 -1.845793e-01 -9.828176e-01
    outer loop
      vertex   -4.671427e+01 1.745563e+01 1.923050e+01
      vertex   -3.783927e+01 1.745563e+01 1.923050e+01
      vertex   -4.671427e+01 1.696905e+01 1.932189e+01
    endloop
  endfacet
  facet normal 0.000000e+00 -1.845793e-01 -9.828176e-01
    outer loop
      vertex   -4.671427e+01 1.696905e+01 1.932189e+01
      vertex   -3.783927e+01 1.745563e+01 1.923050e+01
      vertex   -3.783927e+01 1.696905e+01 1.932189e+01
    endloop
  endfacet
  facet normal 0.000000e+00 -3.045773e-01 -9.524876e-01
    outer loop
      vertex   -4.671427e+01 1.696905e+01 1.932189e+01
      vertex   -3.783927e+01 1.696905e+01 1.932189e+01
      vertex   -4.671427e+01 1.649749e+01 1.947268e+01
    endloop
  endfacet
  facet normal -1.134769e-18 -3.045773e-01 -9.524876e-01
    outer loop
      vertex   -4.671427e+01 1.649749e+01 1.947268e+01
      vertex   -3.783927e+01 1.696905e+01 1.932189e+01
      vertex   -2.896427e+01 1.696905e+01 1.932189e+01
    endloop
  endfacet
  facet normal 0.000000e+00 -3.045773e-01 -9.524876e-01
    outer loop
      vertex   -4.671427e+01 1.649749e+01 1.947268e+01
      vertex   -2.896427e+01 1.696905e+01 1.932189e+01
      vertex   -1.121427e+01 1.649749e+01 1.947268e+01
    endloop
  endfacet
  facet normal 1.220438e-16 -3.045773e-01 -9.524876e-01
    outer loop
      vertex   -1.121427e+01 1.649749e+01 1.947268e+01
      vertex   -2.896427e+01 1.696905e+01 1.932189e+01
      vertex   -2.008927e+01 1.696905e+01 1.932189e+01
    endloop
  endfacet
  facet normal 1.197776e-19 -3.045773e-01 -9.524876e-01
    outer loop
      vertex   -1.121427e+01 1.649749e+01 1.947268e+01
      vertex   -2.008927e+01 1.696905e+01 1.932189e+01
      vertex   -1.121427e+01 1.696905e+01 1.932189e+01
    endloop
  endfacet
  facet normal -0.000000e+00 -1.845793e-01 -9.828176e-01
    outer loop
      vertex   -1.121427e+01 1.696905e+01 1.932189e+01
      vertex   -2.008927e+01 1.696905e+01 1.932189e+01
      vertex   -1.121427e+01 1.745563e+01 1.923050e+01
    endloop
  endfacet
  facet normal -0.000000e+00 -1.845793e-01 -9.828176e-01
    outer loop
      vertex   -1.121427e+01 1.745563e+01 1.923050e+01
      vertex   -2.008927e+01 1.696905e+01 1.932189e+01
      vertex   -2.008927e+01 1.745563e+01 1.923050e+01
    endloop
  endfacet
  facet normal -0.000000e+00 -6.175360e-02 -9.980914e-01
    outer loop
      vertex   -1.121427e+01 1.745563e+01 1.923050e+01
      vertex   -2.008927e+01 1.745563e+01 1.923050e+01
      vertex   -1.121427e+01 1.794977e+01 1.919993e+01
    endloop
  endfacet
  facet normal -0.000000e+00 -6.175360e-02 -9.980914e-01
    outer loop
      vertex   -1.121427e+01 1.794977e+01 1.919993e+01
      vertex   -2.008927e+01 1.745563e+01 1.923050e+01
      vertex   -2.008927e+01 1.794977e+01 1.919993e+01
    endloop
  endfacet
  facet normal 0.000000e+00 6.201809e-02 -9.980750e-01
    outer loop
      vertex   -1.121427e+01 1.794977e+01 1.919993e+01
      vertex   -2.008927e+01 1.794977e+01 1.919993e+01
      vertex   -1.121427e+01 1.844391e+01 1.923063e+01
    endloop
  endfacet
  facet normal 0.000000e+00 6.201809e-02 -9.980750e-01
    outer loop
      vertex   -1.121427e+01 1.844391e+01 1.923063e+01
      vertex   -2.008927e+01 1.794977e+01 1.919993e+01
      vertex   -2.008927e+01 1.844391e+01 1.923063e+01
    endloop
  endfacet
  facet normal 0.000000e+00 1.848397e-01 -9.827687e-01
    outer loop
      vertex   -1.121427e+01 1.844391e+01 1.923063e+01
      vertex   -2.008927e+01 1.844391e+01 1.923063e+01
      vertex   -1.121427e+01 1.893046e+01 1.932215e+01
    endloop
  endfacet
  facet normal 0.000000e+00 1.848397e-01 -9.827687e-01
    outer loop
      vertex   -1.121427e+01 1.893046e+01 1.932215e+01
      vertex   -2.008927e+01 1.844391e+01 1.923063e+01
      vertex   -2.008927e+01 1.893046e+01 1.932215e+01
    endloop
  endfacet
  facet normal 0.000000e+00 3.048297e-01 -9.524069e-01
    outer loop
      vertex   -1.121427e+01 1.893046e+01 1.932215e+01
      vertex   -2.008927e+01 1.893046e+01 1.932215e+01
      vertex   -1.121427e+01 1.940199e+01 1.947306e+01
    endloop
  endfacet
  facet normal 0.000000e+00 3.048297e-01 -9.524069e-01
    outer loop
      vertex   -1.121427e+01 1.940199e+01 1.947306e+01
      vertex   -2.008927e+01 1.893046e+01 1.932215e+01
      vertex   -2.008927e+01 1.940199e+01 1.947306e+01
    endloop
  endfacet
  facet normal 0.000000e+00 4.201498e-01 -9.074548e-01
    outer loop
      vertex   -1.121427e+01 1.940199e+01 1.947306e+01
      vertex   -2.008927e+01 1.940199e+01 1.947306e+01
      vertex   -1.121427e+01 1.985126e+01 1.968107e+01
    endloop
  endfacet
  facet normal -3.632594e-16 4.201498e-01 -9.074548e-01
    outer loop
      vertex   -1.121427e+01 1.985126e+01 1.968107e+01
      vertex   -2.008927e+01 1.940199e+01 1.947306e+01
      vertex   -2.008927e+01 1.985126e+01 1.968107e+01
    endloop
  endfacet
  facet normal -3.396999e-16 5.290335e-01 -8.486009e-01
    outer loop
      vertex   -1.121427e+01 1.985126e+01 1.968107e+01
      vertex   -2.008927e+01 1.985126e+01 1.968107e+01
      vertex   -1.121427e+01 2.027139e+01 1.994299e+01
    endloop
  endfacet
  facet normal 0.000000e+00 5.290335e-01 -8.486009e-01
    outer loop
      vertex   -1.121427e+01 2.027139e+01 1.994299e+01
      vertex   -2.008927e+01 1.985126e+01 1.968107e+01
      vertex   -2.008927e+01 2.027139e+01 1.994299e+01
    endloop
  endfacet
  facet normal -5.199362e-19 5.290335e-01 -8.486009e-01
    outer loop
      vertex   -3.783927e+01 1.985126e+01 1.968107e+01
      vertex   -3.783927e+01 2.027139e+01 1.994299e+01
      vertex   -2.896427e+01 2.027139e+01 1.994299e+01
    endloop
  endfacet
  facet normal 0.000000e+00 5.290335e-01 -8.486009e-01
    outer loop
      vertex   -2.896427e+01 2.027139e+01 1.994299e+01
      vertex   -2.008927e+01 2.027139e+01 1.994299e+01
      vertex   -2.896427e+01 1.985126e+01 1.968107e+01
    endloop
  endfacet
  facet normal 0.000000e+00 5.290335e-01 -8.486009e-01
    outer loop
      vertex   -2.896427e+01 1.985126e+01 1.968107e+01
      vertex   -2.008927e+01 2.027139e+01 1.994299e+01
      vertex   -2.008927e+01 1.985126e+01 1.968107e+01
    endloop
  endfacet
  facet normal 0.000000e+00 4.201498e-01 -9.074548e-01
    outer loop
      vertex   -2.896427e+01 1.985126e+01 1.968107e+01
      vertex   -2.008927e+01 1.985126e+01 1.968107e+01
      vertex   -2.896427e+01 1.940199e+01 1.947306e+01
    endloop
  endfacet
  facet normal 0.000000e+00 4.201498e-01 -9.074548e-01
    outer loop
      vertex   -2.896427e+01 1.940199e+01 1.947306e+01
      vertex   -2.008927e+01 1.985126e+01 1.968107e+01
      vertex   -2.008927e+01 1.940199e+01 1.947306e+01
    endloop
  endfacet
  facet normal 0.000000e+00 3.048297e-01 -9.524069e-01
    outer loop
      vertex   -2.896427e+01 1.940199e+01 1.947306e+01
      vertex   -2.008927e+01 1.940199e+01 1.947306e+01
      vertex   -2.896427e+01 1.893046e+01 1.932215e+01
    endloop
  endfacet
  facet normal 0.000000e+00 3.048297e-01 -9.524069e-01
    outer loop
      vertex   -2.896427e+01 1.893046e+01 1.932215e+01
      vertex   -2.008927e+01 1.940199e+01 1.947306e+01
      vertex   -2.008927e+01 1.893046e+01 1.932215e+01
    endloop
  endfacet
  facet normal 0.000000e+00 1.848397e-01 -9.827687e-01
    outer loop
      vertex   -2.896427e+01 1.893046e+01 1.932215e+01
      vertex   -2.008927e+01 1.893046e+01 1.932215e+01
      vertex   -2.896427e+01 1.844391e+01 1.923063e+01
    endloop
  endfacet
  facet normal 0.000000e+00 1.848397e-01 -9.827687e-01
    outer loop
      vertex   -2.896427e+01 1.844391e+01 1.923063e+01
      vertex   -2.008927e+01 1.893046e+01 1.932215e+01
      vertex   -2.008927e+01 1.844391e+01 1.923063e+01
    endloop
  endfacet
  facet normal 0.000000e+00 6.201809e-02 -9.980750e-01
    outer loop
      vertex   -2.896427e+01 1.844391e+01 1.923063e+01
      vertex   -2.008927e+01 1.844391e+01 1.923063e+01
      vertex   -2.896427e+01 1.794977e+01 1.919993e+01
    endloop
  endfacet
  facet normal 0.000000e+00 6.201809e-02 -9.980750e-01
    outer loop
      vertex   -2.896427e+01 1.794977e+01 1.919993e+01
      vertex   -2.008927e+01 1.844391e+01 1.923063e+01
      vertex   -2.008927e+01 1.794977e+01 1.919993e+01
    endloop
  endfacet
  facet normal 0.000000e+00 -6.175360e-02 -9.980914e-01
    outer loop
      vertex   -2.896427e+01 1.794977e+01 1.919993e+01
      vertex   -2.008927e+01 1.794977e+01 1.919993e+01
      vertex   -2.896427e+01 1.745563e+01 1.923050e+01
    endloop
  endfacet
  facet normal 0.000000e+00 -6.175360e-02 -9.980914e-01
    outer loop
      vertex   -2.896427e+01 1.745563e+01 1.923050e+01
      vertex   -2.008927e+01 1.794977e+01 1.919993e+01
      vertex   -2.008927e+01 1.745563e+01 1.923050e+01
    endloop
  endfacet
  facet normal 0.000000e+00 -1.845793e-01 -9.828176e-01
    outer loop
      vertex   -2.896427e+01 1.745563e+01 1.923050e+01
      vertex   -2.008927e+01 1.745563e+01 1.923050e+01
      vertex   -2.896427e+01 1.696905e+01 1.932189e+01
    endloop
  endfacet
  facet normal 7.388814e-17 -1.845793e-01 -9.828176e-01
    outer loop
      vertex   -2.896427e+01 1.696905e+01 1.932189e+01
      vertex   -2.008927e+01 1.745563e+01 1.923050e+01
      vertex   -2.008927e+01 1.696905e+01 1.932189e+01
    endloop
  endfacet
  facet normal -5.555536e-19 4.201498e-01 -9.074548e-01
    outer loop
      vertex   -3.783927e+01 1.940199e+01 1.947306e+01
      vertex   -3.783927e+01 1.985126e+01 1.968107e+01
      vertex   -2.896427e+01 1.985126e+01 1.968107e+01
    endloop
  endfacet
  facet normal 0.000000e+00 5.290335e-01 -8.486009e-01
    outer loop
      vertex   -2.896427e+01 1.985126e+01 1.968107e+01
      vertex   -3.783927e+01 1.985126e+01 1.968107e+01
      vertex   -2.896427e+01 2.027139e+01 1.994299e+01
    endloop
  endfacet
  facet normal 0.000000e+00 4.201498e-01 -9.074548e-01
    outer loop
      vertex   -3.783927e+01 1.940199e+01 1.947306e+01
      vertex   -2.896427e+01 1.985126e+01 1.968107e+01
      vertex   -2.896427e+01 1.940199e+01 1.947306e+01
    endloop
  endfacet
  facet normal 4.775165e-19 3.048297e-01 -9.524069e-01
    outer loop
      vertex   -3.783927e+01 1.893046e+01 1.932215e+01
      vertex   -3.783927e+01 1.940199e+01 1.947306e+01
      vertex   -2.896427e+01 1.940199e+01 1.947306e+01
    endloop
  endfacet
  facet normal 0.000000e+00 3.048297e-01 -9.524069e-01
    outer loop
      vertex   -3.783927e+01 1.893046e+01 1.932215e+01
      vertex   -2.896427e+01 1.940199e+01 1.947306e+01
      vertex   -2.896427e+01 1.893046e+01 1.932215e+01
    endloop
  endfacet
  facet normal -4.284727e-19 1.848397e-01 -9.827687e-01
    outer loop
      vertex   -3.783927e+01 1.844391e+01 1.923063e+01
      vertex   -3.783927e+01 1.893046e+01 1.932215e+01
      vertex   -2.896427e+01 1.893046e+01 1.932215e+01
    endloop
  endfacet
  facet normal 0.000000e+00 1.848397e-01 -9.827687e-01
    outer loop
      vertex   -3.783927e+01 1.844391e+01 1.923063e+01
      vertex   -2.896427e+01 1.893046e+01 1.932215e+01
      vertex   -2.896427e+01 1.844391e+01 1.923063e+01
    endloop
  endfacet
  facet normal -1.931060e-19 6.201809e-02 -9.980750e-01
    outer loop
      vertex   -3.783927e+01 1.794977e+01 1.919993e+01
      vertex   -3.783927e+01 1.844391e+01 1.923063e+01
      vertex   -2.896427e+01 1.844391e+01 1.923063e+01
    endloop
  endfacet
  facet normal 0.000000e+00 6.201809e-02 -9.980750e-01
    outer loop
      vertex   -3.783927e+01 1.794977e+01 1.919993e+01
      vertex   -2.896427e+01 1.844391e+01 1.923063e+01
      vertex   -2.896427e+01 1.794977e+01 1.919993e+01
    endloop
  endfacet
  facet normal -1.303198e-19 -6.175360e-02 -9.980914e-01
    outer loop
      vertex   -3.783927e+01 1.745563e+01 1.923050e+01
      vertex   -3.783927e+01 1.794977e+01 1.919993e+01
      vertex   -2.896427e+01 1.794977e+01 1.919993e+01
    endloop
  endfacet
  facet normal 0.000000e+00 -6.175360e-02 -9.980914e-01
    outer loop
      vertex   -3.783927e+01 1.745563e+01 1.923050e+01
      vertex   -2.896427e+01 1.794977e+01 1.919993e+01
      vertex   -2.896427e+01 1.745563e+01 1.923050e+01
    endloop
  endfacet
  facet normal 2.562826e-19 -1.845793e-01 -9.828176e-01
    outer loop
      vertex   -3.783927e+01 1.696905e+01 1.932189e+01
      vertex   -3.783927e+01 1.745563e+01 1.923050e+01
      vertex   -2.896427e+01 1.745563e+01 1.923050e+01
    endloop
  endfacet
  facet normal 0.000000e+00 -1.845793e-01 -9.828176e-01
    outer loop
      vertex   -3.783927e+01 1.696905e+01 1.932189e+01
      vertex   -2.896427e+01 1.745563e+01 1.923050e+01
      vertex   -2.896427e+01 1.696905e+01 1.932189e+01
    endloop
  endfacet
  facet normal 0.000000e+00 -3.212830e-01 -9.469832e-01
    outer loop
      vertex   -4.671427e+01 1.649749e+01 1.947268e+01
      vertex   -1.121427e+01 1.649749e+01 1.947268e+01
      vertex   -2.896427e+01 1.572521e+01 1.973469e+01
    endloop
  endfacet
  facet normal 9.844849e-06 -3.214859e-01 -9.469144e-01
    outer loop
      vertex   -2.896427e+01 1.572521e+01 1.973469e+01
      vertex   -1.121427e+01 1.649749e+01 1.947268e+01
      vertex   -1.121427e+01 1.572900e+01 1.973359e+01
    endloop
  endfacet
  facet normal -9.749749e-06 -2.367845e-01 -9.715622e-01
    outer loop
      vertex   -2.896427e+01 1.572521e+01 1.973469e+01
      vertex   -1.121427e+01 1.572900e+01 1.973359e+01
      vertex   -1.121427e+01 1.494050e+01 1.992576e+01
    endloop
  endfacet
  facet normal 3.899899e-05 -2.357435e-01 -9.718153e-01
    outer loop
      vertex   -2.896427e+01 1.572521e+01 1.973469e+01
      vertex   -1.121427e+01 1.494050e+01 1.992576e+01
      vertex   -2.896427e+01 1.492503e+01 1.992880e+01
    endloop
  endfacet
  facet normal -3.842838e-05 -1.502405e-01 -9.886495e-01
    outer loop
      vertex   -2.896427e+01 1.492503e+01 1.992880e+01
      vertex   -1.121427e+01 1.494050e+01 1.992576e+01
      vertex   -1.121427e+01 1.413814e+01 2.004769e+01
    endloop
  endfacet
  facet normal 5.764256e-05 -1.481217e-01 -9.889691e-01
    outer loop
      vertex   -2.896427e+01 1.492503e+01 1.992880e+01
      vertex   -1.121427e+01 1.413814e+01 2.004769e+01
      vertex   -2.896427e+01 1.411461e+01 2.005018e+01
    endloop
  endfacet
  facet normal -5.707194e-05 -6.252739e-02 -9.980432e-01
    outer loop
      vertex   -2.896427e+01 1.411461e+01 2.005018e+01
      vertex   -1.121427e+01 1.413814e+01 2.004769e+01
      vertex   -1.121427e+01 1.332815e+01 2.009843e+01
    endloop
  endfacet
  facet normal 7.609591e-05 -5.953310e-02 -9.982263e-01
    outer loop
      vertex   -2.896427e+01 1.411461e+01 2.005018e+01
      vertex   -1.121427e+01 1.332815e+01 2.009843e+01
      vertex   -2.896427e+01 1.329661e+01 2.009896e+01
    endloop
  endfacet
  facet normal -7.533506e-05 2.567234e-02 -9.996704e-01
    outer loop
      vertex   -2.896427e+01 1.329661e+01 2.009896e+01
      vertex   -1.121427e+01 1.332815e+01 2.009843e+01
      vertex   -1.121427e+01 1.251684e+01 2.007760e+01
    endloop
  endfacet
  facet normal 9.416880e-05 2.952786e-02 -9.995640e-01
    outer loop
      vertex   -2.896427e+01 1.329661e+01 2.009896e+01
      vertex   -1.121427e+01 1.251684e+01 2.007760e+01
      vertex   -2.896427e+01 1.247752e+01 2.007477e+01
    endloop
  endfacet
  facet normal -9.321773e-05 1.136723e-01 -9.935183e-01
    outer loop
      vertex   -2.896427e+01 1.247752e+01 2.007477e+01
      vertex   -1.121427e+01 1.251684e+01 2.007760e+01
      vertex   -1.121427e+01 1.171053e+01 1.998535e+01
    endloop
  endfacet
  facet normal 1.118612e-04 1.183546e-01 -9.929714e-01
    outer loop
      vertex   -2.896427e+01 1.247752e+01 2.007477e+01
      vertex   -1.121427e+01 1.171053e+01 1.998535e+01
      vertex   -2.896427e+01 1.166382e+01 1.997778e+01
    endloop
  endfacet
  facet normal -1.107199e-04 2.007877e-01 -9.796348e-01
    outer loop
      vertex   -2.896427e+01 1.166382e+01 1.997778e+01
      vertex   -1.121427e+01 1.171053e+01 1.998535e+01
      vertex   -1.121427e+01 1.091548e+01 1.982239e+01
    endloop
  endfacet
  facet normal 1.291732e-04 2.062423e-01 -9.785010e-01
    outer loop
      vertex   -2.896427e+01 1.166382e+01 1.997778e+01
      vertex   -1.121427e+01 1.091548e+01 1.982239e+01
      vertex   -2.896427e+01 1.086199e+01 1.980877e+01
    endloop
  endfacet
  facet normal -1.278416e-04 2.863405e-01 -9.581279e-01
    outer loop
      vertex   -2.896427e+01 1.086199e+01 1.980877e+01
      vertex   -1.121427e+01 1.091548e+01 1.982239e+01
      vertex   -1.121427e+01 1.013788e+01 1.959000e+01
    endloop
  endfacet
  facet normal 1.461047e-04 2.924937e-01 -9.562674e-01
    outer loop
      vertex   -2.896427e+01 1.086199e+01 1.980877e+01
      vertex   -1.121427e+01 1.013788e+01 1.959000e+01
      vertex   -2.896427e+01 1.007837e+01 1.956909e+01
    endloop
  endfacet
  facet normal -1.445829e-04 3.696652e-01 -9.291650e-01
    outer loop
      vertex   -2.896427e+01 1.007837e+01 1.956909e+01
      vertex   -1.121427e+01 1.013788e+01 1.959000e+01
      vertex   -1.121427e+01 9.383797e+00 1.928999e+01
    endloop
  endfacet
  facet normal 1.626556e-04 3.764246e-01 -9.264472e-01
    outer loop
      vertex   -2.896427e+01 1.007837e+01 1.956909e+01
      vertex   -1.121427e+01 9.383797e+00 1.928999e+01
      vertex   -2.896427e+01 9.319190e+00 1.926063e+01
    endloop
  endfacet
  facet normal -1.609436e-04 4.501131e-01 -8.929715e-01
    outer loop
      vertex   -2.896427e+01 9.319190e+00 1.926063e+01
      vertex   -1.121427e+01 9.383797e+00 1.928999e+01
      vertex   -1.121427e+01 8.659083e+00 1.892469e+01
    endloop
  endfacet
  facet normal 1.788261e-04 4.573691e-01 -8.892769e-01
    outer loop
      vertex   -2.896427e+01 9.319190e+00 1.926063e+01
      vertex   -1.121427e+01 8.659083e+00 1.892469e+01
      vertex   -2.896427e+01 8.590469e+00 1.888583e+01
    endloop
  endfacet
  facet normal -1.769238e-04 5.270583e-01 -8.498291e-01
    outer loop
      vertex   -2.896427e+01 8.590469e+00 1.888583e+01
      vertex   -1.121427e+01 8.659083e+00 1.892469e+01
      vertex   -1.121427e+01 7.969383e+00 1.849695e+01
    endloop
  endfacet
  facet normal 1.946161e-04 5.346850e-01 -8.450514e-01
    outer loop
      vertex   -2.896427e+01 8.590469e+00 1.888583e+01
      vertex   -1.121427e+01 7.969383e+00 1.849695e+01
      vertex   -2.896427e+01 7.897989e+00 1.844768e+01
    endloop
  endfacet
  facet normal -1.925235e-04 5.999021e-01 -8.000734e-01
    outer loop
      vertex   -2.896427e+01 7.897989e+00 1.844768e+01
      vertex   -1.121427e+01 7.969383e+00 1.849695e+01
      vertex   -1.121427e+01 7.320063e+00 1.801008e+01
    endloop
  endfacet
  facet normal 2.100255e-04 6.077589e-01 -7.941216e-01
    outer loop
      vertex   -2.896427e+01 7.897989e+00 1.844768e+01
      vertex   -1.121427e+01 7.320063e+00 1.801008e+01
      vertex   -2.896427e+01 7.247244e+00 1.794965e+01
    endloop
  endfacet
  facet normal -2.077426e-04 6.680775e-01 -7.440917e-01
    outer loop
      vertex   -2.896427e+01 7.247244e+00 1.794965e+01
      vertex   -1.121427e+01 7.320063e+00 1.801008e+01
      vertex   -1.121427e+01 6.716176e+00 1.746788e+01
    endloop
  endfacet
  facet normal 2.250543e-04 6.760111e-01 -7.368914e-01
    outer loop
      vertex   -2.896427e+01 7.247244e+00 1.794965e+01
      vertex   -1.121427e+01 6.716176e+00 1.746788e+01
      vertex   -2.896427e+01 6.643395e+00 1.739570e+01
    endloop
  endfacet
  facet normal -2.225812e-04 7.310540e-01 -6.823196e-01
    outer loop
      vertex   -2.896427e+01 6.643395e+00 1.739570e+01
      vertex   -1.121427e+01 6.716176e+00 1.746788e+01
      vertex   -1.121427e+01 6.162422e+00 1.687458e+01
    endloop
  endfacet
  facet normal 2.397026e-04 7.389000e-01 -6.738151e-01
    outer loop
      vertex   -2.896427e+01 6.643395e+00 1.739570e+01
      vertex   -1.121427e+01 6.162422e+00 1.687458e+01
      vertex   -2.896427e+01 6.091235e+00 1.679020e+01
    endloop
  endfacet
  facet normal -2.370392e-04 7.883416e-01 -6.152377e-01
    outer loop
      vertex   -2.896427e+01 6.091235e+00 1.679020e+01
      vertex   -1.121427e+01 6.162422e+00 1.687458e+01
      vertex   -1.121427e+01 5.663110e+00 1.623478e+01
    endloop
  endfacet
  facet normal 2.539704e-04 7.959267e-01 -6.053929e-01
    outer loop
      vertex   -2.896427e+01 6.091235e+00 1.679020e+01
      vertex   -1.121427e+01 5.663110e+00 1.623478e+01
      vertex   -2.896427e+01 5.595144e+00 1.613798e+01
    endloop
  endfacet
  facet normal -2.511167e-04 8.394944e-01 -5.433682e-01
    outer loop
      vertex   -2.896427e+01 5.595144e+00 1.613798e+01
      vertex   -1.121427e+01 5.663110e+00 1.623478e+01
      vertex   -1.121427e+01 5.222126e+00 1.555347e+01
    endloop
  endfacet
  facet normal 2.678576e-04 8.466389e-01 -5.321678e-01
    outer loop
      vertex   -2.896427e+01 5.595144e+00 1.613798e+01
      vertex   -1.121427e+01 5.222126e+00 1.555347e+01
      vertex   -2.896427e+01 5.159058e+00 1.544420e+01
    endloop
  endfacet
  facet normal -2.648136e-04 8.841145e-01 -4.672703e-01
    outer loop
      vertex   -2.896427e+01 5.159058e+00 1.544420e+01
      vertex   -1.121427e+01 5.222126e+00 1.555347e+01
      vertex   -1.121427e+01 4.842901e+00 1.483594e+01
    endloop
  endfacet
  facet normal 2.813641e-04 8.906341e-01 -4.547206e-01
    outer loop
      vertex   -2.896427e+01 5.159058e+00 1.544420e+01
      vertex   -1.121427e+01 4.842901e+00 1.483594e+01
      vertex   -2.896427e+01 4.786435e+00 1.471436e+01
    endloop
  endfacet
  facet normal -2.781299e-04 9.218545e-01 -3.875362e-01
    outer loop
      vertex   -2.896427e+01 4.786435e+00 1.471436e+01
      vertex   -1.121427e+01 4.842901e+00 1.483594e+01
      vertex   -1.121427e+01 4.528386e+00 1.408779e+01
    endloop
  endfacet
  facet normal 2.944901e-04 9.275633e-01 -3.736658e-01
    outer loop
      vertex   -2.896427e+01 4.786435e+00 1.471436e+01
      vertex   -1.121427e+01 4.528386e+00 1.408779e+01
      vertex   -2.896427e+01 4.480234e+00 1.395427e+01
    endloop
  endfacet
  facet normal -2.910655e-04 9.524207e-01 -3.047863e-01
    outer loop
      vertex   -2.896427e+01 4.480234e+00 1.395427e+01
      vertex   -1.121427e+01 4.528386e+00 1.408779e+01
      vertex   -1.121427e+01 4.281029e+00 1.331482e+01
    endloop
  endfacet
  facet normal 3.072355e-04 9.571336e-01 -2.896465e-01
    outer loop
      vertex   -2.896427e+01 4.480234e+00 1.395427e+01
      vertex   -1.121427e+01 4.281029e+00 1.331482e+01
      vertex   -2.896427e+01 4.242882e+00 1.316994e+01
    endloop
  endfacet
  facet normal -3.036206e-04 9.755754e-01 -2.196646e-01
    outer loop
      vertex   -2.896427e+01 4.242882e+00 1.316994e+01
      vertex   -1.121427e+01 4.281029e+00 1.331482e+01
      vertex   -1.121427e+01 4.102754e+00 1.252307e+01
    endloop
  endfacet
  facet normal 3.196002e-04 9.791104e-01 -2.033293e-01
    outer loop
      vertex   -2.896427e+01 4.242882e+00 1.316994e+01
      vertex   -1.121427e+01 4.102754e+00 1.252307e+01
      vertex   -2.896427e+01 4.076263e+00 1.236761e+01
    endloop
  endfacet
  facet normal -3.157950e-04 9.911383e-01 -1.328335e-01
    outer loop
      vertex   -2.896427e+01 4.076263e+00 1.236761e+01
      vertex   -1.121427e+01 4.102754e+00 1.252307e+01
      vertex   -1.121427e+01 3.994950e+00 1.171869e+01
    endloop
  endfacet
  facet normal 3.315844e-04 9.933192e-01 -1.153989e-01
    outer loop
      vertex   -2.896427e+01 4.076263e+00 1.236761e+01
      vertex   -1.121427e+01 3.994950e+00 1.171869e+01
      vertex   -2.896427e+01 3.981699e+00 1.155363e+01
    endloop
  endfacet
  facet normal -3.275889e-04 9.989883e-01 -4.496879e-02
    outer loop
      vertex   -2.896427e+01 3.981699e+00 1.155363e+01
      vertex   -1.121427e+01 3.994950e+00 1.171869e+01
      vertex   -1.121427e+01 3.958454e+00 1.090793e+01
    endloop
  endfacet
  facet normal 3.431879e-04 9.996473e-01 -2.655300e-02
    outer loop
      vertex   -2.896427e+01 3.981699e+00 1.155363e+01
      vertex   -1.121427e+01 3.958454e+00 1.090793e+01
      vertex   -2.896427e+01 3.959940e+00 1.073446e+01
    endloop
  endfacet
  facet normal -3.390020e-04 9.990644e-01 4.324591e-02
    outer loop
      vertex   -2.896427e+01 3.959940e+00 1.073446e+01
      vertex   -1.121427e+01 3.958454e+00 1.090793e+01
      vertex   -1.121427e+01 3.993551e+00 1.009712e+01
    endloop
  endfacet
  facet normal 3.544107e-04 9.980447e-01 6.250357e-02
    outer loop
      vertex   -2.896427e+01 3.959940e+00 1.073446e+01
      vertex   -1.121427e+01 3.993551e+00 1.009712e+01
      vertex   -2.896427e+01 4.011159e+00 9.916612e+00
    endloop
  endfacet
  facet normal -3.500346e-04 9.913659e-01 1.311241e-01
    outer loop
      vertex   -2.896427e+01 4.011159e+00 9.916612e+00
      vertex   -1.121427e+01 3.993551e+00 1.009712e+01
      vertex   -1.121427e+01 4.099969e+00 9.292548e+00
    endloop
  endfacet
  facet normal 3.652529e-04 9.885239e-01 1.510643e-01
    outer loop
      vertex   -2.896427e+01 4.011159e+00 9.916612e+00
      vertex   -1.121427e+01 4.099969e+00 9.292548e+00
      vertex   -2.896427e+01 4.134949e+00 9.106563e+00
    endloop
  endfacet
  facet normal -3.606864e-04 9.759528e-01 2.179819e-01
    outer loop
      vertex   -2.896427e+01 4.134949e+00 9.106563e+00
      vertex   -1.121427e+01 4.099969e+00 9.292548e+00
      vertex   -1.121427e+01 4.276877e+00 8.500489e+00
    endloop
  endfacet
  facet normal 3.757145e-04 9.711605e-01 2.384265e-01
    outer loop
      vertex   -2.896427e+01 4.134949e+00 9.106563e+00
      vertex   -1.121427e+01 4.276877e+00 8.500489e+00
      vertex   -2.896427e+01 4.330328e+00 8.310742e+00
    endloop
  endfacet
  facet normal -3.709577e-04 9.529449e-01 3.031433e-01
    outer loop
      vertex   -2.896427e+01 4.330328e+00 8.310742e+00
      vertex   -1.121427e+01 4.276877e+00 8.500489e+00
      vertex   -1.121427e+01 4.522901e+00 7.727102e+00
    endloop
  endfacet
  facet normal 3.857954e-04 9.460922e-01 3.238971e-01
    outer loop
      vertex   -2.896427e+01 4.330328e+00 8.310742e+00
      vertex   -1.121427e+01 4.522901e+00 7.727102e+00
      vertex   -2.896427e+01 4.595747e+00 7.535464e+00
    endloop
  endfacet
  facet normal -3.808482e-04 9.225214e-01 3.859458e-01
    outer loop
      vertex   -2.896427e+01 4.595747e+00 7.535464e+00
      vertex   -1.121427e+01 4.522901e+00 7.727102e+00
      vertex   -1.121427e+01 4.836125e+00 6.978406e+00
    endloop
  endfacet
  facet normal 3.954956e-04 9.135180e-01 4.067980e-01
    outer loop
      vertex   -2.896427e+01 4.595747e+00 7.535464e+00
      vertex   -1.121427e+01 4.836125e+00 6.978406e+00
      vertex   -2.896427e+01 4.929099e+00 6.786879e+00
    endloop
  endfacet
  facet normal -3.903581e-04 8.849189e-01 4.657449e-01
    outer loop
      vertex   -2.896427e+01 4.929099e+00 6.786879e+00
      vertex   -1.121427e+01 4.836125e+00 6.978406e+00
      vertex   -1.121427e+01 5.214112e+00 6.260227e+00
    endloop
  endfacet
  facet normal 4.048151e-04 8.736963e-01 4.864716e-01
    outer loop
      vertex   -2.896427e+01 4.929099e+00 6.786879e+00
      vertex   -1.121427e+01 5.214112e+00 6.260227e+00
      vertex   -2.896427e+01 5.327740e+00 6.070925e+00
    endloop
  endfacet
  facet normal -3.994872e-04 8.404302e-01 5.419196e-01
    outer loop
      vertex   -2.896427e+01 5.327740e+00 6.070925e+00
      vertex   -1.121427e+01 5.214112e+00 6.260227e+00
      vertex   -1.121427e+01 5.653921e+00 5.578155e+00
    endloop
  endfacet
  facet normal 4.137539e-04 8.269430e-01 5.622856e-01
    outer loop
      vertex   -2.896427e+01 5.327740e+00 6.070925e+00
      vertex   -1.121427e+01 5.653921e+00 5.578155e+00
      vertex   -2.896427e+01 5.788506e+00 5.393284e+00
    endloop
  endfacet
  facet normal -4.082357e-04 7.894014e-01 6.138772e-01
    outer loop
      vertex   -2.896427e+01 5.788506e+00 5.393284e+00
      vertex   -1.121427e+01 5.653921e+00 5.578155e+00
      vertex   -1.121427e+01 6.152129e+00 4.937496e+00
    endloop
  endfacet
  facet normal 4.223121e-04 7.736290e-01 6.336387e-01
    outer loop
      vertex   -2.896427e+01 5.788506e+00 5.393284e+00
      vertex   -1.121427e+01 6.152129e+00 4.937496e+00
      vertex   -2.896427e+01 6.307744e+00 4.759331e+00
    endloop
  endfacet
  facet normal -4.166035e-04 7.322296e-01 6.810578e-01
    outer loop
      vertex   -2.896427e+01 6.307744e+00 4.759331e+00
      vertex   -1.121427e+01 6.152129e+00 4.937496e+00
      vertex   -1.121427e+01 6.704859e+00 4.343236e+00
    endloop
  endfacet
  facet normal 4.304895e-04 7.141773e-01 6.999647e-01
    outer loop
      vertex   -2.896427e+01 6.307744e+00 4.759331e+00
      vertex   -1.121427e+01 6.704859e+00 4.343236e+00
      vertex   -2.896427e+01 6.881332e+00 4.174096e+00
    endloop
  endfacet
  facet normal -4.245906e-04 6.693597e-01 7.429384e-01
    outer loop
      vertex   -2.896427e+01 6.881332e+00 4.174096e+00
      vertex   -1.121427e+01 6.704859e+00 4.343236e+00
      vertex   -1.121427e+01 7.307810e+00 3.800000e+00
    endloop
  endfacet
  facet normal 5.965136e-15 6.594309e-01 7.517652e-01
    outer loop
      vertex   -2.896427e+01 6.881332e+00 4.174096e+00
      vertex   -1.121427e+01 7.307810e+00 3.800000e+00
      vertex   -3.371427e+01 7.307810e+00 3.800000e+00
    endloop
  endfacet
  facet normal 1.774496e-04 6.324048e-01 7.746381e-01
    outer loop
      vertex   -3.371427e+01 7.372965e+00 3.746808e+00
      vertex   -4.671427e+01 7.504721e+00 3.642222e+00
      vertex   -3.371427e+01 7.307810e+00 3.800000e+00
    endloop
  endfacet
  facet normal 5.984292e-04 6.490596e-01 7.607374e-01
    outer loop
      vertex   -3.371427e+01 7.307810e+00 3.800000e+00
      vertex   -4.671427e+01 7.504721e+00 3.642222e+00
      vertex   -4.671427e+01 6.881332e+00 4.174096e+00
    endloop
  endfacet
  facet normal 3.654492e-17 6.594309e-01 7.517652e-01
    outer loop
      vertex   -3.371427e+01 7.307810e+00 3.800000e+00
      vertex   -4.671427e+01 6.881332e+00 4.174096e+00
      vertex   -2.896427e+01 6.881332e+00 4.174096e+00
    endloop
  endfacet
  facet normal 3.502499e-17 7.141774e-01 6.999647e-01
    outer loop
      vertex   -2.896427e+01 6.881332e+00 4.174096e+00
      vertex   -4.671427e+01 6.881332e+00 4.174096e+00
      vertex   -2.896427e+01 6.307744e+00 4.759331e+00
    endloop
  endfacet
  facet normal 5.915151e-05 6.252963e-01 7.803874e-01
    outer loop
      vertex   -3.371427e+01 7.372965e+00 3.746808e+00
      vertex   -3.371427e+01 7.438604e+00 3.694214e+00
      vertex   -4.671427e+01 7.504721e+00 3.642222e+00
    endloop
  endfacet
  facet normal -2.685276e-17 6.181356e-01 7.860715e-01
    outer loop
      vertex   -4.671427e+01 7.504721e+00 3.642222e+00
      vertex   -3.371427e+01 7.438604e+00 3.694214e+00
      vertex   -3.371427e+01 7.504721e+00 3.642222e+00
    endloop
  endfacet
  facet normal -4.061759e-19 7.141774e-01 6.999647e-01
    outer loop
      vertex   -4.671427e+01 6.881332e+00 4.174096e+00
      vertex   -4.671427e+01 6.307744e+00 4.759331e+00
      vertex   -2.896427e+01 6.307744e+00 4.759331e+00
    endloop
  endfacet
  facet normal 0.000000e+00 7.736291e-01 6.336387e-01
    outer loop
      vertex   -2.896427e+01 6.307744e+00 4.759331e+00
      vertex   -4.671427e+01 6.307744e+00 4.759331e+00
      vertex   -2.896427e+01 5.788506e+00 5.393284e+00
    endloop
  endfacet
  facet normal 9.913492e-19 7.736291e-01 6.336387e-01
    outer loop
      vertex   -4.671427e+01 6.307744e+00 4.759331e+00
      vertex   -4.671427e+01 5.788506e+00 5.393284e+00
      vertex   -2.896427e+01 5.788506e+00 5.393284e+00
    endloop
  endfacet
  facet normal 0.000000e+00 8.269431e-01 5.622857e-01
    outer loop
      vertex   -2.896427e+01 5.788506e+00 5.393284e+00
      vertex   -4.671427e+01 5.788506e+00 5.393284e+00
      vertex   -2.896427e+01 5.327740e+00 6.070925e+00
    endloop
  endfacet
  facet normal 4.102621e-17 8.269431e-01 5.622857e-01
    outer loop
      vertex   -4.671427e+01 5.788506e+00 5.393284e+00
      vertex   -4.671427e+01 5.327740e+00 6.070925e+00
      vertex   -2.896427e+01 5.327740e+00 6.070925e+00
    endloop
  endfacet
  facet normal 4.371821e-17 8.736964e-01 4.864716e-01
    outer loop
      vertex   -2.896427e+01 5.327740e+00 6.070925e+00
      vertex   -4.671427e+01 5.327740e+00 6.070925e+00
      vertex   -2.896427e+01 4.929099e+00 6.786879e+00
    endloop
  endfacet
  facet normal 4.465268e-17 8.736964e-01 4.864716e-01
    outer loop
      vertex   -4.671427e+01 5.327740e+00 6.070925e+00
      vertex   -4.671427e+01 4.929099e+00 6.786879e+00
      vertex   -2.896427e+01 4.929099e+00 6.786879e+00
    endloop
  endfacet
  facet normal 4.571082e-17 9.135181e-01 4.067980e-01
    outer loop
      vertex   -2.896427e+01 4.929099e+00 6.786879e+00
      vertex   -4.671427e+01 4.929099e+00 6.786879e+00
      vertex   -2.896427e+01 4.595747e+00 7.535464e+00
    endloop
  endfacet
  facet normal 4.276155e-19 9.135181e-01 4.067980e-01
    outer loop
      vertex   -4.671427e+01 4.929099e+00 6.786879e+00
      vertex   -4.671427e+01 4.595747e+00 7.535464e+00
      vertex   -2.896427e+01 4.595747e+00 7.535464e+00
    endloop
  endfacet
  facet normal 0.000000e+00 9.460923e-01 3.238971e-01
    outer loop
      vertex   -2.896427e+01 4.595747e+00 7.535464e+00
      vertex   -4.671427e+01 4.595747e+00 7.535464e+00
      vertex   -2.896427e+01 4.330328e+00 8.310742e+00
    endloop
  endfacet
  facet normal 1.983158e-19 9.460923e-01 3.238971e-01
    outer loop
      vertex   -4.671427e+01 4.595747e+00 7.535464e+00
      vertex   -4.671427e+01 4.330328e+00 8.310742e+00
      vertex   -2.896427e+01 4.330328e+00 8.310742e+00
    endloop
  endfacet
  facet normal 0.000000e+00 9.711605e-01 2.384265e-01
    outer loop
      vertex   -2.896427e+01 4.330328e+00 8.310742e+00
      vertex   -4.671427e+01 4.330328e+00 8.310742e+00
      vertex   -2.896427e+01 4.134949e+00 9.106563e+00
    endloop
  endfacet
  facet normal 9.748004e-17 9.711605e-01 2.384265e-01
    outer loop
      vertex   -4.671427e+01 4.330328e+00 8.310742e+00
      vertex   -4.671427e+01 4.134949e+00 9.106563e+00
      vertex   -2.896427e+01 4.134949e+00 9.106563e+00
    endloop
  endfacet
  facet normal 9.892796e-17 9.885239e-01 1.510643e-01
    outer loop
      vertex   -2.896427e+01 4.134949e+00 9.106563e+00
      vertex   -4.671427e+01 4.134949e+00 9.106563e+00
      vertex   -2.896427e+01 4.011159e+00 9.916612e+00
    endloop
  endfacet
  facet normal 2.388602e-20 9.885239e-01 1.510643e-01
    outer loop
      vertex   -4.671427e+01 4.134949e+00 9.106563e+00
      vertex   -4.671427e+01 4.011159e+00 9.916612e+00
      vertex   -2.896427e+01 4.011159e+00 9.916612e+00
    endloop
  endfacet
  facet normal 0.000000e+00 9.980447e-01 6.250358e-02
    outer loop
      vertex   -2.896427e+01 4.011159e+00 9.916612e+00
      vertex   -4.671427e+01 4.011159e+00 9.916612e+00
      vertex   -2.896427e+01 3.959940e+00 1.073446e+01
    endloop
  endfacet
  facet normal -1.557258e-19 9.980447e-01 6.250358e-02
    outer loop
      vertex   -4.671427e+01 4.011159e+00 9.916612e+00
      vertex   -4.671427e+01 3.959940e+00 1.073446e+01
      vertex   -2.896427e+01 3.959940e+00 1.073446e+01
    endloop
  endfacet
  facet normal 0.000000e+00 9.996474e-01 -2.655301e-02
    outer loop
      vertex   -2.896427e+01 3.959940e+00 1.073446e+01
      vertex   -4.671427e+01 3.959940e+00 1.073446e+01
      vertex   -2.896427e+01 3.981699e+00 1.155363e+01
    endloop
  endfacet
  facet normal 4.886009e-20 9.996474e-01 -2.655301e-02
    outer loop
      vertex   -4.671427e+01 3.959940e+00 1.073446e+01
      vertex   -4.671427e+01 3.981699e+00 1.155363e+01
      vertex   -2.896427e+01 3.981699e+00 1.155363e+01
    endloop
  endfacet
  facet normal 0.000000e+00 9.933192e-01 -1.153989e-01
    outer loop
      vertex   -2.896427e+01 3.981699e+00 1.155363e+01
      vertex   -4.671427e+01 3.981699e+00 1.155363e+01
      vertex   -2.896427e+01 4.076263e+00 1.236761e+01
    endloop
  endfacet
  facet normal 6.149609e-17 9.933192e-01 -1.153989e-01
    outer loop
      vertex   -4.671427e+01 3.981699e+00 1.155363e+01
      vertex   -4.671427e+01 4.076263e+00 1.236761e+01
      vertex   -2.896427e+01 4.076263e+00 1.236761e+01
    endloop
  endfacet
  facet normal 6.934142e-17 9.791104e-01 -2.033293e-01
    outer loop
      vertex   -2.896427e+01 4.076263e+00 1.236761e+01
      vertex   -4.671427e+01 4.076263e+00 1.236761e+01
      vertex   -2.896427e+01 4.242882e+00 1.316994e+01
    endloop
  endfacet
  facet normal -6.115530e-19 9.791104e-01 -2.033293e-01
    outer loop
      vertex   -4.671427e+01 4.076263e+00 1.236761e+01
      vertex   -4.671427e+01 4.242882e+00 1.316994e+01
      vertex   -2.896427e+01 4.242882e+00 1.316994e+01
    endloop
  endfacet
  facet normal 0.000000e+00 9.571337e-01 -2.896466e-01
    outer loop
      vertex   -2.896427e+01 4.242882e+00 1.316994e+01
      vertex   -4.671427e+01 4.242882e+00 1.316994e+01
      vertex   -2.896427e+01 4.480234e+00 1.395427e+01
    endloop
  endfacet
  facet normal -9.643074e-17 9.571337e-01 -2.896466e-01
    outer loop
      vertex   -4.671427e+01 4.242882e+00 1.316994e+01
      vertex   -4.671427e+01 4.480234e+00 1.395427e+01
      vertex   -2.896427e+01 4.480234e+00 1.395427e+01
    endloop
  endfacet
  facet normal -9.282724e-17 9.275634e-01 -3.736659e-01
    outer loop
      vertex   -2.896427e+01 4.480234e+00 1.395427e+01
      vertex   -4.671427e+01 4.480234e+00 1.395427e+01
      vertex   -2.896427e+01 4.786435e+00 1.471436e+01
    endloop
  endfacet
  facet normal -9.783625e-18 9.275634e-01 -3.736659e-01
    outer loop
      vertex   -4.671427e+01 4.480234e+00 1.395427e+01
      vertex   -4.671427e+01 4.786435e+00 1.471436e+01
      vertex   -2.896427e+01 4.786435e+00 1.471436e+01
    endloop
  endfacet
  facet normal 9.410734e-19 8.906341e-01 -4.547206e-01
    outer loop
      vertex   -2.896427e+01 4.786435e+00 1.471436e+01
      vertex   -4.671427e+01 4.786435e+00 1.471436e+01
      vertex   -2.896427e+01 5.159058e+00 1.544420e+01
    endloop
  endfacet
  facet normal 8.739849e-17 8.906341e-01 -4.547206e-01
    outer loop
      vertex   -4.671427e+01 4.786435e+00 1.471436e+01
      vertex   -4.671427e+01 5.159058e+00 1.544420e+01
      vertex   -2.896427e+01 5.159058e+00 1.544420e+01
    endloop
  endfacet
  facet normal 8.472861e-17 8.466389e-01 -5.321678e-01
    outer loop
      vertex   -2.896427e+01 5.159058e+00 1.544420e+01
      vertex   -4.671427e+01 5.159058e+00 1.544420e+01
      vertex   -2.896427e+01 5.595144e+00 1.613798e+01
    endloop
  endfacet
  facet normal -1.772293e-18 8.466389e-01 -5.321678e-01
    outer loop
      vertex   -4.671427e+01 5.159058e+00 1.544420e+01
      vertex   -4.671427e+01 5.595144e+00 1.613798e+01
      vertex   -2.896427e+01 5.595144e+00 1.613798e+01
    endloop
  endfacet
  facet normal 0.000000e+00 7.959268e-01 -6.053929e-01
    outer loop
      vertex   -2.896427e+01 5.595144e+00 1.613798e+01
      vertex   -4.671427e+01 5.595144e+00 1.613798e+01
      vertex   -2.896427e+01 6.091235e+00 1.679020e+01
    endloop
  endfacet
  facet normal 4.001443e-17 7.959268e-01 -6.053929e-01
    outer loop
      vertex   -4.671427e+01 5.595144e+00 1.613798e+01
      vertex   -4.671427e+01 6.091235e+00 1.679020e+01
      vertex   -2.896427e+01 6.091235e+00 1.679020e+01
    endloop
  endfacet
  facet normal 3.697324e-17 7.389000e-01 -6.738151e-01
    outer loop
      vertex   -2.896427e+01 6.091235e+00 1.679020e+01
      vertex   -4.671427e+01 6.091235e+00 1.679020e+01
      vertex   -2.896427e+01 6.643395e+00 1.739570e+01
    endloop
  endfacet
  facet normal -6.174821e-19 7.389000e-01 -6.738151e-01
    outer loop
      vertex   -4.671427e+01 6.091235e+00 1.679020e+01
      vertex   -4.671427e+01 6.643395e+00 1.739570e+01
      vertex   -2.896427e+01 6.643395e+00 1.739570e+01
    endloop
  endfacet
  facet normal 0.000000e+00 6.760111e-01 -7.368915e-01
    outer loop
      vertex   -2.896427e+01 6.643395e+00 1.739570e+01
      vertex   -4.671427e+01 6.643395e+00 1.739570e+01
      vertex   -2.896427e+01 7.247244e+00 1.794965e+01
    endloop
  endfacet
  facet normal 3.579804e-19 6.760111e-01 -7.368915e-01
    outer loop
      vertex   -4.671427e+01 6.643395e+00 1.739570e+01
      vertex   -4.671427e+01 7.247244e+00 1.794965e+01
      vertex   -2.896427e+01 7.247244e+00 1.794965e+01
    endloop
  endfacet
  facet normal 0.000000e+00 6.077589e-01 -7.941216e-01
    outer loop
      vertex   -2.896427e+01 7.247244e+00 1.794965e+01
      vertex   -4.671427e+01 7.247244e+00 1.794965e+01
      vertex   -2.896427e+01 7.897989e+00 1.844768e+01
    endloop
  endfacet
  facet normal -6.253611e-17 6.077589e-01 -7.941216e-01
    outer loop
      vertex   -4.671427e+01 7.247244e+00 1.794965e+01
      vertex   -4.671427e+01 7.897989e+00 1.844768e+01
      vertex   -2.896427e+01 7.897989e+00 1.844768e+01
    endloop
  endfacet
  facet normal -5.350938e-17 5.346850e-01 -8.450514e-01
    outer loop
      vertex   -2.896427e+01 7.897989e+00 1.844768e+01
      vertex   -4.671427e+01 7.897989e+00 1.844768e+01
      vertex   -2.896427e+01 8.590469e+00 1.888583e+01
    endloop
  endfacet
  facet normal 1.704053e-16 5.346850e-01 -8.450514e-01
    outer loop
      vertex   -4.671427e+01 7.897989e+00 1.844768e+01
      vertex   -4.671427e+01 8.590469e+00 1.888583e+01
      vertex   -2.896427e+01 8.590469e+00 1.888583e+01
    endloop
  endfacet
  facet normal 1.779913e-16 4.573691e-01 -8.892769e-01
    outer loop
      vertex   -2.896427e+01 8.590469e+00 1.888583e+01
      vertex   -4.671427e+01 8.590469e+00 1.888583e+01
      vertex   -2.896427e+01 9.319190e+00 1.926063e+01
    endloop
  endfacet
  facet normal 4.638313e-17 4.573691e-01 -8.892769e-01
    outer loop
      vertex   -4.671427e+01 8.590469e+00 1.888583e+01
      vertex   -4.671427e+01 9.319190e+00 1.926063e+01
      vertex   -2.896427e+01 9.319190e+00 1.926063e+01
    endloop
  endfacet
  facet normal 3.767124e-17 3.764246e-01 -9.264472e-01
    outer loop
      vertex   -2.896427e+01 9.319190e+00 1.926063e+01
      vertex   -4.671427e+01 9.319190e+00 1.926063e+01
      vertex   -2.896427e+01 1.007837e+01 1.956909e+01
    endloop
  endfacet
  facet normal 2.269168e-19 3.764246e-01 -9.264472e-01
    outer loop
      vertex   -4.671427e+01 9.319190e+00 1.926063e+01
      vertex   -4.671427e+01 1.007837e+01 1.956909e+01
      vertex   -2.896427e+01 1.007837e+01 1.956909e+01
    endloop
  endfacet
  facet normal 0.000000e+00 2.924937e-01 -9.562674e-01
    outer loop
      vertex   -2.896427e+01 1.007837e+01 1.956909e+01
      vertex   -4.671427e+01 1.007837e+01 1.956909e+01
      vertex   -2.896427e+01 1.086199e+01 1.980877e+01
    endloop
  endfacet
  facet normal 1.324557e-16 2.924937e-01 -9.562674e-01
    outer loop
      vertex   -4.671427e+01 1.007837e+01 1.956909e+01
      vertex   -4.671427e+01 1.086199e+01 1.980877e+01
      vertex   -2.896427e+01 1.086199e+01 1.980877e+01
    endloop
  endfacet
  facet normal 1.545698e-16 2.062423e-01 -9.785010e-01
    outer loop
      vertex   -2.896427e+01 1.086199e+01 1.980877e+01
      vertex   -4.671427e+01 1.086199e+01 1.980877e+01
      vertex   -2.896427e+01 1.166382e+01 1.997778e+01
    endloop
  endfacet
  facet normal -1.967412e-16 2.062423e-01 -9.785010e-01
    outer loop
      vertex   -4.671427e+01 1.086199e+01 1.980877e+01
      vertex   -4.671427e+01 1.166382e+01 1.997778e+01
      vertex   -2.896427e+01 1.166382e+01 1.997778e+01
    endloop
  endfacet
  facet normal -1.987461e-16 1.183546e-01 -9.929714e-01
    outer loop
      vertex   -2.896427e+01 1.166382e+01 1.997778e+01
      vertex   -4.671427e+01 1.166382e+01 1.997778e+01
      vertex   -2.896427e+01 1.247752e+01 2.007477e+01
    endloop
  endfacet
  facet normal -4.425922e-19 1.183546e-01 -9.929714e-01
    outer loop
      vertex   -4.671427e+01 1.166382e+01 1.997778e+01
      vertex   -4.671427e+01 1.247752e+01 2.007477e+01
      vertex   -2.896427e+01 1.247752e+01 2.007477e+01
    endloop
  endfacet
  facet normal 0.000000e+00 2.952786e-02 -9.995640e-01
    outer loop
      vertex   -2.896427e+01 1.247752e+01 2.007477e+01
      vertex   -4.671427e+01 1.247752e+01 2.007477e+01
      vertex   -2.896427e+01 1.329661e+01 2.009896e+01
    endloop
  endfacet
  facet normal -4.001264e-16 2.952786e-02 -9.995640e-01
    outer loop
      vertex   -4.671427e+01 1.247752e+01 2.007477e+01
      vertex   -4.671427e+01 1.329661e+01 2.009896e+01
      vertex   -2.896427e+01 1.329661e+01 2.009896e+01
    endloop
  endfacet
  facet normal -3.995958e-16 -5.953310e-02 -9.982263e-01
    outer loop
      vertex   -2.896427e+01 1.329661e+01 2.009896e+01
      vertex   -4.671427e+01 1.329661e+01 2.009896e+01
      vertex   -2.896427e+01 1.411461e+01 2.005018e+01
    endloop
  endfacet
  facet normal 2.400648e-17 -5.953310e-02 -9.982263e-01
    outer loop
      vertex   -4.671427e+01 1.329661e+01 2.009896e+01
      vertex   -4.671427e+01 1.411461e+01 2.005018e+01
      vertex   -2.896427e+01 1.411461e+01 2.005018e+01
    endloop
  endfacet
  facet normal 5.929399e-17 -1.481217e-01 -9.889691e-01
    outer loop
      vertex   -2.896427e+01 1.411461e+01 2.005018e+01
      vertex   -4.671427e+01 1.411461e+01 2.005018e+01
      vertex   -2.896427e+01 1.492503e+01 1.992880e+01
    endloop
  endfacet
  facet normal 2.951469e-17 -1.481217e-01 -9.889691e-01
    outer loop
      vertex   -4.671427e+01 1.411461e+01 2.005018e+01
      vertex   -4.671427e+01 1.492503e+01 1.992880e+01
      vertex   -2.896427e+01 1.492503e+01 1.992880e+01
    endloop
  endfacet
  facet normal 4.714306e-17 -2.355352e-01 -9.718658e-01
    outer loop
      vertex   -2.896427e+01 1.492503e+01 1.992880e+01
      vertex   -4.671427e+01 1.492503e+01 1.992880e+01
      vertex   -4.671427e+01 1.572142e+01 1.973579e+01
    endloop
  endfacet
  facet normal -9.892398e-06 -2.357435e-01 -9.718153e-01
    outer loop
      vertex   -2.896427e+01 1.492503e+01 1.992880e+01
      vertex   -4.671427e+01 1.572142e+01 1.973579e+01
      vertex   -2.896427e+01 1.572521e+01 1.973469e+01
    endloop
  endfacet
  facet normal 9.844849e-06 -3.210801e-01 -9.470520e-01
    outer loop
      vertex   -2.896427e+01 1.572521e+01 1.973469e+01
      vertex   -4.671427e+01 1.572142e+01 1.973579e+01
      vertex   -4.671427e+01 1.649749e+01 1.947268e+01
    endloop
  endfacet
  facet normal 0.000000e+00 7.018840e-01 7.122913e-01
    outer loop
      vertex   -3.371427e+01 7.744068e+00 3.419699e+00
      vertex   -3.804761e+01 7.744068e+00 3.419699e+00
      vertex   -3.371427e+01 7.567310e+00 3.593875e+00
    endloop
  endfacet
  facet normal 9.904553e-19 7.018840e-01 7.122913e-01
    outer loop
      vertex   -3.371427e+01 7.567310e+00 3.593875e+00
      vertex   -3.804761e+01 7.744068e+00 3.419699e+00
      vertex   -4.238094e+01 7.744068e+00 3.419699e+00
    endloop
  endfacet
  facet normal 0.000000e+00 7.018840e-01 7.122913e-01
    outer loop
      vertex   -3.371427e+01 7.567310e+00 3.593875e+00
      vertex   -4.238094e+01 7.744068e+00 3.419699e+00
      vertex   -4.671427e+01 7.567310e+00 3.593875e+00
    endloop
  endfacet
  facet normal 9.904553e-19 7.018840e-01 7.122913e-01
    outer loop
      vertex   -4.671427e+01 7.567310e+00 3.593875e+00
      vertex   -4.238094e+01 7.744068e+00 3.419699e+00
      vertex   -4.671427e+01 7.744068e+00 3.419699e+00
    endloop
  endfacet
  facet normal -0.000000e+00 8.556649e-01 5.175303e-01
    outer loop
      vertex   -4.671427e+01 7.744068e+00 3.419699e+00
      vertex   -4.238094e+01 7.744068e+00 3.419699e+00
      vertex   -4.671427e+01 7.872495e+00 3.207363e+00
    endloop
  endfacet
  facet normal -0.000000e+00 8.556649e-01 5.175303e-01
    outer loop
      vertex   -4.671427e+01 7.872495e+00 3.207363e+00
      vertex   -4.238094e+01 7.744068e+00 3.419699e+00
      vertex   -4.238094e+01 7.872495e+00 3.207363e+00
    endloop
  endfacet
  facet normal -0.000000e+00 9.567536e-01 2.908997e-01
    outer loop
      vertex   -4.671427e+01 7.872495e+00 3.207363e+00
      vertex   -4.238094e+01 7.872495e+00 3.207363e+00
      vertex   -4.671427e+01 7.944683e+00 2.969941e+00
    endloop
  endfacet
  facet normal -0.000000e+00 9.567536e-01 2.908997e-01
    outer loop
      vertex   -4.671427e+01 7.944683e+00 2.969941e+00
      vertex   -4.238094e+01 7.872495e+00 3.207363e+00
      vertex   -4.238094e+01 7.944683e+00 2.969941e+00
    endloop
  endfacet
  facet normal -0.000000e+00 9.989250e-01 4.635530e-02
    outer loop
      vertex   -4.671427e+01 7.944683e+00 2.969941e+00
      vertex   -4.238094e+01 7.944683e+00 2.969941e+00
      vertex   -4.671427e+01 7.956186e+00 2.722054e+00
    endloop
  endfacet
  facet normal -0.000000e+00 9.989250e-01 4.635530e-02
    outer loop
      vertex   -4.671427e+01 7.956186e+00 2.722054e+00
      vertex   -4.238094e+01 7.944683e+00 2.969941e+00
      vertex   -4.238094e+01 7.956186e+00 2.722054e+00
    endloop
  endfacet
  facet normal 0.000000e+00 9.795823e-01 -2.010436e-01
    outer loop
      vertex   -4.671427e+01 7.956186e+00 2.722054e+00
      vertex   -4.238094e+01 7.956186e+00 2.722054e+00
      vertex   -4.671427e+01 7.906296e+00 2.478966e+00
    endloop
  endfacet
  facet normal 0.000000e+00 9.795823e-01 -2.010436e-01
    outer loop
      vertex   -4.671427e+01 7.906296e+00 2.478966e+00
      vertex   -4.238094e+01 7.956186e+00 2.722054e+00
      vertex   -4.238094e+01 7.906296e+00 2.478966e+00
    endloop
  endfacet
  facet normal 0.000000e+00 8.999165e-01 -4.360622e-01
    outer loop
      vertex   -4.671427e+01 7.906296e+00 2.478966e+00
      vertex   -4.238094e+01 7.906296e+00 2.478966e+00
      vertex   -4.671427e+01 7.798086e+00 2.255648e+00
    endloop
  endfacet
  facet normal 0.000000e+00 8.999165e-01 -4.360622e-01
    outer loop
      vertex   -4.671427e+01 7.798086e+00 2.255648e+00
      vertex   -4.238094e+01 7.906296e+00 2.478966e+00
      vertex   -4.238094e+01 7.798086e+00 2.255648e+00
    endloop
  endfacet
  facet normal 0.000000e+00 7.648335e-01 -6.442280e-01
    outer loop
      vertex   -4.671427e+01 7.798086e+00 2.255648e+00
      vertex   -4.238094e+01 7.798086e+00 2.255648e+00
      vertex   -4.671427e+01 7.638218e+00 2.065852e+00
    endloop
  endfacet
  facet normal -3.795489e-16 7.648335e-01 -6.442280e-01
    outer loop
      vertex   -4.671427e+01 7.638218e+00 2.065852e+00
      vertex   -4.238094e+01 7.798086e+00 2.255648e+00
      vertex   -4.238094e+01 7.638218e+00 2.065852e+00
    endloop
  endfacet
  facet normal -3.221351e-16 5.826518e-01 -8.127219e-01
    outer loop
      vertex   -4.671427e+01 7.638218e+00 2.065852e+00
      vertex   -4.238094e+01 7.638218e+00 2.065852e+00
      vertex   -4.671427e+01 7.436538e+00 1.921265e+00
    endloop
  endfacet
  facet normal 0.000000e+00 5.826518e-01 -8.127219e-01
    outer loop
      vertex   -4.671427e+01 7.436538e+00 1.921265e+00
      vertex   -4.238094e+01 7.638218e+00 2.065852e+00
      vertex   -4.238094e+01 7.436538e+00 1.921265e+00
    endloop
  endfacet
  facet normal 0.000000e+00 3.645902e-01 -9.311681e-01
    outer loop
      vertex   -4.671427e+01 7.436538e+00 1.921265e+00
      vertex   -4.238094e+01 7.436538e+00 1.921265e+00
      vertex   -4.671427e+01 7.205465e+00 1.830790e+00
    endloop
  endfacet
  facet normal 0.000000e+00 3.645902e-01 -9.311681e-01
    outer loop
      vertex   -4.671427e+01 7.205465e+00 1.830790e+00
      vertex   -4.238094e+01 7.436538e+00 1.921265e+00
      vertex   -4.238094e+01 7.205465e+00 1.830790e+00
    endloop
  endfacet
  facet normal 0.000000e+00 1.240770e-01 -9.922726e-01
    outer loop
      vertex   -4.671427e+01 7.205465e+00 1.830790e+00
      vertex   -4.238094e+01 7.205465e+00 1.830790e+00
      vertex   -4.671427e+01 6.959229e+00 1.800000e+00
    endloop
  endfacet
  facet normal -1.847920e-19 1.240770e-01 -9.922726e-01
    outer loop
      vertex   -4.671427e+01 6.959229e+00 1.800000e+00
      vertex   -4.238094e+01 7.205465e+00 1.830790e+00
      vertex   -3.804761e+01 7.205465e+00 1.830790e+00
    endloop
  endfacet
  facet normal 1.694837e-17 1.240770e-01 -9.922726e-01
    outer loop
      vertex   -4.671427e+01 6.959229e+00 1.800000e+00
      vertex   -3.804761e+01 7.205465e+00 1.830790e+00
      vertex   -3.371427e+01 6.959229e+00 1.800000e+00
    endloop
  endfacet
  facet normal -2.142377e-19 1.240770e-01 -9.922726e-01
    outer loop
      vertex   -3.371427e+01 6.959229e+00 1.800000e+00
      vertex   -3.804761e+01 7.205465e+00 1.830790e+00
      vertex   -3.371427e+01 7.205465e+00 1.830790e+00
    endloop
  endfacet
  facet normal 0.000000e+00 3.645902e-01 -9.311681e-01
    outer loop
      vertex   -3.371427e+01 7.205465e+00 1.830790e+00
      vertex   -3.804761e+01 7.205465e+00 1.830790e+00
      vertex   -3.371427e+01 7.436538e+00 1.921265e+00
    endloop
  endfacet
  facet normal -7.472796e-17 3.645902e-01 -9.311681e-01
    outer loop
      vertex   -3.371427e+01 7.436538e+00 1.921265e+00
      vertex   -3.804761e+01 7.205465e+00 1.830790e+00
      vertex   -3.804761e+01 7.436538e+00 1.921265e+00
    endloop
  endfacet
  facet normal -1.194228e-16 5.826518e-01 -8.127219e-01
    outer loop
      vertex   -3.371427e+01 7.436538e+00 1.921265e+00
      vertex   -3.804761e+01 7.436538e+00 1.921265e+00
      vertex   -3.371427e+01 7.638218e+00 2.065852e+00
    endloop
  endfacet
  facet normal 8.328947e-17 5.826518e-01 -8.127219e-01
    outer loop
      vertex   -3.371427e+01 7.638218e+00 2.065852e+00
      vertex   -3.804761e+01 7.436538e+00 1.921265e+00
      vertex   -3.804761e+01 7.638218e+00 2.065852e+00
    endloop
  endfacet
  facet normal 6.602185e-17 7.648335e-01 -6.442280e-01
    outer loop
      vertex   -3.371427e+01 7.638218e+00 2.065852e+00
      vertex   -3.804761e+01 7.638218e+00 2.065852e+00
      vertex   -3.371427e+01 7.798086e+00 2.255648e+00
    endloop
  endfacet
  facet normal 0.000000e+00 7.648335e-01 -6.442280e-01
    outer loop
      vertex   -3.371427e+01 7.798086e+00 2.255648e+00
      vertex   -3.804761e+01 7.638218e+00 2.065852e+00
      vertex   -3.804761e+01 7.798086e+00 2.255648e+00
    endloop
  endfacet
  facet normal 0.000000e+00 8.999165e-01 -4.360622e-01
    outer loop
      vertex   -3.371427e+01 7.798086e+00 2.255648e+00
      vertex   -3.804761e+01 7.798086e+00 2.255648e+00
      vertex   -3.371427e+01 7.906296e+00 2.478966e+00
    endloop
  endfacet
  facet normal 0.000000e+00 8.999165e-01 -4.360622e-01
    outer loop
      vertex   -3.371427e+01 7.906296e+00 2.478966e+00
      vertex   -3.804761e+01 7.798086e+00 2.255648e+00
      vertex   -3.804761e+01 7.906296e+00 2.478966e+00
    endloop
  endfacet
  facet normal 0.000000e+00 9.795823e-01 -2.010436e-01
    outer loop
      vertex   -3.371427e+01 7.906296e+00 2.478966e+00
      vertex   -3.804761e+01 7.906296e+00 2.478966e+00
      vertex   -3.371427e+01 7.956186e+00 2.722054e+00
    endloop
  endfacet
  facet normal 0.000000e+00 9.795823e-01 -2.010436e-01
    outer loop
      vertex   -3.371427e+01 7.956186e+00 2.722054e+00
      vertex   -3.804761e+01 7.906296e+00 2.478966e+00
      vertex   -3.804761e+01 7.956186e+00 2.722054e+00
    endloop
  endfacet
  facet normal 0.000000e+00 9.989250e-01 4.635530e-02
    outer loop
      vertex   -3.371427e+01 7.956186e+00 2.722054e+00
      vertex   -3.804761e+01 7.956186e+00 2.722054e+00
      vertex   -3.371427e+01 7.944683e+00 2.969941e+00
    endloop
  endfacet
  facet normal 0.000000e+00 9.989250e-01 4.635530e-02
    outer loop
      vertex   -3.371427e+01 7.944683e+00 2.969941e+00
      vertex   -3.804761e+01 7.956186e+00 2.722054e+00
      vertex   -3.804761e+01 7.944683e+00 2.969941e+00
    endloop
  endfacet
  facet normal 0.000000e+00 9.567536e-01 2.908997e-01
    outer loop
      vertex   -3.371427e+01 7.944683e+00 2.969941e+00
      vertex   -3.804761e+01 7.944683e+00 2.969941e+00
      vertex   -3.371427e+01 7.872495e+00 3.207363e+00
    endloop
  endfacet
  facet normal 1.961003e-16 9.567536e-01 2.908997e-01
    outer loop
      vertex   -3.371427e+01 7.872495e+00 3.207363e+00
      vertex   -3.804761e+01 7.944683e+00 2.969941e+00
      vertex   -3.804761e+01 7.872495e+00 3.207363e+00
    endloop
  endfacet
  facet normal 1.753807e-16 8.556649e-01 5.175303e-01
    outer loop
      vertex   -3.371427e+01 7.872495e+00 3.207363e+00
      vertex   -3.804761e+01 7.872495e+00 3.207363e+00
      vertex   -3.371427e+01 7.744068e+00 3.419699e+00
    endloop
  endfacet
  facet normal 0.000000e+00 8.556649e-01 5.175303e-01
    outer loop
      vertex   -3.371427e+01 7.744068e+00 3.419699e+00
      vertex   -3.804761e+01 7.872495e+00 3.207363e+00
      vertex   -3.804761e+01 7.744068e+00 3.419699e+00
    endloop
  endfacet
  facet normal -1.061652e-18 8.556649e-01 5.175303e-01
    outer loop
      vertex   -4.238094e+01 7.872495e+00 3.207363e+00
      vertex   -4.238094e+01 7.744068e+00 3.419699e+00
      vertex   -3.804761e+01 7.744068e+00 3.419699e+00
    endloop
  endfacet
  facet normal -0.000000e+00 8.556649e-01 5.175303e-01
    outer loop
      vertex   -4.238094e+01 7.872495e+00 3.207363e+00
      vertex   -3.804761e+01 7.744068e+00 3.419699e+00
      vertex   -3.804761e+01 7.872495e+00 3.207363e+00
    endloop
  endfacet
  facet normal -7.976180e-19 9.567536e-01 2.908997e-01
    outer loop
      vertex   -4.238094e+01 7.944683e+00 2.969941e+00
      vertex   -4.238094e+01 7.872495e+00 3.207363e+00
      vertex   -3.804761e+01 7.872495e+00 3.207363e+00
    endloop
  endfacet
  facet normal -0.000000e+00 9.567536e-01 2.908997e-01
    outer loop
      vertex   -4.238094e+01 7.944683e+00 2.969941e+00
      vertex   -3.804761e+01 7.872495e+00 3.207363e+00
      vertex   -3.804761e+01 7.944683e+00 2.969941e+00
    endloop
  endfacet
  facet normal -1.057379e-19 9.989250e-01 4.635530e-02
    outer loop
      vertex   -4.238094e+01 7.956186e+00 2.722054e+00
      vertex   -4.238094e+01 7.944683e+00 2.969941e+00
      vertex   -3.804761e+01 7.944683e+00 2.969941e+00
    endloop
  endfacet
  facet normal -0.000000e+00 9.989250e-01 4.635530e-02
    outer loop
      vertex   -4.238094e+01 7.956186e+00 2.722054e+00
      vertex   -3.804761e+01 7.944683e+00 2.969941e+00
      vertex   -3.804761e+01 7.956186e+00 2.722054e+00
    endloop
  endfacet
  facet normal 5.855621e-19 9.795823e-01 -2.010436e-01
    outer loop
      vertex   -4.238094e+01 7.906296e+00 2.478966e+00
      vertex   -4.238094e+01 7.956186e+00 2.722054e+00
      vertex   -3.804761e+01 7.956186e+00 2.722054e+00
    endloop
  endfacet
  facet normal 0.000000e+00 9.795823e-01 -2.010436e-01
    outer loop
      vertex   -4.238094e+01 7.906296e+00 2.478966e+00
      vertex   -3.804761e+01 7.956186e+00 2.722054e+00
      vertex   -3.804761e+01 7.906296e+00 2.478966e+00
    endloop
  endfacet
  facet normal -1.357012e-18 8.999165e-01 -4.360622e-01
    outer loop
      vertex   -4.238094e+01 7.798086e+00 2.255648e+00
      vertex   -4.238094e+01 7.906296e+00 2.478966e+00
      vertex   -3.804761e+01 7.906296e+00 2.478966e+00
    endloop
  endfacet
  facet normal 0.000000e+00 8.999165e-01 -4.360622e-01
    outer loop
      vertex   -4.238094e+01 7.798086e+00 2.255648e+00
      vertex   -3.804761e+01 7.906296e+00 2.478966e+00
      vertex   -3.804761e+01 7.798086e+00 2.255648e+00
    endloop
  endfacet
  facet normal 1.045131e-18 7.648335e-01 -6.442280e-01
    outer loop
      vertex   -4.238094e+01 7.638218e+00 2.065852e+00
      vertex   -4.238094e+01 7.798086e+00 2.255648e+00
      vertex   -3.804761e+01 7.798086e+00 2.255648e+00
    endloop
  endfacet
  facet normal 0.000000e+00 7.648335e-01 -6.442280e-01
    outer loop
      vertex   -4.238094e+01 7.638218e+00 2.065852e+00
      vertex   -3.804761e+01 7.798086e+00 2.255648e+00
      vertex   -3.804761e+01 7.638218e+00 2.065852e+00
    endloop
  endfacet
  facet normal -1.281245e-18 5.826518e-01 -8.127219e-01
    outer loop
      vertex   -4.238094e+01 7.436538e+00 1.921265e+00
      vertex   -4.238094e+01 7.638218e+00 2.065852e+00
      vertex   -3.804761e+01 7.638218e+00 2.065852e+00
    endloop
  endfacet
  facet normal 0.000000e+00 5.826518e-01 -8.127219e-01
    outer loop
      vertex   -4.238094e+01 7.436538e+00 1.921265e+00
      vertex   -3.804761e+01 7.638218e+00 2.065852e+00
      vertex   -3.804761e+01 7.436538e+00 1.921265e+00
    endloop
  endfacet
  facet normal 1.367771e-18 3.645902e-01 -9.311681e-01
    outer loop
      vertex   -4.238094e+01 7.205465e+00 1.830790e+00
      vertex   -4.238094e+01 7.436538e+00 1.921265e+00
      vertex   -3.804761e+01 7.436538e+00 1.921265e+00
    endloop
  endfacet
  facet normal 0.000000e+00 3.645902e-01 -9.311681e-01
    outer loop
      vertex   -4.238094e+01 7.205465e+00 1.830790e+00
      vertex   -3.804761e+01 7.436538e+00 1.921265e+00
      vertex   -3.804761e+01 7.205465e+00 1.830790e+00
    endloop
  endfacet
  facet normal 1.000000e+00 0.000000e+00 -0.000000e+00
    outer loop
      vertex   -3.371427e+01 7.205465e+00 1.830790e+00
      vertex   -3.371427e+01 7.436538e+00 1.921265e+00
      vertex   -3.371427e+01 6.959229e+00 1.800000e+00
    endloop
  endfacet
  facet normal 1.000000e+00 0.000000e+00 -0.000000e+00
    outer loop
      vertex   -3.371427e+01 6.959229e+00 1.800000e+00
      vertex   -3.371427e+01 7.436538e+00 1.921265e+00
      vertex   -3.371427e+01 5.838500e+00 2.114715e+00
    endloop
  endfacet
  facet normal 1.000000e+00 0.000000e+00 0.000000e+00
    outer loop
      vertex   -3.371427e+01 6.959229e+00 1.800000e+00
      vertex   -3.371427e+01 5.838500e+00 2.114715e+00
      vertex   -3.371427e+01 5.861246e+00 2.072036e+00
    endloop
  endfacet
  facet normal 1.000000e+00 0.000000e+00 -0.000000e+00
    outer loop
      vertex   -3.371427e+01 7.436538e+00 1.921265e+00
      vertex   -3.371427e+01 7.638218e+00 2.065852e+00
      vertex   -3.371427e+01 5.838500e+00 2.114715e+00
    endloop
  endfacet
  facet normal 1.000000e+00 -0.000000e+00 0.000000e+00
    outer loop
      vertex   -3.371427e+01 5.838500e+00 2.114715e+00
      vertex   -3.371427e+01 7.638218e+00 2.065852e+00
      vertex   -3.371427e+01 7.798086e+00 2.255648e+00
    endloop
  endfacet
  facet normal 1.000000e+00 0.000000e+00 0.000000e+00
    outer loop
      vertex   -3.371427e+01 5.838500e+00 2.114715e+00
      vertex   -3.371427e+01 7.798086e+00 2.255648e+00
      vertex   -3.371427e+01 7.906296e+00 2.478966e+00
    endloop
  endfacet
  facet normal 1.000000e+00 0.000000e+00 -0.000000e+00
    outer loop
      vertex   -3.371427e+01 7.906296e+00 2.478966e+00
      vertex   -3.371427e+01 7.956186e+00 2.722054e+00
      vertex   -3.371427e+01 5.838500e+00 2.114715e+00
    endloop
  endfacet
  facet normal 1.000000e+00 0.000000e+00 0.000000e+00
    outer loop
      vertex   -3.371427e+01 5.838500e+00 2.114715e+00
      vertex   -3.371427e+01 7.956186e+00 2.722054e+00
      vertex   -3.371427e+01 7.944683e+00 2.969941e+00
    endloop
  endfacet
  facet normal 1.000000e+00 0.000000e+00 0.000000e+00
    outer loop
      vertex   -3.371427e+01 5.838500e+00 2.114715e+00
      vertex   -3.371427e+01 7.944683e+00 2.969941e+00
      vertex   -3.371427e+01 7.872495e+00 3.207363e+00
    endloop
  endfacet
  facet normal 1.000000e+00 0.000000e+00 0.000000e+00
    outer loop
      vertex   -3.371427e+01 7.872495e+00 3.207363e+00
      vertex   -3.371427e+01 7.744068e+00 3.419699e+00
      vertex   -3.371427e+01 5.838500e+00 2.114715e+00
    endloop
  endfacet
  facet normal 1.000000e+00 0.000000e+00 0.000000e+00
    outer loop
      vertex   -3.371427e+01 5.838500e+00 2.114715e+00
      vertex   -3.371427e+01 7.744068e+00 3.419699e+00
      vertex   -3.371427e+01 7.567310e+00 3.593875e+00
    endloop
  endfacet
  facet normal 1.000000e+00 0.000000e+00 0.000000e+00
    outer loop
      vertex   -3.371427e+01 5.838500e+00 2.114715e+00
      vertex   -3.371427e+01 7.567310e+00 3.593875e+00
      vertex   -3.371427e+01 7.546403e+00 3.609934e+00
    endloop
  endfacet
  facet normal 1.000000e+00 0.000000e+00 0.000000e+00
    outer loop
      vertex   -3.371427e+01 7.546403e+00 3.609934e+00
      vertex   -3.371427e+01 7.525540e+00 3.626050e+00
      vertex   -3.371427e+01 5.838500e+00 2.114715e+00
    endloop
  endfacet
  facet normal 1.000000e+00 0.000000e+00 0.000000e+00
    outer loop
      vertex   -3.371427e+01 5.838500e+00 2.114715e+00
      vertex   -3.371427e+01 7.525540e+00 3.626050e+00
      vertex   -3.371427e+01 7.504721e+00 3.642222e+00
    endloop
  endfacet
  facet normal 1.000000e+00 0.000000e+00 0.000000e+00
    outer loop
      vertex   -3.371427e+01 5.838500e+00 2.114715e+00
      vertex   -3.371427e+01 7.504721e+00 3.642222e+00
      vertex   -3.371427e+01 7.438604e+00 3.694214e+00
    endloop
  endfacet
  facet normal 1.000000e+00 0.000000e+00 0.000000e+00
    outer loop
      vertex   -3.371427e+01 7.438604e+00 3.694214e+00
      vertex   -3.371427e+01 7.372965e+00 3.746808e+00
      vertex   -3.371427e+01 5.838500e+00 2.114715e+00
    endloop
  endfacet
  facet normal 1.000000e+00 0.000000e+00 -0.000000e+00
    outer loop
      vertex   -3.371427e+01 5.838500e+00 2.114715e+00
      vertex   -3.371427e+01 7.372965e+00 3.746808e+00
      vertex   -3.371427e+01 4.658451e+00 3.800000e+00
    endloop
  endfacet
  facet normal 1.000000e+00 -0.000000e+00 0.000000e+00
    outer loop
      vertex   -3.371427e+01 4.658451e+00 3.800000e+00
      vertex   -3.371427e+01 7.372965e+00 3.746808e+00
      vertex   -3.371427e+01 7.307810e+00 3.800000e+00
    endloop
  endfacet
  facet normal 1.000000e+00 0.000000e+00 0.000000e+00
    outer loop
      vertex   -3.371427e+01 5.861246e+00 2.072036e+00
      vertex   -3.371427e+01 5.873083e+00 2.025144e+00
      vertex   -3.371427e+01 6.959229e+00 1.800000e+00
    endloop
  endfacet
  facet normal 1.000000e+00 0.000000e+00 0.000000e+00
    outer loop
      vertex   -3.371427e+01 6.959229e+00 1.800000e+00
      vertex   -3.371427e+01 5.873083e+00 2.025144e+00
      vertex   -3.371427e+01 5.873317e+00 1.976781e+00
    endloop
  endfacet
  facet normal 1.000000e+00 0.000000e+00 0.000000e+00
    outer loop
      vertex   -3.371427e+01 6.959229e+00 1.800000e+00
      vertex   -3.371427e+01 5.873317e+00 1.976781e+00
      vertex   -3.371427e+01 5.861936e+00 1.929777e+00
    endloop
  endfacet
  facet normal 1.000000e+00 0.000000e+00 0.000000e+00
    outer loop
      vertex   -3.371427e+01 5.861936e+00 1.929777e+00
      vertex   -3.371427e+01 5.839604e+00 1.886879e+00
      vertex   -3.371427e+01 6.959229e+00 1.800000e+00
    endloop
  endfacet
  facet normal 1.000000e+00 0.000000e+00 0.000000e+00
    outer loop
      vertex   -3.371427e+01 6.959229e+00 1.800000e+00
      vertex   -3.371427e+01 5.839604e+00 1.886879e+00
      vertex   -3.371427e+01 5.807629e+00 1.850595e+00
    endloop
  endfacet
  facet normal 1.000000e+00 0.000000e+00 0.000000e+00
    outer loop
      vertex   -3.371427e+01 6.959229e+00 1.800000e+00
      vertex   -3.371427e+01 5.807629e+00 1.850595e+00
      vertex   -3.371427e+01 5.767878e+00 1.823048e+00
    endloop
  endfacet
  facet normal 1.000000e+00 0.000000e+00 0.000000e+00
    outer loop
      vertex   -3.371427e+01 5.767878e+00 1.823048e+00
      vertex   -3.371427e+01 5.722677e+00 1.805847e+00
      vertex   -3.371427e+01 6.959229e+00 1.800000e+00
    endloop
  endfacet
  facet normal 1.000000e+00 0.000000e+00 0.000000e+00
    outer loop
      vertex   -3.371427e+01 6.959229e+00 1.800000e+00
      vertex   -3.371427e+01 5.722677e+00 1.805847e+00
      vertex   -3.371427e+01 5.674669e+00 1.800000e+00
    endloop
  endfacet
  facet normal 4.448727e-17 -1.240770e-01 -9.922726e-01
    outer loop
      vertex   -3.371427e+01 -8.885636e-01 1.830790e+00
      vertex   -3.804761e+01 -8.885636e-01 1.830790e+00
      vertex   -3.371427e+01 -6.423273e-01 1.800000e+00
    endloop
  endfacet
  facet normal 3.827516e-17 -1.240770e-01 -9.922726e-01
    outer loop
      vertex   -3.371427e+01 -6.423273e-01 1.800000e+00
      vertex   -3.804761e+01 -8.885636e-01 1.830790e+00
      vertex   -4.238094e+01 -8.885636e-01 1.830790e+00
    endloop
  endfacet
  facet normal -1.059639e-17 -1.240770e-01 -9.922726e-01
    outer loop
      vertex   -3.371427e+01 -6.423273e-01 1.800000e+00
      vertex   -4.238094e+01 -8.885636e-01 1.830790e+00
      vertex   -4.671427e+01 -6.423273e-01 1.800000e+00
    endloop
  endfacet
  facet normal -3.383084e-18 -1.240770e-01 -9.922726e-01
    outer loop
      vertex   -4.671427e+01 -6.423273e-01 1.800000e+00
      vertex   -4.238094e+01 -8.885636e-01 1.830790e+00
      vertex   -4.671427e+01 -8.885636e-01 1.830790e+00
    endloop
  endfacet
  facet normal -9.340995e-18 -3.645902e-01 -9.311681e-01
    outer loop
      vertex   -4.671427e+01 -8.885636e-01 1.830790e+00
      vertex   -4.238094e+01 -8.885636e-01 1.830790e+00
      vertex   -4.671427e+01 -1.119637e+00 1.921265e+00
    endloop
  endfacet
  facet normal 1.244601e-16 -3.645902e-01 -9.311681e-01
    outer loop
      vertex   -4.671427e+01 -1.119637e+00 1.921265e+00
      vertex   -4.238094e+01 -8.885636e-01 1.830790e+00
      vertex   -4.238094e+01 -1.119637e+00 1.921265e+00
    endloop
  endfacet
  facet normal 9.507850e-17 -5.826518e-01 -8.127219e-01
    outer loop
      vertex   -4.671427e+01 -1.119637e+00 1.921265e+00
      vertex   -4.238094e+01 -1.119637e+00 1.921265e+00
      vertex   -4.671427e+01 -1.321317e+00 2.065852e+00
    endloop
  endfacet
  facet normal -2.985570e-17 -5.826518e-01 -8.127219e-01
    outer loop
      vertex   -4.671427e+01 -1.321317e+00 2.065852e+00
      vertex   -4.238094e+01 -1.119637e+00 1.921265e+00
      vertex   -4.238094e+01 -1.321317e+00 2.065852e+00
    endloop
  endfacet
  facet normal -3.919088e-17 -7.648335e-01 -6.442280e-01
    outer loop
      vertex   -4.671427e+01 -1.321317e+00 2.065852e+00
      vertex   -4.238094e+01 -1.321317e+00 2.065852e+00
      vertex   -4.671427e+01 -1.481185e+00 2.255648e+00
    endloop
  endfacet
  facet normal 1.052127e-16 -7.648335e-01 -6.442280e-01
    outer loop
      vertex   -4.671427e+01 -1.481185e+00 2.255648e+00
      vertex   -4.238094e+01 -1.321317e+00 2.065852e+00
      vertex   -4.238094e+01 -1.481185e+00 2.255648e+00
    endloop
  endfacet
  facet normal 9.080126e-17 -8.999165e-01 -4.360622e-01
    outer loop
      vertex   -4.671427e+01 -1.481185e+00 2.255648e+00
      vertex   -4.238094e+01 -1.481185e+00 2.255648e+00
      vertex   -4.671427e+01 -1.589395e+00 2.478966e+00
    endloop
  endfacet
  facet normal -9.222536e-17 -8.999165e-01 -4.360622e-01
    outer loop
      vertex   -4.671427e+01 -1.589395e+00 2.478966e+00
      vertex   -4.238094e+01 -1.481185e+00 2.255648e+00
      vertex   -4.238094e+01 -1.589395e+00 2.478966e+00
    endloop
  endfacet
  facet normal -1.003897e-16 -9.795823e-01 -2.010436e-01
    outer loop
      vertex   -4.671427e+01 -1.589395e+00 2.478966e+00
      vertex   -4.238094e+01 -1.589395e+00 2.478966e+00
      vertex   -4.671427e+01 -1.639285e+00 2.722054e+00
    endloop
  endfacet
  facet normal 0.000000e+00 -9.795823e-01 -2.010436e-01
    outer loop
      vertex   -4.671427e+01 -1.639285e+00 2.722054e+00
      vertex   -4.238094e+01 -1.589395e+00 2.478966e+00
      vertex   -4.238094e+01 -1.639285e+00 2.722054e+00
    endloop
  endfacet
  facet normal 0.000000e+00 -9.989250e-01 4.635530e-02
    outer loop
      vertex   -4.671427e+01 -1.639285e+00 2.722054e+00
      vertex   -4.238094e+01 -1.639285e+00 2.722054e+00
      vertex   -4.671427e+01 -1.627782e+00 2.969941e+00
    endloop
  endfacet
  facet normal -5.118598e-17 -9.989250e-01 4.635530e-02
    outer loop
      vertex   -4.671427e+01 -1.627782e+00 2.969941e+00
      vertex   -4.238094e+01 -1.639285e+00 2.722054e+00
      vertex   -4.238094e+01 -1.627782e+00 2.969941e+00
    endloop
  endfacet
  facet normal -4.902507e-17 -9.567536e-01 2.908997e-01
    outer loop
      vertex   -4.671427e+01 -1.627782e+00 2.969941e+00
      vertex   -4.238094e+01 -1.627782e+00 2.969941e+00
      vertex   -4.671427e+01 -1.555594e+00 3.207363e+00
    endloop
  endfacet
  facet normal -4.902507e-17 -9.567536e-01 2.908997e-01
    outer loop
      vertex   -4.671427e+01 -1.555594e+00 3.207363e+00
      vertex   -4.238094e+01 -1.627782e+00 2.969941e+00
      vertex   -4.238094e+01 -1.555594e+00 3.207363e+00
    endloop
  endfacet
  facet normal -4.384518e-17 -8.556649e-01 5.175303e-01
    outer loop
      vertex   -4.671427e+01 -1.555594e+00 3.207363e+00
      vertex   -4.238094e+01 -1.555594e+00 3.207363e+00
      vertex   -4.671427e+01 -1.427167e+00 3.419699e+00
    endloop
  endfacet
  facet normal 4.384518e-17 -8.556649e-01 5.175303e-01
    outer loop
      vertex   -4.671427e+01 -1.427167e+00 3.419699e+00
      vertex   -4.238094e+01 -1.555594e+00 3.207363e+00
      vertex   -4.238094e+01 -1.427167e+00 3.419699e+00
    endloop
  endfacet
  facet normal 3.596528e-17 -7.018840e-01 7.122913e-01
    outer loop
      vertex   -4.671427e+01 -1.427167e+00 3.419699e+00
      vertex   -4.238094e+01 -1.427167e+00 3.419699e+00
      vertex   -4.671427e+01 -1.250409e+00 3.593875e+00
    endloop
  endfacet
  facet normal -4.620287e-19 -7.018840e-01 7.122913e-01
    outer loop
      vertex   -4.671427e+01 -1.250409e+00 3.593875e+00
      vertex   -4.238094e+01 -1.427167e+00 3.419699e+00
      vertex   -3.804761e+01 -1.427167e+00 3.419699e+00
    endloop
  endfacet
  facet normal 0.000000e+00 -7.018840e-01 7.122913e-01
    outer loop
      vertex   -4.671427e+01 -1.250409e+00 3.593875e+00
      vertex   -3.804761e+01 -1.427167e+00 3.419699e+00
      vertex   -3.371427e+01 -1.250409e+00 3.593875e+00
    endloop
  endfacet
  facet normal -3.595233e-17 -7.018840e-01 7.122913e-01
    outer loop
      vertex   -3.371427e+01 -1.250409e+00 3.593875e+00
      vertex   -3.804761e+01 -1.427167e+00 3.419699e+00
      vertex   -3.371427e+01 -1.427167e+00 3.419699e+00
    endloop
  endfacet
  facet normal -4.384518e-17 -8.556649e-01 5.175303e-01
    outer loop
      vertex   -3.371427e+01 -1.427167e+00 3.419699e+00
      vertex   -3.804761e+01 -1.427167e+00 3.419699e+00
      vertex   -3.371427e+01 -1.555594e+00 3.207363e+00
    endloop
  endfacet
  facet normal 0.000000e+00 -8.556649e-01 5.175303e-01
    outer loop
      vertex   -3.371427e+01 -1.555594e+00 3.207363e+00
      vertex   -3.804761e+01 -1.427167e+00 3.419699e+00
      vertex   -3.804761e+01 -1.555594e+00 3.207363e+00
    endloop
  endfacet
  facet normal 0.000000e+00 -9.567536e-01 2.908997e-01
    outer loop
      vertex   -3.371427e+01 -1.555594e+00 3.207363e+00
      vertex   -3.804761e+01 -1.555594e+00 3.207363e+00
      vertex   -3.371427e+01 -1.627782e+00 2.969941e+00
    endloop
  endfacet
  facet normal 4.902507e-17 -9.567536e-01 2.908997e-01
    outer loop
      vertex   -3.371427e+01 -1.627782e+00 2.969941e+00
      vertex   -3.804761e+01 -1.555594e+00 3.207363e+00
      vertex   -3.804761e+01 -1.627782e+00 2.969941e+00
    endloop
  endfacet
  facet normal 5.118598e-17 -9.989250e-01 4.635530e-02
    outer loop
      vertex   -3.371427e+01 -1.627782e+00 2.969941e+00
      vertex   -3.804761e+01 -1.627782e+00 2.969941e+00
      vertex   -3.371427e+01 -1.639285e+00 2.722054e+00
    endloop
  endfacet
  facet normal 0.000000e+00 -9.989250e-01 4.635530e-02
    outer loop
      vertex   -3.371427e+01 -1.639285e+00 2.722054e+00
      vertex   -3.804761e+01 -1.627782e+00 2.969941e+00
      vertex   -3.804761e+01 -1.639285e+00 2.722054e+00
    endloop
  endfacet
  facet normal -0.000000e+00 -9.795823e-01 -2.010436e-01
    outer loop
      vertex   -3.371427e+01 -1.639285e+00 2.722054e+00
      vertex   -3.804761e+01 -1.639285e+00 2.722054e+00
      vertex   -3.371427e+01 -1.589395e+00 2.478966e+00
    endloop
  endfacet
  facet normal 1.209931e-16 -9.795823e-01 -2.010436e-01
    outer loop
      vertex   -3.371427e+01 -1.589395e+00 2.478966e+00
      vertex   -3.804761e+01 -1.639285e+00 2.722054e+00
      vertex   -3.804761e+01 -1.589395e+00 2.478966e+00
    endloop
  endfacet
  facet normal 1.369139e-16 -8.999165e-01 -4.360622e-01
    outer loop
      vertex   -3.371427e+01 -1.589395e+00 2.478966e+00
      vertex   -3.804761e+01 -1.589395e+00 2.478966e+00
      vertex   -3.371427e+01 -1.481185e+00 2.255648e+00
    endloop
  endfacet
  facet normal -4.611268e-17 -8.999165e-01 -4.360622e-01
    outer loop
      vertex   -3.371427e+01 -1.481185e+00 2.255648e+00
      vertex   -3.804761e+01 -1.589395e+00 2.478966e+00
      vertex   -3.804761e+01 -1.481185e+00 2.255648e+00
    endloop
  endfacet
  facet normal -3.919088e-17 -7.648335e-01 -6.442280e-01
    outer loop
      vertex   -3.371427e+01 -1.481185e+00 2.255648e+00
      vertex   -3.804761e+01 -1.481185e+00 2.255648e+00
      vertex   -3.371427e+01 -1.321317e+00 2.065852e+00
    endloop
  endfacet
  facet normal 2.683097e-17 -7.648335e-01 -6.442280e-01
    outer loop
      vertex   -3.371427e+01 -1.321317e+00 2.065852e+00
      vertex   -3.804761e+01 -1.481185e+00 2.255648e+00
      vertex   -3.804761e+01 -1.321317e+00 2.065852e+00
    endloop
  endfacet
  facet normal 5.343377e-17 -5.826518e-01 -8.127219e-01
    outer loop
      vertex   -3.371427e+01 -1.321317e+00 2.065852e+00
      vertex   -3.804761e+01 -1.321317e+00 2.065852e+00
      vertex   -3.371427e+01 -1.119637e+00 1.921265e+00
    endloop
  endfacet
  facet normal -5.971140e-17 -5.826518e-01 -8.127219e-01
    outer loop
      vertex   -3.371427e+01 -1.119637e+00 1.921265e+00
      vertex   -3.804761e+01 -1.321317e+00 2.065852e+00
      vertex   -3.804761e+01 -1.119637e+00 1.921265e+00
    endloop
  endfacet
  facet normal -3.736398e-17 -3.645902e-01 -9.311681e-01
    outer loop
      vertex   -3.371427e+01 -1.119637e+00 1.921265e+00
      vertex   -3.804761e+01 -1.119637e+00 1.921265e+00
      vertex   -3.371427e+01 -8.885636e-01 1.830790e+00
    endloop
  endfacet
  facet normal 2.903205e-17 -3.645902e-01 -9.311681e-01
    outer loop
      vertex   -3.371427e+01 -8.885636e-01 1.830790e+00
      vertex   -3.804761e+01 -1.119637e+00 1.921265e+00
      vertex   -3.804761e+01 -8.885636e-01 1.830790e+00
    endloop
  endfacet
  facet normal 1.119408e-17 -3.645902e-01 -9.311681e-01
    outer loop
      vertex   -4.238094e+01 -1.119637e+00 1.921265e+00
      vertex   -4.238094e+01 -8.885636e-01 1.830790e+00
      vertex   -3.804761e+01 -8.885636e-01 1.830790e+00
    endloop
  endfacet
  facet normal 0.000000e+00 -3.645902e-01 -9.311681e-01
    outer loop
      vertex   -4.238094e+01 -1.119637e+00 1.921265e+00
      vertex   -3.804761e+01 -8.885636e-01 1.830790e+00
      vertex   -3.804761e+01 -1.119637e+00 1.921265e+00
    endloop
  endfacet
  facet normal -4.070682e-19 -5.826518e-01 -8.127219e-01
    outer loop
      vertex   -4.238094e+01 -1.321317e+00 2.065852e+00
      vertex   -4.238094e+01 -1.119637e+00 1.921265e+00
      vertex   -3.804761e+01 -1.119637e+00 1.921265e+00
    endloop
  endfacet
  facet normal 8.328947e-17 -5.826518e-01 -8.127219e-01
    outer loop
      vertex   -4.238094e+01 -1.321317e+00 2.065852e+00
      vertex   -3.804761e+01 -1.119637e+00 1.921265e+00
      vertex   -3.804761e+01 -1.321317e+00 2.065852e+00
    endloop
  endfacet
  facet normal 6.583461e-17 -7.648335e-01 -6.442280e-01
    outer loop
      vertex   -4.238094e+01 -1.481185e+00 2.255648e+00
      vertex   -4.238094e+01 -1.321317e+00 2.065852e+00
      vertex   -3.804761e+01 -1.321317e+00 2.065852e+00
    endloop
  endfacet
  facet normal 0.000000e+00 -7.648335e-01 -6.442280e-01
    outer loop
      vertex   -4.238094e+01 -1.481185e+00 2.255648e+00
      vertex   -3.804761e+01 -1.321317e+00 2.065852e+00
      vertex   -3.804761e+01 -1.481185e+00 2.255648e+00
    endloop
  endfacet
  facet normal 5.634646e-19 -8.999165e-01 -4.360622e-01
    outer loop
      vertex   -4.238094e+01 -1.589395e+00 2.478966e+00
      vertex   -4.238094e+01 -1.481185e+00 2.255648e+00
      vertex   -3.804761e+01 -1.481185e+00 2.255648e+00
    endloop
  endfacet
  facet normal 4.468858e-17 -8.999165e-01 -4.360622e-01
    outer loop
      vertex   -4.238094e+01 -1.589395e+00 2.478966e+00
      vertex   -3.804761e+01 -1.481185e+00 2.255648e+00
      vertex   -3.804761e+01 -1.589395e+00 2.478966e+00
    endloop
  endfacet
  facet normal 2.136010e-17 -9.795823e-01 -2.010436e-01
    outer loop
      vertex   -4.238094e+01 -1.639285e+00 2.722054e+00
      vertex   -4.238094e+01 -1.589395e+00 2.478966e+00
      vertex   -3.804761e+01 -1.589395e+00 2.478966e+00
    endloop
  endfacet
  facet normal 0.000000e+00 -9.795823e-01 -2.010436e-01
    outer loop
      vertex   -4.238094e+01 -1.639285e+00 2.722054e+00
      vertex   -3.804761e+01 -1.589395e+00 2.478966e+00
      vertex   -3.804761e+01 -1.639285e+00 2.722054e+00
    endloop
  endfacet
  facet normal -1.250956e-19 -9.989250e-01 4.635530e-02
    outer loop
      vertex   -4.238094e+01 -1.627782e+00 2.969941e+00
      vertex   -4.238094e+01 -1.639285e+00 2.722054e+00
      vertex   -3.804761e+01 -1.639285e+00 2.722054e+00
    endloop
  endfacet
  facet normal -4.750590e-18 -9.989250e-01 4.635530e-02
    outer loop
      vertex   -4.238094e+01 -1.627782e+00 2.969941e+00
      vertex   -3.804761e+01 -1.639285e+00 2.722054e+00
      vertex   -3.804761e+01 -1.627782e+00 2.969941e+00
    endloop
  endfacet
  facet normal -3.007802e-17 -9.567536e-01 2.908997e-01
    outer loop
      vertex   -4.238094e+01 -1.555594e+00 3.207363e+00
      vertex   -4.238094e+01 -1.627782e+00 2.969941e+00
      vertex   -3.804761e+01 -1.627782e+00 2.969941e+00
    endloop
  endfacet
  facet normal 0.000000e+00 -9.567536e-01 2.908997e-01
    outer loop
      vertex   -4.238094e+01 -1.555594e+00 3.207363e+00
      vertex   -3.804761e+01 -1.627782e+00 2.969941e+00
      vertex   -3.804761e+01 -1.555594e+00 3.207363e+00
    endloop
  endfacet
  facet normal -6.910890e-19 -8.556649e-01 5.175303e-01
    outer loop
      vertex   -4.238094e+01 -1.427167e+00 3.419699e+00
      vertex   -4.238094e+01 -1.555594e+00 3.207363e+00
      vertex   -3.804761e+01 -1.555594e+00 3.207363e+00
    endloop
  endfacet
  facet normal 0.000000e+00 -8.556649e-01 5.175303e-01
    outer loop
      vertex   -4.238094e+01 -1.427167e+00 3.419699e+00
      vertex   -3.804761e+01 -1.555594e+00 3.207363e+00
      vertex   -3.804761e+01 -1.427167e+00 3.419699e+00
    endloop
  endfacet
  facet normal 0.000000e+00 -6.091599e-01 7.930474e-01
    outer loop
      vertex   -4.671427e+01 -1.250409e+00 3.593875e+00
      vertex   -3.371427e+01 -1.250409e+00 3.593875e+00
      vertex   -4.671427e+01 -1.229502e+00 3.609934e+00
    endloop
  endfacet
  facet normal 6.281728e-18 -6.091599e-01 7.930474e-01
    outer loop
      vertex   -4.671427e+01 -1.229502e+00 3.609934e+00
      vertex   -3.371427e+01 -1.250409e+00 3.593875e+00
      vertex   -3.371427e+01 -1.229502e+00 3.609934e+00
    endloop
  endfacet
  facet normal 6.151480e-18 -6.113137e-01 7.913884e-01
    outer loop
      vertex   -4.671427e+01 -1.229502e+00 3.609934e+00
      vertex   -3.371427e+01 -1.229502e+00 3.609934e+00
      vertex   -4.671427e+01 -1.208639e+00 3.626050e+00
    endloop
  endfacet
  facet normal -3.561434e-17 -6.113137e-01 7.913884e-01
    outer loop
      vertex   -4.671427e+01 -1.208639e+00 3.626050e+00
      vertex   -3.371427e+01 -1.229502e+00 3.609934e+00
      vertex   -3.371427e+01 -1.208639e+00 3.626050e+00
    endloop
  endfacet
  facet normal -3.589147e-17 -6.134629e-01 7.897235e-01
    outer loop
      vertex   -4.671427e+01 -1.208639e+00 3.626050e+00
      vertex   -3.371427e+01 -1.208639e+00 3.626050e+00
      vertex   -4.671427e+01 -1.187819e+00 3.642222e+00
    endloop
  endfacet
  facet normal -1.649935e-17 -6.134629e-01 7.897235e-01
    outer loop
      vertex   -4.671427e+01 -1.187819e+00 3.642222e+00
      vertex   -3.371427e+01 -1.208639e+00 3.626050e+00
      vertex   -3.371427e+01 -1.187819e+00 3.642222e+00
    endloop
  endfacet
  facet normal 1.000000e+00 0.000000e+00 0.000000e+00
    outer loop
      vertex   -3.371427e+01 -1.229502e+00 3.609934e+00
      vertex   -3.371427e+01 -1.250409e+00 3.593875e+00
      vertex   -3.371427e+01 4.784016e-01 2.114715e+00
    endloop
  endfacet
  facet normal 1.000000e+00 0.000000e+00 0.000000e+00
    outer loop
      vertex   -3.371427e+01 4.784016e-01 2.114715e+00
      vertex   -3.371427e+01 -1.250409e+00 3.593875e+00
      vertex   -3.371427e+01 -1.427167e+00 3.419699e+00
    endloop
  endfacet
  facet normal 1.000000e+00 0.000000e+00 0.000000e+00
    outer loop
      vertex   -3.371427e+01 4.784016e-01 2.114715e+00
      vertex   -3.371427e+01 -1.427167e+00 3.419699e+00
      vertex   -3.371427e+01 -1.555594e+00 3.207363e+00
    endloop
  endfacet
  facet normal 1.000000e+00 0.000000e+00 0.000000e+00
    outer loop
      vertex   -3.371427e+01 -1.555594e+00 3.207363e+00
      vertex   -3.371427e+01 -1.627782e+00 2.969941e+00
      vertex   -3.371427e+01 4.784016e-01 2.114715e+00
    endloop
  endfacet
  facet normal 1.000000e+00 0.000000e+00 0.000000e+00
    outer loop
      vertex   -3.371427e+01 4.784016e-01 2.114715e+00
      vertex   -3.371427e+01 -1.627782e+00 2.969941e+00
      vertex   -3.371427e+01 -1.639285e+00 2.722054e+00
    endloop
  endfacet
  facet normal 1.000000e+00 0.000000e+00 0.000000e+00
    outer loop
      vertex   -3.371427e+01 4.784016e-01 2.114715e+00
      vertex   -3.371427e+01 -1.639285e+00 2.722054e+00
      vertex   -3.371427e+01 -1.589395e+00 2.478966e+00
    endloop
  endfacet
  facet normal 1.000000e+00 0.000000e+00 0.000000e+00
    outer loop
      vertex   -3.371427e+01 -1.589395e+00 2.478966e+00
      vertex   -3.371427e+01 -1.481185e+00 2.255648e+00
      vertex   -3.371427e+01 4.784016e-01 2.114715e+00
    endloop
  endfacet
  facet normal 1.000000e+00 0.000000e+00 0.000000e+00
    outer loop
      vertex   -3.371427e+01 4.784016e-01 2.114715e+00
      vertex   -3.371427e+01 -1.481185e+00 2.255648e+00
      vertex   -3.371427e+01 -1.321317e+00 2.065852e+00
    endloop
  endfacet
  facet normal 1.000000e+00 0.000000e+00 0.000000e+00
    outer loop
      vertex   -3.371427e+01 4.784016e-01 2.114715e+00
      vertex   -3.371427e+01 -1.321317e+00 2.065852e+00
      vertex   -3.371427e+01 -1.119637e+00 1.921265e+00
    endloop
  endfacet
  facet normal 1.000000e+00 -0.000000e+00 -0.000000e+00
    outer loop
      vertex   -3.371427e+01 -8.885636e-01 1.830790e+00
      vertex   -3.371427e+01 -6.423273e-01 1.800000e+00
      vertex   -3.371427e+01 -1.119637e+00 1.921265e+00
    endloop
  endfacet
  facet normal 1.000000e+00 -0.000000e+00 0.000000e+00
    outer loop
      vertex   -3.371427e+01 -1.119637e+00 1.921265e+00
      vertex   -3.371427e+01 -6.423273e-01 1.800000e+00
      vertex   -3.371427e+01 4.784016e-01 2.114715e+00
    endloop
  endfacet
  facet normal 1.000000e+00 0.000000e+00 0.000000e+00
    outer loop
      vertex   -3.371427e+01 6.422320e-01 1.800000e+00
      vertex   -3.371427e+01 5.942241e-01 1.805847e+00
      vertex   -3.371427e+01 -6.423273e-01 1.800000e+00
    endloop
  endfacet
  facet normal 1.000000e+00 0.000000e+00 0.000000e+00
    outer loop
      vertex   -3.371427e+01 -6.423273e-01 1.800000e+00
      vertex   -3.371427e+01 5.942241e-01 1.805847e+00
      vertex   -3.371427e+01 5.490233e-01 1.823048e+00
    endloop
  endfacet
  facet normal 1.000000e+00 0.000000e+00 0.000000e+00
    outer loop
      vertex   -3.371427e+01 -6.423273e-01 1.800000e+00
      vertex   -3.371427e+01 5.490233e-01 1.823048e+00
      vertex   -3.371427e+01 5.092729e-01 1.850595e+00
    endloop
  endfacet
  facet normal 1.000000e+00 0.000000e+00 0.000000e+00
    outer loop
      vertex   -3.371427e+01 5.092729e-01 1.850595e+00
      vertex   -3.371427e+01 4.772970e-01 1.886879e+00
      vertex   -3.371427e+01 -6.423273e-01 1.800000e+00
    endloop
  endfacet
  facet normal 1.000000e+00 0.000000e+00 0.000000e+00
    outer loop
      vertex   -3.371427e+01 -6.423273e-01 1.800000e+00
      vertex   -3.371427e+01 4.772970e-01 1.886879e+00
      vertex   -3.371427e+01 4.549656e-01 1.929777e+00
    endloop
  endfacet
  facet normal 1.000000e+00 0.000000e+00 0.000000e+00
    outer loop
      vertex   -3.371427e+01 -6.423273e-01 1.800000e+00
      vertex   -3.371427e+01 4.549656e-01 1.929777e+00
      vertex   -3.371427e+01 4.435844e-01 1.976781e+00
    endloop
  endfacet
  facet normal 1.000000e+00 0.000000e+00 -0.000000e+00
    outer loop
      vertex   -3.371427e+01 4.435844e-01 1.976781e+00
      vertex   -3.371427e+01 4.438188e-01 2.025144e+00
      vertex   -3.371427e+01 -6.423273e-01 1.800000e+00
    endloop
  endfacet
  facet normal 1.000000e+00 0.000000e+00 0.000000e+00
    outer loop
      vertex   -3.371427e+01 -6.423273e-01 1.800000e+00
      vertex   -3.371427e+01 4.438188e-01 2.025144e+00
      vertex   -3.371427e+01 4.556553e-01 2.072036e+00
    endloop
  endfacet
  facet normal 1.000000e+00 0.000000e+00 0.000000e+00
    outer loop
      vertex   -3.371427e+01 -6.423273e-01 1.800000e+00
      vertex   -3.371427e+01 4.556553e-01 2.072036e+00
      vertex   -3.371427e+01 4.784016e-01 2.114715e+00
    endloop
  endfacet
  facet normal 1.000000e+00 0.000000e+00 0.000000e+00
    outer loop
      vertex   -3.371427e+01 1.658451e+00 3.800000e+00
      vertex   -3.371427e+01 -1.056064e+00 3.746808e+00
      vertex   -3.371427e+01 4.784016e-01 2.114715e+00
    endloop
  endfacet
  facet normal 1.000000e+00 0.000000e+00 0.000000e+00
    outer loop
      vertex   -3.371427e+01 4.784016e-01 2.114715e+00
      vertex   -3.371427e+01 -1.056064e+00 3.746808e+00
      vertex   -3.371427e+01 -1.121702e+00 3.694214e+00
    endloop
  endfacet
  facet normal 1.000000e+00 0.000000e+00 0.000000e+00
    outer loop
      vertex   -3.371427e+01 4.784016e-01 2.114715e+00
      vertex   -3.371427e+01 -1.121702e+00 3.694214e+00
      vertex   -3.371427e+01 -1.187819e+00 3.642222e+00
    endloop
  endfacet
  facet normal 1.000000e+00 0.000000e+00 0.000000e+00
    outer loop
      vertex   -3.371427e+01 1.658451e+00 3.800000e+00
      vertex   -3.371427e+01 -9.909083e-01 3.800000e+00
      vertex   -3.371427e+01 -1.056064e+00 3.746808e+00
    endloop
  endfacet
  facet normal 1.000000e+00 0.000000e+00 0.000000e+00
    outer loop
      vertex   -3.371427e+01 -1.187819e+00 3.642222e+00
      vertex   -3.371427e+01 -1.208639e+00 3.626050e+00
      vertex   -3.371427e+01 4.784016e-01 2.114715e+00
    endloop
  endfacet
  facet normal 1.000000e+00 0.000000e+00 0.000000e+00
    outer loop
      vertex   -3.371427e+01 4.784016e-01 2.114715e+00
      vertex   -3.371427e+01 -1.208639e+00 3.626050e+00
      vertex   -3.371427e+01 -1.229502e+00 3.609934e+00
    endloop
  endfacet
  facet normal -7.934394e-15 -4.576064e-14 -1.000000e+00
    outer loop
      vertex   -1.121427e+01 7.307810e+00 3.800000e+00
      vertex   -1.121427e+01 4.658451e+00 3.800000e+00
      vertex   -3.371427e+01 7.307810e+00 3.800000e+00
    endloop
  endfacet
  facet normal 1.654197e-31 2.162316e-14 -1.000000e+00
    outer loop
      vertex   -3.371427e+01 7.307810e+00 3.800000e+00
      vertex   -1.121427e+01 4.658451e+00 3.800000e+00
      vertex   -3.371427e+01 4.658451e+00 3.800000e+00
    endloop
  endfacet
  facet normal 0.000000e+00 6.091599e-01 7.930474e-01
    outer loop
      vertex   -3.371427e+01 7.567310e+00 3.593875e+00
      vertex   -4.671427e+01 7.567310e+00 3.593875e+00
      vertex   -3.371427e+01 7.546403e+00 3.609934e+00
    endloop
  endfacet
  facet normal 0.000000e+00 6.091599e-01 7.930474e-01
    outer loop
      vertex   -3.371427e+01 7.546403e+00 3.609934e+00
      vertex   -4.671427e+01 7.567310e+00 3.593875e+00
      vertex   -4.671427e+01 7.546403e+00 3.609934e+00
    endloop
  endfacet
  facet normal 0.000000e+00 6.113137e-01 7.913884e-01
    outer loop
      vertex   -3.371427e+01 7.546403e+00 3.609934e+00
      vertex   -4.671427e+01 7.546403e+00 3.609934e+00
      vertex   -3.371427e+01 7.525540e+00 3.626050e+00
    endloop
  endfacet
  facet normal 0.000000e+00 6.113137e-01 7.913884e-01
    outer loop
      vertex   -3.371427e+01 7.525540e+00 3.626050e+00
      vertex   -4.671427e+01 7.546403e+00 3.609934e+00
      vertex   -4.671427e+01 7.525540e+00 3.626050e+00
    endloop
  endfacet
  facet normal 0.000000e+00 6.134629e-01 7.897235e-01
    outer loop
      vertex   -3.371427e+01 7.525540e+00 3.626050e+00
      vertex   -4.671427e+01 7.525540e+00 3.626050e+00
      vertex   -3.371427e+01 7.504721e+00 3.642222e+00
    endloop
  endfacet
  facet normal -2.697751e-17 6.134629e-01 7.897235e-01
    outer loop
      vertex   -3.371427e+01 7.504721e+00 3.642222e+00
      vertex   -4.671427e+01 7.525540e+00 3.626050e+00
      vertex   -4.671427e+01 7.504721e+00 3.642222e+00
    endloop
  endfacet
  facet normal 1.000000e+00 0.000000e+00 0.000000e+00
    outer loop
      vertex   -4.671427e+01 1.550147e+01 7.600000e+00
      vertex   -4.671427e+01 1.714082e+01 2.643230e+00
      vertex   -4.671427e+01 1.658725e+01 7.600000e+00
    endloop
  endfacet
  facet normal 1.000000e+00 0.000000e+00 0.000000e+00
    outer loop
      vertex   -4.671427e+01 1.658725e+01 7.600000e+00
      vertex   -4.671427e+01 1.714082e+01 2.643230e+00
      vertex   -4.671427e+01 1.783725e+01 3.005771e+00
    endloop
  endfacet
  facet normal 1.000000e+00 0.000000e+00 0.000000e+00
    outer loop
      vertex   -4.671427e+01 1.658725e+01 7.600000e+00
      vertex   -4.671427e+01 1.783725e+01 3.005771e+00
      vertex   -4.671427e+01 1.849944e+01 3.427632e+00
    endloop
  endfacet
  facet normal 1.000000e+00 -0.000000e+00 0.000000e+00
    outer loop
      vertex   -4.671427e+01 1.117304e+01 7.600000e+00
      vertex   -4.671427e+01 1.333725e+01 1.800000e+00
      vertex   -4.671427e+01 1.550147e+01 7.600000e+00
    endloop
  endfacet
  facet normal 1.000000e+00 0.000000e+00 0.000000e+00
    outer loop
      vertex   -4.671427e+01 1.550147e+01 7.600000e+00
      vertex   -4.671427e+01 1.333725e+01 1.800000e+00
      vertex   -4.671427e+01 1.412166e+01 1.834248e+00
    endloop
  endfacet
  facet normal 1.000000e+00 0.000000e+00 0.000000e+00
    outer loop
      vertex   -4.671427e+01 1.550147e+01 7.600000e+00
      vertex   -4.671427e+01 1.412166e+01 1.834248e+00
      vertex   -4.671427e+01 1.490009e+01 1.936730e+00
    endloop
  endfacet
  facet normal 1.000000e+00 -0.000000e+00 0.000000e+00
    outer loop
      vertex   -4.671427e+01 1.008725e+01 7.600000e+00
      vertex   -4.671427e+01 7.872495e+00 3.207363e+00
      vertex   -4.671427e+01 1.117304e+01 7.600000e+00
    endloop
  endfacet
  facet normal 1.000000e+00 0.000000e+00 0.000000e+00
    outer loop
      vertex   -4.671427e+01 1.117304e+01 7.600000e+00
      vertex   -4.671427e+01 7.872495e+00 3.207363e+00
      vertex   -4.671427e+01 7.944683e+00 2.969941e+00
    endloop
  endfacet
  facet normal 1.000000e+00 0.000000e+00 0.000000e+00
    outer loop
      vertex   -4.671427e+01 1.117304e+01 7.600000e+00
      vertex   -4.671427e+01 7.944683e+00 2.969941e+00
      vertex   -4.671427e+01 1.333725e+01 1.800000e+00
    endloop
  endfacet
  facet normal 1.000000e+00 0.000000e+00 0.000000e+00
    outer loop
      vertex   -4.671427e+01 1.333725e+01 1.800000e+00
      vertex   -4.671427e+01 7.944683e+00 2.969941e+00
      vertex   -4.671427e+01 7.956186e+00 2.722054e+00
    endloop
  endfacet
  facet normal 1.000000e+00 0.000000e+00 0.000000e+00
    outer loop
      vertex   -4.671427e+01 1.333725e+01 1.800000e+00
      vertex   -4.671427e+01 7.956186e+00 2.722054e+00
      vertex   -4.671427e+01 7.906296e+00 2.478966e+00
    endloop
  endfacet
  facet normal 1.000000e+00 0.000000e+00 0.000000e+00
    outer loop
      vertex   -4.671427e+01 1.008725e+01 1.400000e+01
      vertex   -4.671427e+01 3.959940e+00 1.073446e+01
      vertex   -4.671427e+01 1.008725e+01 7.600000e+00
    endloop
  endfacet
  facet normal 1.000000e+00 0.000000e+00 0.000000e+00
    outer loop
      vertex   -4.671427e+01 1.008725e+01 7.600000e+00
      vertex   -4.671427e+01 3.959940e+00 1.073446e+01
      vertex   -4.671427e+01 4.011159e+00 9.916612e+00
    endloop
  endfacet
  facet normal 1.000000e+00 0.000000e+00 0.000000e+00
    outer loop
      vertex   -4.671427e+01 1.008725e+01 7.600000e+00
      vertex   -4.671427e+01 4.011159e+00 9.916612e+00
      vertex   -4.671427e+01 4.134949e+00 9.106563e+00
    endloop
  endfacet
  facet normal 1.000000e+00 0.000000e+00 0.000000e+00
    outer loop
      vertex   -4.671427e+01 1.117304e+01 1.400000e+01
      vertex   -4.671427e+01 1.007837e+01 1.956909e+01
      vertex   -4.671427e+01 1.008725e+01 1.400000e+01
    endloop
  endfacet
  facet normal 1.000000e+00 0.000000e+00 0.000000e+00
    outer loop
      vertex   -4.671427e+01 1.008725e+01 1.400000e+01
      vertex   -4.671427e+01 1.007837e+01 1.956909e+01
      vertex   -4.671427e+01 9.319190e+00 1.926063e+01
    endloop
  endfacet
  facet normal 1.000000e+00 0.000000e+00 0.000000e+00
    outer loop
      vertex   -4.671427e+01 1.008725e+01 1.400000e+01
      vertex   -4.671427e+01 9.319190e+00 1.926063e+01
      vertex   -4.671427e+01 8.590469e+00 1.888583e+01
    endloop
  endfacet
  facet normal 1.000000e+00 0.000000e+00 0.000000e+00
    outer loop
      vertex   -4.671427e+01 1.550147e+01 1.400000e+01
      vertex   -4.671427e+01 1.329661e+01 2.009896e+01
      vertex   -4.671427e+01 1.117304e+01 1.400000e+01
    endloop
  endfacet
  facet normal 1.000000e+00 0.000000e+00 0.000000e+00
    outer loop
      vertex   -4.671427e+01 1.117304e+01 1.400000e+01
      vertex   -4.671427e+01 1.329661e+01 2.009896e+01
      vertex   -4.671427e+01 1.247752e+01 2.007477e+01
    endloop
  endfacet
  facet normal 1.000000e+00 0.000000e+00 0.000000e+00
    outer loop
      vertex   -4.671427e+01 1.117304e+01 1.400000e+01
      vertex   -4.671427e+01 1.247752e+01 2.007477e+01
      vertex   -4.671427e+01 1.166382e+01 1.997778e+01
    endloop
  endfacet
  facet normal 1.000000e+00 0.000000e+00 -0.000000e+00
    outer loop
      vertex   -4.671427e+01 1.658725e+01 1.400000e+01
      vertex   -4.671427e+01 1.696905e+01 1.932189e+01
      vertex   -4.671427e+01 1.550147e+01 1.400000e+01
    endloop
  endfacet
  facet normal 1.000000e+00 0.000000e+00 0.000000e+00
    outer loop
      vertex   -4.671427e+01 1.550147e+01 1.400000e+01
      vertex   -4.671427e+01 1.696905e+01 1.932189e+01
      vertex   -4.671427e+01 1.649749e+01 1.947268e+01
    endloop
  endfacet
  facet normal 1.000000e+00 0.000000e+00 0.000000e+00
    outer loop
      vertex   -4.671427e+01 1.550147e+01 1.400000e+01
      vertex   -4.671427e+01 1.649749e+01 1.947268e+01
      vertex   -4.671427e+01 1.572142e+01 1.973579e+01
    endloop
  endfacet
  facet normal 1.000000e+00 0.000000e+00 0.000000e+00
    outer loop
      vertex   -4.671427e+01 1.658725e+01 7.600000e+00
      vertex   -4.671427e+01 2.233725e+01 1.080000e+01
      vertex   -4.671427e+01 1.658725e+01 1.400000e+01
    endloop
  endfacet
  facet normal 1.000000e+00 -0.000000e+00 0.000000e+00
    outer loop
      vertex   -4.671427e+01 1.658725e+01 1.400000e+01
      vertex   -4.671427e+01 2.233725e+01 1.080000e+01
      vertex   -4.671427e+01 1.940199e+01 1.947306e+01
    endloop
  endfacet
  facet normal 1.000000e+00 0.000000e+00 0.000000e+00
    outer loop
      vertex   -4.671427e+01 1.658725e+01 1.400000e+01
      vertex   -4.671427e+01 1.940199e+01 1.947306e+01
      vertex   -4.671427e+01 1.893046e+01 1.932215e+01
    endloop
  endfacet
  facet normal 1.000000e+00 -0.000000e+00 0.000000e+00
    outer loop
      vertex   -4.671427e+01 6.881332e+00 4.174096e+00
      vertex   -4.671427e+01 7.504721e+00 3.642222e+00
      vertex   -4.671427e+01 1.008725e+01 7.600000e+00
    endloop
  endfacet
  facet normal 1.000000e+00 0.000000e+00 0.000000e+00
    outer loop
      vertex   -4.671427e+01 1.008725e+01 7.600000e+00
      vertex   -4.671427e+01 7.504721e+00 3.642222e+00
      vertex   -4.671427e+01 7.525540e+00 3.626050e+00
    endloop
  endfacet
  facet normal 1.000000e+00 0.000000e+00 0.000000e+00
    outer loop
      vertex   -4.671427e+01 1.008725e+01 7.600000e+00
      vertex   -4.671427e+01 7.525540e+00 3.626050e+00
      vertex   -4.671427e+01 7.546403e+00 3.609934e+00
    endloop
  endfacet
  facet normal 1.000000e+00 -0.000000e+00 0.000000e+00
    outer loop
      vertex   -4.671427e+01 7.546403e+00 3.609934e+00
      vertex   -4.671427e+01 7.567310e+00 3.593875e+00
      vertex   -4.671427e+01 1.008725e+01 7.600000e+00
    endloop
  endfacet
  facet normal 1.000000e+00 0.000000e+00 0.000000e+00
    outer loop
      vertex   -4.671427e+01 1.008725e+01 7.600000e+00
      vertex   -4.671427e+01 7.567310e+00 3.593875e+00
      vertex   -4.671427e+01 7.744068e+00 3.419699e+00
    endloop
  endfacet
  facet normal 1.000000e+00 0.000000e+00 0.000000e+00
    outer loop
      vertex   -4.671427e+01 1.008725e+01 7.600000e+00
      vertex   -4.671427e+01 7.744068e+00 3.419699e+00
      vertex   -4.671427e+01 7.872495e+00 3.207363e+00
    endloop
  endfacet
  facet normal 1.000000e+00 0.000000e+00 0.000000e+00
    outer loop
      vertex   -4.671427e+01 7.906296e+00 2.478966e+00
      vertex   -4.671427e+01 7.798086e+00 2.255648e+00
      vertex   -4.671427e+01 1.333725e+01 1.800000e+00
    endloop
  endfacet
  facet normal 1.000000e+00 0.000000e+00 0.000000e+00
    outer loop
      vertex   -4.671427e+01 1.333725e+01 1.800000e+00
      vertex   -4.671427e+01 7.798086e+00 2.255648e+00
      vertex   -4.671427e+01 7.638218e+00 2.065852e+00
    endloop
  endfacet
  facet normal 1.000000e+00 0.000000e+00 0.000000e+00
    outer loop
      vertex   -4.671427e+01 1.333725e+01 1.800000e+00
      vertex   -4.671427e+01 7.638218e+00 2.065852e+00
      vertex   -4.671427e+01 7.436538e+00 1.921265e+00
    endloop
  endfacet
  facet normal 1.000000e+00 0.000000e+00 0.000000e+00
    outer loop
      vertex   -4.671427e+01 7.436538e+00 1.921265e+00
      vertex   -4.671427e+01 7.205465e+00 1.830790e+00
      vertex   -4.671427e+01 1.333725e+01 1.800000e+00
    endloop
  endfacet
  facet normal 1.000000e+00 0.000000e+00 0.000000e+00
    outer loop
      vertex   -4.671427e+01 1.333725e+01 1.800000e+00
      vertex   -4.671427e+01 7.205465e+00 1.830790e+00
      vertex   -4.671427e+01 6.959229e+00 1.800000e+00
    endloop
  endfacet
  facet normal 1.000000e+00 0.000000e+00 0.000000e+00
    outer loop
      vertex   -4.671427e+01 1.490009e+01 1.936730e+00
      vertex   -4.671427e+01 1.566663e+01 2.106668e+00
      vertex   -4.671427e+01 1.550147e+01 7.600000e+00
    endloop
  endfacet
  facet normal 1.000000e+00 0.000000e+00 0.000000e+00
    outer loop
      vertex   -4.671427e+01 1.550147e+01 7.600000e+00
      vertex   -4.671427e+01 1.566663e+01 2.106668e+00
      vertex   -4.671427e+01 1.641544e+01 2.342766e+00
    endloop
  endfacet
  facet normal 1.000000e+00 0.000000e+00 0.000000e+00
    outer loop
      vertex   -4.671427e+01 1.550147e+01 7.600000e+00
      vertex   -4.671427e+01 1.641544e+01 2.342766e+00
      vertex   -4.671427e+01 1.714082e+01 2.643230e+00
    endloop
  endfacet
  facet normal 1.000000e+00 0.000000e+00 -0.000000e+00
    outer loop
      vertex   -4.671427e+01 1.849944e+01 3.427632e+00
      vertex   -4.671427e+01 1.912234e+01 3.905600e+00
      vertex   -4.671427e+01 1.658725e+01 7.600000e+00
    endloop
  endfacet
  facet normal 1.000000e+00 0.000000e+00 0.000000e+00
    outer loop
      vertex   -4.671427e+01 1.658725e+01 7.600000e+00
      vertex   -4.671427e+01 1.912234e+01 3.905600e+00
      vertex   -4.671427e+01 1.970122e+01 4.436039e+00
    endloop
  endfacet
  facet normal 1.000000e+00 0.000000e+00 0.000000e+00
    outer loop
      vertex   -4.671427e+01 1.658725e+01 7.600000e+00
      vertex   -4.671427e+01 1.970122e+01 4.436039e+00
      vertex   -4.671427e+01 2.023165e+01 5.014912e+00
    endloop
  endfacet
  facet normal 1.000000e+00 0.000000e+00 -0.000000e+00
    outer loop
      vertex   -4.671427e+01 2.023165e+01 5.014912e+00
      vertex   -4.671427e+01 2.070962e+01 5.637812e+00
      vertex   -4.671427e+01 1.658725e+01 7.600000e+00
    endloop
  endfacet
  facet normal 1.000000e+00 0.000000e+00 0.000000e+00
    outer loop
      vertex   -4.671427e+01 1.658725e+01 7.600000e+00
      vertex   -4.671427e+01 2.070962e+01 5.637812e+00
      vertex   -4.671427e+01 2.113148e+01 6.300000e+00
    endloop
  endfacet
  facet normal 1.000000e+00 0.000000e+00 0.000000e+00
    outer loop
      vertex   -4.671427e+01 1.658725e+01 7.600000e+00
      vertex   -4.671427e+01 2.113148e+01 6.300000e+00
      vertex   -4.671427e+01 2.149402e+01 6.996436e+00
    endloop
  endfacet
  facet normal 1.000000e+00 0.000000e+00 -0.000000e+00
    outer loop
      vertex   -4.671427e+01 2.149402e+01 6.996436e+00
      vertex   -4.671427e+01 2.179449e+01 7.721819e+00
      vertex   -4.671427e+01 1.658725e+01 7.600000e+00
    endloop
  endfacet
  facet normal 1.000000e+00 0.000000e+00 0.000000e+00
    outer loop
      vertex   -4.671427e+01 1.658725e+01 7.600000e+00
      vertex   -4.671427e+01 2.179449e+01 7.721819e+00
      vertex   -4.671427e+01 2.203059e+01 8.470629e+00
    endloop
  endfacet
  facet normal 1.000000e+00 0.000000e+00 0.000000e+00
    outer loop
      vertex   -4.671427e+01 1.658725e+01 7.600000e+00
      vertex   -4.671427e+01 2.203059e+01 8.470629e+00
      vertex   -4.671427e+01 2.220052e+01 9.237166e+00
    endloop
  endfacet
  facet normal 1.000000e+00 0.000000e+00 -0.000000e+00
    outer loop
      vertex   -4.671427e+01 2.220052e+01 9.237166e+00
      vertex   -4.671427e+01 2.230301e+01 1.001560e+01
      vertex   -4.671427e+01 1.658725e+01 7.600000e+00
    endloop
  endfacet
  facet normal 1.000000e+00 0.000000e+00 0.000000e+00
    outer loop
      vertex   -4.671427e+01 1.658725e+01 7.600000e+00
      vertex   -4.671427e+01 2.230301e+01 1.001560e+01
      vertex   -4.671427e+01 2.233725e+01 1.080000e+01
    endloop
  endfacet
  facet normal 1.000000e+00 0.000000e+00 0.000000e+00
    outer loop
      vertex   -4.671427e+01 2.233725e+01 2.180000e+01
      vertex   -4.671427e+01 2.065595e+01 2.025480e+01
      vertex   -4.671427e+01 2.233725e+01 1.080000e+01
    endloop
  endfacet
  facet normal 1.000000e+00 0.000000e+00 0.000000e+00
    outer loop
      vertex   -4.671427e+01 2.233725e+01 1.080000e+01
      vertex   -4.671427e+01 2.065595e+01 2.025480e+01
      vertex   -4.671427e+01 2.027139e+01 1.994299e+01
    endloop
  endfacet
  facet normal 1.000000e+00 0.000000e+00 0.000000e+00
    outer loop
      vertex   -4.671427e+01 2.233725e+01 1.080000e+01
      vertex   -4.671427e+01 2.027139e+01 1.994299e+01
      vertex   -4.671427e+01 1.985126e+01 1.968107e+01
    endloop
  endfacet
  facet normal 1.000000e+00 0.000000e+00 0.000000e+00
    outer loop
      vertex   -4.671427e+01 1.985126e+01 1.968107e+01
      vertex   -4.671427e+01 1.940199e+01 1.947306e+01
      vertex   -4.671427e+01 2.233725e+01 1.080000e+01
    endloop
  endfacet
  facet normal 1.000000e+00 0.000000e+00 0.000000e+00
    outer loop
      vertex   -4.671427e+01 1.893046e+01 1.932215e+01
      vertex   -4.671427e+01 1.844391e+01 1.923063e+01
      vertex   -4.671427e+01 1.658725e+01 1.400000e+01
    endloop
  endfacet
  facet normal 1.000000e+00 0.000000e+00 0.000000e+00
    outer loop
      vertex   -4.671427e+01 1.658725e+01 1.400000e+01
      vertex   -4.671427e+01 1.844391e+01 1.923063e+01
      vertex   -4.671427e+01 1.794977e+01 1.919993e+01
    endloop
  endfacet
  facet normal 1.000000e+00 0.000000e+00 0.000000e+00
    outer loop
      vertex   -4.671427e+01 1.658725e+01 1.400000e+01
      vertex   -4.671427e+01 1.794977e+01 1.919993e+01
      vertex   -4.671427e+01 1.745563e+01 1.923050e+01
    endloop
  endfacet
  facet normal 1.000000e+00 0.000000e+00 0.000000e+00
    outer loop
      vertex   -4.671427e+01 1.745563e+01 1.923050e+01
      vertex   -4.671427e+01 1.696905e+01 1.932189e+01
      vertex   -4.671427e+01 1.658725e+01 1.400000e+01
    endloop
  endfacet
  facet normal 1.000000e+00 0.000000e+00 0.000000e+00
    outer loop
      vertex   -4.671427e+01 1.572142e+01 1.973579e+01
      vertex   -4.671427e+01 1.492503e+01 1.992880e+01
      vertex   -4.671427e+01 1.550147e+01 1.400000e+01
    endloop
  endfacet
  facet normal 1.000000e+00 0.000000e+00 0.000000e+00
    outer loop
      vertex   -4.671427e+01 1.550147e+01 1.400000e+01
      vertex   -4.671427e+01 1.492503e+01 1.992880e+01
      vertex   -4.671427e+01 1.411461e+01 2.005018e+01
    endloop
  endfacet
  facet normal 1.000000e+00 0.000000e+00 0.000000e+00
    outer loop
      vertex   -4.671427e+01 1.550147e+01 1.400000e+01
      vertex   -4.671427e+01 1.411461e+01 2.005018e+01
      vertex   -4.671427e+01 1.329661e+01 2.009896e+01
    endloop
  endfacet
  facet normal 1.000000e+00 0.000000e+00 0.000000e+00
    outer loop
      vertex   -4.671427e+01 1.166382e+01 1.997778e+01
      vertex   -4.671427e+01 1.086199e+01 1.980877e+01
      vertex   -4.671427e+01 1.117304e+01 1.400000e+01
    endloop
  endfacet
  facet normal 1.000000e+00 0.000000e+00 0.000000e+00
    outer loop
      vertex   -4.671427e+01 1.117304e+01 1.400000e+01
      vertex   -4.671427e+01 1.086199e+01 1.980877e+01
      vertex   -4.671427e+01 1.007837e+01 1.956909e+01
    endloop
  endfacet
  facet normal 1.000000e+00 0.000000e+00 0.000000e+00
    outer loop
      vertex   -4.671427e+01 8.590469e+00 1.888583e+01
      vertex   -4.671427e+01 7.897989e+00 1.844768e+01
      vertex   -4.671427e+01 1.008725e+01 1.400000e+01
    endloop
  endfacet
  facet normal 1.000000e+00 0.000000e+00 0.000000e+00
    outer loop
      vertex   -4.671427e+01 1.008725e+01 1.400000e+01
      vertex   -4.671427e+01 7.897989e+00 1.844768e+01
      vertex   -4.671427e+01 7.247244e+00 1.794965e+01
    endloop
  endfacet
  facet normal 1.000000e+00 0.000000e+00 0.000000e+00
    outer loop
      vertex   -4.671427e+01 1.008725e+01 1.400000e+01
      vertex   -4.671427e+01 7.247244e+00 1.794965e+01
      vertex   -4.671427e+01 6.643395e+00 1.739570e+01
    endloop
  endfacet
  facet normal 1.000000e+00 0.000000e+00 0.000000e+00
    outer loop
      vertex   -4.671427e+01 6.643395e+00 1.739570e+01
      vertex   -4.671427e+01 6.091235e+00 1.679020e+01
      vertex   -4.671427e+01 1.008725e+01 1.400000e+01
    endloop
  endfacet
  facet normal 1.000000e+00 0.000000e+00 0.000000e+00
    outer loop
      vertex   -4.671427e+01 1.008725e+01 1.400000e+01
      vertex   -4.671427e+01 6.091235e+00 1.679020e+01
      vertex   -4.671427e+01 5.595144e+00 1.613798e+01
    endloop
  endfacet
  facet normal 1.000000e+00 0.000000e+00 0.000000e+00
    outer loop
      vertex   -4.671427e+01 1.008725e+01 1.400000e+01
      vertex   -4.671427e+01 5.595144e+00 1.613798e+01
      vertex   -4.671427e+01 5.159058e+00 1.544420e+01
    endloop
  endfacet
  facet normal 1.000000e+00 0.000000e+00 0.000000e+00
    outer loop
      vertex   -4.671427e+01 5.159058e+00 1.544420e+01
      vertex   -4.671427e+01 4.786435e+00 1.471436e+01
      vertex   -4.671427e+01 1.008725e+01 1.400000e+01
    endloop
  endfacet
  facet normal 1.000000e+00 0.000000e+00 0.000000e+00
    outer loop
      vertex   -4.671427e+01 1.008725e+01 1.400000e+01
      vertex   -4.671427e+01 4.786435e+00 1.471436e+01
      vertex   -4.671427e+01 4.480234e+00 1.395427e+01
    endloop
  endfacet
  facet normal 1.000000e+00 0.000000e+00 0.000000e+00
    outer loop
      vertex   -4.671427e+01 1.008725e+01 1.400000e+01
      vertex   -4.671427e+01 4.480234e+00 1.395427e+01
      vertex   -4.671427e+01 4.242882e+00 1.316994e+01
    endloop
  endfacet
  facet normal 1.000000e+00 -0.000000e+00 0.000000e+00
    outer loop
      vertex   -4.671427e+01 4.242882e+00 1.316994e+01
      vertex   -4.671427e+01 4.076263e+00 1.236761e+01
      vertex   -4.671427e+01 1.008725e+01 1.400000e+01
    endloop
  endfacet
  facet normal 1.000000e+00 0.000000e+00 0.000000e+00
    outer loop
      vertex   -4.671427e+01 1.008725e+01 1.400000e+01
      vertex   -4.671427e+01 4.076263e+00 1.236761e+01
      vertex   -4.671427e+01 3.981699e+00 1.155363e+01
    endloop
  endfacet
  facet normal 1.000000e+00 0.000000e+00 0.000000e+00
    outer loop
      vertex   -4.671427e+01 1.008725e+01 1.400000e+01
      vertex   -4.671427e+01 3.981699e+00 1.155363e+01
      vertex   -4.671427e+01 3.959940e+00 1.073446e+01
    endloop
  endfacet
  facet normal 1.000000e+00 0.000000e+00 0.000000e+00
    outer loop
      vertex   -4.671427e+01 4.134949e+00 9.106563e+00
      vertex   -4.671427e+01 4.330328e+00 8.310742e+00
      vertex   -4.671427e+01 1.008725e+01 7.600000e+00
    endloop
  endfacet
  facet normal 1.000000e+00 0.000000e+00 0.000000e+00
    outer loop
      vertex   -4.671427e+01 1.008725e+01 7.600000e+00
      vertex   -4.671427e+01 4.330328e+00 8.310742e+00
      vertex   -4.671427e+01 4.595747e+00 7.535464e+00
    endloop
  endfacet
  facet normal 1.000000e+00 0.000000e+00 0.000000e+00
    outer loop
      vertex   -4.671427e+01 1.008725e+01 7.600000e+00
      vertex   -4.671427e+01 4.595747e+00 7.535464e+00
      vertex   -4.671427e+01 4.929099e+00 6.786879e+00
    endloop
  endfacet
  facet normal 1.000000e+00 -0.000000e+00 0.000000e+00
    outer loop
      vertex   -4.671427e+01 4.929099e+00 6.786879e+00
      vertex   -4.671427e+01 5.327740e+00 6.070925e+00
      vertex   -4.671427e+01 1.008725e+01 7.600000e+00
    endloop
  endfacet
  facet normal 1.000000e+00 0.000000e+00 0.000000e+00
    outer loop
      vertex   -4.671427e+01 1.008725e+01 7.600000e+00
      vertex   -4.671427e+01 5.327740e+00 6.070925e+00
      vertex   -4.671427e+01 5.788506e+00 5.393284e+00
    endloop
  endfacet
  facet normal 1.000000e+00 0.000000e+00 0.000000e+00
    outer loop
      vertex   -4.671427e+01 1.008725e+01 7.600000e+00
      vertex   -4.671427e+01 5.788506e+00 5.393284e+00
      vertex   -4.671427e+01 6.307744e+00 4.759331e+00
    endloop
  endfacet
  facet normal 1.000000e+00 -0.000000e+00 0.000000e+00
    outer loop
      vertex   -4.671427e+01 6.307744e+00 4.759331e+00
      vertex   -4.671427e+01 6.881332e+00 4.174096e+00
      vertex   -4.671427e+01 1.008725e+01 7.600000e+00
    endloop
  endfacet
  facet normal -1.609920e-31 1.000000e+00 7.930164e-16
    outer loop
      vertex   -1.121427e+01 -1.091549e+00 2.180000e+01
      vertex   -1.121427e+01 -1.091549e+00 1.900000e+01
      vertex   -2.871427e+01 -1.091549e+00 2.180000e+01
    endloop
  endfacet
  facet normal 0.000000e+00 1.000000e+00 7.930164e-16
    outer loop
      vertex   -2.871427e+01 -1.091549e+00 2.180000e+01
      vertex   -1.121427e+01 -1.091549e+00 1.900000e+01
      vertex   -2.871427e+01 -1.091549e+00 1.900000e+01
    endloop
  endfacet
  facet normal 0.000000e+00 -1.000000e+00 0.000000e+00
    outer loop
      vertex   -1.121427e+01 7.408451e+00 1.900000e+01
      vertex   -1.121427e+01 7.408451e+00 2.180000e+01
      vertex   -2.871427e+01 7.408451e+00 1.900000e+01
    endloop
  endfacet
  facet normal 0.000000e+00 -1.000000e+00 0.000000e+00
    outer loop
      vertex   -2.871427e+01 7.408451e+00 1.900000e+01
      vertex   -1.121427e+01 7.408451e+00 2.180000e+01
      vertex   -2.871427e+01 7.408451e+00 2.180000e+01
    endloop
  endfacet
  facet normal 0.000000e+00 0.000000e+00 1.000000e+00
    outer loop
      vertex   -4.796427e+01 4.008451e+00 2.040000e+01
      vertex   -4.796427e+01 2.308451e+00 2.040000e+01
      vertex   -2.871427e+01 4.008451e+00 2.040000e+01
    endloop
  endfacet
  facet normal 0.000000e+00 0.000000e+00 1.000000e+00
    outer loop
      vertex   -2.871427e+01 4.008451e+00 2.040000e+01
      vertex   -4.796427e+01 2.308451e+00 2.040000e+01
      vertex   -2.871427e+01 2.308451e+00 2.040000e+01
    endloop
  endfacet
  facet normal 1.000000e+00 -0.000000e+00 0.000000e+00
    outer loop
      vertex   -2.871427e+01 4.008451e+00 2.180000e+01
      vertex   -2.871427e+01 4.008451e+00 2.040000e+01
      vertex   -2.871427e+01 7.408451e+00 2.180000e+01
    endloop
  endfacet
  facet normal 1.000000e+00 0.000000e+00 0.000000e+00
    outer loop
      vertex   -2.871427e+01 7.408451e+00 2.180000e+01
      vertex   -2.871427e+01 4.008451e+00 2.040000e+01
      vertex   -2.871427e+01 7.408451e+00 1.900000e+01
    endloop
  endfacet
  facet normal 1.000000e+00 0.000000e+00 0.000000e+00
    outer loop
      vertex   -2.871427e+01 7.408451e+00 1.900000e+01
      vertex   -2.871427e+01 4.008451e+00 2.040000e+01
      vertex   -2.871427e+01 -1.091549e+00 1.900000e+01
    endloop
  endfacet
  facet normal 1.000000e+00 0.000000e+00 0.000000e+00
    outer loop
      vertex   -2.871427e+01 -1.091549e+00 1.900000e+01
      vertex   -2.871427e+01 4.008451e+00 2.040000e+01
      vertex   -2.871427e+01 2.308451e+00 2.040000e+01
    endloop
  endfacet
  facet normal 1.000000e+00 0.000000e+00 -0.000000e+00
    outer loop
      vertex   -2.871427e+01 -1.091549e+00 1.900000e+01
      vertex   -2.871427e+01 2.308451e+00 2.040000e+01
      vertex   -2.871427e+01 -1.091549e+00 2.180000e+01
    endloop
  endfacet
  facet normal 1.000000e+00 -0.000000e+00 0.000000e+00
    outer loop
      vertex   -2.871427e+01 -1.091549e+00 2.180000e+01
      vertex   -2.871427e+01 2.308451e+00 2.040000e+01
      vertex   -2.871427e+01 2.308451e+00 2.180000e+01
    endloop
  endfacet
  facet normal 0.000000e+00 -0.000000e+00 1.000000e+00
    outer loop
      vertex   -1.121427e+01 -1.091549e+00 1.900000e+01
      vertex   -1.121427e+01 7.408451e+00 1.900000e+01
      vertex   -2.871427e+01 -1.091549e+00 1.900000e+01
    endloop
  endfacet
  facet normal 0.000000e+00 0.000000e+00 1.000000e+00
    outer loop
      vertex   -2.871427e+01 -1.091549e+00 1.900000e+01
      vertex   -1.121427e+01 7.408451e+00 1.900000e+01
      vertex   -2.871427e+01 7.408451e+00 1.900000e+01
    endloop
  endfacet
  facet normal 1.000000e+00 0.000000e+00 0.000000e+00
    outer loop
      vertex   -4.671427e+01 -9.184566e+00 1.400000e+01
      vertex   -4.671427e+01 -1.065215e+01 1.932189e+01
      vertex   -4.671427e+01 -1.027035e+01 1.400000e+01
    endloop
  endfacet
  facet normal 1.000000e+00 0.000000e+00 0.000000e+00
    outer loop
      vertex   -4.671427e+01 -1.027035e+01 1.400000e+01
      vertex   -4.671427e+01 -1.065215e+01 1.932189e+01
      vertex   -4.671427e+01 -1.113873e+01 1.923050e+01
    endloop
  endfacet
  facet normal 1.000000e+00 0.000000e+00 0.000000e+00
    outer loop
      vertex   -4.671427e+01 -1.027035e+01 1.400000e+01
      vertex   -4.671427e+01 -1.113873e+01 1.923050e+01
      vertex   -4.671427e+01 -1.163287e+01 1.919993e+01
    endloop
  endfacet
  facet normal 1.000000e+00 0.000000e+00 0.000000e+00
    outer loop
      vertex   -4.671427e+01 -4.856139e+00 1.400000e+01
      vertex   -4.671427e+01 -6.979711e+00 2.009896e+01
      vertex   -4.671427e+01 -9.184566e+00 1.400000e+01
    endloop
  endfacet
  facet normal 1.000000e+00 0.000000e+00 0.000000e+00
    outer loop
      vertex   -4.671427e+01 -9.184566e+00 1.400000e+01
      vertex   -4.671427e+01 -6.979711e+00 2.009896e+01
      vertex   -4.671427e+01 -7.797710e+00 2.005018e+01
    endloop
  endfacet
  facet normal 1.000000e+00 0.000000e+00 0.000000e+00
    outer loop
      vertex   -4.671427e+01 -9.184566e+00 1.400000e+01
      vertex   -4.671427e+01 -7.797710e+00 2.005018e+01
      vertex   -4.671427e+01 -8.608124e+00 1.992880e+01
    endloop
  endfacet
  facet normal 1.000000e+00 0.000000e+00 -0.000000e+00
    outer loop
      vertex   -4.671427e+01 -3.770353e+00 1.400000e+01
      vertex   -4.671427e+01 -3.761469e+00 1.956909e+01
      vertex   -4.671427e+01 -4.856139e+00 1.400000e+01
    endloop
  endfacet
  facet normal 1.000000e+00 0.000000e+00 0.000000e+00
    outer loop
      vertex   -4.671427e+01 -4.856139e+00 1.400000e+01
      vertex   -4.671427e+01 -3.761469e+00 1.956909e+01
      vertex   -4.671427e+01 -4.545085e+00 1.980877e+01
    endloop
  endfacet
  facet normal 1.000000e+00 0.000000e+00 -0.000000e+00
    outer loop
      vertex   -4.671427e+01 -4.856139e+00 1.400000e+01
      vertex   -4.671427e+01 -4.545085e+00 1.980877e+01
      vertex   -4.671427e+01 -5.346921e+00 1.997778e+01
    endloop
  endfacet
  facet normal 1.000000e+00 0.000000e+00 0.000000e+00
    outer loop
      vertex   -4.671427e+01 -3.770353e+00 7.600000e+00
      vertex   -4.671427e+01 2.356961e+00 1.073446e+01
      vertex   -4.671427e+01 -3.770353e+00 1.400000e+01
    endloop
  endfacet
  facet normal 1.000000e+00 0.000000e+00 0.000000e+00
    outer loop
      vertex   -4.671427e+01 -3.770353e+00 1.400000e+01
      vertex   -4.671427e+01 2.356961e+00 1.073446e+01
      vertex   -4.671427e+01 2.335202e+00 1.155363e+01
    endloop
  endfacet
  facet normal 1.000000e+00 0.000000e+00 0.000000e+00
    outer loop
      vertex   -4.671427e+01 -3.770353e+00 1.400000e+01
      vertex   -4.671427e+01 2.335202e+00 1.155363e+01
      vertex   -4.671427e+01 2.240638e+00 1.236761e+01
    endloop
  endfacet
  facet normal 1.000000e+00 0.000000e+00 0.000000e+00
    outer loop
      vertex   -4.671427e+01 -4.856139e+00 7.600000e+00
      vertex   -4.671427e+01 -1.555594e+00 3.207363e+00
      vertex   -4.671427e+01 -3.770353e+00 7.600000e+00
    endloop
  endfacet
  facet normal 1.000000e+00 0.000000e+00 0.000000e+00
    outer loop
      vertex   -4.671427e+01 -3.770353e+00 7.600000e+00
      vertex   -4.671427e+01 -1.555594e+00 3.207363e+00
      vertex   -4.671427e+01 -1.427167e+00 3.419699e+00
    endloop
  endfacet
  facet normal 1.000000e+00 0.000000e+00 0.000000e+00
    outer loop
      vertex   -4.671427e+01 -3.770353e+00 7.600000e+00
      vertex   -4.671427e+01 -1.427167e+00 3.419699e+00
      vertex   -4.671427e+01 -1.250409e+00 3.593875e+00
    endloop
  endfacet
  facet normal 1.000000e+00 -0.000000e+00 0.000000e+00
    outer loop
      vertex   -4.671427e+01 -9.184566e+00 7.600000e+00
      vertex   -4.671427e+01 -7.020353e+00 1.800000e+00
      vertex   -4.671427e+01 -4.856139e+00 7.600000e+00
    endloop
  endfacet
  facet normal 1.000000e+00 0.000000e+00 0.000000e+00
    outer loop
      vertex   -4.671427e+01 -4.856139e+00 7.600000e+00
      vertex   -4.671427e+01 -7.020353e+00 1.800000e+00
      vertex   -4.671427e+01 -1.627782e+00 2.969941e+00
    endloop
  endfacet
  facet normal 1.000000e+00 0.000000e+00 0.000000e+00
    outer loop
      vertex   -4.671427e+01 -4.856139e+00 7.600000e+00
      vertex   -4.671427e+01 -1.627782e+00 2.969941e+00
      vertex   -4.671427e+01 -1.555594e+00 3.207363e+00
    endloop
  endfacet
  facet normal 1.000000e+00 0.000000e+00 0.000000e+00
    outer loop
      vertex   -4.671427e+01 -1.027035e+01 7.600000e+00
      vertex   -4.671427e+01 -1.082392e+01 2.643230e+00
      vertex   -4.671427e+01 -9.184566e+00 7.600000e+00
    endloop
  endfacet
  facet normal 1.000000e+00 0.000000e+00 0.000000e+00
    outer loop
      vertex   -4.671427e+01 -9.184566e+00 7.600000e+00
      vertex   -4.671427e+01 -1.082392e+01 2.643230e+00
      vertex   -4.671427e+01 -1.009853e+01 2.342766e+00
    endloop
  endfacet
  facet normal 1.000000e+00 0.000000e+00 0.000000e+00
    outer loop
      vertex   -4.671427e+01 -9.184566e+00 7.600000e+00
      vertex   -4.671427e+01 -1.009853e+01 2.342766e+00
      vertex   -4.671427e+01 -9.349724e+00 2.106668e+00
    endloop
  endfacet
  facet normal 1.000000e+00 0.000000e+00 0.000000e+00
    outer loop
      vertex   -4.671427e+01 -1.027035e+01 1.400000e+01
      vertex   -4.671427e+01 -1.602035e+01 1.080000e+01
      vertex   -4.671427e+01 -1.027035e+01 7.600000e+00
    endloop
  endfacet
  facet normal 1.000000e+00 0.000000e+00 0.000000e+00
    outer loop
      vertex   -4.671427e+01 -1.027035e+01 7.600000e+00
      vertex   -4.671427e+01 -1.602035e+01 1.080000e+01
      vertex   -4.671427e+01 -1.598611e+01 1.001560e+01
    endloop
  endfacet
  facet normal 1.000000e+00 0.000000e+00 0.000000e+00
    outer loop
      vertex   -4.671427e+01 -1.027035e+01 7.600000e+00
      vertex   -4.671427e+01 -1.598611e+01 1.001560e+01
      vertex   -4.671427e+01 -1.588362e+01 9.237166e+00
    endloop
  endfacet
  facet normal 1.000000e+00 0.000000e+00 -0.000000e+00
    outer loop
      vertex   -4.671427e+01 -1.250409e+00 3.593875e+00
      vertex   -4.671427e+01 -1.229502e+00 3.609934e+00
      vertex   -4.671427e+01 -3.770353e+00 7.600000e+00
    endloop
  endfacet
  facet normal 1.000000e+00 0.000000e+00 0.000000e+00
    outer loop
      vertex   -4.671427e+01 -3.770353e+00 7.600000e+00
      vertex   -4.671427e+01 -1.229502e+00 3.609934e+00
      vertex   -4.671427e+01 -1.208639e+00 3.626050e+00
    endloop
  endfacet
  facet normal 1.000000e+00 0.000000e+00 0.000000e+00
    outer loop
      vertex   -4.671427e+01 -3.770353e+00 7.600000e+00
      vertex   -4.671427e+01 -1.208639e+00 3.626050e+00
      vertex   -4.671427e+01 -1.187819e+00 3.642222e+00
    endloop
  endfacet
  facet normal 1.000000e+00 0.000000e+00 -0.000000e+00
    outer loop
      vertex   -4.671427e+01 -1.187819e+00 3.642222e+00
      vertex   -4.671427e+01 -5.644306e-01 4.174096e+00
      vertex   -4.671427e+01 -3.770353e+00 7.600000e+00
    endloop
  endfacet
  facet normal 1.000000e+00 0.000000e+00 0.000000e+00
    outer loop
      vertex   -4.671427e+01 -3.770353e+00 7.600000e+00
      vertex   -4.671427e+01 -5.644306e-01 4.174096e+00
      vertex   -4.671427e+01 9.157749e-03 4.759331e+00
    endloop
  endfacet
  facet normal 1.000000e+00 0.000000e+00 0.000000e+00
    outer loop
      vertex   -4.671427e+01 -3.770353e+00 7.600000e+00
      vertex   -4.671427e+01 9.157749e-03 4.759331e+00
      vertex   -4.671427e+01 5.283951e-01 5.393284e+00
    endloop
  endfacet
  facet normal 1.000000e+00 0.000000e+00 -0.000000e+00
    outer loop
      vertex   -4.671427e+01 5.283951e-01 5.393284e+00
      vertex   -4.671427e+01 9.891618e-01 6.070925e+00
      vertex   -4.671427e+01 -3.770353e+00 7.600000e+00
    endloop
  endfacet
  facet normal 1.000000e+00 0.000000e+00 0.000000e+00
    outer loop
      vertex   -4.671427e+01 -3.770353e+00 7.600000e+00
      vertex   -4.671427e+01 9.891618e-01 6.070925e+00
      vertex   -4.671427e+01 1.387803e+00 6.786879e+00
    endloop
  endfacet
  facet normal 1.000000e+00 0.000000e+00 0.000000e+00
    outer loop
      vertex   -4.671427e+01 -3.770353e+00 7.600000e+00
      vertex   -4.671427e+01 1.387803e+00 6.786879e+00
      vertex   -4.671427e+01 1.721155e+00 7.535464e+00
    endloop
  endfacet
  facet normal 1.000000e+00 0.000000e+00 -0.000000e+00
    outer loop
      vertex   -4.671427e+01 1.721155e+00 7.535464e+00
      vertex   -4.671427e+01 1.986573e+00 8.310742e+00
      vertex   -4.671427e+01 -3.770353e+00 7.600000e+00
    endloop
  endfacet
  facet normal 1.000000e+00 0.000000e+00 0.000000e+00
    outer loop
      vertex   -4.671427e+01 -3.770353e+00 7.600000e+00
      vertex   -4.671427e+01 1.986573e+00 8.310742e+00
      vertex   -4.671427e+01 2.181952e+00 9.106563e+00
    endloop
  endfacet
  facet normal 1.000000e+00 0.000000e+00 0.000000e+00
    outer loop
      vertex   -4.671427e+01 -3.770353e+00 7.600000e+00
      vertex   -4.671427e+01 2.181952e+00 9.106563e+00
      vertex   -4.671427e+01 2.305743e+00 9.916612e+00
    endloop
  endfacet
  facet normal 1.000000e+00 0.000000e+00 -0.000000e+00
    outer loop
      vertex   -4.671427e+01 2.305743e+00 9.916612e+00
      vertex   -4.671427e+01 2.356961e+00 1.073446e+01
      vertex   -4.671427e+01 -3.770353e+00 7.600000e+00
    endloop
  endfacet
  facet normal 1.000000e+00 0.000000e+00 0.000000e+00
    outer loop
      vertex   -4.671427e+01 2.240638e+00 1.236761e+01
      vertex   -4.671427e+01 2.074019e+00 1.316994e+01
      vertex   -4.671427e+01 -3.770353e+00 1.400000e+01
    endloop
  endfacet
  facet normal 1.000000e+00 0.000000e+00 0.000000e+00
    outer loop
      vertex   -4.671427e+01 -3.770353e+00 1.400000e+01
      vertex   -4.671427e+01 2.074019e+00 1.316994e+01
      vertex   -4.671427e+01 1.836668e+00 1.395427e+01
    endloop
  endfacet
  facet normal 1.000000e+00 -0.000000e+00 0.000000e+00
    outer loop
      vertex   -4.671427e+01 -3.770353e+00 1.400000e+01
      vertex   -4.671427e+01 1.836668e+00 1.395427e+01
      vertex   -4.671427e+01 1.530466e+00 1.471436e+01
    endloop
  endfacet
  facet normal 1.000000e+00 0.000000e+00 0.000000e+00
    outer loop
      vertex   -4.671427e+01 1.530466e+00 1.471436e+01
      vertex   -4.671427e+01 1.157844e+00 1.544420e+01
      vertex   -4.671427e+01 -3.770353e+00 1.400000e+01
    endloop
  endfacet
  facet normal 1.000000e+00 0.000000e+00 0.000000e+00
    outer loop
      vertex   -4.671427e+01 -3.770353e+00 1.400000e+01
      vertex   -4.671427e+01 1.157844e+00 1.544420e+01
      vertex   -4.671427e+01 7.217571e-01 1.613798e+01
    endloop
  endfacet
  facet normal 1.000000e+00 0.000000e+00 0.000000e+00
    outer loop
      vertex   -4.671427e+01 -3.770353e+00 1.400000e+01
      vertex   -4.671427e+01 7.217571e-01 1.613798e+01
      vertex   -4.671427e+01 2.256659e-01 1.679020e+01
    endloop
  endfacet
  facet normal 1.000000e+00 0.000000e+00 0.000000e+00
    outer loop
      vertex   -4.671427e+01 2.256659e-01 1.679020e+01
      vertex   -4.671427e+01 -3.264941e-01 1.739570e+01
      vertex   -4.671427e+01 -3.770353e+00 1.400000e+01
    endloop
  endfacet
  facet normal 1.000000e+00 0.000000e+00 0.000000e+00
    outer loop
      vertex   -4.671427e+01 -3.770353e+00 1.400000e+01
      vertex   -4.671427e+01 -3.264941e-01 1.739570e+01
      vertex   -4.671427e+01 -9.303421e-01 1.794965e+01
    endloop
  endfacet
  facet normal 1.000000e+00 0.000000e+00 0.000000e+00
    outer loop
      vertex   -4.671427e+01 -3.770353e+00 1.400000e+01
      vertex   -4.671427e+01 -9.303421e-01 1.794965e+01
      vertex   -4.671427e+01 -1.581088e+00 1.844768e+01
    endloop
  endfacet
  facet normal 1.000000e+00 0.000000e+00 0.000000e+00
    outer loop
      vertex   -4.671427e+01 -1.581088e+00 1.844768e+01
      vertex   -4.671427e+01 -2.273568e+00 1.888583e+01
      vertex   -4.671427e+01 -3.770353e+00 1.400000e+01
    endloop
  endfacet
  facet normal 1.000000e+00 0.000000e+00 0.000000e+00
    outer loop
      vertex   -4.671427e+01 -3.770353e+00 1.400000e+01
      vertex   -4.671427e+01 -2.273568e+00 1.888583e+01
      vertex   -4.671427e+01 -3.002289e+00 1.926063e+01
    endloop
  endfacet
  facet normal 1.000000e+00 0.000000e+00 0.000000e+00
    outer loop
      vertex   -4.671427e+01 -3.770353e+00 1.400000e+01
      vertex   -4.671427e+01 -3.002289e+00 1.926063e+01
      vertex   -4.671427e+01 -3.761469e+00 1.956909e+01
    endloop
  endfacet
  facet normal 1.000000e+00 0.000000e+00 0.000000e+00
    outer loop
      vertex   -4.671427e+01 -5.346921e+00 1.997778e+01
      vertex   -4.671427e+01 -6.160615e+00 2.007477e+01
      vertex   -4.671427e+01 -4.856139e+00 1.400000e+01
    endloop
  endfacet
  facet normal 1.000000e+00 0.000000e+00 0.000000e+00
    outer loop
      vertex   -4.671427e+01 -4.856139e+00 1.400000e+01
      vertex   -4.671427e+01 -6.160615e+00 2.007477e+01
      vertex   -4.671427e+01 -6.979711e+00 2.009896e+01
    endloop
  endfacet
  facet normal 1.000000e+00 0.000000e+00 0.000000e+00
    outer loop
      vertex   -4.671427e+01 -8.608124e+00 1.992880e+01
      vertex   -4.671427e+01 -9.404523e+00 1.973579e+01
      vertex   -4.671427e+01 -9.184566e+00 1.400000e+01
    endloop
  endfacet
  facet normal 1.000000e+00 0.000000e+00 0.000000e+00
    outer loop
      vertex   -4.671427e+01 -9.184566e+00 1.400000e+01
      vertex   -4.671427e+01 -9.404523e+00 1.973579e+01
      vertex   -4.671427e+01 -1.018059e+01 1.947268e+01
    endloop
  endfacet
  facet normal 1.000000e+00 0.000000e+00 0.000000e+00
    outer loop
      vertex   -4.671427e+01 -9.184566e+00 1.400000e+01
      vertex   -4.671427e+01 -1.018059e+01 1.947268e+01
      vertex   -4.671427e+01 -1.065215e+01 1.932189e+01
    endloop
  endfacet
  facet normal 1.000000e+00 0.000000e+00 0.000000e+00
    outer loop
      vertex   -4.671427e+01 -1.163287e+01 1.919993e+01
      vertex   -4.671427e+01 -1.212701e+01 1.923063e+01
      vertex   -4.671427e+01 -1.027035e+01 1.400000e+01
    endloop
  endfacet
  facet normal 1.000000e+00 0.000000e+00 0.000000e+00
    outer loop
      vertex   -4.671427e+01 -1.027035e+01 1.400000e+01
      vertex   -4.671427e+01 -1.212701e+01 1.923063e+01
      vertex   -4.671427e+01 -1.261356e+01 1.932215e+01
    endloop
  endfacet
  facet normal 1.000000e+00 0.000000e+00 0.000000e+00
    outer loop
      vertex   -4.671427e+01 -1.027035e+01 1.400000e+01
      vertex   -4.671427e+01 -1.261356e+01 1.932215e+01
      vertex   -4.671427e+01 -1.308509e+01 1.947306e+01
    endloop
  endfacet
  facet normal 1.000000e+00 0.000000e+00 0.000000e+00
    outer loop
      vertex   -4.671427e+01 -1.027035e+01 1.400000e+01
      vertex   -4.671427e+01 -1.308509e+01 1.947306e+01
      vertex   -4.671427e+01 -1.602035e+01 1.080000e+01
    endloop
  endfacet
  facet normal 1.000000e+00 0.000000e+00 0.000000e+00
    outer loop
      vertex   -4.671427e+01 -1.602035e+01 1.080000e+01
      vertex   -4.671427e+01 -1.308509e+01 1.947306e+01
      vertex   -4.671427e+01 -1.353436e+01 1.968107e+01
    endloop
  endfacet
  facet normal 1.000000e+00 0.000000e+00 0.000000e+00
    outer loop
      vertex   -4.671427e+01 -1.602035e+01 1.080000e+01
      vertex   -4.671427e+01 -1.353436e+01 1.968107e+01
      vertex   -4.671427e+01 -1.395449e+01 1.994299e+01
    endloop
  endfacet
  facet normal 1.000000e+00 0.000000e+00 0.000000e+00
    outer loop
      vertex   -4.671427e+01 -1.395449e+01 1.994299e+01
      vertex   -4.671427e+01 -1.433904e+01 2.025480e+01
      vertex   -4.671427e+01 -1.602035e+01 1.080000e+01
    endloop
  endfacet
  facet normal 1.000000e+00 0.000000e+00 0.000000e+00
    outer loop
      vertex   -4.671427e+01 -1.602035e+01 1.080000e+01
      vertex   -4.671427e+01 -1.433904e+01 2.025480e+01
      vertex   -4.671427e+01 -1.602035e+01 2.180000e+01
    endloop
  endfacet
  facet normal 1.000000e+00 0.000000e+00 0.000000e+00
    outer loop
      vertex   -4.671427e+01 -1.588362e+01 9.237166e+00
      vertex   -4.671427e+01 -1.571369e+01 8.470629e+00
      vertex   -4.671427e+01 -1.027035e+01 7.600000e+00
    endloop
  endfacet
  facet normal 1.000000e+00 0.000000e+00 0.000000e+00
    outer loop
      vertex   -4.671427e+01 -1.027035e+01 7.600000e+00
      vertex   -4.671427e+01 -1.571369e+01 8.470629e+00
      vertex   -4.671427e+01 -1.547759e+01 7.721819e+00
    endloop
  endfacet
  facet normal 1.000000e+00 0.000000e+00 0.000000e+00
    outer loop
      vertex   -4.671427e+01 -1.027035e+01 7.600000e+00
      vertex   -4.671427e+01 -1.547759e+01 7.721819e+00
      vertex   -4.671427e+01 -1.517712e+01 6.996436e+00
    endloop
  endfacet
  facet normal 1.000000e+00 -0.000000e+00 0.000000e+00
    outer loop
      vertex   -4.671427e+01 -1.517712e+01 6.996436e+00
      vertex   -4.671427e+01 -1.481458e+01 6.300000e+00
      vertex   -4.671427e+01 -1.027035e+01 7.600000e+00
    endloop
  endfacet
  facet normal 1.000000e+00 0.000000e+00 0.000000e+00
    outer loop
      vertex   -4.671427e+01 -1.027035e+01 7.600000e+00
      vertex   -4.671427e+01 -1.481458e+01 6.300000e+00
      vertex   -4.671427e+01 -1.439272e+01 5.637812e+00
    endloop
  endfacet
  facet normal 1.000000e+00 0.000000e+00 0.000000e+00
    outer loop
      vertex   -4.671427e+01 -1.027035e+01 7.600000e+00
      vertex   -4.671427e+01 -1.439272e+01 5.637812e+00
      vertex   -4.671427e+01 -1.391475e+01 5.014912e+00
    endloop
  endfacet
  facet normal 1.000000e+00 -0.000000e+00 0.000000e+00
    outer loop
      vertex   -4.671427e+01 -1.391475e+01 5.014912e+00
      vertex   -4.671427e+01 -1.338431e+01 4.436039e+00
      vertex   -4.671427e+01 -1.027035e+01 7.600000e+00
    endloop
  endfacet
  facet normal 1.000000e+00 0.000000e+00 0.000000e+00
    outer loop
      vertex   -4.671427e+01 -1.027035e+01 7.600000e+00
      vertex   -4.671427e+01 -1.338431e+01 4.436039e+00
      vertex   -4.671427e+01 -1.280544e+01 3.905600e+00
    endloop
  endfacet
  facet normal 1.000000e+00 0.000000e+00 0.000000e+00
    outer loop
      vertex   -4.671427e+01 -1.027035e+01 7.600000e+00
      vertex   -4.671427e+01 -1.280544e+01 3.905600e+00
      vertex   -4.671427e+01 -1.218254e+01 3.427632e+00
    endloop
  endfacet
  facet normal 1.000000e+00 -0.000000e+00 0.000000e+00
    outer loop
      vertex   -4.671427e+01 -1.218254e+01 3.427632e+00
      vertex   -4.671427e+01 -1.152035e+01 3.005771e+00
      vertex   -4.671427e+01 -1.027035e+01 7.600000e+00
    endloop
  endfacet
  facet normal 1.000000e+00 0.000000e+00 0.000000e+00
    outer loop
      vertex   -4.671427e+01 -1.027035e+01 7.600000e+00
      vertex   -4.671427e+01 -1.152035e+01 3.005771e+00
      vertex   -4.671427e+01 -1.082392e+01 2.643230e+00
    endloop
  endfacet
  facet normal 1.000000e+00 -0.000000e+00 0.000000e+00
    outer loop
      vertex   -4.671427e+01 -9.349724e+00 2.106668e+00
      vertex   -4.671427e+01 -8.583186e+00 1.936730e+00
      vertex   -4.671427e+01 -9.184566e+00 7.600000e+00
    endloop
  endfacet
  facet normal 1.000000e+00 0.000000e+00 0.000000e+00
    outer loop
      vertex   -4.671427e+01 -9.184566e+00 7.600000e+00
      vertex   -4.671427e+01 -8.583186e+00 1.936730e+00
      vertex   -4.671427e+01 -7.804754e+00 1.834248e+00
    endloop
  endfacet
  facet normal 1.000000e+00 0.000000e+00 0.000000e+00
    outer loop
      vertex   -4.671427e+01 -9.184566e+00 7.600000e+00
      vertex   -4.671427e+01 -7.804754e+00 1.834248e+00
      vertex   -4.671427e+01 -7.020353e+00 1.800000e+00
    endloop
  endfacet
  facet normal 1.000000e+00 0.000000e+00 0.000000e+00
    outer loop
      vertex   -4.671427e+01 -6.423273e-01 1.800000e+00
      vertex   -4.671427e+01 -8.885636e-01 1.830790e+00
      vertex   -4.671427e+01 -7.020353e+00 1.800000e+00
    endloop
  endfacet
  facet normal 1.000000e+00 0.000000e+00 0.000000e+00
    outer loop
      vertex   -4.671427e+01 -7.020353e+00 1.800000e+00
      vertex   -4.671427e+01 -8.885636e-01 1.830790e+00
      vertex   -4.671427e+01 -1.119637e+00 1.921265e+00
    endloop
  endfacet
  facet normal 1.000000e+00 0.000000e+00 0.000000e+00
    outer loop
      vertex   -4.671427e+01 -7.020353e+00 1.800000e+00
      vertex   -4.671427e+01 -1.119637e+00 1.921265e+00
      vertex   -4.671427e+01 -1.321317e+00 2.065852e+00
    endloop
  endfacet
  facet normal 1.000000e+00 0.000000e+00 0.000000e+00
    outer loop
      vertex   -4.671427e+01 -1.321317e+00 2.065852e+00
      vertex   -4.671427e+01 -1.481185e+00 2.255648e+00
      vertex   -4.671427e+01 -7.020353e+00 1.800000e+00
    endloop
  endfacet
  facet normal 1.000000e+00 0.000000e+00 0.000000e+00
    outer loop
      vertex   -4.671427e+01 -7.020353e+00 1.800000e+00
      vertex   -4.671427e+01 -1.481185e+00 2.255648e+00
      vertex   -4.671427e+01 -1.589395e+00 2.478966e+00
    endloop
  endfacet
  facet normal 1.000000e+00 0.000000e+00 0.000000e+00
    outer loop
      vertex   -4.671427e+01 -7.020353e+00 1.800000e+00
      vertex   -4.671427e+01 -1.589395e+00 2.478966e+00
      vertex   -4.671427e+01 -1.639285e+00 2.722054e+00
    endloop
  endfacet
  facet normal 1.000000e+00 0.000000e+00 -0.000000e+00
    outer loop
      vertex   -4.671427e+01 -1.639285e+00 2.722054e+00
      vertex   -4.671427e+01 -1.627782e+00 2.969941e+00
      vertex   -4.671427e+01 -7.020353e+00 1.800000e+00
    endloop
  endfacet
  facet normal 0.000000e+00 -1.000000e+00 0.000000e+00
    outer loop
      vertex   -5.006427e+01 -1.602035e+01 2.180000e+01
      vertex   -5.006427e+01 -1.602035e+01 1.080000e+01
      vertex   -4.671427e+01 -1.602035e+01 2.180000e+01
    endloop
  endfacet
  facet normal 0.000000e+00 -1.000000e+00 -0.000000e+00
    outer loop
      vertex   -4.671427e+01 -1.602035e+01 2.180000e+01
      vertex   -5.006427e+01 -1.602035e+01 1.080000e+01
      vertex   -4.671427e+01 -1.602035e+01 1.080000e+01
    endloop
  endfacet
  facet normal -0.000000e+00 -9.990482e-01 -4.361939e-02
    outer loop
      vertex   -4.671427e+01 -1.602035e+01 1.080000e+01
      vertex   -5.006427e+01 -1.602035e+01 1.080000e+01
      vertex   -4.671427e+01 -1.598611e+01 1.001560e+01
    endloop
  endfacet
  facet normal -0.000000e+00 -9.990482e-01 -4.361939e-02
    outer loop
      vertex   -4.671427e+01 -1.598611e+01 1.001560e+01
      vertex   -5.006427e+01 -1.602035e+01 1.080000e+01
      vertex   -5.006427e+01 -1.598611e+01 1.001560e+01
    endloop
  endfacet
  facet normal -0.000000e+00 -9.914449e-01 -1.305262e-01
    outer loop
      vertex   -4.671427e+01 -1.598611e+01 1.001560e+01
      vertex   -5.006427e+01 -1.598611e+01 1.001560e+01
      vertex   -4.671427e+01 -1.588362e+01 9.237166e+00
    endloop
  endfacet
  facet normal -0.000000e+00 -9.914449e-01 -1.305262e-01
    outer loop
      vertex   -4.671427e+01 -1.588362e+01 9.237166e+00
      vertex   -5.006427e+01 -1.598611e+01 1.001560e+01
      vertex   -5.006427e+01 -1.588362e+01 9.237166e+00
    endloop
  endfacet
  facet normal -0.000000e+00 -9.762960e-01 -2.164396e-01
    outer loop
      vertex   -4.671427e+01 -1.588362e+01 9.237166e+00
      vertex   -5.006427e+01 -1.588362e+01 9.237166e+00
      vertex   -4.671427e+01 -1.571369e+01 8.470629e+00
    endloop
  endfacet
  facet normal -0.000000e+00 -9.762960e-01 -2.164396e-01
    outer loop
      vertex   -4.671427e+01 -1.571369e+01 8.470629e+00
      vertex   -5.006427e+01 -1.588362e+01 9.237166e+00
      vertex   -5.006427e+01 -1.571369e+01 8.470629e+00
    endloop
  endfacet
  facet normal -0.000000e+00 -9.537170e-01 -3.007058e-01
    outer loop
      vertex   -4.671427e+01 -1.571369e+01 8.470629e+00
      vertex   -5.006427e+01 -1.571369e+01 8.470629e+00
      vertex   -4.671427e+01 -1.547759e+01 7.721819e+00
    endloop
  endfacet
  facet normal -0.000000e+00 -9.537170e-01 -3.007058e-01
    outer loop
      vertex   -4.671427e+01 -1.547759e+01 7.721819e+00
      vertex   -5.006427e+01 -1.571369e+01 8.470629e+00
      vertex   -5.006427e+01 -1.547759e+01 7.721819e+00
    endloop
  endfacet
  facet normal -0.000000e+00 -9.238795e-01 -3.826834e-01
    outer loop
      vertex   -4.671427e+01 -1.547759e+01 7.721819e+00
      vertex   -5.006427e+01 -1.547759e+01 7.721819e+00
      vertex   -4.671427e+01 -1.517712e+01 6.996436e+00
    endloop
  endfacet
  facet normal -0.000000e+00 -9.238795e-01 -3.826834e-01
    outer loop
      vertex   -4.671427e+01 -1.517712e+01 6.996436e+00
      vertex   -5.006427e+01 -1.547759e+01 7.721819e+00
      vertex   -5.006427e+01 -1.517712e+01 6.996436e+00
    endloop
  endfacet
  facet normal -0.000000e+00 -8.870108e-01 -4.617486e-01
    outer loop
      vertex   -4.671427e+01 -1.517712e+01 6.996436e+00
      vertex   -5.006427e+01 -1.517712e+01 6.996436e+00
      vertex   -4.671427e+01 -1.481458e+01 6.300000e+00
    endloop
  endfacet
  facet normal -0.000000e+00 -8.870108e-01 -4.617486e-01
    outer loop
      vertex   -4.671427e+01 -1.481458e+01 6.300000e+00
      vertex   -5.006427e+01 -1.517712e+01 6.996436e+00
      vertex   -5.006427e+01 -1.481458e+01 6.300000e+00
    endloop
  endfacet
  facet normal -0.000000e+00 -8.433914e-01 -5.372996e-01
    outer loop
      vertex   -4.671427e+01 -1.481458e+01 6.300000e+00
      vertex   -5.006427e+01 -1.481458e+01 6.300000e+00
      vertex   -4.671427e+01 -1.439272e+01 5.637812e+00
    endloop
  endfacet
  facet normal -0.000000e+00 -8.433914e-01 -5.372996e-01
    outer loop
      vertex   -4.671427e+01 -1.439272e+01 5.637812e+00
      vertex   -5.006427e+01 -1.481458e+01 6.300000e+00
      vertex   -5.006427e+01 -1.439272e+01 5.637812e+00
    endloop
  endfacet
  facet normal -0.000000e+00 -7.933533e-01 -6.087614e-01
    outer loop
      vertex   -4.671427e+01 -1.439272e+01 5.637812e+00
      vertex   -5.006427e+01 -1.439272e+01 5.637812e+00
      vertex   -4.671427e+01 -1.391475e+01 5.014912e+00
    endloop
  endfacet
  facet normal -0.000000e+00 -7.933533e-01 -6.087614e-01
    outer loop
      vertex   -4.671427e+01 -1.391475e+01 5.014912e+00
      vertex   -5.006427e+01 -1.439272e+01 5.637812e+00
      vertex   -5.006427e+01 -1.391475e+01 5.014912e+00
    endloop
  endfacet
  facet normal -0.000000e+00 -7.372773e-01 -6.755902e-01
    outer loop
      vertex   -4.671427e+01 -1.391475e+01 5.014912e+00
      vertex   -5.006427e+01 -1.391475e+01 5.014912e+00
      vertex   -4.671427e+01 -1.338431e+01 4.436039e+00
    endloop
  endfacet
  facet normal -0.000000e+00 -7.372773e-01 -6.755902e-01
    outer loop
      vertex   -4.671427e+01 -1.338431e+01 4.436039e+00
      vertex   -5.006427e+01 -1.391475e+01 5.014912e+00
      vertex   -5.006427e+01 -1.338431e+01 4.436039e+00
    endloop
  endfacet
  facet normal -0.000000e+00 -6.755902e-01 -7.372773e-01
    outer loop
      vertex   -4.671427e+01 -1.338431e+01 4.436039e+00
      vertex   -5.006427e+01 -1.338431e+01 4.436039e+00
      vertex   -4.671427e+01 -1.280544e+01 3.905600e+00
    endloop
  endfacet
  facet normal -0.000000e+00 -6.755902e-01 -7.372773e-01
    outer loop
      vertex   -4.671427e+01 -1.280544e+01 3.905600e+00
      vertex   -5.006427e+01 -1.338431e+01 4.436039e+00
      vertex   -5.006427e+01 -1.280544e+01 3.905600e+00
    endloop
  endfacet
  facet normal -0.000000e+00 -6.087614e-01 -7.933533e-01
    outer loop
      vertex   -4.671427e+01 -1.280544e+01 3.905600e+00
      vertex   -5.006427e+01 -1.280544e+01 3.905600e+00
      vertex   -4.671427e+01 -1.218254e+01 3.427632e+00
    endloop
  endfacet
  facet normal -0.000000e+00 -6.087614e-01 -7.933533e-01
    outer loop
      vertex   -4.671427e+01 -1.218254e+01 3.427632e+00
      vertex   -5.006427e+01 -1.280544e+01 3.905600e+00
      vertex   -5.006427e+01 -1.218254e+01 3.427632e+00
    endloop
  endfacet
  facet normal -0.000000e+00 -5.372996e-01 -8.433914e-01
    outer loop
      vertex   -4.671427e+01 -1.218254e+01 3.427632e+00
      vertex   -5.006427e+01 -1.218254e+01 3.427632e+00
      vertex   -4.671427e+01 -1.152035e+01 3.005771e+00
    endloop
  endfacet
  facet normal -0.000000e+00 -5.372996e-01 -8.433914e-01
    outer loop
      vertex   -4.671427e+01 -1.152035e+01 3.005771e+00
      vertex   -5.006427e+01 -1.218254e+01 3.427632e+00
      vertex   -5.006427e+01 -1.152035e+01 3.005771e+00
    endloop
  endfacet
  facet normal -0.000000e+00 -4.617486e-01 -8.870108e-01
    outer loop
      vertex   -4.671427e+01 -1.152035e+01 3.005771e+00
      vertex   -5.006427e+01 -1.152035e+01 3.005771e+00
      vertex   -4.671427e+01 -1.082392e+01 2.643230e+00
    endloop
  endfacet
  facet normal -0.000000e+00 -4.617486e-01 -8.870108e-01
    outer loop
      vertex   -4.671427e+01 -1.082392e+01 2.643230e+00
      vertex   -5.006427e+01 -1.152035e+01 3.005771e+00
      vertex   -5.006427e+01 -1.082392e+01 2.643230e+00
    endloop
  endfacet
  facet normal -0.000000e+00 -3.826834e-01 -9.238795e-01
    outer loop
      vertex   -4.671427e+01 -1.082392e+01 2.643230e+00
      vertex   -5.006427e+01 -1.082392e+01 2.643230e+00
      vertex   -4.671427e+01 -1.009853e+01 2.342766e+00
    endloop
  endfacet
  facet normal -0.000000e+00 -3.826834e-01 -9.238795e-01
    outer loop
      vertex   -4.671427e+01 -1.009853e+01 2.342766e+00
      vertex   -5.006427e+01 -1.082392e+01 2.643230e+00
      vertex   -5.006427e+01 -1.009853e+01 2.342766e+00
    endloop
  endfacet
  facet normal -0.000000e+00 -3.007058e-01 -9.537170e-01
    outer loop
      vertex   -4.671427e+01 -1.009853e+01 2.342766e+00
      vertex   -5.006427e+01 -1.009853e+01 2.342766e+00
      vertex   -4.671427e+01 -9.349724e+00 2.106668e+00
    endloop
  endfacet
  facet normal -0.000000e+00 -3.007058e-01 -9.537170e-01
    outer loop
      vertex   -4.671427e+01 -9.349724e+00 2.106668e+00
      vertex   -5.006427e+01 -1.009853e+01 2.342766e+00
      vertex   -5.006427e+01 -9.349724e+00 2.106668e+00
    endloop
  endfacet
  facet normal -0.000000e+00 -2.164396e-01 -9.762960e-01
    outer loop
      vertex   -4.671427e+01 -9.349724e+00 2.106668e+00
      vertex   -5.006427e+01 -9.349724e+00 2.106668e+00
      vertex   -4.671427e+01 -8.583186e+00 1.936730e+00
    endloop
  endfacet
  facet normal -0.000000e+00 -2.164396e-01 -9.762960e-01
    outer loop
      vertex   -4.671427e+01 -8.583186e+00 1.936730e+00
      vertex   -5.006427e+01 -9.349724e+00 2.106668e+00
      vertex   -5.006427e+01 -8.583186e+00 1.936730e+00
    endloop
  endfacet
  facet normal -0.000000e+00 -1.305262e-01 -9.914449e-01
    outer loop
      vertex   -4.671427e+01 -8.583186e+00 1.936730e+00
      vertex   -5.006427e+01 -8.583186e+00 1.936730e+00
      vertex   -4.671427e+01 -7.804754e+00 1.834248e+00
    endloop
  endfacet
  facet normal -0.000000e+00 -1.305262e-01 -9.914449e-01
    outer loop
      vertex   -4.671427e+01 -7.804754e+00 1.834248e+00
      vertex   -5.006427e+01 -8.583186e+00 1.936730e+00
      vertex   -5.006427e+01 -7.804754e+00 1.834248e+00
    endloop
  endfacet
  facet normal -0.000000e+00 -4.361939e-02 -9.990482e-01
    outer loop
      vertex   -4.671427e+01 -7.804754e+00 1.834248e+00
      vertex   -5.006427e+01 -7.804754e+00 1.834248e+00
      vertex   -4.671427e+01 -7.020353e+00 1.800000e+00
    endloop
  endfacet
  facet normal -0.000000e+00 -4.361939e-02 -9.990482e-01
    outer loop
      vertex   -4.671427e+01 -7.020353e+00 1.800000e+00
      vertex   -5.006427e+01 -7.804754e+00 1.834248e+00
      vertex   -5.006427e+01 -7.020353e+00 1.800000e+00
    endloop
  endfacet
  facet normal 0.000000e+00 6.766751e-01 -7.362817e-01
    outer loop
      vertex   -1.121427e+01 2.233725e+01 2.180000e+01
      vertex   -1.121427e+01 2.065595e+01 2.025480e+01
      vertex   -4.671427e+01 2.233725e+01 2.180000e+01
    endloop
  endfacet
  facet normal -7.004197e-19 6.766751e-01 -7.362817e-01
    outer loop
      vertex   -4.671427e+01 2.233725e+01 2.180000e+01
      vertex   -1.121427e+01 2.065595e+01 2.025480e+01
      vertex   -4.671427e+01 2.065595e+01 2.025480e+01
    endloop
  endfacet
  facet normal 0.000000e+00 8.191520e-01 5.735764e-01
    outer loop
      vertex   -1.121427e+01 4.658451e+00 3.800000e+00
      vertex   -1.121427e+01 5.838500e+00 2.114715e+00
      vertex   -3.371427e+01 4.658451e+00 3.800000e+00
    endloop
  endfacet
  facet normal -1.354196e-17 8.191520e-01 5.735764e-01
    outer loop
      vertex   -3.371427e+01 4.658451e+00 3.800000e+00
      vertex   -1.121427e+01 5.838500e+00 2.114715e+00
      vertex   -3.371427e+01 5.838500e+00 2.114715e+00
    endloop
  endfacet
endsolid
