solid ASCII
  facet normal -1.000000e+00 -3.285488e-32 -5.800448e-32
    outer loop
      vertex   -5.551115e-16 -1.177067e+01 6.100000e+00
      vertex   -5.551115e-16 -1.177067e+01 7.800000e+00
      vertex   -5.551115e-16 -1.027067e+01 6.950370e+00
    endloop
  endfacet
  facet normal -1.000000e+00 0.000000e+00 0.000000e+00
    outer loop
      vertex   -5.551115e-16 -1.027067e+01 6.950370e+00
      vertex   -5.551115e-16 -1.177067e+01 7.800000e+00
      vertex   -5.551115e-16 -4.100000e+00 7.800000e+00
    endloop
  endfacet
  facet normal -1.000000e+00 1.657906e-17 -1.204101e-16
    outer loop
      vertex   -5.551115e-16 -1.027067e+01 6.950370e+00
      vertex   -5.551115e-16 -4.100000e+00 7.800000e+00
      vertex   -4.163336e-16 -1.900000e+00 6.950370e+00
    endloop
  endfacet
  facet normal -1.000000e+00 -5.035167e-17 -2.937181e-16
    outer loop
      vertex   -4.163336e-16 -1.900000e+00 6.950370e+00
      vertex   -5.551115e-16 -4.100000e+00 7.800000e+00
      vertex   -5.551115e-16 -2.350000e+00 7.500000e+00
    endloop
  endfacet
  facet normal -1.000000e+00 0.000000e+00 -2.524935e-16
    outer loop
      vertex   -4.163336e-16 -1.900000e+00 6.950370e+00
      vertex   -5.551115e-16 -2.350000e+00 7.500000e+00
      vertex   -5.551115e-16 -1.900000e+00 7.500000e+00
    endloop
  endfacet
  facet normal -1.000000e+00 0.000000e+00 0.000000e+00
    outer loop
      vertex   -5.551115e-16 -4.100000e+00 8.500000e+00
      vertex   -5.551115e-16 -2.350000e+00 8.500000e+00
      vertex   -5.551115e-16 -4.100000e+00 7.800000e+00
    endloop
  endfacet
  facet normal -1.000000e+00 0.000000e+00 0.000000e+00
    outer loop
      vertex   -5.551115e-16 -4.100000e+00 7.800000e+00
      vertex   -5.551115e-16 -2.350000e+00 8.500000e+00
      vertex   -5.551115e-16 -2.350000e+00 7.500000e+00
    endloop
  endfacet
  facet normal -1.000000e+00 8.370986e-16 -1.476589e-15
    outer loop
      vertex   -5.551115e-16 -1.027067e+01 6.950370e+00
      vertex   7.005364e-16 -1.027067e+01 6.100000e+00
      vertex   -5.551115e-16 -1.177067e+01 6.100000e+00
    endloop
  endfacet
  facet normal -1.000000e+00 0.000000e+00 0.000000e+00
    outer loop
      vertex   -5.551115e-16 2.100000e+00 0.000000e+00
      vertex   -5.551115e-16 2.350000e+00 1.000000e+00
      vertex   -5.551115e-16 4.100000e+00 2.000000e+00
    endloop
  endfacet
  facet normal -1.000000e+00 -0.000000e+00 0.000000e+00
    outer loop
      vertex   -5.551115e-16 4.100000e+00 2.000000e+00
      vertex   -5.551115e-16 2.350000e+00 1.000000e+00
      vertex   -5.551115e-16 2.350000e+00 6.500000e+00
    endloop
  endfacet
  facet normal -1.000000e+00 0.000000e+00 0.000000e+00
    outer loop
      vertex   -5.551115e-16 4.100000e+00 2.000000e+00
      vertex   -5.551115e-16 2.350000e+00 6.500000e+00
      vertex   -5.551115e-16 4.100000e+00 8.500000e+00
    endloop
  endfacet
  facet normal -1.000000e+00 0.000000e+00 0.000000e+00
    outer loop
      vertex   -5.551115e-16 4.100000e+00 8.500000e+00
      vertex   -5.551115e-16 2.350000e+00 6.500000e+00
      vertex   -5.551115e-16 2.350000e+00 7.500000e+00
    endloop
  endfacet
  facet normal -1.000000e+00 -0.000000e+00 0.000000e+00
    outer loop
      vertex   -5.551115e-16 4.100000e+00 8.500000e+00
      vertex   -5.551115e-16 2.350000e+00 7.500000e+00
      vertex   -5.551115e-16 2.350000e+00 8.500000e+00
    endloop
  endfacet
  facet normal -1.000000e+00 0.000000e+00 0.000000e+00
    outer loop
      vertex   -5.551115e-16 2.350000e+00 1.000000e+00
      vertex   -5.551115e-16 2.100000e+00 0.000000e+00
      vertex   -5.551115e-16 2.293261e-01 8.496296e-01
    endloop
  endfacet
  facet normal -1.000000e+00 0.000000e+00 -0.000000e+00
    outer loop
      vertex   -5.551115e-16 2.293261e-01 8.496296e-01
      vertex   -5.551115e-16 2.100000e+00 0.000000e+00
      vertex   -5.551115e-16 -1.177067e+01 0.000000e+00
    endloop
  endfacet
  facet normal -1.000000e+00 -0.000000e+00 0.000000e+00
    outer loop
      vertex   -5.551115e-16 2.293261e-01 8.496296e-01
      vertex   -5.551115e-16 -1.177067e+01 0.000000e+00
      vertex   -5.551115e-16 -1.027067e+01 8.496296e-01
    endloop
  endfacet
  facet normal -1.000000e+00 -3.285986e-16 5.801327e-16
    outer loop
      vertex   -5.551115e-16 -1.027067e+01 8.496296e-01
      vertex   -5.551115e-16 -1.177067e+01 0.000000e+00
      vertex   4.311141e-16 -1.177067e+01 1.700000e+00
    endloop
  endfacet
  facet normal -1.000000e+00 -6.574838e-16 1.159584e-31
    outer loop
      vertex   -5.551115e-16 -1.027067e+01 8.496296e-01
      vertex   4.311141e-16 -1.177067e+01 1.700000e+00
      vertex   -5.551115e-16 -1.027067e+01 1.700000e+00
    endloop
  endfacet
  facet normal -1.000000e+00 0.000000e+00 0.000000e+00
    outer loop
      vertex   -5.551115e-16 2.293261e-01 8.496296e-01
      vertex   -5.551115e-16 2.293261e-01 1.000000e+00
      vertex   -5.551115e-16 2.350000e+00 1.000000e+00
    endloop
  endfacet
  facet normal -1.000000e+00 0.000000e+00 0.000000e+00
    outer loop
      vertex   -5.551115e-16 1.900000e+00 6.500000e+00
      vertex   -5.551115e-16 1.900000e+00 7.500000e+00
      vertex   -5.551115e-16 2.350000e+00 6.500000e+00
    endloop
  endfacet
  facet normal -1.000000e+00 0.000000e+00 0.000000e+00
    outer loop
      vertex   -5.551115e-16 2.350000e+00 6.500000e+00
      vertex   -5.551115e-16 1.900000e+00 7.500000e+00
      vertex   -5.551115e-16 2.350000e+00 7.500000e+00
    endloop
  endfacet
  facet normal -9.664802e-16 1.047047e-16 1.000000e+00
    outer loop
      vertex   -5.551115e-16 2.350000e+00 1.000000e+00
      vertex   -5.551115e-16 2.293261e-01 1.000000e+00
      vertex   2.285389e-01 2.338861e+00 1.000000e+00
    endloop
  endfacet
  facet normal 0.000000e+00 0.000000e+00 1.000000e+00
    outer loop
      vertex   2.285389e-01 2.338861e+00 1.000000e+00
      vertex   -5.551115e-16 2.293261e-01 1.000000e+00
      vertex   4.549111e-01 2.305549e+00 1.000000e+00
    endloop
  endfacet
  facet normal 2.347399e-16 -5.143273e-17 1.000000e+00
    outer loop
      vertex   4.549111e-01 2.305549e+00 1.000000e+00
      vertex   -5.551115e-16 2.293261e-01 1.000000e+00
      vertex   9.459175e-01 2.293261e-01 1.000000e+00
    endloop
  endfacet
  facet normal -2.822847e-17 -1.136222e-16 1.000000e+00
    outer loop
      vertex   4.549111e-01 2.305549e+00 1.000000e+00
      vertex   9.459175e-01 2.293261e-01 1.000000e+00
      vertex   6.769708e-01 2.250380e+00 1.000000e+00
    endloop
  endfacet
  facet normal -4.090807e-17 -1.153095e-16 1.000000e+00
    outer loop
      vertex   6.769708e-01 2.250380e+00 1.000000e+00
      vertex   9.459175e-01 2.293261e-01 1.000000e+00
      vertex   8.926126e-01 2.173877e+00 1.000000e+00
    endloop
  endfacet
  facet normal -5.422009e-17 -1.156744e-16 1.000000e+00
    outer loop
      vertex   8.926126e-01 2.173877e+00 1.000000e+00
      vertex   9.459175e-01 2.293261e-01 1.000000e+00
      vertex   1.099792e+00 2.076766e+00 1.000000e+00
    endloop
  endfacet
  facet normal -6.798745e-17 -1.145277e-16 1.000000e+00
    outer loop
      vertex   1.099792e+00 2.076766e+00 1.000000e+00
      vertex   9.459175e-01 2.293261e-01 1.000000e+00
      vertex   1.296546e+00 1.959966e+00 1.000000e+00
    endloop
  endfacet
  facet normal -8.197429e-17 -1.116940e-16 1.000000e+00
    outer loop
      vertex   1.296546e+00 1.959966e+00 1.000000e+00
      vertex   9.459175e-01 2.293261e-01 1.000000e+00
      vertex   1.481008e+00 1.824586e+00 1.000000e+00
    endloop
  endfacet
  facet normal -9.588435e-17 -1.070282e-16 1.000000e+00
    outer loop
      vertex   1.481008e+00 1.824586e+00 1.000000e+00
      vertex   9.459175e-01 2.293261e-01 1.000000e+00
      vertex   1.651430e+00 1.671909e+00 1.000000e+00
    endloop
  endfacet
  facet normal -1.093654e-16 -1.004351e-16 1.000000e+00
    outer loop
      vertex   1.651430e+00 1.671909e+00 1.000000e+00
      vertex   9.459175e-01 2.293261e-01 1.000000e+00
      vertex   1.806196e+00 1.503381e+00 1.000000e+00
    endloop
  endfacet
  facet normal -1.220218e-16 -9.188912e-17 1.000000e+00
    outer loop
      vertex   1.806196e+00 1.503381e+00 1.000000e+00
      vertex   9.459175e-01 2.293261e-01 1.000000e+00
      vertex   1.943839e+00 1.320601e+00 1.000000e+00
    endloop
  endfacet
  facet normal -1.334353e-16 -8.145205e-17 1.000000e+00
    outer loop
      vertex   1.943839e+00 1.320601e+00 1.000000e+00
      vertex   9.459175e-01 2.293261e-01 1.000000e+00
      vertex   2.063055e+00 1.125302e+00 1.000000e+00
    endloop
  endfacet
  facet normal -1.431940e-16 -6.928443e-17 1.000000e+00
    outer loop
      vertex   2.063055e+00 1.125302e+00 1.000000e+00
      vertex   9.459175e-01 2.293261e-01 1.000000e+00
      vertex   2.162712e+00 9.193349e-01 1.000000e+00
    endloop
  endfacet
  facet normal -1.509272e-16 -5.564749e-17 1.000000e+00
    outer loop
      vertex   2.162712e+00 9.193349e-01 1.000000e+00
      vertex   9.459175e-01 2.293261e-01 1.000000e+00
      vertex   2.241866e+00 7.046522e-01 1.000000e+00
    endloop
  endfacet
  facet normal -1.563388e-16 -4.089305e-17 1.000000e+00
    outer loop
      vertex   2.241866e+00 7.046522e-01 1.000000e+00
      vertex   9.459175e-01 2.293261e-01 1.000000e+00
      vertex   2.299768e+00 4.832892e-01 1.000000e+00
    endloop
  endfacet
  facet normal -1.592373e-16 -2.544130e-17 1.000000e+00
    outer loop
      vertex   2.299768e+00 4.832892e-01 1.000000e+00
      vertex   9.459175e-01 2.293261e-01 1.000000e+00
      vertex   2.335867e+00 2.573447e-01 1.000000e+00
    endloop
  endfacet
  facet normal -1.595536e-16 -9.749053e-18 1.000000e+00
    outer loop
      vertex   2.335867e+00 2.573447e-01 1.000000e+00
      vertex   9.459175e-01 2.293261e-01 1.000000e+00
      vertex   2.349822e+00 2.896047e-02 1.000000e+00
    endloop
  endfacet
  facet normal -1.573449e-16 5.726476e-18 1.000000e+00
    outer loop
      vertex   2.349822e+00 2.896047e-02 1.000000e+00
      vertex   9.459175e-01 2.293261e-01 1.000000e+00
      vertex   2.341500e+00 -1.996983e-01 1.000000e+00
    endloop
  endfacet
  facet normal -1.527841e-16 2.056271e-17 1.000000e+00
    outer loop
      vertex   2.341500e+00 -1.996983e-01 1.000000e+00
      vertex   9.459175e-01 2.293261e-01 1.000000e+00
      vertex   2.310980e+00 -4.264639e-01 1.000000e+00
    endloop
  endfacet
  facet normal -1.461365e-16 3.439998e-17 1.000000e+00
    outer loop
      vertex   2.310980e+00 -4.264639e-01 1.000000e+00
      vertex   9.459175e-01 2.293261e-01 1.000000e+00
      vertex   2.258552e+00 -6.491866e-01 1.000000e+00
    endloop
  endfacet
  facet normal -1.377307e-16 4.695959e-17 1.000000e+00
    outer loop
      vertex   2.258552e+00 -6.491866e-01 1.000000e+00
      vertex   9.459175e-01 2.293261e-01 1.000000e+00
      vertex   2.184712e+00 -8.657549e-01 1.000000e+00
    endloop
  endfacet
  facet normal -1.279261e-16 5.805085e-17 1.000000e+00
    outer loop
      vertex   2.184712e+00 -8.657549e-01 1.000000e+00
      vertex   9.459175e-01 2.293261e-01 1.000000e+00
      vertex   2.090162e+00 -1.074116e+00 1.000000e+00
    endloop
  endfacet
  facet normal -1.170848e-16 6.756806e-17 1.000000e+00
    outer loop
      vertex   2.090162e+00 -1.074116e+00 1.000000e+00
      vertex   9.459175e-01 2.293261e-01 1.000000e+00
      vertex   1.975796e+00 -1.272294e+00 1.000000e+00
    endloop
  endfacet
  facet normal -1.055483e-16 7.548030e-17 1.000000e+00
    outer loop
      vertex   1.975796e+00 -1.272294e+00 1.000000e+00
      vertex   9.459175e-01 2.293261e-01 1.000000e+00
      vertex   1.842699e+00 -1.458410e+00 1.000000e+00
    endloop
  endfacet
  facet normal -9.362238e-17 8.181716e-17 1.000000e+00
    outer loop
      vertex   1.842699e+00 -1.458410e+00 1.000000e+00
      vertex   9.459175e-01 2.293261e-01 1.000000e+00
      vertex   1.692133e+00 -1.630701e+00 1.000000e+00
    endloop
  endfacet
  facet normal -8.156843e-17 8.665303e-17 1.000000e+00
    outer loop
      vertex   1.692133e+00 -1.630701e+00 1.000000e+00
      vertex   9.459175e-01 2.293261e-01 1.000000e+00
      vertex   1.525526e+00 -1.787532e+00 1.000000e+00
    endloop
  endfacet
  facet normal -6.960077e-17 9.009231e-17 1.000000e+00
    outer loop
      vertex   1.525526e+00 -1.787532e+00 1.000000e+00
      vertex   9.459175e-01 2.293261e-01 1.000000e+00
      vertex   1.344456e+00 -1.927417e+00 1.000000e+00
    endloop
  endfacet
  facet normal -5.788818e-17 9.225665e-17 1.000000e+00
    outer loop
      vertex   1.344456e+00 -1.927417e+00 1.000000e+00
      vertex   9.459175e-01 2.293261e-01 1.000000e+00
      vertex   1.150641e+00 -2.049030e+00 1.000000e+00
    endloop
  endfacet
  facet normal -4.655817e-17 9.327472e-17 1.000000e+00
    outer loop
      vertex   1.150641e+00 -2.049030e+00 1.000000e+00
      vertex   9.459175e-01 2.293261e-01 1.000000e+00
      vertex   9.459175e-01 -2.151218e+00 1.000000e+00
    endloop
  endfacet
  facet normal 0.000000e+00 -1.000000e+00 0.000000e+00
    outer loop
      vertex   -5.551115e-16 2.293261e-01 8.496296e-01
      vertex   2.401945e-01 2.293261e-01 8.591011e-01
      vertex   -5.551115e-16 2.293261e-01 1.000000e+00
    endloop
  endfacet
  facet normal 0.000000e+00 -1.000000e+00 0.000000e+00
    outer loop
      vertex   -5.551115e-16 2.293261e-01 1.000000e+00
      vertex   2.401945e-01 2.293261e-01 8.591011e-01
      vertex   4.788975e-01 2.293261e-01 8.874567e-01
    endloop
  endfacet
  facet normal 0.000000e+00 -1.000000e+00 0.000000e+00
    outer loop
      vertex   -5.551115e-16 2.293261e-01 1.000000e+00
      vertex   4.788975e-01 2.293261e-01 8.874567e-01
      vertex   7.146264e-01 2.293261e-01 9.345205e-01
    endloop
  endfacet
  facet normal 0.000000e+00 -1.000000e+00 0.000000e+00
    outer loop
      vertex   7.146264e-01 2.293261e-01 9.345205e-01
      vertex   9.459175e-01 2.293261e-01 1.000000e+00
      vertex   -5.551115e-16 2.293261e-01 1.000000e+00
    endloop
  endfacet
  facet normal -3.255724e-02 9.994699e-01 3.955549e-16
    outer loop
      vertex   -4.163336e-16 -1.900000e+00 6.950370e+00
      vertex   -5.551115e-16 -1.900000e+00 7.500000e+00
      vertex   1.187177e-01 -1.896133e+00 6.947921e+00
    endloop
  endfacet
  facet normal -5.413832e-02 9.985226e-01 -4.647378e-03
    outer loop
      vertex   1.187177e-01 -1.896133e+00 6.947921e+00
      vertex   -5.551115e-16 -1.900000e+00 7.500000e+00
      vertex   2.054261e-01 -1.888862e+00 7.500000e+00
    endloop
  endfacet
  facet normal -9.598882e-02 9.953805e-01 1.966956e-03
    outer loop
      vertex   1.187177e-01 -1.896133e+00 6.947921e+00
      vertex   2.054261e-01 -1.888862e+00 7.500000e+00
      vertex   2.383611e-01 -1.884581e+00 6.940679e+00
    endloop
  endfacet
  facet normal -1.582766e-01 9.873932e-01 -1.761930e-03
    outer loop
      vertex   2.383611e-01 -1.884581e+00 6.940679e+00
      vertex   2.054261e-01 -1.888862e+00 7.500000e+00
      vertex   3.580379e-01 -1.865418e+00 6.928803e+00
    endloop
  endfacet
  facet normal -1.617814e-01 9.868229e-01 -2.721745e-03
    outer loop
      vertex   3.580379e-01 -1.865418e+00 6.928803e+00
      vertex   2.054261e-01 -1.888862e+00 7.500000e+00
      vertex   4.084438e-01 -1.855579e+00 7.500000e+00
    endloop
  endfacet
  facet normal -2.189100e-01 9.757418e-01 2.510507e-03
    outer loop
      vertex   3.580379e-01 -1.865418e+00 6.928803e+00
      vertex   4.084438e-01 -1.855579e+00 7.500000e+00
      vertex   4.768558e-01 -1.838719e+00 6.912455e+00
    endloop
  endfacet
  facet normal -2.675267e-01 9.635441e-01 -3.500295e-03
    outer loop
      vertex   4.768558e-01 -1.838719e+00 6.912455e+00
      vertex   4.084438e-01 -1.855579e+00 7.500000e+00
      vertex   6.066729e-01 -1.800541e+00 7.500000e+00
    endloop
  endfacet
  facet normal -2.802035e-01 9.599405e-01 -4.652172e-04
    outer loop
      vertex   4.768558e-01 -1.838719e+00 6.912455e+00
      vertex   6.066729e-01 -1.800541e+00 7.500000e+00
      vertex   5.939224e-01 -1.804558e+00 6.891792e+00
    endloop
  endfacet
  facet normal -3.411337e-01 9.400143e-01 9.437181e-04
    outer loop
      vertex   5.939224e-01 -1.804558e+00 6.891792e+00
      vertex   6.066729e-01 -1.800541e+00 7.500000e+00
      vertex   7.083455e-01 -1.763008e+00 6.866974e+00
    endloop
  endfacet
  facet normal -3.701346e-01 9.289679e-01 -4.369175e-03
    outer loop
      vertex   7.083455e-01 -1.763008e+00 6.866974e+00
      vertex   6.066729e-01 -1.800541e+00 7.500000e+00
      vertex   7.977893e-01 -1.724393e+00 7.500000e+00
    endloop
  endfacet
  facet normal -4.024915e-01 9.154231e-01 1.028948e-03
    outer loop
      vertex   7.083455e-01 -1.763008e+00 6.866974e+00
      vertex   7.977893e-01 -1.724393e+00 7.500000e+00
      vertex   8.192763e-01 -1.714202e+00 6.838241e+00
    endloop
  endfacet
  facet normal -4.614713e-01 8.871541e-01 -1.321448e-03
    outer loop
      vertex   8.192763e-01 -1.714202e+00 6.838241e+00
      vertex   7.977893e-01 -1.724393e+00 7.500000e+00
      vertex   9.261261e-01 -1.658670e+00 6.806202e+00
    endloop
  endfacet
  facet normal -4.684064e-01 8.835082e-01 -2.949657e-03
    outer loop
      vertex   9.261261e-01 -1.658670e+00 6.806202e+00
      vertex   7.977893e-01 -1.724393e+00 7.500000e+00
      vertex   9.795523e-01 -1.628029e+00 7.500000e+00
    endloop
  endfacet
  facet normal -5.153131e-01 8.570000e-01 1.833131e-03
    outer loop
      vertex   9.261261e-01 -1.658670e+00 6.806202e+00
      vertex   9.795523e-01 -1.628029e+00 7.500000e+00
      vertex   1.028388e+00 -1.597105e+00 6.771522e+00
    endloop
  endfacet
  facet normal -5.611853e-01 8.276864e-01 -2.486406e-03
    outer loop
      vertex   1.028388e+00 -1.597105e+00 6.771522e+00
      vertex   9.795523e-01 -1.628029e+00 7.500000e+00
      vertex   1.149831e+00 -1.512577e+00 7.500000e+00
    endloop
  endfacet
  facet normal -5.673496e-01 8.234765e-01 -9.702786e-04
    outer loop
      vertex   1.028388e+00 -1.597105e+00 6.771522e+00
      vertex   1.149831e+00 -1.512577e+00 7.500000e+00
      vertex   1.125556e+00 -1.530203e+00 6.734863e+00
    endloop
  endfacet
  facet normal -6.153474e-01 7.882548e-01 1.363954e-03
    outer loop
      vertex   1.125556e+00 -1.530203e+00 6.734863e+00
      vertex   1.149831e+00 -1.512577e+00 7.500000e+00
      vertex   1.217120e+00 -1.458658e+00 6.696884e+00
    endloop
  endfacet
  facet normal -6.473832e-01 7.621585e-01 -3.072200e-03
    outer loop
      vertex   1.217120e+00 -1.458658e+00 6.696884e+00
      vertex   1.149831e+00 -1.512577e+00 7.500000e+00
      vertex   1.306629e+00 -1.379391e+00 7.500000e+00
    endloop
  endfacet
  facet normal -6.621231e-01 7.493951e-01 -1.696777e-04
    outer loop
      vertex   1.217120e+00 -1.458658e+00 6.696884e+00
      vertex   1.306629e+00 -1.379391e+00 7.500000e+00
      vertex   1.302575e+00 -1.383164e+00 6.658247e+00
    endloop
  endfacet
  facet normal -7.064984e-01 7.077146e-01 2.308386e-04
    outer loop
      vertex   1.302575e+00 -1.383164e+00 6.658247e+00
      vertex   1.306629e+00 -1.379391e+00 7.500000e+00
      vertex   1.381878e+00 -1.303984e+00 6.619397e+00
    endloop
  endfacet
  facet normal -7.259919e-01 6.876960e-01 -3.149137e-03
    outer loop
      vertex   1.381878e+00 -1.303984e+00 6.619397e+00
      vertex   1.306629e+00 -1.379391e+00 7.500000e+00
      vertex   1.448108e+00 -1.230034e+00 7.500000e+00
    endloop
  endfacet
  facet normal -7.475764e-01 6.641757e-01 4.493821e-04
    outer loop
      vertex   1.381878e+00 -1.303984e+00 6.619397e+00
      vertex   1.448108e+00 -1.230034e+00 7.500000e+00
      vertex   1.457327e+00 -1.219034e+00 6.579692e+00
    endloop
  endfacet
  facet normal -7.862099e-01 6.179593e-01 -4.900435e-04
    outer loop
      vertex   1.457327e+00 -1.219034e+00 6.579692e+00
      vertex   1.448108e+00 -1.230034e+00 7.500000e+00
      vertex   1.528691e+00 -1.128272e+00 6.539644e+00
    endloop
  endfacet
  facet normal -7.960902e-01 6.051721e-01 -2.674070e-03
    outer loop
      vertex   1.528691e+00 -1.128272e+00 6.539644e+00
      vertex   1.448108e+00 -1.230034e+00 7.500000e+00
      vertex   1.572609e+00 -1.066255e+00 7.500000e+00
    endloop
  endfacet
  facet normal -8.221824e-01 5.692235e-01 8.405917e-04
    outer loop
      vertex   1.528691e+00 -1.128272e+00 6.539644e+00
      vertex   1.572609e+00 -1.066255e+00 7.500000e+00
      vertex   1.595230e+00 -1.032105e+00 6.500000e+00
    endloop
  endfacet
  facet normal -8.568558e-01 5.155530e-01 -1.776647e-03
    outer loop
      vertex   1.595230e+00 -1.032105e+00 6.500000e+00
      vertex   1.572609e+00 -1.066255e+00 7.500000e+00
      vertex   1.678673e+00 -8.899760e-01 7.500000e+00
    endloop
  endfacet
  facet normal -8.675033e-01 4.974285e-01 1.687818e-03
    outer loop
      vertex   1.595230e+00 -1.032105e+00 6.500000e+00
      vertex   1.678673e+00 -8.899760e-01 7.500000e+00
      vertex   1.696548e+00 -8.554091e-01 6.500000e+00
    endloop
  endfacet
  facet normal -9.075741e-01 4.198885e-01 -1.708773e-03
    outer loop
      vertex   1.696548e+00 -8.554091e-01 6.500000e+00
      vertex   1.678673e+00 -8.899760e-01 7.500000e+00
      vertex   1.765056e+00 -7.032625e-01 7.500000e+00
    endloop
  endfacet
  facet normal -9.157671e-01 4.017065e-01 1.618841e-03
    outer loop
      vertex   1.696548e+00 -8.554091e-01 6.500000e+00
      vertex   1.765056e+00 -7.032625e-01 7.500000e+00
      vertex   1.778369e+00 -6.688830e-01 6.500000e+00
    endloop
  endfacet
  facet normal -9.476519e-01 3.193011e-01 -1.638693e-03
    outer loop
      vertex   1.778369e+00 -6.688830e-01 6.500000e+00
      vertex   1.765056e+00 -7.032625e-01 7.500000e+00
      vertex   1.830745e+00 -5.083038e-01 7.500000e+00
    endloop
  endfacet
  facet normal -9.535067e-01 3.013679e-01 1.547657e-03
    outer loop
      vertex   1.778369e+00 -6.688830e-01 6.500000e+00
      vertex   1.830745e+00 -5.083038e-01 7.500000e+00
      vertex   1.839752e+00 -4.746701e-01 6.500000e+00
    endloop
  endfacet
  facet normal -9.766194e-01 2.149702e-01 -1.566406e-03
    outer loop
      vertex   1.839752e+00 -4.746701e-01 6.500000e+00
      vertex   1.830745e+00 -5.083038e-01 7.500000e+00
      vertex   1.874970e+00 -3.073858e-01 7.500000e+00
    endloop
  endfacet
  facet normal -9.802885e-01 1.975660e-01 1.474267e-03
    outer loop
      vertex   1.839752e+00 -4.746701e-01 6.500000e+00
      vertex   1.874970e+00 -3.073858e-01 7.500000e+00
      vertex   1.879993e+00 -2.750021e-01 6.500000e+00
    endloop
  endfacet
  facet normal -9.941369e-01 1.081189e-01 -1.491912e-03
    outer loop
      vertex   1.879993e+00 -2.750021e-01 6.500000e+00
      vertex   1.874970e+00 -3.073858e-01 7.500000e+00
      vertex   1.897213e+00 -1.028639e-01 7.500000e+00
    endloop
  endfacet
  facet normal -9.958047e-01 9.149353e-02 1.398670e-03
    outer loop
      vertex   1.879993e+00 -2.750021e-01 6.500000e+00
      vertex   1.897213e+00 -1.028639e-01 7.500000e+00
      vertex   1.898629e+00 -7.217382e-02 6.500000e+00
    endloop
  endfacet
  facet normal -9.999990e-01 0.000000e+00 -1.415212e-03
    outer loop
      vertex   1.898629e+00 -7.217382e-02 6.500000e+00
      vertex   1.897213e+00 -1.028639e-01 7.500000e+00
      vertex   1.897213e+00 1.028639e-01 7.500000e+00
    endloop
  endfacet
  facet normal -9.998770e-01 -1.563038e-02 1.320867e-03
    outer loop
      vertex   1.898629e+00 -7.217382e-02 6.500000e+00
      vertex   1.897213e+00 1.028639e-01 7.500000e+00
      vertex   1.895445e+00 1.314839e-01 6.500000e+00
    endloop
  endfacet
  facet normal -9.941371e-01 -1.081189e-01 -1.336306e-03
    outer loop
      vertex   1.895445e+00 1.314839e-01 6.500000e+00
      vertex   1.897213e+00 1.028639e-01 7.500000e+00
      vertex   1.874970e+00 3.073858e-01 7.500000e+00
    endloop
  endfacet
  facet normal -9.924585e-01 -1.225747e-01 1.240857e-03
    outer loop
      vertex   1.895445e+00 1.314839e-01 6.500000e+00
      vertex   1.874970e+00 3.073858e-01 7.500000e+00
      vertex   1.870479e+00 3.336306e-01 6.500000e+00
    endloop
  endfacet
  facet normal -9.766198e-01 -2.149703e-01 -1.255193e-03
    outer loop
      vertex   1.870479e+00 3.336306e-01 6.500000e+00
      vertex   1.874970e+00 3.073858e-01 7.500000e+00
      vertex   1.830745e+00 5.083038e-01 7.500000e+00
    endloop
  endfacet
  facet normal -9.736346e-01 -2.281104e-01 1.158641e-03
    outer loop
      vertex   1.870479e+00 3.336306e-01 6.500000e+00
      vertex   1.830745e+00 5.083038e-01 7.500000e+00
      vertex   1.824017e+00 5.319432e-01 6.500000e+00
    endloop
  endfacet
  facet normal -9.476525e-01 -3.193013e-01 -1.171874e-03
    outer loop
      vertex   1.824017e+00 5.319432e-01 6.500000e+00
      vertex   1.830745e+00 5.083038e-01 7.500000e+00
      vertex   1.765056e+00 7.032625e-01 7.500000e+00
    endloop
  endfacet
  facet normal -9.436215e-01 -3.310246e-01 1.074219e-03
    outer loop
      vertex   1.824017e+00 5.319432e-01 6.500000e+00
      vertex   1.765056e+00 7.032625e-01 7.500000e+00
      vertex   1.756593e+00 7.241426e-01 6.500000e+00
    endloop
  endfacet
  facet normal -9.075749e-01 -4.198889e-01 -1.086349e-03
    outer loop
      vertex   1.756593e+00 7.241426e-01 6.500000e+00
      vertex   1.765056e+00 7.032625e-01 7.500000e+00
      vertex   1.678673e+00 8.899760e-01 7.500000e+00
    endloop
  endfacet
  facet normal -9.027642e-01 -4.301346e-01 9.875910e-04
    outer loop
      vertex   1.756593e+00 7.241426e-01 6.500000e+00
      vertex   1.678673e+00 8.899760e-01 7.500000e+00
      vertex   1.668982e+00 9.080201e-01 6.500000e+00
    endloop
  endfacet
  facet normal -8.568567e-01 -5.155536e-01 -9.986178e-04
    outer loop
      vertex   1.668982e+00 9.080201e-01 6.500000e+00
      vertex   1.678673e+00 8.899760e-01 7.500000e+00
      vertex   1.572609e+00 1.066255e+00 7.500000e+00
    endloop
  endfacet
  facet normal -8.515322e-01 -5.243015e-01 8.987570e-04
    outer loop
      vertex   1.668982e+00 9.080201e-01 6.500000e+00
      vertex   1.572609e+00 1.066255e+00 7.500000e+00
      vertex   1.562190e+00 1.081462e+00 6.500000e+00
    endloop
  endfacet
  facet normal -7.960927e-01 -6.051740e-01 -9.086808e-04
    outer loop
      vertex   1.562190e+00 1.081462e+00 6.500000e+00
      vertex   1.572609e+00 1.066255e+00 7.500000e+00
      vertex   1.448108e+00 1.230034e+00 7.500000e+00
    endloop
  endfacet
  facet normal -7.905142e-01 -6.124431e-01 8.077170e-04
    outer loop
      vertex   1.562190e+00 1.081462e+00 6.500000e+00
      vertex   1.448108e+00 1.230034e+00 7.500000e+00
      vertex   1.437446e+00 1.242477e+00 6.500000e+00
    endloop
  endfacet
  facet normal -7.259952e-01 -6.876992e-01 -8.165380e-04
    outer loop
      vertex   1.437446e+00 1.242477e+00 6.500000e+00
      vertex   1.448108e+00 1.230034e+00 7.500000e+00
      vertex   1.306629e+00 1.379391e+00 7.500000e+00
    endloop
  endfacet
  facet normal -7.204116e-01 -6.935464e-01 7.144713e-04
    outer loop
      vertex   1.437446e+00 1.242477e+00 6.500000e+00
      vertex   1.306629e+00 1.379391e+00 7.500000e+00
      vertex   1.296183e+00 1.389212e+00 6.500000e+00
    endloop
  endfacet
  facet normal -6.473861e-01 -7.621619e-01 -7.221895e-04
    outer loop
      vertex   1.296183e+00 1.389212e+00 6.500000e+00
      vertex   1.306629e+00 1.379391e+00 7.500000e+00
      vertex   1.149831e+00 1.512577e+00 7.500000e+00
    endloop
  endfacet
  facet normal -6.420298e-01 -7.666794e-01 6.190200e-04
    outer loop
      vertex   1.296183e+00 1.389212e+00 6.500000e+00
      vertex   1.149831e+00 1.512577e+00 7.500000e+00
      vertex   1.140024e+00 1.519982e+00 6.500000e+00
    endloop
  endfacet
  facet normal -5.611870e-01 -8.276888e-01 -6.256354e-04
    outer loop
      vertex   1.140024e+00 1.519982e+00 6.500000e+00
      vertex   1.149831e+00 1.512577e+00 7.500000e+00
      vertex   9.795523e-01 1.628029e+00 7.500000e+00
    endloop
  endfacet
  facet normal -5.562698e-01 -8.310016e-01 5.213631e-04
    outer loop
      vertex   1.140024e+00 1.519982e+00 6.500000e+00
      vertex   9.795523e-01 1.628029e+00 7.500000e+00
      vertex   9.707631e-01 1.633285e+00 6.500000e+00
    endloop
  endfacet
  facet normal -4.684084e-01 -8.835119e-01 -5.268758e-04
    outer loop
      vertex   9.707631e-01 1.633285e+00 6.500000e+00
      vertex   9.795523e-01 1.628029e+00 7.500000e+00
      vertex   7.977893e-01 1.724393e+00 7.500000e+00
    endloop
  endfacet
  facet normal -4.641170e-01 -8.857738e-01 4.215008e-04
    outer loop
      vertex   9.707631e-01 1.633285e+00 6.500000e+00
      vertex   7.977893e-01 1.724393e+00 7.500000e+00
      vertex   7.903463e-01 1.727817e+00 6.500000e+00
    endloop
  endfacet
  facet normal -3.701381e-01 -9.289766e-01 -4.259109e-04
    outer loop
      vertex   7.903463e-01 1.727817e+00 6.500000e+00
      vertex   7.977893e-01 1.724393e+00 7.500000e+00
      vertex   6.066729e-01 1.800541e+00 7.500000e+00
    endloop
  endfacet
  facet normal -3.666305e-01 -9.303666e-01 3.194333e-04
    outer loop
      vertex   7.903463e-01 1.727817e+00 6.500000e+00
      vertex   6.066729e-01 1.800541e+00 7.500000e+00
      vertex   6.008468e-01 1.802494e+00 6.500000e+00
    endloop
  endfacet
  facet normal -2.675283e-01 -9.635499e-01 -3.227407e-04
    outer loop
      vertex   6.008468e-01 1.802494e+00 6.500000e+00
      vertex   6.066729e-01 1.800541e+00 7.500000e+00
      vertex   4.084438e-01 1.855579e+00 7.500000e+00
    endloop
  endfacet
  facet normal -2.649306e-01 -9.642675e-01 2.151605e-04
    outer loop
      vertex   6.008468e-01 1.802494e+00 6.500000e+00
      vertex   4.084438e-01 1.855579e+00 7.500000e+00
      vertex   4.044423e-01 1.856455e+00 6.500000e+00
    endloop
  endfacet
  facet normal -1.617820e-01 -9.868265e-01 -2.173654e-04
    outer loop
      vertex   4.044423e-01 1.856455e+00 6.500000e+00
      vertex   4.084438e-01 1.855579e+00 7.500000e+00
      vertex   2.054261e-01 1.888862e+00 7.500000e+00
    endloop
  endfacet
  facet normal -1.601861e-01 -9.870868e-01 1.086827e-04
    outer loop
      vertex   4.044423e-01 1.856455e+00 6.500000e+00
      vertex   2.054261e-01 1.888862e+00 7.500000e+00
      vertex   2.033898e-01 1.889082e+00 6.500000e+00
    endloop
  endfacet
  facet normal -5.413891e-02 -9.985334e-01 -1.097851e-04
    outer loop
      vertex   2.033898e-01 1.889082e+00 6.500000e+00
      vertex   2.054261e-01 1.888862e+00 7.500000e+00
      vertex   -5.551115e-16 1.900000e+00 7.500000e+00
    endloop
  endfacet
  facet normal -5.360069e-02 -9.985624e-01 -1.392207e-19
    outer loop
      vertex   2.033898e-01 1.889082e+00 6.500000e+00
      vertex   -5.551115e-16 1.900000e+00 7.500000e+00
      vertex   -5.551115e-16 1.900000e+00 6.500000e+00
    endloop
  endfacet
  facet normal -0.000000e+00 0.000000e+00 1.000000e+00
    outer loop
      vertex   -5.551115e-16 -1.900000e+00 7.500000e+00
      vertex   -5.551115e-16 -2.350000e+00 7.500000e+00
      vertex   2.054261e-01 -1.888862e+00 7.500000e+00
    endloop
  endfacet
  facet normal 0.000000e+00 0.000000e+00 1.000000e+00
    outer loop
      vertex   2.054261e-01 -1.888862e+00 7.500000e+00
      vertex   -5.551115e-16 -2.350000e+00 7.500000e+00
      vertex   2.303403e-01 -2.338684e+00 7.500000e+00
    endloop
  endfacet
  facet normal -0.000000e+00 0.000000e+00 1.000000e+00
    outer loop
      vertex   2.054261e-01 -1.888862e+00 7.500000e+00
      vertex   2.303403e-01 -2.338684e+00 7.500000e+00
      vertex   4.084438e-01 -1.855579e+00 7.500000e+00
    endloop
  endfacet
  facet normal 0.000000e+00 0.000000e+00 1.000000e+00
    outer loop
      vertex   4.084438e-01 -1.855579e+00 7.500000e+00
      vertex   2.303403e-01 -2.338684e+00 7.500000e+00
      vertex   4.584623e-01 -2.304845e+00 7.500000e+00
    endloop
  endfacet
  facet normal -0.000000e+00 0.000000e+00 1.000000e+00
    outer loop
      vertex   4.084438e-01 -1.855579e+00 7.500000e+00
      vertex   4.584623e-01 -2.304845e+00 7.500000e+00
      vertex   6.066729e-01 -1.800541e+00 7.500000e+00
    endloop
  endfacet
  facet normal 0.000000e+00 0.000000e+00 1.000000e+00
    outer loop
      vertex   6.066729e-01 -1.800541e+00 7.500000e+00
      vertex   4.584623e-01 -2.304845e+00 7.500000e+00
      vertex   6.821690e-01 -2.248810e+00 7.500000e+00
    endloop
  endfacet
  facet normal -0.000000e+00 0.000000e+00 1.000000e+00
    outer loop
      vertex   6.066729e-01 -1.800541e+00 7.500000e+00
      vertex   6.821690e-01 -2.248810e+00 7.500000e+00
      vertex   7.977893e-01 -1.724393e+00 7.500000e+00
    endloop
  endfacet
  facet normal 0.000000e+00 0.000000e+00 1.000000e+00
    outer loop
      vertex   7.977893e-01 -1.724393e+00 7.500000e+00
      vertex   6.821690e-01 -2.248810e+00 7.500000e+00
      vertex   8.993061e-01 -2.171117e+00 7.500000e+00
    endloop
  endfacet
  facet normal -0.000000e+00 0.000000e+00 1.000000e+00
    outer loop
      vertex   7.977893e-01 -1.724393e+00 7.500000e+00
      vertex   8.993061e-01 -2.171117e+00 7.500000e+00
      vertex   9.795523e-01 -1.628029e+00 7.500000e+00
    endloop
  endfacet
  facet normal 0.000000e+00 0.000000e+00 1.000000e+00
    outer loop
      vertex   9.795523e-01 -1.628029e+00 7.500000e+00
      vertex   8.993061e-01 -2.171117e+00 7.500000e+00
      vertex   1.107782e+00 -2.072515e+00 7.500000e+00
    endloop
  endfacet
  facet normal -0.000000e+00 0.000000e+00 1.000000e+00
    outer loop
      vertex   9.795523e-01 -1.628029e+00 7.500000e+00
      vertex   1.107782e+00 -2.072515e+00 7.500000e+00
      vertex   1.149831e+00 -1.512577e+00 7.500000e+00
    endloop
  endfacet
  facet normal 0.000000e+00 0.000000e+00 1.000000e+00
    outer loop
      vertex   1.149831e+00 -1.512577e+00 7.500000e+00
      vertex   1.107782e+00 -2.072515e+00 7.500000e+00
      vertex   1.305590e+00 -1.953954e+00 7.500000e+00
    endloop
  endfacet
  facet normal -0.000000e+00 0.000000e+00 1.000000e+00
    outer loop
      vertex   1.149831e+00 -1.512577e+00 7.500000e+00
      vertex   1.305590e+00 -1.953954e+00 7.500000e+00
      vertex   1.306629e+00 -1.379391e+00 7.500000e+00
    endloop
  endfacet
  facet normal 0.000000e+00 0.000000e+00 1.000000e+00
    outer loop
      vertex   1.306629e+00 -1.379391e+00 7.500000e+00
      vertex   1.305590e+00 -1.953954e+00 7.500000e+00
      vertex   1.490824e+00 -1.816575e+00 7.500000e+00
    endloop
  endfacet
  facet normal -0.000000e+00 0.000000e+00 1.000000e+00
    outer loop
      vertex   1.306629e+00 -1.379391e+00 7.500000e+00
      vertex   1.490824e+00 -1.816575e+00 7.500000e+00
      vertex   1.448108e+00 -1.230034e+00 7.500000e+00
    endloop
  endfacet
  facet normal 0.000000e+00 0.000000e+00 1.000000e+00
    outer loop
      vertex   1.448108e+00 -1.230034e+00 7.500000e+00
      vertex   1.490824e+00 -1.816575e+00 7.500000e+00
      vertex   1.661701e+00 -1.661701e+00 7.500000e+00
    endloop
  endfacet
  facet normal -0.000000e+00 0.000000e+00 1.000000e+00
    outer loop
      vertex   1.448108e+00 -1.230034e+00 7.500000e+00
      vertex   1.661701e+00 -1.661701e+00 7.500000e+00
      vertex   1.572609e+00 -1.066255e+00 7.500000e+00
    endloop
  endfacet
  facet normal 0.000000e+00 0.000000e+00 1.000000e+00
    outer loop
      vertex   1.572609e+00 -1.066255e+00 7.500000e+00
      vertex   1.661701e+00 -1.661701e+00 7.500000e+00
      vertex   1.816575e+00 -1.490824e+00 7.500000e+00
    endloop
  endfacet
  facet normal -0.000000e+00 0.000000e+00 1.000000e+00
    outer loop
      vertex   1.572609e+00 -1.066255e+00 7.500000e+00
      vertex   1.816575e+00 -1.490824e+00 7.500000e+00
      vertex   1.678673e+00 -8.899760e-01 7.500000e+00
    endloop
  endfacet
  facet normal 0.000000e+00 0.000000e+00 1.000000e+00
    outer loop
      vertex   1.678673e+00 -8.899760e-01 7.500000e+00
      vertex   1.816575e+00 -1.490824e+00 7.500000e+00
      vertex   1.953954e+00 -1.305590e+00 7.500000e+00
    endloop
  endfacet
  facet normal -0.000000e+00 0.000000e+00 1.000000e+00
    outer loop
      vertex   1.678673e+00 -8.899760e-01 7.500000e+00
      vertex   1.953954e+00 -1.305590e+00 7.500000e+00
      vertex   1.765056e+00 -7.032625e-01 7.500000e+00
    endloop
  endfacet
  facet normal 0.000000e+00 0.000000e+00 1.000000e+00
    outer loop
      vertex   1.765056e+00 -7.032625e-01 7.500000e+00
      vertex   1.953954e+00 -1.305590e+00 7.500000e+00
      vertex   2.072515e+00 -1.107782e+00 7.500000e+00
    endloop
  endfacet
  facet normal -0.000000e+00 0.000000e+00 1.000000e+00
    outer loop
      vertex   1.765056e+00 -7.032625e-01 7.500000e+00
      vertex   2.072515e+00 -1.107782e+00 7.500000e+00
      vertex   1.830745e+00 -5.083038e-01 7.500000e+00
    endloop
  endfacet
  facet normal 0.000000e+00 0.000000e+00 1.000000e+00
    outer loop
      vertex   1.830745e+00 -5.083038e-01 7.500000e+00
      vertex   2.072515e+00 -1.107782e+00 7.500000e+00
      vertex   2.171117e+00 -8.993061e-01 7.500000e+00
    endloop
  endfacet
  facet normal -0.000000e+00 0.000000e+00 1.000000e+00
    outer loop
      vertex   1.830745e+00 -5.083038e-01 7.500000e+00
      vertex   2.171117e+00 -8.993061e-01 7.500000e+00
      vertex   1.874970e+00 -3.073858e-01 7.500000e+00
    endloop
  endfacet
  facet normal 0.000000e+00 0.000000e+00 1.000000e+00
    outer loop
      vertex   1.874970e+00 -3.073858e-01 7.500000e+00
      vertex   2.171117e+00 -8.993061e-01 7.500000e+00
      vertex   2.248810e+00 -6.821690e-01 7.500000e+00
    endloop
  endfacet
  facet normal 0.000000e+00 0.000000e+00 1.000000e+00
    outer loop
      vertex   1.874970e+00 -3.073858e-01 7.500000e+00
      vertex   2.248810e+00 -6.821690e-01 7.500000e+00
      vertex   2.304845e+00 -4.584623e-01 7.500000e+00
    endloop
  endfacet
  facet normal -0.000000e+00 0.000000e+00 1.000000e+00
    outer loop
      vertex   1.874970e+00 -3.073858e-01 7.500000e+00
      vertex   2.304845e+00 -4.584623e-01 7.500000e+00
      vertex   1.897213e+00 -1.028639e-01 7.500000e+00
    endloop
  endfacet
  facet normal 0.000000e+00 0.000000e+00 1.000000e+00
    outer loop
      vertex   1.897213e+00 -1.028639e-01 7.500000e+00
      vertex   2.304845e+00 -4.584623e-01 7.500000e+00
      vertex   2.338684e+00 -2.303403e-01 7.500000e+00
    endloop
  endfacet
  facet normal -0.000000e+00 0.000000e+00 1.000000e+00
    outer loop
      vertex   1.897213e+00 -1.028639e-01 7.500000e+00
      vertex   2.338684e+00 -2.303403e-01 7.500000e+00
      vertex   2.350000e+00 0.000000e+00 7.500000e+00
    endloop
  endfacet
  facet normal 0.000000e+00 0.000000e+00 1.000000e+00
    outer loop
      vertex   1.897213e+00 -1.028639e-01 7.500000e+00
      vertex   2.350000e+00 0.000000e+00 7.500000e+00
      vertex   1.897213e+00 1.028639e-01 7.500000e+00
    endloop
  endfacet
  facet normal -0.000000e+00 0.000000e+00 1.000000e+00
    outer loop
      vertex   1.897213e+00 1.028639e-01 7.500000e+00
      vertex   2.350000e+00 0.000000e+00 7.500000e+00
      vertex   2.338684e+00 2.303403e-01 7.500000e+00
    endloop
  endfacet
  facet normal 0.000000e+00 0.000000e+00 1.000000e+00
    outer loop
      vertex   1.897213e+00 1.028639e-01 7.500000e+00
      vertex   2.338684e+00 2.303403e-01 7.500000e+00
      vertex   2.304845e+00 4.584623e-01 7.500000e+00
    endloop
  endfacet
  facet normal 0.000000e+00 -0.000000e+00 1.000000e+00
    outer loop
      vertex   1.897213e+00 1.028639e-01 7.500000e+00
      vertex   2.304845e+00 4.584623e-01 7.500000e+00
      vertex   1.874970e+00 3.073858e-01 7.500000e+00
    endloop
  endfacet
  facet normal 0.000000e+00 0.000000e+00 1.000000e+00
    outer loop
      vertex   1.874970e+00 3.073858e-01 7.500000e+00
      vertex   2.304845e+00 4.584623e-01 7.500000e+00
      vertex   2.248810e+00 6.821690e-01 7.500000e+00
    endloop
  endfacet
  facet normal 0.000000e+00 0.000000e+00 1.000000e+00
    outer loop
      vertex   1.874970e+00 3.073858e-01 7.500000e+00
      vertex   2.248810e+00 6.821690e-01 7.500000e+00
      vertex   2.171117e+00 8.993061e-01 7.500000e+00
    endloop
  endfacet
  facet normal 0.000000e+00 -0.000000e+00 1.000000e+00
    outer loop
      vertex   1.874970e+00 3.073858e-01 7.500000e+00
      vertex   2.171117e+00 8.993061e-01 7.500000e+00
      vertex   1.830745e+00 5.083038e-01 7.500000e+00
    endloop
  endfacet
  facet normal 0.000000e+00 0.000000e+00 1.000000e+00
    outer loop
      vertex   1.830745e+00 5.083038e-01 7.500000e+00
      vertex   2.171117e+00 8.993061e-01 7.500000e+00
      vertex   2.072515e+00 1.107782e+00 7.500000e+00
    endloop
  endfacet
  facet normal 0.000000e+00 -0.000000e+00 1.000000e+00
    outer loop
      vertex   1.830745e+00 5.083038e-01 7.500000e+00
      vertex   2.072515e+00 1.107782e+00 7.500000e+00
      vertex   1.765056e+00 7.032625e-01 7.500000e+00
    endloop
  endfacet
  facet normal 0.000000e+00 0.000000e+00 1.000000e+00
    outer loop
      vertex   1.765056e+00 7.032625e-01 7.500000e+00
      vertex   2.072515e+00 1.107782e+00 7.500000e+00
      vertex   1.953954e+00 1.305590e+00 7.500000e+00
    endloop
  endfacet
  facet normal 0.000000e+00 -0.000000e+00 1.000000e+00
    outer loop
      vertex   1.765056e+00 7.032625e-01 7.500000e+00
      vertex   1.953954e+00 1.305590e+00 7.500000e+00
      vertex   1.678673e+00 8.899760e-01 7.500000e+00
    endloop
  endfacet
  facet normal 0.000000e+00 0.000000e+00 1.000000e+00
    outer loop
      vertex   1.678673e+00 8.899760e-01 7.500000e+00
      vertex   1.953954e+00 1.305590e+00 7.500000e+00
      vertex   1.816575e+00 1.490824e+00 7.500000e+00
    endloop
  endfacet
  facet normal 0.000000e+00 -0.000000e+00 1.000000e+00
    outer loop
      vertex   1.678673e+00 8.899760e-01 7.500000e+00
      vertex   1.816575e+00 1.490824e+00 7.500000e+00
      vertex   1.572609e+00 1.066255e+00 7.500000e+00
    endloop
  endfacet
  facet normal 0.000000e+00 0.000000e+00 1.000000e+00
    outer loop
      vertex   1.572609e+00 1.066255e+00 7.500000e+00
      vertex   1.816575e+00 1.490824e+00 7.500000e+00
      vertex   1.661701e+00 1.661701e+00 7.500000e+00
    endloop
  endfacet
  facet normal 0.000000e+00 -0.000000e+00 1.000000e+00
    outer loop
      vertex   1.572609e+00 1.066255e+00 7.500000e+00
      vertex   1.661701e+00 1.661701e+00 7.500000e+00
      vertex   1.448108e+00 1.230034e+00 7.500000e+00
    endloop
  endfacet
  facet normal 0.000000e+00 0.000000e+00 1.000000e+00
    outer loop
      vertex   1.448108e+00 1.230034e+00 7.500000e+00
      vertex   1.661701e+00 1.661701e+00 7.500000e+00
      vertex   1.490824e+00 1.816575e+00 7.500000e+00
    endloop
  endfacet
  facet normal 0.000000e+00 -0.000000e+00 1.000000e+00
    outer loop
      vertex   1.448108e+00 1.230034e+00 7.500000e+00
      vertex   1.490824e+00 1.816575e+00 7.500000e+00
      vertex   1.306629e+00 1.379391e+00 7.500000e+00
    endloop
  endfacet
  facet normal 0.000000e+00 -0.000000e+00 1.000000e+00
    outer loop
      vertex   1.306629e+00 1.379391e+00 7.500000e+00
      vertex   1.490824e+00 1.816575e+00 7.500000e+00
      vertex   1.305590e+00 1.953954e+00 7.500000e+00
    endloop
  endfacet
  facet normal 0.000000e+00 0.000000e+00 1.000000e+00
    outer loop
      vertex   1.306629e+00 1.379391e+00 7.500000e+00
      vertex   1.305590e+00 1.953954e+00 7.500000e+00
      vertex   1.149831e+00 1.512577e+00 7.500000e+00
    endloop
  endfacet
  facet normal 0.000000e+00 -0.000000e+00 1.000000e+00
    outer loop
      vertex   1.149831e+00 1.512577e+00 7.500000e+00
      vertex   1.305590e+00 1.953954e+00 7.500000e+00
      vertex   1.107782e+00 2.072515e+00 7.500000e+00
    endloop
  endfacet
  facet normal 0.000000e+00 0.000000e+00 1.000000e+00
    outer loop
      vertex   1.149831e+00 1.512577e+00 7.500000e+00
      vertex   1.107782e+00 2.072515e+00 7.500000e+00
      vertex   9.795523e-01 1.628029e+00 7.500000e+00
    endloop
  endfacet
  facet normal 0.000000e+00 -0.000000e+00 1.000000e+00
    outer loop
      vertex   9.795523e-01 1.628029e+00 7.500000e+00
      vertex   1.107782e+00 2.072515e+00 7.500000e+00
      vertex   8.993061e-01 2.171117e+00 7.500000e+00
    endloop
  endfacet
  facet normal 0.000000e+00 0.000000e+00 1.000000e+00
    outer loop
      vertex   9.795523e-01 1.628029e+00 7.500000e+00
      vertex   8.993061e-01 2.171117e+00 7.500000e+00
      vertex   7.977893e-01 1.724393e+00 7.500000e+00
    endloop
  endfacet
  facet normal 0.000000e+00 -0.000000e+00 1.000000e+00
    outer loop
      vertex   7.977893e-01 1.724393e+00 7.500000e+00
      vertex   8.993061e-01 2.171117e+00 7.500000e+00
      vertex   6.821690e-01 2.248810e+00 7.500000e+00
    endloop
  endfacet
  facet normal 0.000000e+00 0.000000e+00 1.000000e+00
    outer loop
      vertex   7.977893e-01 1.724393e+00 7.500000e+00
      vertex   6.821690e-01 2.248810e+00 7.500000e+00
      vertex   6.066729e-01 1.800541e+00 7.500000e+00
    endloop
  endfacet
  facet normal 0.000000e+00 -0.000000e+00 1.000000e+00
    outer loop
      vertex   6.066729e-01 1.800541e+00 7.500000e+00
      vertex   6.821690e-01 2.248810e+00 7.500000e+00
      vertex   4.584623e-01 2.304845e+00 7.500000e+00
    endloop
  endfacet
  facet normal 0.000000e+00 0.000000e+00 1.000000e+00
    outer loop
      vertex   6.066729e-01 1.800541e+00 7.500000e+00
      vertex   4.584623e-01 2.304845e+00 7.500000e+00
      vertex   4.084438e-01 1.855579e+00 7.500000e+00
    endloop
  endfacet
  facet normal 0.000000e+00 -0.000000e+00 1.000000e+00
    outer loop
      vertex   4.084438e-01 1.855579e+00 7.500000e+00
      vertex   4.584623e-01 2.304845e+00 7.500000e+00
      vertex   2.303403e-01 2.338684e+00 7.500000e+00
    endloop
  endfacet
  facet normal 0.000000e+00 0.000000e+00 1.000000e+00
    outer loop
      vertex   4.084438e-01 1.855579e+00 7.500000e+00
      vertex   2.303403e-01 2.338684e+00 7.500000e+00
      vertex   2.054261e-01 1.888862e+00 7.500000e+00
    endloop
  endfacet
  facet normal 0.000000e+00 -0.000000e+00 1.000000e+00
    outer loop
      vertex   2.054261e-01 1.888862e+00 7.500000e+00
      vertex   2.303403e-01 2.338684e+00 7.500000e+00
      vertex   -5.551115e-16 2.350000e+00 7.500000e+00
    endloop
  endfacet
  facet normal 0.000000e+00 0.000000e+00 1.000000e+00
    outer loop
      vertex   2.054261e-01 1.888862e+00 7.500000e+00
      vertex   -5.551115e-16 2.350000e+00 7.500000e+00
      vertex   -5.551115e-16 1.900000e+00 7.500000e+00
    endloop
  endfacet
  facet normal -4.906767e-02 9.987955e-01 0.000000e+00
    outer loop
      vertex   -5.551115e-16 -2.350000e+00 7.500000e+00
      vertex   -5.551115e-16 -2.350000e+00 8.500000e+00
      vertex   2.303403e-01 -2.338684e+00 7.500000e+00
    endloop
  endfacet
  facet normal -4.906767e-02 9.987955e-01 0.000000e+00
    outer loop
      vertex   2.303403e-01 -2.338684e+00 7.500000e+00
      vertex   -5.551115e-16 -2.350000e+00 8.500000e+00
      vertex   2.303403e-01 -2.338684e+00 8.500000e+00
    endloop
  endfacet
  facet normal -1.467305e-01 9.891765e-01 0.000000e+00
    outer loop
      vertex   2.303403e-01 -2.338684e+00 7.500000e+00
      vertex   2.303403e-01 -2.338684e+00 8.500000e+00
      vertex   4.584623e-01 -2.304845e+00 7.500000e+00
    endloop
  endfacet
  facet normal -1.467305e-01 9.891765e-01 0.000000e+00
    outer loop
      vertex   4.584623e-01 -2.304845e+00 7.500000e+00
      vertex   2.303403e-01 -2.338684e+00 8.500000e+00
      vertex   4.584623e-01 -2.304845e+00 8.500000e+00
    endloop
  endfacet
  facet normal -2.429802e-01 9.700313e-01 0.000000e+00
    outer loop
      vertex   4.584623e-01 -2.304845e+00 7.500000e+00
      vertex   4.584623e-01 -2.304845e+00 8.500000e+00
      vertex   6.821690e-01 -2.248810e+00 7.500000e+00
    endloop
  endfacet
  facet normal -2.429802e-01 9.700313e-01 0.000000e+00
    outer loop
      vertex   6.821690e-01 -2.248810e+00 7.500000e+00
      vertex   4.584623e-01 -2.304845e+00 8.500000e+00
      vertex   6.821690e-01 -2.248810e+00 8.500000e+00
    endloop
  endfacet
  facet normal -3.368899e-01 9.415441e-01 0.000000e+00
    outer loop
      vertex   6.821690e-01 -2.248810e+00 7.500000e+00
      vertex   6.821690e-01 -2.248810e+00 8.500000e+00
      vertex   8.993061e-01 -2.171117e+00 7.500000e+00
    endloop
  endfacet
  facet normal -3.368899e-01 9.415441e-01 0.000000e+00
    outer loop
      vertex   8.993061e-01 -2.171117e+00 7.500000e+00
      vertex   6.821690e-01 -2.248810e+00 8.500000e+00
      vertex   8.993061e-01 -2.171117e+00 8.500000e+00
    endloop
  endfacet
  facet normal -4.275551e-01 9.039893e-01 0.000000e+00
    outer loop
      vertex   8.993061e-01 -2.171117e+00 7.500000e+00
      vertex   8.993061e-01 -2.171117e+00 8.500000e+00
      vertex   1.107782e+00 -2.072515e+00 7.500000e+00
    endloop
  endfacet
  facet normal -4.275551e-01 9.039893e-01 0.000000e+00
    outer loop
      vertex   1.107782e+00 -2.072515e+00 7.500000e+00
      vertex   8.993061e-01 -2.171117e+00 8.500000e+00
      vertex   1.107782e+00 -2.072515e+00 8.500000e+00
    endloop
  endfacet
  facet normal -5.141027e-01 8.577286e-01 0.000000e+00
    outer loop
      vertex   1.107782e+00 -2.072515e+00 7.500000e+00
      vertex   1.107782e+00 -2.072515e+00 8.500000e+00
      vertex   1.305590e+00 -1.953954e+00 7.500000e+00
    endloop
  endfacet
  facet normal -5.141027e-01 8.577286e-01 0.000000e+00
    outer loop
      vertex   1.305590e+00 -1.953954e+00 7.500000e+00
      vertex   1.107782e+00 -2.072515e+00 8.500000e+00
      vertex   1.305590e+00 -1.953954e+00 8.500000e+00
    endloop
  endfacet
  facet normal -5.956993e-01 8.032075e-01 0.000000e+00
    outer loop
      vertex   1.305590e+00 -1.953954e+00 7.500000e+00
      vertex   1.305590e+00 -1.953954e+00 8.500000e+00
      vertex   1.490824e+00 -1.816575e+00 7.500000e+00
    endloop
  endfacet
  facet normal -5.956993e-01 8.032075e-01 0.000000e+00
    outer loop
      vertex   1.490824e+00 -1.816575e+00 7.500000e+00
      vertex   1.305590e+00 -1.953954e+00 8.500000e+00
      vertex   1.490824e+00 -1.816575e+00 8.500000e+00
    endloop
  endfacet
  facet normal -6.715590e-01 7.409511e-01 0.000000e+00
    outer loop
      vertex   1.490824e+00 -1.816575e+00 7.500000e+00
      vertex   1.490824e+00 -1.816575e+00 8.500000e+00
      vertex   1.661701e+00 -1.661701e+00 7.500000e+00
    endloop
  endfacet
  facet normal -6.715590e-01 7.409511e-01 0.000000e+00
    outer loop
      vertex   1.661701e+00 -1.661701e+00 7.500000e+00
      vertex   1.490824e+00 -1.816575e+00 8.500000e+00
      vertex   1.661701e+00 -1.661701e+00 8.500000e+00
    endloop
  endfacet
  facet normal -7.409511e-01 6.715590e-01 0.000000e+00
    outer loop
      vertex   1.661701e+00 -1.661701e+00 7.500000e+00
      vertex   1.661701e+00 -1.661701e+00 8.500000e+00
      vertex   1.816575e+00 -1.490824e+00 7.500000e+00
    endloop
  endfacet
  facet normal -7.409511e-01 6.715590e-01 0.000000e+00
    outer loop
      vertex   1.816575e+00 -1.490824e+00 7.500000e+00
      vertex   1.661701e+00 -1.661701e+00 8.500000e+00
      vertex   1.816575e+00 -1.490824e+00 8.500000e+00
    endloop
  endfacet
  facet normal -8.032075e-01 5.956993e-01 0.000000e+00
    outer loop
      vertex   1.816575e+00 -1.490824e+00 7.500000e+00
      vertex   1.816575e+00 -1.490824e+00 8.500000e+00
      vertex   1.953954e+00 -1.305590e+00 7.500000e+00
    endloop
  endfacet
  facet normal -8.032075e-01 5.956993e-01 0.000000e+00
    outer loop
      vertex   1.953954e+00 -1.305590e+00 7.500000e+00
      vertex   1.816575e+00 -1.490824e+00 8.500000e+00
      vertex   1.953954e+00 -1.305590e+00 8.500000e+00
    endloop
  endfacet
  facet normal -8.577286e-01 5.141027e-01 0.000000e+00
    outer loop
      vertex   1.953954e+00 -1.305590e+00 7.500000e+00
      vertex   1.953954e+00 -1.305590e+00 8.500000e+00
      vertex   2.072515e+00 -1.107782e+00 7.500000e+00
    endloop
  endfacet
  facet normal -8.577286e-01 5.141027e-01 0.000000e+00
    outer loop
      vertex   2.072515e+00 -1.107782e+00 7.500000e+00
      vertex   1.953954e+00 -1.305590e+00 8.500000e+00
      vertex   2.072515e+00 -1.107782e+00 8.500000e+00
    endloop
  endfacet
  facet normal -9.039893e-01 4.275551e-01 0.000000e+00
    outer loop
      vertex   2.072515e+00 -1.107782e+00 7.500000e+00
      vertex   2.072515e+00 -1.107782e+00 8.500000e+00
      vertex   2.171117e+00 -8.993061e-01 7.500000e+00
    endloop
  endfacet
  facet normal -9.039893e-01 4.275551e-01 0.000000e+00
    outer loop
      vertex   2.171117e+00 -8.993061e-01 7.500000e+00
      vertex   2.072515e+00 -1.107782e+00 8.500000e+00
      vertex   2.171117e+00 -8.993061e-01 8.500000e+00
    endloop
  endfacet
  facet normal -9.415441e-01 3.368899e-01 0.000000e+00
    outer loop
      vertex   2.171117e+00 -8.993061e-01 7.500000e+00
      vertex   2.171117e+00 -8.993061e-01 8.500000e+00
      vertex   2.248810e+00 -6.821690e-01 7.500000e+00
    endloop
  endfacet
  facet normal -9.415441e-01 3.368899e-01 0.000000e+00
    outer loop
      vertex   2.248810e+00 -6.821690e-01 7.500000e+00
      vertex   2.171117e+00 -8.993061e-01 8.500000e+00
      vertex   2.248810e+00 -6.821690e-01 8.500000e+00
    endloop
  endfacet
  facet normal -9.700313e-01 2.429802e-01 0.000000e+00
    outer loop
      vertex   2.248810e+00 -6.821690e-01 7.500000e+00
      vertex   2.248810e+00 -6.821690e-01 8.500000e+00
      vertex   2.304845e+00 -4.584623e-01 7.500000e+00
    endloop
  endfacet
  facet normal -9.700313e-01 2.429802e-01 0.000000e+00
    outer loop
      vertex   2.304845e+00 -4.584623e-01 7.500000e+00
      vertex   2.248810e+00 -6.821690e-01 8.500000e+00
      vertex   2.304845e+00 -4.584623e-01 8.500000e+00
    endloop
  endfacet
  facet normal -9.891765e-01 1.467305e-01 0.000000e+00
    outer loop
      vertex   2.304845e+00 -4.584623e-01 7.500000e+00
      vertex   2.304845e+00 -4.584623e-01 8.500000e+00
      vertex   2.338684e+00 -2.303403e-01 7.500000e+00
    endloop
  endfacet
  facet normal -9.891765e-01 1.467305e-01 0.000000e+00
    outer loop
      vertex   2.338684e+00 -2.303403e-01 7.500000e+00
      vertex   2.304845e+00 -4.584623e-01 8.500000e+00
      vertex   2.338684e+00 -2.303403e-01 8.500000e+00
    endloop
  endfacet
  facet normal -9.987955e-01 4.906767e-02 0.000000e+00
    outer loop
      vertex   2.338684e+00 -2.303403e-01 7.500000e+00
      vertex   2.338684e+00 -2.303403e-01 8.500000e+00
      vertex   2.350000e+00 0.000000e+00 7.500000e+00
    endloop
  endfacet
  facet normal -9.987955e-01 4.906767e-02 0.000000e+00
    outer loop
      vertex   2.350000e+00 0.000000e+00 7.500000e+00
      vertex   2.338684e+00 -2.303403e-01 8.500000e+00
      vertex   2.350000e+00 0.000000e+00 8.500000e+00
    endloop
  endfacet
  facet normal -9.987955e-01 -4.906767e-02 0.000000e+00
    outer loop
      vertex   2.350000e+00 0.000000e+00 7.500000e+00
      vertex   2.350000e+00 0.000000e+00 8.500000e+00
      vertex   2.338684e+00 2.303403e-01 7.500000e+00
    endloop
  endfacet
  facet normal -9.987955e-01 -4.906767e-02 0.000000e+00
    outer loop
      vertex   2.338684e+00 2.303403e-01 7.500000e+00
      vertex   2.350000e+00 0.000000e+00 8.500000e+00
      vertex   2.338684e+00 2.303403e-01 8.500000e+00
    endloop
  endfacet
  facet normal -9.891765e-01 -1.467305e-01 0.000000e+00
    outer loop
      vertex   2.338684e+00 2.303403e-01 7.500000e+00
      vertex   2.338684e+00 2.303403e-01 8.500000e+00
      vertex   2.304845e+00 4.584623e-01 7.500000e+00
    endloop
  endfacet
  facet normal -9.891765e-01 -1.467305e-01 0.000000e+00
    outer loop
      vertex   2.304845e+00 4.584623e-01 7.500000e+00
      vertex   2.338684e+00 2.303403e-01 8.500000e+00
      vertex   2.304845e+00 4.584623e-01 8.500000e+00
    endloop
  endfacet
  facet normal -9.700313e-01 -2.429802e-01 0.000000e+00
    outer loop
      vertex   2.304845e+00 4.584623e-01 7.500000e+00
      vertex   2.304845e+00 4.584623e-01 8.500000e+00
      vertex   2.248810e+00 6.821690e-01 7.500000e+00
    endloop
  endfacet
  facet normal -9.700313e-01 -2.429802e-01 0.000000e+00
    outer loop
      vertex   2.248810e+00 6.821690e-01 7.500000e+00
      vertex   2.304845e+00 4.584623e-01 8.500000e+00
      vertex   2.248810e+00 6.821690e-01 8.500000e+00
    endloop
  endfacet
  facet normal -9.415441e-01 -3.368899e-01 0.000000e+00
    outer loop
      vertex   2.248810e+00 6.821690e-01 7.500000e+00
      vertex   2.248810e+00 6.821690e-01 8.500000e+00
      vertex   2.171117e+00 8.993061e-01 7.500000e+00
    endloop
  endfacet
  facet normal -9.415441e-01 -3.368899e-01 0.000000e+00
    outer loop
      vertex   2.171117e+00 8.993061e-01 7.500000e+00
      vertex   2.248810e+00 6.821690e-01 8.500000e+00
      vertex   2.171117e+00 8.993061e-01 8.500000e+00
    endloop
  endfacet
  facet normal -9.039893e-01 -4.275551e-01 0.000000e+00
    outer loop
      vertex   2.171117e+00 8.993061e-01 7.500000e+00
      vertex   2.171117e+00 8.993061e-01 8.500000e+00
      vertex   2.072515e+00 1.107782e+00 7.500000e+00
    endloop
  endfacet
  facet normal -9.039893e-01 -4.275551e-01 0.000000e+00
    outer loop
      vertex   2.072515e+00 1.107782e+00 7.500000e+00
      vertex   2.171117e+00 8.993061e-01 8.500000e+00
      vertex   2.072515e+00 1.107782e+00 8.500000e+00
    endloop
  endfacet
  facet normal -8.577286e-01 -5.141027e-01 0.000000e+00
    outer loop
      vertex   2.072515e+00 1.107782e+00 7.500000e+00
      vertex   2.072515e+00 1.107782e+00 8.500000e+00
      vertex   1.953954e+00 1.305590e+00 7.500000e+00
    endloop
  endfacet
  facet normal -8.577286e-01 -5.141027e-01 0.000000e+00
    outer loop
      vertex   1.953954e+00 1.305590e+00 7.500000e+00
      vertex   2.072515e+00 1.107782e+00 8.500000e+00
      vertex   1.953954e+00 1.305590e+00 8.500000e+00
    endloop
  endfacet
  facet normal -8.032075e-01 -5.956993e-01 0.000000e+00
    outer loop
      vertex   1.953954e+00 1.305590e+00 7.500000e+00
      vertex   1.953954e+00 1.305590e+00 8.500000e+00
      vertex   1.816575e+00 1.490824e+00 7.500000e+00
    endloop
  endfacet
  facet normal -8.032075e-01 -5.956993e-01 0.000000e+00
    outer loop
      vertex   1.816575e+00 1.490824e+00 7.500000e+00
      vertex   1.953954e+00 1.305590e+00 8.500000e+00
      vertex   1.816575e+00 1.490824e+00 8.500000e+00
    endloop
  endfacet
  facet normal -7.409511e-01 -6.715590e-01 0.000000e+00
    outer loop
      vertex   1.816575e+00 1.490824e+00 7.500000e+00
      vertex   1.816575e+00 1.490824e+00 8.500000e+00
      vertex   1.661701e+00 1.661701e+00 7.500000e+00
    endloop
  endfacet
  facet normal -7.409511e-01 -6.715590e-01 0.000000e+00
    outer loop
      vertex   1.661701e+00 1.661701e+00 7.500000e+00
      vertex   1.816575e+00 1.490824e+00 8.500000e+00
      vertex   1.661701e+00 1.661701e+00 8.500000e+00
    endloop
  endfacet
  facet normal -6.715590e-01 -7.409511e-01 0.000000e+00
    outer loop
      vertex   1.661701e+00 1.661701e+00 7.500000e+00
      vertex   1.661701e+00 1.661701e+00 8.500000e+00
      vertex   1.490824e+00 1.816575e+00 7.500000e+00
    endloop
  endfacet
  facet normal -6.715590e-01 -7.409511e-01 0.000000e+00
    outer loop
      vertex   1.490824e+00 1.816575e+00 7.500000e+00
      vertex   1.661701e+00 1.661701e+00 8.500000e+00
      vertex   1.490824e+00 1.816575e+00 8.500000e+00
    endloop
  endfacet
  facet normal -5.956993e-01 -8.032075e-01 0.000000e+00
    outer loop
      vertex   1.490824e+00 1.816575e+00 7.500000e+00
      vertex   1.490824e+00 1.816575e+00 8.500000e+00
      vertex   1.305590e+00 1.953954e+00 7.500000e+00
    endloop
  endfacet
  facet normal -5.956993e-01 -8.032075e-01 0.000000e+00
    outer loop
      vertex   1.305590e+00 1.953954e+00 7.500000e+00
      vertex   1.490824e+00 1.816575e+00 8.500000e+00
      vertex   1.305590e+00 1.953954e+00 8.500000e+00
    endloop
  endfacet
  facet normal -5.141027e-01 -8.577286e-01 0.000000e+00
    outer loop
      vertex   1.305590e+00 1.953954e+00 7.500000e+00
      vertex   1.305590e+00 1.953954e+00 8.500000e+00
      vertex   1.107782e+00 2.072515e+00 7.500000e+00
    endloop
  endfacet
  facet normal -5.141027e-01 -8.577286e-01 0.000000e+00
    outer loop
      vertex   1.107782e+00 2.072515e+00 7.500000e+00
      vertex   1.305590e+00 1.953954e+00 8.500000e+00
      vertex   1.107782e+00 2.072515e+00 8.500000e+00
    endloop
  endfacet
  facet normal -4.275551e-01 -9.039893e-01 0.000000e+00
    outer loop
      vertex   1.107782e+00 2.072515e+00 7.500000e+00
      vertex   1.107782e+00 2.072515e+00 8.500000e+00
      vertex   8.993061e-01 2.171117e+00 7.500000e+00
    endloop
  endfacet
  facet normal -4.275551e-01 -9.039893e-01 0.000000e+00
    outer loop
      vertex   8.993061e-01 2.171117e+00 7.500000e+00
      vertex   1.107782e+00 2.072515e+00 8.500000e+00
      vertex   8.993061e-01 2.171117e+00 8.500000e+00
    endloop
  endfacet
  facet normal -3.368899e-01 -9.415441e-01 0.000000e+00
    outer loop
      vertex   8.993061e-01 2.171117e+00 7.500000e+00
      vertex   8.993061e-01 2.171117e+00 8.500000e+00
      vertex   6.821690e-01 2.248810e+00 7.500000e+00
    endloop
  endfacet
  facet normal -3.368899e-01 -9.415441e-01 0.000000e+00
    outer loop
      vertex   6.821690e-01 2.248810e+00 7.500000e+00
      vertex   8.993061e-01 2.171117e+00 8.500000e+00
      vertex   6.821690e-01 2.248810e+00 8.500000e+00
    endloop
  endfacet
  facet normal -2.429802e-01 -9.700313e-01 0.000000e+00
    outer loop
      vertex   6.821690e-01 2.248810e+00 7.500000e+00
      vertex   6.821690e-01 2.248810e+00 8.500000e+00
      vertex   4.584623e-01 2.304845e+00 7.500000e+00
    endloop
  endfacet
  facet normal -2.429802e-01 -9.700313e-01 0.000000e+00
    outer loop
      vertex   4.584623e-01 2.304845e+00 7.500000e+00
      vertex   6.821690e-01 2.248810e+00 8.500000e+00
      vertex   4.584623e-01 2.304845e+00 8.500000e+00
    endloop
  endfacet
  facet normal -1.467305e-01 -9.891765e-01 0.000000e+00
    outer loop
      vertex   4.584623e-01 2.304845e+00 7.500000e+00
      vertex   4.584623e-01 2.304845e+00 8.500000e+00
      vertex   2.303403e-01 2.338684e+00 7.500000e+00
    endloop
  endfacet
  facet normal -1.467305e-01 -9.891765e-01 0.000000e+00
    outer loop
      vertex   2.303403e-01 2.338684e+00 7.500000e+00
      vertex   4.584623e-01 2.304845e+00 8.500000e+00
      vertex   2.303403e-01 2.338684e+00 8.500000e+00
    endloop
  endfacet
  facet normal -4.906767e-02 -9.987955e-01 0.000000e+00
    outer loop
      vertex   2.303403e-01 2.338684e+00 7.500000e+00
      vertex   2.303403e-01 2.338684e+00 8.500000e+00
      vertex   -5.551115e-16 2.350000e+00 7.500000e+00
    endloop
  endfacet
  facet normal -4.906767e-02 -9.987955e-01 0.000000e+00
    outer loop
      vertex   -5.551115e-16 2.350000e+00 7.500000e+00
      vertex   2.303403e-01 2.338684e+00 8.500000e+00
      vertex   -5.551115e-16 2.350000e+00 8.500000e+00
    endloop
  endfacet
  facet normal -0.000000e+00 0.000000e+00 1.000000e+00
    outer loop
      vertex   -5.551115e-16 -2.350000e+00 8.500000e+00
      vertex   -5.551115e-16 -4.100000e+00 8.500000e+00
      vertex   2.303403e-01 -2.338684e+00 8.500000e+00
    endloop
  endfacet
  facet normal 0.000000e+00 0.000000e+00 1.000000e+00
    outer loop
      vertex   2.303403e-01 -2.338684e+00 8.500000e+00
      vertex   -5.551115e-16 -4.100000e+00 8.500000e+00
      vertex   6.110733e-01 -4.054206e+00 8.500000e+00
    endloop
  endfacet
  facet normal -0.000000e+00 0.000000e+00 1.000000e+00
    outer loop
      vertex   2.303403e-01 -2.338684e+00 8.500000e+00
      vertex   6.110733e-01 -4.054206e+00 8.500000e+00
      vertex   4.584623e-01 -2.304845e+00 8.500000e+00
    endloop
  endfacet
  facet normal 0.000000e+00 0.000000e+00 1.000000e+00
    outer loop
      vertex   4.584623e-01 -2.304845e+00 8.500000e+00
      vertex   6.110733e-01 -4.054206e+00 8.500000e+00
      vertex   9.123358e-01 -3.997204e+00 8.500000e+00
    endloop
  endfacet
  facet normal -0.000000e+00 0.000000e+00 1.000000e+00
    outer loop
      vertex   4.584623e-01 -2.304845e+00 8.500000e+00
      vertex   9.123358e-01 -3.997204e+00 8.500000e+00
      vertex   6.821690e-01 -2.248810e+00 8.500000e+00
    endloop
  endfacet
  facet normal -0.000000e+00 0.000000e+00 1.000000e+00
    outer loop
      vertex   6.821690e-01 -2.248810e+00 8.500000e+00
      vertex   9.123358e-01 -3.997204e+00 8.500000e+00
      vertex   8.993061e-01 -2.171117e+00 8.500000e+00
    endloop
  endfacet
  facet normal 0.000000e+00 0.000000e+00 1.000000e+00
    outer loop
      vertex   8.993061e-01 -2.171117e+00 8.500000e+00
      vertex   9.123358e-01 -3.997204e+00 8.500000e+00
      vertex   1.208496e+00 -3.917849e+00 8.500000e+00
    endloop
  endfacet
  facet normal -0.000000e+00 0.000000e+00 1.000000e+00
    outer loop
      vertex   8.993061e-01 -2.171117e+00 8.500000e+00
      vertex   1.208496e+00 -3.917849e+00 8.500000e+00
      vertex   1.107782e+00 -2.072515e+00 8.500000e+00
    endloop
  endfacet
  facet normal 0.000000e+00 0.000000e+00 1.000000e+00
    outer loop
      vertex   1.107782e+00 -2.072515e+00 8.500000e+00
      vertex   1.208496e+00 -3.917849e+00 8.500000e+00
      vertex   1.497898e+00 -3.816582e+00 8.500000e+00
    endloop
  endfacet
  facet normal -0.000000e+00 0.000000e+00 1.000000e+00
    outer loop
      vertex   1.107782e+00 -2.072515e+00 8.500000e+00
      vertex   1.497898e+00 -3.816582e+00 8.500000e+00
      vertex   1.305590e+00 -1.953954e+00 8.500000e+00
    endloop
  endfacet
  facet normal 0.000000e+00 0.000000e+00 1.000000e+00
    outer loop
      vertex   1.305590e+00 -1.953954e+00 8.500000e+00
      vertex   1.497898e+00 -3.816582e+00 8.500000e+00
      vertex   1.778923e+00 -3.693972e+00 8.500000e+00
    endloop
  endfacet
  facet normal -0.000000e+00 0.000000e+00 1.000000e+00
    outer loop
      vertex   1.305590e+00 -1.953954e+00 8.500000e+00
      vertex   1.778923e+00 -3.693972e+00 8.500000e+00
      vertex   1.490824e+00 -1.816575e+00 8.500000e+00
    endloop
  endfacet
  facet normal 0.000000e+00 0.000000e+00 1.000000e+00
    outer loop
      vertex   1.490824e+00 -1.816575e+00 8.500000e+00
      vertex   1.778923e+00 -3.693972e+00 8.500000e+00
      vertex   2.050000e+00 -3.550704e+00 8.500000e+00
    endloop
  endfacet
  facet normal -0.000000e+00 0.000000e+00 1.000000e+00
    outer loop
      vertex   1.490824e+00 -1.816575e+00 8.500000e+00
      vertex   2.050000e+00 -3.550704e+00 8.500000e+00
      vertex   1.661701e+00 -1.661701e+00 8.500000e+00
    endloop
  endfacet
  facet normal -0.000000e+00 0.000000e+00 1.000000e+00
    outer loop
      vertex   1.661701e+00 -1.661701e+00 8.500000e+00
      vertex   2.050000e+00 -3.550704e+00 8.500000e+00
      vertex   1.816575e+00 -1.490824e+00 8.500000e+00
    endloop
  endfacet
  facet normal 0.000000e+00 0.000000e+00 1.000000e+00
    outer loop
      vertex   1.816575e+00 -1.490824e+00 8.500000e+00
      vertex   2.050000e+00 -3.550704e+00 8.500000e+00
      vertex   2.309612e+00 -3.387579e+00 8.500000e+00
    endloop
  endfacet
  facet normal -0.000000e+00 0.000000e+00 1.000000e+00
    outer loop
      vertex   1.816575e+00 -1.490824e+00 8.500000e+00
      vertex   2.309612e+00 -3.387579e+00 8.500000e+00
      vertex   1.953954e+00 -1.305590e+00 8.500000e+00
    endloop
  endfacet
  facet normal 0.000000e+00 0.000000e+00 1.000000e+00
    outer loop
      vertex   1.953954e+00 -1.305590e+00 8.500000e+00
      vertex   2.309612e+00 -3.387579e+00 8.500000e+00
      vertex   2.556308e+00 -3.205509e+00 8.500000e+00
    endloop
  endfacet
  facet normal -0.000000e+00 0.000000e+00 1.000000e+00
    outer loop
      vertex   1.953954e+00 -1.305590e+00 8.500000e+00
      vertex   2.556308e+00 -3.205509e+00 8.500000e+00
      vertex   2.072515e+00 -1.107782e+00 8.500000e+00
    endloop
  endfacet
  facet normal 0.000000e+00 0.000000e+00 1.000000e+00
    outer loop
      vertex   2.072515e+00 -1.107782e+00 8.500000e+00
      vertex   2.556308e+00 -3.205509e+00 8.500000e+00
      vertex   2.788708e+00 -3.005513e+00 8.500000e+00
    endloop
  endfacet
  facet normal -0.000000e+00 0.000000e+00 1.000000e+00
    outer loop
      vertex   2.072515e+00 -1.107782e+00 8.500000e+00
      vertex   2.788708e+00 -3.005513e+00 8.500000e+00
      vertex   2.171117e+00 -8.993061e-01 8.500000e+00
    endloop
  endfacet
  facet normal 0.000000e+00 0.000000e+00 1.000000e+00
    outer loop
      vertex   2.171117e+00 -8.993061e-01 8.500000e+00
      vertex   2.788708e+00 -3.005513e+00 8.500000e+00
      vertex   3.005513e+00 -2.788708e+00 8.500000e+00
    endloop
  endfacet
  facet normal -0.000000e+00 0.000000e+00 1.000000e+00
    outer loop
      vertex   2.171117e+00 -8.993061e-01 8.500000e+00
      vertex   3.005513e+00 -2.788708e+00 8.500000e+00
      vertex   2.248810e+00 -6.821690e-01 8.500000e+00
    endloop
  endfacet
  facet normal 0.000000e+00 0.000000e+00 1.000000e+00
    outer loop
      vertex   2.248810e+00 -6.821690e-01 8.500000e+00
      vertex   3.005513e+00 -2.788708e+00 8.500000e+00
      vertex   3.205509e+00 -2.556308e+00 8.500000e+00
    endloop
  endfacet
  facet normal 0.000000e+00 0.000000e+00 1.000000e+00
    outer loop
      vertex   2.248810e+00 -6.821690e-01 8.500000e+00
      vertex   3.205509e+00 -2.556308e+00 8.500000e+00
      vertex   3.387579e+00 -2.309612e+00 8.500000e+00
    endloop
  endfacet
  facet normal 0.000000e+00 0.000000e+00 1.000000e+00
    outer loop
      vertex   -5.551115e-16 -4.100000e+00 8.500000e+00
      vertex   3.063934e-01 -4.088536e+00 8.500000e+00
      vertex   6.110733e-01 -4.054206e+00 8.500000e+00
    endloop
  endfacet
  facet normal -0.000000e+00 0.000000e+00 1.000000e+00
    outer loop
      vertex   2.248810e+00 -6.821690e-01 8.500000e+00
      vertex   3.387579e+00 -2.309612e+00 8.500000e+00
      vertex   2.304845e+00 -4.584623e-01 8.500000e+00
    endloop
  endfacet
  facet normal 0.000000e+00 0.000000e+00 1.000000e+00
    outer loop
      vertex   2.304845e+00 -4.584623e-01 8.500000e+00
      vertex   3.387579e+00 -2.309612e+00 8.500000e+00
      vertex   3.550704e+00 -2.050000e+00 8.500000e+00
    endloop
  endfacet
  facet normal -0.000000e+00 0.000000e+00 1.000000e+00
    outer loop
      vertex   2.304845e+00 -4.584623e-01 8.500000e+00
      vertex   3.550704e+00 -2.050000e+00 8.500000e+00
      vertex   2.338684e+00 -2.303403e-01 8.500000e+00
    endloop
  endfacet
  facet normal 0.000000e+00 0.000000e+00 1.000000e+00
    outer loop
      vertex   2.338684e+00 -2.303403e-01 8.500000e+00
      vertex   3.550704e+00 -2.050000e+00 8.500000e+00
      vertex   3.693972e+00 -1.778923e+00 8.500000e+00
    endloop
  endfacet
  facet normal 0.000000e+00 0.000000e+00 1.000000e+00
    outer loop
      vertex   2.338684e+00 -2.303403e-01 8.500000e+00
      vertex   3.693972e+00 -1.778923e+00 8.500000e+00
      vertex   3.816582e+00 -1.497898e+00 8.500000e+00
    endloop
  endfacet
  facet normal 0.000000e+00 -0.000000e+00 1.000000e+00
    outer loop
      vertex   3.816582e+00 -1.497898e+00 8.500000e+00
      vertex   3.917849e+00 -1.208496e+00 8.500000e+00
      vertex   2.338684e+00 -2.303403e-01 8.500000e+00
    endloop
  endfacet
  facet normal -0.000000e+00 0.000000e+00 1.000000e+00
    outer loop
      vertex   2.338684e+00 -2.303403e-01 8.500000e+00
      vertex   3.917849e+00 -1.208496e+00 8.500000e+00
      vertex   2.350000e+00 0.000000e+00 8.500000e+00
    endloop
  endfacet
  facet normal 0.000000e+00 0.000000e+00 1.000000e+00
    outer loop
      vertex   2.350000e+00 0.000000e+00 8.500000e+00
      vertex   3.917849e+00 -1.208496e+00 8.500000e+00
      vertex   3.997204e+00 -9.123358e-01 8.500000e+00
    endloop
  endfacet
  facet normal 0.000000e+00 0.000000e+00 1.000000e+00
    outer loop
      vertex   2.350000e+00 0.000000e+00 8.500000e+00
      vertex   3.997204e+00 -9.123358e-01 8.500000e+00
      vertex   4.054206e+00 -6.110733e-01 8.500000e+00
    endloop
  endfacet
  facet normal 0.000000e+00 -0.000000e+00 1.000000e+00
    outer loop
      vertex   4.054206e+00 -6.110733e-01 8.500000e+00
      vertex   4.088536e+00 -3.063934e-01 8.500000e+00
      vertex   2.350000e+00 0.000000e+00 8.500000e+00
    endloop
  endfacet
  facet normal 0.000000e+00 0.000000e+00 1.000000e+00
    outer loop
      vertex   2.350000e+00 0.000000e+00 8.500000e+00
      vertex   4.088536e+00 -3.063934e-01 8.500000e+00
      vertex   4.100000e+00 -9.103829e-16 8.500000e+00
    endloop
  endfacet
  facet normal -0.000000e+00 0.000000e+00 1.000000e+00
    outer loop
      vertex   2.350000e+00 0.000000e+00 8.500000e+00
      vertex   4.100000e+00 -9.103829e-16 8.500000e+00
      vertex   4.088536e+00 3.063934e-01 8.500000e+00
    endloop
  endfacet
  facet normal 0.000000e+00 0.000000e+00 1.000000e+00
    outer loop
      vertex   4.088536e+00 3.063934e-01 8.500000e+00
      vertex   4.054206e+00 6.110733e-01 8.500000e+00
      vertex   2.350000e+00 0.000000e+00 8.500000e+00
    endloop
  endfacet
  facet normal 0.000000e+00 0.000000e+00 1.000000e+00
    outer loop
      vertex   2.350000e+00 0.000000e+00 8.500000e+00
      vertex   4.054206e+00 6.110733e-01 8.500000e+00
      vertex   3.997204e+00 9.123358e-01 8.500000e+00
    endloop
  endfacet
  facet normal 0.000000e+00 0.000000e+00 1.000000e+00
    outer loop
      vertex   2.350000e+00 0.000000e+00 8.500000e+00
      vertex   3.997204e+00 9.123358e-01 8.500000e+00
      vertex   3.917849e+00 1.208496e+00 8.500000e+00
    endloop
  endfacet
  facet normal 0.000000e+00 -0.000000e+00 1.000000e+00
    outer loop
      vertex   2.350000e+00 0.000000e+00 8.500000e+00
      vertex   3.917849e+00 1.208496e+00 8.500000e+00
      vertex   2.338684e+00 2.303403e-01 8.500000e+00
    endloop
  endfacet
  facet normal 0.000000e+00 0.000000e+00 1.000000e+00
    outer loop
      vertex   2.338684e+00 2.303403e-01 8.500000e+00
      vertex   3.917849e+00 1.208496e+00 8.500000e+00
      vertex   3.816582e+00 1.497898e+00 8.500000e+00
    endloop
  endfacet
  facet normal 0.000000e+00 0.000000e+00 1.000000e+00
    outer loop
      vertex   2.338684e+00 2.303403e-01 8.500000e+00
      vertex   3.816582e+00 1.497898e+00 8.500000e+00
      vertex   3.693972e+00 1.778923e+00 8.500000e+00
    endloop
  endfacet
  facet normal 0.000000e+00 0.000000e+00 1.000000e+00
    outer loop
      vertex   3.693972e+00 1.778923e+00 8.500000e+00
      vertex   3.550704e+00 2.050000e+00 8.500000e+00
      vertex   2.338684e+00 2.303403e-01 8.500000e+00
    endloop
  endfacet
  facet normal 0.000000e+00 -0.000000e+00 1.000000e+00
    outer loop
      vertex   2.338684e+00 2.303403e-01 8.500000e+00
      vertex   3.550704e+00 2.050000e+00 8.500000e+00
      vertex   2.304845e+00 4.584623e-01 8.500000e+00
    endloop
  endfacet
  facet normal 0.000000e+00 0.000000e+00 1.000000e+00
    outer loop
      vertex   2.304845e+00 4.584623e-01 8.500000e+00
      vertex   3.550704e+00 2.050000e+00 8.500000e+00
      vertex   3.387579e+00 2.309612e+00 8.500000e+00
    endloop
  endfacet
  facet normal 0.000000e+00 -0.000000e+00 1.000000e+00
    outer loop
      vertex   2.304845e+00 4.584623e-01 8.500000e+00
      vertex   3.387579e+00 2.309612e+00 8.500000e+00
      vertex   2.248810e+00 6.821690e-01 8.500000e+00
    endloop
  endfacet
  facet normal 0.000000e+00 0.000000e+00 1.000000e+00
    outer loop
      vertex   2.248810e+00 6.821690e-01 8.500000e+00
      vertex   3.387579e+00 2.309612e+00 8.500000e+00
      vertex   3.205509e+00 2.556308e+00 8.500000e+00
    endloop
  endfacet
  facet normal 0.000000e+00 0.000000e+00 1.000000e+00
    outer loop
      vertex   2.248810e+00 6.821690e-01 8.500000e+00
      vertex   3.205509e+00 2.556308e+00 8.500000e+00
      vertex   3.005513e+00 2.788708e+00 8.500000e+00
    endloop
  endfacet
  facet normal 0.000000e+00 -0.000000e+00 1.000000e+00
    outer loop
      vertex   2.248810e+00 6.821690e-01 8.500000e+00
      vertex   3.005513e+00 2.788708e+00 8.500000e+00
      vertex   2.171117e+00 8.993061e-01 8.500000e+00
    endloop
  endfacet
  facet normal 0.000000e+00 0.000000e+00 1.000000e+00
    outer loop
      vertex   2.171117e+00 8.993061e-01 8.500000e+00
      vertex   3.005513e+00 2.788708e+00 8.500000e+00
      vertex   2.788708e+00 3.005513e+00 8.500000e+00
    endloop
  endfacet
  facet normal 0.000000e+00 -0.000000e+00 1.000000e+00
    outer loop
      vertex   2.171117e+00 8.993061e-01 8.500000e+00
      vertex   2.788708e+00 3.005513e+00 8.500000e+00
      vertex   2.072515e+00 1.107782e+00 8.500000e+00
    endloop
  endfacet
  facet normal 0.000000e+00 0.000000e+00 1.000000e+00
    outer loop
      vertex   2.072515e+00 1.107782e+00 8.500000e+00
      vertex   2.788708e+00 3.005513e+00 8.500000e+00
      vertex   2.556308e+00 3.205509e+00 8.500000e+00
    endloop
  endfacet
  facet normal 0.000000e+00 -0.000000e+00 1.000000e+00
    outer loop
      vertex   2.072515e+00 1.107782e+00 8.500000e+00
      vertex   2.556308e+00 3.205509e+00 8.500000e+00
      vertex   1.953954e+00 1.305590e+00 8.500000e+00
    endloop
  endfacet
  facet normal 0.000000e+00 0.000000e+00 1.000000e+00
    outer loop
      vertex   1.953954e+00 1.305590e+00 8.500000e+00
      vertex   2.556308e+00 3.205509e+00 8.500000e+00
      vertex   2.309612e+00 3.387579e+00 8.500000e+00
    endloop
  endfacet
  facet normal 0.000000e+00 -0.000000e+00 1.000000e+00
    outer loop
      vertex   1.953954e+00 1.305590e+00 8.500000e+00
      vertex   2.309612e+00 3.387579e+00 8.500000e+00
      vertex   1.816575e+00 1.490824e+00 8.500000e+00
    endloop
  endfacet
  facet normal 0.000000e+00 0.000000e+00 1.000000e+00
    outer loop
      vertex   1.816575e+00 1.490824e+00 8.500000e+00
      vertex   2.309612e+00 3.387579e+00 8.500000e+00
      vertex   2.050000e+00 3.550704e+00 8.500000e+00
    endloop
  endfacet
  facet normal 0.000000e+00 -0.000000e+00 1.000000e+00
    outer loop
      vertex   1.816575e+00 1.490824e+00 8.500000e+00
      vertex   2.050000e+00 3.550704e+00 8.500000e+00
      vertex   1.661701e+00 1.661701e+00 8.500000e+00
    endloop
  endfacet
  facet normal 0.000000e+00 -0.000000e+00 1.000000e+00
    outer loop
      vertex   1.661701e+00 1.661701e+00 8.500000e+00
      vertex   2.050000e+00 3.550704e+00 8.500000e+00
      vertex   1.490824e+00 1.816575e+00 8.500000e+00
    endloop
  endfacet
  facet normal 0.000000e+00 0.000000e+00 1.000000e+00
    outer loop
      vertex   1.490824e+00 1.816575e+00 8.500000e+00
      vertex   2.050000e+00 3.550704e+00 8.500000e+00
      vertex   1.778923e+00 3.693972e+00 8.500000e+00
    endloop
  endfacet
  facet normal 0.000000e+00 -0.000000e+00 1.000000e+00
    outer loop
      vertex   1.490824e+00 1.816575e+00 8.500000e+00
      vertex   1.778923e+00 3.693972e+00 8.500000e+00
      vertex   1.305590e+00 1.953954e+00 8.500000e+00
    endloop
  endfacet
  facet normal 0.000000e+00 0.000000e+00 1.000000e+00
    outer loop
      vertex   1.305590e+00 1.953954e+00 8.500000e+00
      vertex   1.778923e+00 3.693972e+00 8.500000e+00
      vertex   1.497898e+00 3.816582e+00 8.500000e+00
    endloop
  endfacet
  facet normal 0.000000e+00 -0.000000e+00 1.000000e+00
    outer loop
      vertex   1.305590e+00 1.953954e+00 8.500000e+00
      vertex   1.497898e+00 3.816582e+00 8.500000e+00
      vertex   1.107782e+00 2.072515e+00 8.500000e+00
    endloop
  endfacet
  facet normal 0.000000e+00 0.000000e+00 1.000000e+00
    outer loop
      vertex   1.107782e+00 2.072515e+00 8.500000e+00
      vertex   1.497898e+00 3.816582e+00 8.500000e+00
      vertex   1.208496e+00 3.917849e+00 8.500000e+00
    endloop
  endfacet
  facet normal 0.000000e+00 -0.000000e+00 1.000000e+00
    outer loop
      vertex   1.107782e+00 2.072515e+00 8.500000e+00
      vertex   1.208496e+00 3.917849e+00 8.500000e+00
      vertex   8.993061e-01 2.171117e+00 8.500000e+00
    endloop
  endfacet
  facet normal 0.000000e+00 0.000000e+00 1.000000e+00
    outer loop
      vertex   8.993061e-01 2.171117e+00 8.500000e+00
      vertex   1.208496e+00 3.917849e+00 8.500000e+00
      vertex   9.123358e-01 3.997204e+00 8.500000e+00
    endloop
  endfacet
  facet normal 0.000000e+00 -0.000000e+00 1.000000e+00
    outer loop
      vertex   8.993061e-01 2.171117e+00 8.500000e+00
      vertex   9.123358e-01 3.997204e+00 8.500000e+00
      vertex   6.821690e-01 2.248810e+00 8.500000e+00
    endloop
  endfacet
  facet normal 0.000000e+00 -0.000000e+00 1.000000e+00
    outer loop
      vertex   6.821690e-01 2.248810e+00 8.500000e+00
      vertex   9.123358e-01 3.997204e+00 8.500000e+00
      vertex   6.110733e-01 4.054206e+00 8.500000e+00
    endloop
  endfacet
  facet normal 0.000000e+00 0.000000e+00 1.000000e+00
    outer loop
      vertex   6.821690e-01 2.248810e+00 8.500000e+00
      vertex   6.110733e-01 4.054206e+00 8.500000e+00
      vertex   4.584623e-01 2.304845e+00 8.500000e+00
    endloop
  endfacet
  facet normal 0.000000e+00 -0.000000e+00 1.000000e+00
    outer loop
      vertex   4.584623e-01 2.304845e+00 8.500000e+00
      vertex   6.110733e-01 4.054206e+00 8.500000e+00
      vertex   3.063934e-01 4.088536e+00 8.500000e+00
    endloop
  endfacet
  facet normal 0.000000e+00 0.000000e+00 1.000000e+00
    outer loop
      vertex   4.584623e-01 2.304845e+00 8.500000e+00
      vertex   3.063934e-01 4.088536e+00 8.500000e+00
      vertex   2.303403e-01 2.338684e+00 8.500000e+00
    endloop
  endfacet
  facet normal 0.000000e+00 -0.000000e+00 1.000000e+00
    outer loop
      vertex   2.303403e-01 2.338684e+00 8.500000e+00
      vertex   3.063934e-01 4.088536e+00 8.500000e+00
      vertex   -5.551115e-16 4.100000e+00 8.500000e+00
    endloop
  endfacet
  facet normal 0.000000e+00 0.000000e+00 1.000000e+00
    outer loop
      vertex   2.303403e-01 2.338684e+00 8.500000e+00
      vertex   -5.551115e-16 4.100000e+00 8.500000e+00
      vertex   -5.551115e-16 2.350000e+00 8.500000e+00
    endloop
  endfacet
  facet normal 3.360234e-02 -9.994353e-01 0.000000e+00
    outer loop
      vertex   -5.551115e-16 -4.100000e+00 7.800000e+00
      vertex   2.753836e-01 -4.090741e+00 7.800000e+00
      vertex   -5.551115e-16 -4.100000e+00 8.500000e+00
    endloop
  endfacet
  facet normal 3.739115e-02 -9.992996e-01 1.492333e-03
    outer loop
      vertex   -5.551115e-16 -4.100000e+00 8.500000e+00
      vertex   2.753836e-01 -4.090741e+00 7.800000e+00
      vertex   3.063934e-01 -4.088536e+00 8.500000e+00
    endloop
  endfacet
  facet normal 1.006552e-01 -9.949205e-01 -1.324043e-03
    outer loop
      vertex   3.063934e-01 -4.088536e+00 8.500000e+00
      vertex   2.753836e-01 -4.090741e+00 7.800000e+00
      vertex   5.495234e-01 -4.063007e+00 7.800000e+00
    endloop
  endfacet
  facet normal 1.119641e-01 -9.937087e-01 2.648060e-03
    outer loop
      vertex   3.063934e-01 -4.088536e+00 8.500000e+00
      vertex   5.495234e-01 -4.063007e+00 7.800000e+00
      vertex   6.110733e-01 -4.054206e+00 8.500000e+00
    endloop
  endfacet
  facet normal 1.672531e-01 -9.859113e-01 -2.311446e-03
    outer loop
      vertex   6.110733e-01 -4.054206e+00 8.500000e+00
      vertex   5.495234e-01 -4.063007e+00 7.800000e+00
      vertex   8.211813e-01 -4.016922e+00 7.800000e+00
    endloop
  endfacet
  facet normal 1.859105e-01 -9.825606e-01 3.467116e-03
    outer loop
      vertex   6.110733e-01 -4.054206e+00 8.500000e+00
      vertex   8.211813e-01 -4.016922e+00 7.800000e+00
      vertex   9.123358e-01 -3.997204e+00 8.500000e+00
    endloop
  endfacet
  facet normal 2.330955e-01 -9.724493e-01 -2.962154e-03
    outer loop
      vertex   9.123358e-01 -3.997204e+00 8.500000e+00
      vertex   8.211813e-01 -4.016922e+00 7.800000e+00
      vertex   1.089130e+00 -3.952695e+00 7.800000e+00
    endloop
  endfacet
  facet normal 2.588170e-01 -9.659183e-01 3.949459e-03
    outer loop
      vertex   9.123358e-01 -3.997204e+00 8.500000e+00
      vertex   1.089130e+00 -3.952695e+00 7.800000e+00
      vertex   1.208496e+00 -3.917849e+00 8.500000e+00
    endloop
  endfacet
  facet normal 2.978850e-01 -9.545961e-01 -3.276135e-03
    outer loop
      vertex   1.208496e+00 -3.917849e+00 8.500000e+00
      vertex   1.089130e+00 -3.952695e+00 7.800000e+00
      vertex   1.352160e+00 -3.870615e+00 7.800000e+00
    endloop
  endfacet
  facet normal 3.302763e-01 -9.438754e-01 4.095068e-03
    outer loop
      vertex   1.208496e+00 -3.917849e+00 8.500000e+00
      vertex   1.352160e+00 -3.870615e+00 7.800000e+00
      vertex   1.497898e+00 -3.816582e+00 8.500000e+00
    endloop
  endfacet
  facet normal 3.613295e-01 -9.324325e-01 -3.253373e-03
    outer loop
      vertex   1.497898e+00 -3.816582e+00 8.500000e+00
      vertex   1.352160e+00 -3.870615e+00 7.800000e+00
      vertex   1.609084e+00 -3.771054e+00 7.800000e+00
    endloop
  endfacet
  facet normal 3.998890e-01 -9.165553e-01 3.903935e-03
    outer loop
      vertex   1.497898e+00 -3.816582e+00 8.500000e+00
      vertex   1.609084e+00 -3.771054e+00 7.800000e+00
      vertex   1.778923e+00 -3.693972e+00 8.500000e+00
    endloop
  endfacet
  facet normal 4.231424e-01 -9.060586e-01 -2.893868e-03
    outer loop
      vertex   1.778923e+00 -3.693972e+00 8.500000e+00
      vertex   1.609084e+00 -3.771054e+00 7.800000e+00
      vertex   1.858739e+00 -3.654461e+00 7.800000e+00
    endloop
  endfacet
  facet normal 4.672660e-01 -8.841104e-01 3.376069e-03
    outer loop
      vertex   1.778923e+00 -3.693972e+00 8.500000e+00
      vertex   1.858739e+00 -3.654461e+00 7.800000e+00
      vertex   2.050000e+00 -3.550704e+00 8.500000e+00
    endloop
  endfacet
  facet normal 4.830447e-01 -8.755929e-01 -2.197640e-03
    outer loop
      vertex   2.050000e+00 -3.550704e+00 8.500000e+00
      vertex   1.858739e+00 -3.654461e+00 7.800000e+00
      vertex   2.100000e+00 -3.521363e+00 7.800000e+00
    endloop
  endfacet
  facet normal 5.320304e-01 -8.467215e-01 2.511496e-03
    outer loop
      vertex   2.050000e+00 -3.550704e+00 8.500000e+00
      vertex   2.100000e+00 -3.521363e+00 7.800000e+00
      vertex   2.309612e+00 -3.387579e+00 8.500000e+00
    endloop
  endfacet
  facet normal 5.339945e-01 -8.454863e-01 1.687283e-03
    outer loop
      vertex   2.309612e+00 -3.387579e+00 8.500000e+00
      vertex   2.100000e+00 -3.521363e+00 7.800000e+00
      vertex   2.267583e+00 -3.415855e+00 7.632417e+00
    endloop
  endfacet
  facet normal 5.723548e-01 -8.200055e-01 -1.001528e-03
    outer loop
      vertex   2.309612e+00 -3.387579e+00 8.500000e+00
      vertex   2.267583e+00 -3.415855e+00 7.632417e+00
      vertex   2.429876e+00 -3.302379e+00 7.470124e+00
    endloop
  endfacet
  facet normal 5.938179e-01 -8.045947e-01 2.779740e-03
    outer loop
      vertex   2.309612e+00 -3.387579e+00 8.500000e+00
      vertex   2.429876e+00 -3.302379e+00 7.470124e+00
      vertex   2.556308e+00 -3.205509e+00 8.500000e+00
    endloop
  endfacet
  facet normal 6.115239e-01 -7.912257e-01 -6.514102e-04
    outer loop
      vertex   2.556308e+00 -3.205509e+00 8.500000e+00
      vertex   2.429876e+00 -3.302379e+00 7.470124e+00
      vertex   2.586500e+00 -3.181198e+00 7.313500e+00
    endloop
  endfacet
  facet normal 6.499666e-01 -7.599622e-01 9.673910e-04
    outer loop
      vertex   2.556308e+00 -3.205509e+00 8.500000e+00
      vertex   2.586500e+00 -3.181198e+00 7.313500e+00
      vertex   2.737090e+00 -3.052595e+00 7.162910e+00
    endloop
  endfacet
  facet normal 6.522867e-01 -7.579709e-01 1.508809e-03
    outer loop
      vertex   2.556308e+00 -3.205509e+00 8.500000e+00
      vertex   2.737090e+00 -3.052595e+00 7.162910e+00
      vertex   2.788708e+00 -3.005513e+00 8.500000e+00
    endloop
  endfacet
  facet normal 6.849512e-01 -7.285885e-01 -7.868386e-04
    outer loop
      vertex   2.788708e+00 -3.005513e+00 8.500000e+00
      vertex   2.737090e+00 -3.052595e+00 7.162910e+00
      vertex   2.881295e+00 -2.916872e+00 7.018705e+00
    endloop
  endfacet
  facet normal 7.071055e-01 -7.071055e-01 1.883438e-03
    outer loop
      vertex   2.788708e+00 -3.005513e+00 8.500000e+00
      vertex   2.881295e+00 -2.916872e+00 7.018705e+00
      vertex   3.005513e+00 -2.788708e+00 8.500000e+00
    endloop
  endfacet
  facet normal 7.196031e-01 -6.943855e-01 -2.651310e-04
    outer loop
      vertex   3.005513e+00 -2.788708e+00 8.500000e+00
      vertex   2.881295e+00 -2.916872e+00 7.018705e+00
      vertex   3.018778e+00 -2.774343e+00 6.881222e+00
    endloop
  endfacet
  facet normal 7.525542e-01 -6.585302e-01 3.230643e-04
    outer loop
      vertex   3.005513e+00 -2.788708e+00 8.500000e+00
      vertex   3.018778e+00 -2.774343e+00 6.881222e+00
      vertex   3.149218e+00 -2.625343e+00 6.750782e+00
    endloop
  endfacet
  facet normal 7.579710e-01 -6.522868e-01 1.351174e-03
    outer loop
      vertex   3.005513e+00 -2.788708e+00 8.500000e+00
      vertex   3.149218e+00 -2.625343e+00 6.750782e+00
      vertex   3.205509e+00 -2.556308e+00 8.500000e+00
    endloop
  endfacet
  facet normal 7.830883e-01 -6.219102e-01 -6.559492e-04
    outer loop
      vertex   3.205509e+00 -2.556308e+00 8.500000e+00
      vertex   3.149218e+00 -2.625343e+00 6.750782e+00
      vertex   3.272312e+00 -2.470217e+00 6.627688e+00
    endloop
  endfacet
  facet normal 8.045970e-01 -5.938196e-01 1.403107e-03
    outer loop
      vertex   3.205509e+00 -2.556308e+00 8.500000e+00
      vertex   3.272312e+00 -2.470217e+00 6.627688e+00
      vertex   3.387579e+00 -2.309612e+00 8.500000e+00
    endloop
  endfacet
  facet normal 8.124409e-01 -5.830435e-01 -4.154201e-06
    outer loop
      vertex   3.387579e+00 -2.309612e+00 8.500000e+00
      vertex   3.272312e+00 -2.470217e+00 6.627688e+00
      vertex   3.387772e+00 -2.309329e+00 6.512228e+00
    endloop
  endfacet
  facet normal 8.396486e-01 -5.431300e-01 4.168562e-06
    outer loop
      vertex   3.387579e+00 -2.309612e+00 8.500000e+00
      vertex   3.387772e+00 -2.309329e+00 6.512228e+00
      vertex   3.495328e+00 -2.143054e+00 6.404672e+00
    endloop
  endfacet
  facet normal 8.467235e-01 -5.320317e-01 1.250203e-03
    outer loop
      vertex   3.387579e+00 -2.309612e+00 8.500000e+00
      vertex   3.495328e+00 -2.143054e+00 6.404672e+00
      vertex   3.550704e+00 -2.050000e+00 8.500000e+00
    endloop
  endfacet
  facet normal 8.647545e-01 -5.021945e-01 -5.513935e-04
    outer loop
      vertex   3.550704e+00 -2.050000e+00 8.500000e+00
      vertex   3.495328e+00 -2.143054e+00 6.404672e+00
      vertex   3.594731e+00 -1.971779e+00 6.305269e+00
    endloop
  endfacet
  facet normal 8.841149e-01 -4.672684e-01 1.081763e-03
    outer loop
      vertex   3.550704e+00 -2.050000e+00 8.500000e+00
      vertex   3.594731e+00 -1.971779e+00 6.305269e+00
      vertex   3.693972e+00 -1.778923e+00 8.500000e+00
    endloop
  endfacet
  facet normal 8.881681e-01 -4.595187e-01 2.175105e-04
    outer loop
      vertex   3.693972e+00 -1.778923e+00 8.500000e+00
      vertex   3.594731e+00 -1.971779e+00 6.305269e+00
      vertex   3.685747e+00 -1.795904e+00 6.214253e+00
    endloop
  endfacet
  facet normal 9.092476e-01 -4.162556e-01 -1.797423e-04
    outer loop
      vertex   3.693972e+00 -1.778923e+00 8.500000e+00
      vertex   3.685747e+00 -1.795904e+00 6.214253e+00
      vertex   3.768164e+00 -1.615839e+00 6.131836e+00
    endloop
  endfacet
  facet normal 9.165616e-01 -3.998917e-01 1.176299e-03
    outer loop
      vertex   3.693972e+00 -1.778923e+00 8.500000e+00
      vertex   3.768164e+00 -1.615839e+00 6.131836e+00
      vertex   3.816582e+00 -1.497898e+00 8.500000e+00
    endloop
  endfacet
  facet normal 9.282513e-01 -3.719534e-01 -4.541029e-04
    outer loop
      vertex   3.816582e+00 -1.497898e+00 8.500000e+00
      vertex   3.768164e+00 -1.615839e+00 6.131836e+00
      vertex   3.841791e+00 -1.432005e+00 6.058209e+00
    endloop
  endfacet
  facet normal 9.438830e-01 -3.302789e-01 8.318901e-04
    outer loop
      vertex   3.816582e+00 -1.497898e+00 8.500000e+00
      vertex   3.841791e+00 -1.432005e+00 6.058209e+00
      vertex   3.917849e+00 -1.208496e+00 8.500000e+00
    endloop
  endfacet
  facet normal 9.452302e-01 -3.264042e-01 4.352513e-04
    outer loop
      vertex   3.917849e+00 -1.208496e+00 8.500000e+00
      vertex   3.841791e+00 -1.432005e+00 6.058209e+00
      vertex   3.906456e+00 -1.244830e+00 5.993544e+00
    endloop
  endfacet
  facet normal 9.598253e-01 -2.805980e-01 -2.950999e-04
    outer loop
      vertex   3.917849e+00 -1.208496e+00 8.500000e+00
      vertex   3.906456e+00 -1.244830e+00 5.993544e+00
      vertex   3.962007e+00 -1.054751e+00 5.937993e+00
    endloop
  endfacet
  facet normal 9.659252e-01 -2.588189e-01 1.116994e-03
    outer loop
      vertex   3.917849e+00 -1.208496e+00 8.500000e+00
      vertex   3.962007e+00 -1.054751e+00 5.937993e+00
      vertex   3.997204e+00 -9.123358e-01 8.500000e+00
    endloop
  endfacet
  facet normal 9.740550e-01 -2.263101e-01 -8.017713e-04
    outer loop
      vertex   3.997204e+00 -9.123358e-01 8.500000e+00
      vertex   3.962007e+00 -1.054751e+00 5.937993e+00
      vertex   4.021475e+00 -7.985860e-01 5.878525e+00
    endloop
  endfacet
  facet normal 9.825660e-01 -1.859115e-01 1.029986e-03
    outer loop
      vertex   3.997204e+00 -9.123358e-01 8.500000e+00
      vertex   4.021475e+00 -7.985860e-01 5.878525e+00
      vertex   4.054206e+00 -6.110733e-01 8.500000e+00
    endloop
  endfacet
  facet normal 9.838861e-01 -1.787957e-01 5.045102e-04
    outer loop
      vertex   4.054206e+00 -6.110733e-01 8.500000e+00
      vertex   4.021475e+00 -7.985860e-01 5.878525e+00
      vertex   4.045204e+00 -6.680762e-01 5.854796e+00
    endloop
  endfacet
  facet normal 9.891522e-01 -1.468943e-01 -2.008717e-04
    outer loop
      vertex   4.054206e+00 -6.110733e-01 8.500000e+00
      vertex   4.045204e+00 -6.680762e-01 5.854796e+00
      vertex   4.064804e+00 -5.360661e-01 5.835196e+00
    endloop
  endfacet
  facet normal 9.934290e-01 -1.144475e-01 7.294274e-04
    outer loop
      vertex   4.064804e+00 -5.360661e-01 5.835196e+00
      vertex   4.080150e+00 -4.029581e-01 5.819850e+00
      vertex   4.054206e+00 -6.110733e-01 8.500000e+00
    endloop
  endfacet
  facet normal 9.937118e-01 -1.119644e-01 9.249787e-04
    outer loop
      vertex   4.054206e+00 -6.110733e-01 8.500000e+00
      vertex   4.080150e+00 -4.029581e-01 5.819850e+00
      vertex   4.088536e+00 -3.063934e-01 8.500000e+00
    endloop
  endfacet
  facet normal 9.966330e-01 -8.199199e-02 -1.640558e-04
    outer loop
      vertex   4.088536e+00 -3.063934e-01 8.500000e+00
      vertex   4.080150e+00 -4.029581e-01 5.819850e+00
      vertex   4.091155e+00 -2.691737e-01 5.808845e+00
    endloop
  endfacet
  facet normal 9.987860e-01 -4.925967e-02 2.907394e-04
    outer loop
      vertex   4.088536e+00 -3.063934e-01 8.500000e+00
      vertex   4.091155e+00 -2.691737e-01 5.808845e+00
      vertex   4.097783e+00 -1.348190e-01 5.802217e+00
    endloop
  endfacet
  facet normal 9.993002e-01 -3.739117e-02 1.047318e-03
    outer loop
      vertex   4.088536e+00 -3.063934e-01 8.500000e+00
      vertex   4.097783e+00 -1.348190e-01 5.802217e+00
      vertex   4.100000e+00 -9.103829e-16 8.500000e+00
    endloop
  endfacet
  facet normal 9.998648e-01 -1.644320e-02 -5.544300e-18
    outer loop
      vertex   4.100000e+00 -9.103829e-16 8.500000e+00
      vertex   4.097783e+00 -1.348190e-01 5.802217e+00
      vertex   4.100000e+00 0.000000e+00 5.800000e+00
    endloop
  endfacet
  facet normal 9.993007e-01 3.739119e-02 1.260752e-17
    outer loop
      vertex   4.100000e+00 -9.103829e-16 8.500000e+00
      vertex   4.100000e+00 0.000000e+00 5.800000e+00
      vertex   4.088536e+00 3.063934e-01 8.500000e+00
    endloop
  endfacet
  facet normal 9.993007e-01 3.739119e-02 5.428566e-18
    outer loop
      vertex   4.088536e+00 3.063934e-01 8.500000e+00
      vertex   4.100000e+00 0.000000e+00 5.800000e+00
      vertex   4.088536e+00 3.063934e-01 2.000000e+00
    endloop
  endfacet
  facet normal 9.937122e-01 1.119645e-01 1.625534e-17
    outer loop
      vertex   4.088536e+00 3.063934e-01 8.500000e+00
      vertex   4.088536e+00 3.063934e-01 2.000000e+00
      vertex   4.054206e+00 6.110733e-01 8.500000e+00
    endloop
  endfacet
  facet normal 9.937122e-01 1.119645e-01 1.721154e-17
    outer loop
      vertex   4.054206e+00 6.110733e-01 8.500000e+00
      vertex   4.088536e+00 3.063934e-01 2.000000e+00
      vertex   4.054206e+00 6.110733e-01 2.000000e+00
    endloop
  endfacet
  facet normal 9.825665e-01 1.859116e-01 2.857892e-17
    outer loop
      vertex   4.054206e+00 6.110733e-01 8.500000e+00
      vertex   4.054206e+00 6.110733e-01 2.000000e+00
      vertex   3.997204e+00 9.123358e-01 8.500000e+00
    endloop
  endfacet
  facet normal 9.825665e-01 1.859116e-01 -1.632336e-17
    outer loop
      vertex   3.997204e+00 9.123358e-01 8.500000e+00
      vertex   4.054206e+00 6.110733e-01 2.000000e+00
      vertex   3.997204e+00 9.123358e-01 2.000000e+00
    endloop
  endfacet
  facet normal 9.659258e-01 2.588190e-01 4.738114e-18
    outer loop
      vertex   3.997204e+00 9.123358e-01 8.500000e+00
      vertex   3.997204e+00 9.123358e-01 2.000000e+00
      vertex   3.917849e+00 1.208496e+00 8.500000e+00
    endloop
  endfacet
  facet normal 9.659258e-01 2.588190e-01 -9.662107e-17
    outer loop
      vertex   3.917849e+00 1.208496e+00 8.500000e+00
      vertex   3.997204e+00 9.123358e-01 2.000000e+00
      vertex   3.917849e+00 1.208496e+00 2.000000e+00
    endloop
  endfacet
  facet normal 9.438833e-01 3.302791e-01 -8.384463e-17
    outer loop
      vertex   3.917849e+00 1.208496e+00 8.500000e+00
      vertex   3.917849e+00 1.208496e+00 2.000000e+00
      vertex   3.816582e+00 1.497898e+00 8.500000e+00
    endloop
  endfacet
  facet normal 9.438833e-01 3.302791e-01 4.513027e-17
    outer loop
      vertex   3.816582e+00 1.497898e+00 8.500000e+00
      vertex   3.917849e+00 1.208496e+00 2.000000e+00
      vertex   3.816582e+00 1.497898e+00 2.000000e+00
    endloop
  endfacet
  facet normal 9.165623e-01 3.998920e-01 5.464238e-17
    outer loop
      vertex   3.816582e+00 1.497898e+00 8.500000e+00
      vertex   3.816582e+00 1.497898e+00 2.000000e+00
      vertex   3.693972e+00 1.778923e+00 8.500000e+00
    endloop
  endfacet
  facet normal 9.165623e-01 3.998920e-01 -1.058989e-16
    outer loop
      vertex   3.693972e+00 1.778923e+00 8.500000e+00
      vertex   3.816582e+00 1.497898e+00 2.000000e+00
      vertex   3.693972e+00 1.778923e+00 2.000000e+00
    endloop
  endfacet
  facet normal 8.841154e-01 4.672686e-01 -8.543868e-17
    outer loop
      vertex   3.693972e+00 1.778923e+00 8.500000e+00
      vertex   3.693972e+00 1.778923e+00 2.000000e+00
      vertex   3.550704e+00 2.050000e+00 8.500000e+00
    endloop
  endfacet
  facet normal 8.841154e-01 4.672686e-01 0.000000e+00
    outer loop
      vertex   3.550704e+00 2.050000e+00 8.500000e+00
      vertex   3.693972e+00 1.778923e+00 2.000000e+00
      vertex   3.550704e+00 2.050000e+00 2.000000e+00
    endloop
  endfacet
  facet normal 8.467242e-01 5.320321e-01 0.000000e+00
    outer loop
      vertex   3.550704e+00 2.050000e+00 8.500000e+00
      vertex   3.550704e+00 2.050000e+00 2.000000e+00
      vertex   3.387579e+00 2.309612e+00 8.500000e+00
    endloop
  endfacet
  facet normal 8.467242e-01 5.320321e-01 3.634919e-17
    outer loop
      vertex   3.387579e+00 2.309612e+00 8.500000e+00
      vertex   3.550704e+00 2.050000e+00 2.000000e+00
      vertex   3.387579e+00 2.309612e+00 2.000000e+00
    endloop
  endfacet
  facet normal 8.045978e-01 5.938202e-01 4.057064e-17
    outer loop
      vertex   3.387579e+00 2.309612e+00 8.500000e+00
      vertex   3.387579e+00 2.309612e+00 2.000000e+00
      vertex   3.205509e+00 2.556308e+00 8.500000e+00
    endloop
  endfacet
  facet normal 8.045978e-01 5.938202e-01 5.234003e-17
    outer loop
      vertex   3.205509e+00 2.556308e+00 8.500000e+00
      vertex   3.387579e+00 2.309612e+00 2.000000e+00
      vertex   3.205509e+00 2.556308e+00 2.000000e+00
    endloop
  endfacet
  facet normal 7.579717e-01 6.522874e-01 7.468940e-17
    outer loop
      vertex   3.205509e+00 2.556308e+00 8.500000e+00
      vertex   3.205509e+00 2.556308e+00 2.000000e+00
      vertex   3.005513e+00 2.788708e+00 8.500000e+00
    endloop
  endfacet
  facet normal 7.579717e-01 6.522874e-01 0.000000e+00
    outer loop
      vertex   3.005513e+00 2.788708e+00 8.500000e+00
      vertex   3.205509e+00 2.556308e+00 2.000000e+00
      vertex   3.005513e+00 2.788708e+00 2.000000e+00
    endloop
  endfacet
  facet normal 7.071068e-01 7.071068e-01 0.000000e+00
    outer loop
      vertex   3.005513e+00 2.788708e+00 8.500000e+00
      vertex   3.005513e+00 2.788708e+00 2.000000e+00
      vertex   2.788708e+00 3.005513e+00 8.500000e+00
    endloop
  endfacet
  facet normal 7.071068e-01 7.071068e-01 0.000000e+00
    outer loop
      vertex   2.788708e+00 3.005513e+00 8.500000e+00
      vertex   3.005513e+00 2.788708e+00 2.000000e+00
      vertex   2.788708e+00 3.005513e+00 2.000000e+00
    endloop
  endfacet
  facet normal 6.522874e-01 7.579717e-01 1.444100e-17
    outer loop
      vertex   2.788708e+00 3.005513e+00 8.500000e+00
      vertex   2.788708e+00 3.005513e+00 2.000000e+00
      vertex   2.556308e+00 3.205509e+00 8.500000e+00
    endloop
  endfacet
  facet normal 6.522874e-01 7.579717e-01 -2.290369e-17
    outer loop
      vertex   2.556308e+00 3.205509e+00 8.500000e+00
      vertex   2.788708e+00 3.005513e+00 2.000000e+00
      vertex   2.556308e+00 3.205509e+00 2.000000e+00
    endloop
  endfacet
  facet normal 5.938202e-01 8.045978e-01 2.631235e-18
    outer loop
      vertex   2.556308e+00 3.205509e+00 8.500000e+00
      vertex   2.556308e+00 3.205509e+00 2.000000e+00
      vertex   2.309612e+00 3.387579e+00 8.500000e+00
    endloop
  endfacet
  facet normal 5.938202e-01 8.045978e-01 0.000000e+00
    outer loop
      vertex   2.309612e+00 3.387579e+00 8.500000e+00
      vertex   2.556308e+00 3.205509e+00 2.000000e+00
      vertex   2.309612e+00 3.387579e+00 2.000000e+00
    endloop
  endfacet
  facet normal 5.320321e-01 8.467242e-01 0.000000e+00
    outer loop
      vertex   2.309612e+00 3.387579e+00 8.500000e+00
      vertex   2.309612e+00 3.387579e+00 2.000000e+00
      vertex   2.050000e+00 3.550704e+00 8.500000e+00
    endloop
  endfacet
  facet normal 5.320321e-01 8.467242e-01 -1.484897e-17
    outer loop
      vertex   2.050000e+00 3.550704e+00 8.500000e+00
      vertex   2.309612e+00 3.387579e+00 2.000000e+00
      vertex   2.050000e+00 3.550704e+00 2.000000e+00
    endloop
  endfacet
  facet normal 4.672686e-01 8.841154e-01 -3.444893e-18
    outer loop
      vertex   2.050000e+00 3.550704e+00 8.500000e+00
      vertex   2.050000e+00 3.550704e+00 2.000000e+00
      vertex   1.778923e+00 3.693972e+00 8.500000e+00
    endloop
  endfacet
  facet normal 4.672686e-01 8.841154e-01 6.947646e-17
    outer loop
      vertex   1.778923e+00 3.693972e+00 8.500000e+00
      vertex   2.050000e+00 3.550704e+00 2.000000e+00
      vertex   1.778923e+00 3.693972e+00 2.000000e+00
    endloop
  endfacet
  facet normal 3.998920e-01 9.165623e-01 9.223833e-17
    outer loop
      vertex   1.778923e+00 3.693972e+00 8.500000e+00
      vertex   1.778923e+00 3.693972e+00 2.000000e+00
      vertex   1.497898e+00 3.816582e+00 8.500000e+00
    endloop
  endfacet
  facet normal 3.998920e-01 9.165623e-01 2.163905e-17
    outer loop
      vertex   1.497898e+00 3.816582e+00 8.500000e+00
      vertex   1.778923e+00 3.693972e+00 2.000000e+00
      vertex   1.497898e+00 3.816582e+00 2.000000e+00
    endloop
  endfacet
  facet normal 3.302791e-01 9.438833e-01 3.063975e-17
    outer loop
      vertex   1.497898e+00 3.816582e+00 8.500000e+00
      vertex   1.497898e+00 3.816582e+00 2.000000e+00
      vertex   1.208496e+00 3.917849e+00 8.500000e+00
    endloop
  endfacet
  facet normal 3.302791e-01 9.438833e-01 8.384463e-17
    outer loop
      vertex   1.208496e+00 3.917849e+00 8.500000e+00
      vertex   1.497898e+00 3.816582e+00 2.000000e+00
      vertex   1.208496e+00 3.917849e+00 2.000000e+00
    endloop
  endfacet
  facet normal 2.588190e-01 9.659258e-01 9.662107e-17
    outer loop
      vertex   1.208496e+00 3.917849e+00 8.500000e+00
      vertex   1.208496e+00 3.917849e+00 2.000000e+00
      vertex   9.123358e-01 3.997204e+00 8.500000e+00
    endloop
  endfacet
  facet normal 2.588190e-01 9.659258e-01 -4.738114e-18
    outer loop
      vertex   9.123358e-01 3.997204e+00 8.500000e+00
      vertex   1.208496e+00 3.917849e+00 2.000000e+00
      vertex   9.123358e-01 3.997204e+00 2.000000e+00
    endloop
  endfacet
  facet normal 1.859116e-01 9.825665e-01 1.632336e-17
    outer loop
      vertex   9.123358e-01 3.997204e+00 8.500000e+00
      vertex   9.123358e-01 3.997204e+00 2.000000e+00
      vertex   6.110733e-01 4.054206e+00 8.500000e+00
    endloop
  endfacet
  facet normal 1.859116e-01 9.825665e-01 1.088572e-16
    outer loop
      vertex   6.110733e-01 4.054206e+00 8.500000e+00
      vertex   9.123358e-01 3.997204e+00 2.000000e+00
      vertex   6.110733e-01 4.054206e+00 2.000000e+00
    endloop
  endfacet
  facet normal 1.119645e-01 9.937122e-01 1.204845e-16
    outer loop
      vertex   6.110733e-01 4.054206e+00 8.500000e+00
      vertex   6.110733e-01 4.054206e+00 2.000000e+00
      vertex   3.063934e-01 4.088536e+00 8.500000e+00
    endloop
  endfacet
  facet normal 1.119645e-01 9.937122e-01 -1.529914e-17
    outer loop
      vertex   3.063934e-01 4.088536e+00 8.500000e+00
      vertex   6.110733e-01 4.054206e+00 2.000000e+00
      vertex   3.063934e-01 4.088536e+00 2.000000e+00
    endloop
  endfacet
  facet normal 3.739119e-02 9.993007e-01 -5.109239e-18
    outer loop
      vertex   3.063934e-01 4.088536e+00 8.500000e+00
      vertex   3.063934e-01 4.088536e+00 2.000000e+00
      vertex   -5.551115e-16 4.100000e+00 8.500000e+00
    endloop
  endfacet
  facet normal 3.739119e-02 9.993007e-01 0.000000e+00
    outer loop
      vertex   -5.551115e-16 4.100000e+00 8.500000e+00
      vertex   3.063934e-01 4.088536e+00 2.000000e+00
      vertex   -5.551115e-16 4.100000e+00 2.000000e+00
    endloop
  endfacet
  facet normal 9.993007e-01 3.739119e-02 0.000000e+00
    outer loop
      vertex   4.100000e+00 0.000000e+00 5.800000e+00
      vertex   4.100000e+00 0.000000e+00 2.000000e+00
      vertex   4.088536e+00 3.063934e-01 2.000000e+00
    endloop
  endfacet
  facet normal 0.000000e+00 0.000000e+00 -1.000000e+00
    outer loop
      vertex   -5.551115e-16 2.100000e+00 0.000000e+00
      vertex   2.195098e-01 2.088496e+00 0.000000e+00
      vertex   -5.551115e-16 -1.177067e+01 0.000000e+00
    endloop
  endfacet
  facet normal 0.000000e+00 0.000000e+00 -1.000000e+00
    outer loop
      vertex   -5.551115e-16 -1.177067e+01 0.000000e+00
      vertex   2.195098e-01 2.088496e+00 0.000000e+00
      vertex   4.366146e-01 2.054110e+00 0.000000e+00
    endloop
  endfacet
  facet normal 0.000000e+00 0.000000e+00 -1.000000e+00
    outer loop
      vertex   -5.551115e-16 -1.177067e+01 0.000000e+00
      vertex   4.366146e-01 2.054110e+00 0.000000e+00
      vertex   6.489357e-01 1.997219e+00 0.000000e+00
    endloop
  endfacet
  facet normal 0.000000e+00 -0.000000e+00 -1.000000e+00
    outer loop
      vertex   6.489357e-01 1.997219e+00 0.000000e+00
      vertex   8.541470e-01 1.918445e+00 0.000000e+00
      vertex   -5.551115e-16 -1.177067e+01 0.000000e+00
    endloop
  endfacet
  facet normal 0.000000e+00 0.000000e+00 -1.000000e+00
    outer loop
      vertex   -5.551115e-16 -1.177067e+01 0.000000e+00
      vertex   8.541470e-01 1.918445e+00 0.000000e+00
      vertex   1.050000e+00 1.818653e+00 0.000000e+00
    endloop
  endfacet
  facet normal 0.000000e+00 0.000000e+00 -1.000000e+00
    outer loop
      vertex   -5.551115e-16 -1.177067e+01 0.000000e+00
      vertex   1.050000e+00 1.818653e+00 0.000000e+00
      vertex   1.234349e+00 1.698936e+00 0.000000e+00
    endloop
  endfacet
  facet normal 0.000000e+00 0.000000e+00 -1.000000e+00
    outer loop
      vertex   -5.551115e-16 -1.177067e+01 0.000000e+00
      vertex   1.234349e+00 1.698936e+00 0.000000e+00
      vertex   2.100000e+00 -1.177067e+01 0.000000e+00
    endloop
  endfacet
  facet normal 0.000000e+00 0.000000e+00 -1.000000e+00
    outer loop
      vertex   2.100000e+00 -1.177067e+01 0.000000e+00
      vertex   1.234349e+00 1.698936e+00 0.000000e+00
      vertex   1.405174e+00 1.560604e+00 0.000000e+00
    endloop
  endfacet
  facet normal 0.000000e+00 0.000000e+00 -1.000000e+00
    outer loop
      vertex   2.100000e+00 -1.177067e+01 0.000000e+00
      vertex   1.405174e+00 1.560604e+00 0.000000e+00
      vertex   1.560604e+00 1.405174e+00 0.000000e+00
    endloop
  endfacet
  facet normal 0.000000e+00 0.000000e+00 -1.000000e+00
    outer loop
      vertex   1.560604e+00 1.405174e+00 0.000000e+00
      vertex   1.698936e+00 1.234349e+00 0.000000e+00
      vertex   2.100000e+00 -1.177067e+01 0.000000e+00
    endloop
  endfacet
  facet normal 0.000000e+00 0.000000e+00 -1.000000e+00
    outer loop
      vertex   2.100000e+00 -1.177067e+01 0.000000e+00
      vertex   1.698936e+00 1.234349e+00 0.000000e+00
      vertex   2.100000e+00 0.000000e+00 0.000000e+00
    endloop
  endfacet
  facet normal 0.000000e+00 0.000000e+00 -1.000000e+00
    outer loop
      vertex   2.100000e+00 0.000000e+00 0.000000e+00
      vertex   1.698936e+00 1.234349e+00 0.000000e+00
      vertex   1.818653e+00 1.050000e+00 0.000000e+00
    endloop
  endfacet
  facet normal 0.000000e+00 0.000000e+00 -1.000000e+00
    outer loop
      vertex   2.100000e+00 0.000000e+00 0.000000e+00
      vertex   1.818653e+00 1.050000e+00 0.000000e+00
      vertex   1.918445e+00 8.541470e-01 0.000000e+00
    endloop
  endfacet
  facet normal 0.000000e+00 0.000000e+00 -1.000000e+00
    outer loop
      vertex   1.918445e+00 8.541470e-01 0.000000e+00
      vertex   1.997219e+00 6.489357e-01 0.000000e+00
      vertex   2.100000e+00 0.000000e+00 0.000000e+00
    endloop
  endfacet
  facet normal 0.000000e+00 0.000000e+00 -1.000000e+00
    outer loop
      vertex   2.100000e+00 0.000000e+00 0.000000e+00
      vertex   1.997219e+00 6.489357e-01 0.000000e+00
      vertex   2.054110e+00 4.366146e-01 0.000000e+00
    endloop
  endfacet
  facet normal 0.000000e+00 0.000000e+00 -1.000000e+00
    outer loop
      vertex   2.100000e+00 0.000000e+00 0.000000e+00
      vertex   2.054110e+00 4.366146e-01 0.000000e+00
      vertex   2.088496e+00 2.195098e-01 0.000000e+00
    endloop
  endfacet
  facet normal 0.000000e+00 -1.000000e+00 0.000000e+00
    outer loop
      vertex   2.338784e+00 2.293261e-01 5.858277e+00
      vertex   2.338784e+00 2.293261e-01 1.941723e+00
      vertex   2.500329e+00 2.293261e-01 5.647316e+00
    endloop
  endfacet
  facet normal 0.000000e+00 -1.000000e+00 -0.000000e+00
    outer loop
      vertex   2.500329e+00 2.293261e-01 5.647316e+00
      vertex   2.338784e+00 2.293261e-01 1.941723e+00
      vertex   2.500329e+00 2.293261e-01 2.152684e+00
    endloop
  endfacet
  facet normal 0.000000e+00 -1.000000e+00 0.000000e+00
    outer loop
      vertex   2.500329e+00 2.293261e-01 5.647316e+00
      vertex   2.500329e+00 2.293261e-01 2.152684e+00
      vertex   2.642903e+00 2.293261e-01 2.376903e+00
    endloop
  endfacet
  facet normal 0.000000e+00 -1.000000e+00 0.000000e+00
    outer loop
      vertex   2.500329e+00 2.293261e-01 5.647316e+00
      vertex   2.642903e+00 2.293261e-01 2.376903e+00
      vertex   2.642903e+00 2.293261e-01 5.423097e+00
    endloop
  endfacet
  facet normal 0.000000e+00 -1.000000e+00 0.000000e+00
    outer loop
      vertex   2.642903e+00 2.293261e-01 5.423097e+00
      vertex   2.642903e+00 2.293261e-01 2.376903e+00
      vertex   2.765423e+00 2.293261e-01 2.612678e+00
    endloop
  endfacet
  facet normal 0.000000e+00 -1.000000e+00 0.000000e+00
    outer loop
      vertex   2.642903e+00 2.293261e-01 5.423097e+00
      vertex   2.765423e+00 2.293261e-01 2.612678e+00
      vertex   2.765423e+00 2.293261e-01 5.187322e+00
    endloop
  endfacet
  facet normal 0.000000e+00 -1.000000e+00 0.000000e+00
    outer loop
      vertex   2.765423e+00 2.293261e-01 5.187322e+00
      vertex   2.765423e+00 2.293261e-01 2.612678e+00
      vertex   2.866960e+00 2.293261e-01 2.858222e+00
    endloop
  endfacet
  facet normal 0.000000e+00 -1.000000e+00 0.000000e+00
    outer loop
      vertex   2.765423e+00 2.293261e-01 5.187322e+00
      vertex   2.866960e+00 2.293261e-01 2.858222e+00
      vertex   2.866960e+00 2.293261e-01 4.941778e+00
    endloop
  endfacet
  facet normal 0.000000e+00 -1.000000e+00 0.000000e+00
    outer loop
      vertex   2.866960e+00 2.293261e-01 4.941778e+00
      vertex   2.866960e+00 2.293261e-01 2.858222e+00
      vertex   2.946743e+00 2.293261e-01 3.111670e+00
    endloop
  endfacet
  facet normal 0.000000e+00 -1.000000e+00 0.000000e+00
    outer loop
      vertex   2.866960e+00 2.293261e-01 4.941778e+00
      vertex   2.946743e+00 2.293261e-01 3.111670e+00
      vertex   2.946743e+00 2.293261e-01 4.688330e+00
    endloop
  endfacet
  facet normal 0.000000e+00 -1.000000e+00 0.000000e+00
    outer loop
      vertex   2.946743e+00 2.293261e-01 4.688330e+00
      vertex   2.946743e+00 2.293261e-01 3.111670e+00
      vertex   3.004168e+00 2.293261e-01 3.371100e+00
    endloop
  endfacet
  facet normal 0.000000e+00 -1.000000e+00 0.000000e+00
    outer loop
      vertex   2.946743e+00 2.293261e-01 4.688330e+00
      vertex   3.004168e+00 2.293261e-01 3.371100e+00
      vertex   3.004168e+00 2.293261e-01 4.428900e+00
    endloop
  endfacet
  facet normal 0.000000e+00 -1.000000e+00 0.000000e+00
    outer loop
      vertex   3.004168e+00 2.293261e-01 4.428900e+00
      vertex   3.004168e+00 2.293261e-01 3.371100e+00
      vertex   3.038798e+00 2.293261e-01 3.634543e+00
    endloop
  endfacet
  facet normal 0.000000e+00 -1.000000e+00 0.000000e+00
    outer loop
      vertex   3.004168e+00 2.293261e-01 4.428900e+00
      vertex   3.038798e+00 2.293261e-01 3.634543e+00
      vertex   3.038798e+00 2.293261e-01 4.165457e+00
    endloop
  endfacet
  facet normal 0.000000e+00 -1.000000e+00 0.000000e+00
    outer loop
      vertex   3.038798e+00 2.293261e-01 4.165457e+00
      vertex   3.038798e+00 2.293261e-01 3.634543e+00
      vertex   3.050370e+00 2.293261e-01 3.900000e+00
    endloop
  endfacet
  facet normal -0.000000e+00 1.000000e+00 -0.000000e+00
    outer loop
      vertex   7.005364e-16 -1.027067e+01 6.100000e+00
      vertex   -5.551115e-16 -1.027067e+01 6.950370e+00
      vertex   2.225703e-01 -1.027067e+01 6.088713e+00
    endloop
  endfacet
  facet normal 0.000000e+00 1.000000e+00 -0.000000e+00
    outer loop
      vertex   2.225703e-01 -1.027067e+01 6.088713e+00
      vertex   -5.551115e-16 -1.027067e+01 6.950370e+00
      vertex   2.658573e-01 -1.027067e+01 6.938763e+00
    endloop
  endfacet
  facet normal -0.000000e+00 1.000000e+00 0.000000e+00
    outer loop
      vertex   2.225703e-01 -1.027067e+01 6.088713e+00
      vertex   2.658573e-01 -1.027067e+01 6.938763e+00
      vertex   4.428567e-01 -1.027067e+01 6.054966e+00
    endloop
  endfacet
  facet normal 0.000000e+00 1.000000e+00 -0.000000e+00
    outer loop
      vertex   4.428567e-01 -1.027067e+01 6.054966e+00
      vertex   2.658573e-01 -1.027067e+01 6.938763e+00
      vertex   5.296913e-01 -1.027067e+01 6.904028e+00
    endloop
  endfacet
  facet normal -0.000000e+00 1.000000e+00 0.000000e+00
    outer loop
      vertex   4.428567e-01 -1.027067e+01 6.054966e+00
      vertex   5.296913e-01 -1.027067e+01 6.904028e+00
      vertex   6.585989e-01 -1.027067e+01 5.999106e+00
    endloop
  endfacet
  facet normal 0.000000e+00 1.000000e+00 -0.000000e+00
    outer loop
      vertex   6.585989e-01 -1.027067e+01 5.999106e+00
      vertex   5.296913e-01 -1.027067e+01 6.904028e+00
      vertex   7.894940e-01 -1.027067e+01 6.846432e+00
    endloop
  endfacet
  facet normal -0.000000e+00 1.000000e+00 0.000000e+00
    outer loop
      vertex   6.585989e-01 -1.027067e+01 5.999106e+00
      vertex   7.894940e-01 -1.027067e+01 6.846432e+00
      vertex   8.675829e-01 -1.027067e+01 5.921707e+00
    endloop
  endfacet
  facet normal 0.000000e+00 1.000000e+00 -0.000000e+00
    outer loop
      vertex   8.675829e-01 -1.027067e+01 5.921707e+00
      vertex   7.894940e-01 -1.027067e+01 6.846432e+00
      vertex   1.043288e+00 -1.027067e+01 6.766411e+00
    endloop
  endfacet
  facet normal -0.000000e+00 1.000000e+00 0.000000e+00
    outer loop
      vertex   8.675829e-01 -1.027067e+01 5.921707e+00
      vertex   1.043288e+00 -1.027067e+01 6.766411e+00
      vertex   1.067664e+00 -1.027067e+01 5.823563e+00
    endloop
  endfacet
  facet normal 0.000000e+00 1.000000e+00 -0.000000e+00
    outer loop
      vertex   1.067664e+00 -1.027067e+01 5.823563e+00
      vertex   1.043288e+00 -1.027067e+01 6.766411e+00
      vertex   1.289142e+00 -1.027067e+01 6.664574e+00
    endloop
  endfacet
  facet normal -0.000000e+00 1.000000e+00 0.000000e+00
    outer loop
      vertex   1.067664e+00 -1.027067e+01 5.823563e+00
      vertex   1.289142e+00 -1.027067e+01 6.664574e+00
      vertex   1.256790e+00 -1.027067e+01 5.705680e+00
    endloop
  endfacet
  facet normal 0.000000e+00 1.000000e+00 0.000000e+00
    outer loop
      vertex   1.256790e+00 -1.027067e+01 5.705680e+00
      vertex   1.289142e+00 -1.027067e+01 6.664574e+00
      vertex   1.525185e+00 -1.027067e+01 6.541698e+00
    endloop
  endfacet
  facet normal -0.000000e+00 1.000000e+00 0.000000e+00
    outer loop
      vertex   1.256790e+00 -1.027067e+01 5.705680e+00
      vertex   1.525185e+00 -1.027067e+01 6.541698e+00
      vertex   1.433019e+00 -1.027067e+01 5.569268e+00
    endloop
  endfacet
  facet normal 0.000000e+00 1.000000e+00 0.000000e+00
    outer loop
      vertex   1.433019e+00 -1.027067e+01 5.569268e+00
      vertex   1.525185e+00 -1.027067e+01 6.541698e+00
      vertex   1.749621e+00 -1.027067e+01 6.398717e+00
    endloop
  endfacet
  facet normal -0.000000e+00 1.000000e+00 0.000000e+00
    outer loop
      vertex   1.433019e+00 -1.027067e+01 5.569268e+00
      vertex   1.749621e+00 -1.027067e+01 6.398717e+00
      vertex   1.594544e+00 -1.027067e+01 5.415727e+00
    endloop
  endfacet
  facet normal 0.000000e+00 1.000000e+00 0.000000e+00
    outer loop
      vertex   1.594544e+00 -1.027067e+01 5.415727e+00
      vertex   1.749621e+00 -1.027067e+01 6.398717e+00
      vertex   1.960740e+00 -1.027067e+01 6.236719e+00
    endloop
  endfacet
  facet normal -0.000000e+00 1.000000e+00 0.000000e+00
    outer loop
      vertex   1.594544e+00 -1.027067e+01 5.415727e+00
      vertex   1.960740e+00 -1.027067e+01 6.236719e+00
      vertex   1.739707e+00 -1.027067e+01 5.246633e+00
    endloop
  endfacet
  facet normal 0.000000e+00 1.000000e+00 0.000000e+00
    outer loop
      vertex   1.739707e+00 -1.027067e+01 5.246633e+00
      vertex   1.960740e+00 -1.027067e+01 6.236719e+00
      vertex   2.156938e+00 -1.027067e+01 6.056938e+00
    endloop
  endfacet
  facet normal -0.000000e+00 1.000000e+00 0.000000e+00
    outer loop
      vertex   1.739707e+00 -1.027067e+01 5.246633e+00
      vertex   2.156938e+00 -1.027067e+01 6.056938e+00
      vertex   1.867017e+00 -1.027067e+01 5.063721e+00
    endloop
  endfacet
  facet normal 0.000000e+00 1.000000e+00 0.000000e+00
    outer loop
      vertex   1.867017e+00 -1.027067e+01 5.063721e+00
      vertex   2.156938e+00 -1.027067e+01 6.056938e+00
      vertex   2.336719e+00 -1.027067e+01 5.860740e+00
    endloop
  endfacet
  facet normal -0.000000e+00 1.000000e+00 0.000000e+00
    outer loop
      vertex   1.867017e+00 -1.027067e+01 5.063721e+00
      vertex   2.336719e+00 -1.027067e+01 5.860740e+00
      vertex   1.975170e+00 -1.027067e+01 4.868867e+00
    endloop
  endfacet
  facet normal 0.000000e+00 1.000000e+00 0.000000e+00
    outer loop
      vertex   1.975170e+00 -1.027067e+01 4.868867e+00
      vertex   2.336719e+00 -1.027067e+01 5.860740e+00
      vertex   2.498717e+00 -1.027067e+01 5.649621e+00
    endloop
  endfacet
  facet normal -0.000000e+00 1.000000e+00 0.000000e+00
    outer loop
      vertex   1.975170e+00 -1.027067e+01 4.868867e+00
      vertex   2.498717e+00 -1.027067e+01 5.649621e+00
      vertex   2.063055e+00 -1.027067e+01 4.664072e+00
    endloop
  endfacet
  facet normal 0.000000e+00 1.000000e+00 0.000000e+00
    outer loop
      vertex   2.063055e+00 -1.027067e+01 4.664072e+00
      vertex   2.498717e+00 -1.027067e+01 5.649621e+00
      vertex   2.641698e+00 -1.027067e+01 5.425185e+00
    endloop
  endfacet
  facet normal -0.000000e+00 1.000000e+00 0.000000e+00
    outer loop
      vertex   2.063055e+00 -1.027067e+01 4.664072e+00
      vertex   2.641698e+00 -1.027067e+01 5.425185e+00
      vertex   2.129770e+00 -1.027067e+01 4.451436e+00
    endloop
  endfacet
  facet normal 0.000000e+00 1.000000e+00 0.000000e+00
    outer loop
      vertex   2.129770e+00 -1.027067e+01 4.451436e+00
      vertex   2.641698e+00 -1.027067e+01 5.425185e+00
      vertex   2.764574e+00 -1.027067e+01 5.189142e+00
    endloop
  endfacet
  facet normal -0.000000e+00 1.000000e+00 0.000000e+00
    outer loop
      vertex   2.129770e+00 -1.027067e+01 4.451436e+00
      vertex   2.764574e+00 -1.027067e+01 5.189142e+00
      vertex   2.174630e+00 -1.027067e+01 4.233141e+00
    endloop
  endfacet
  facet normal 0.000000e+00 1.000000e+00 0.000000e+00
    outer loop
      vertex   2.174630e+00 -1.027067e+01 4.233141e+00
      vertex   2.764574e+00 -1.027067e+01 5.189142e+00
      vertex   2.866411e+00 -1.027067e+01 4.943288e+00
    endloop
  endfacet
  facet normal 0.000000e+00 1.000000e+00 0.000000e+00
    outer loop
      vertex   2.174630e+00 -1.027067e+01 4.233141e+00
      vertex   2.866411e+00 -1.027067e+01 4.943288e+00
      vertex   2.946432e+00 -1.027067e+01 4.689494e+00
    endloop
  endfacet
  facet normal -0.000000e+00 1.000000e+00 0.000000e+00
    outer loop
      vertex   2.174630e+00 -1.027067e+01 4.233141e+00
      vertex   2.946432e+00 -1.027067e+01 4.689494e+00
      vertex   2.197176e+00 -1.027067e+01 4.011428e+00
    endloop
  endfacet
  facet normal 0.000000e+00 1.000000e+00 0.000000e+00
    outer loop
      vertex   2.197176e+00 -1.027067e+01 4.011428e+00
      vertex   2.946432e+00 -1.027067e+01 4.689494e+00
      vertex   3.004028e+00 -1.027067e+01 4.429691e+00
    endloop
  endfacet
  facet normal 0.000000e+00 1.000000e+00 0.000000e+00
    outer loop
      vertex   2.197176e+00 -1.027067e+01 4.011428e+00
      vertex   3.004028e+00 -1.027067e+01 4.429691e+00
      vertex   3.038763e+00 -1.027067e+01 4.165857e+00
    endloop
  endfacet
  facet normal 0.000000e+00 1.000000e+00 0.000000e+00
    outer loop
      vertex   3.038763e+00 -1.027067e+01 4.165857e+00
      vertex   3.050370e+00 -1.027067e+01 3.900000e+00
      vertex   2.197176e+00 -1.027067e+01 4.011428e+00
    endloop
  endfacet
  facet normal 0.000000e+00 1.000000e+00 0.000000e+00
    outer loop
      vertex   2.197176e+00 -1.027067e+01 4.011428e+00
      vertex   3.050370e+00 -1.027067e+01 3.900000e+00
      vertex   2.197176e+00 -1.027067e+01 3.788572e+00
    endloop
  endfacet
  facet normal -0.000000e+00 1.000000e+00 0.000000e+00
    outer loop
      vertex   2.197176e+00 -1.027067e+01 3.788572e+00
      vertex   3.050370e+00 -1.027067e+01 3.900000e+00
      vertex   3.038763e+00 -1.027067e+01 3.634143e+00
    endloop
  endfacet
  facet normal 0.000000e+00 1.000000e+00 0.000000e+00
    outer loop
      vertex   2.197176e+00 -1.027067e+01 3.788572e+00
      vertex   3.038763e+00 -1.027067e+01 3.634143e+00
      vertex   3.004028e+00 -1.027067e+01 3.370309e+00
    endloop
  endfacet
  facet normal 0.000000e+00 1.000000e+00 0.000000e+00
    outer loop
      vertex   3.004028e+00 -1.027067e+01 3.370309e+00
      vertex   2.946432e+00 -1.027067e+01 3.110506e+00
      vertex   2.197176e+00 -1.027067e+01 3.788572e+00
    endloop
  endfacet
  facet normal 0.000000e+00 1.000000e+00 0.000000e+00
    outer loop
      vertex   2.197176e+00 -1.027067e+01 3.788572e+00
      vertex   2.946432e+00 -1.027067e+01 3.110506e+00
      vertex   2.174630e+00 -1.027067e+01 3.566859e+00
    endloop
  endfacet
  facet normal 0.000000e+00 1.000000e+00 0.000000e+00
    outer loop
      vertex   2.174630e+00 -1.027067e+01 3.566859e+00
      vertex   2.946432e+00 -1.027067e+01 3.110506e+00
      vertex   2.866411e+00 -1.027067e+01 2.856712e+00
    endloop
  endfacet
  facet normal 0.000000e+00 1.000000e+00 0.000000e+00
    outer loop
      vertex   2.174630e+00 -1.027067e+01 3.566859e+00
      vertex   2.866411e+00 -1.027067e+01 2.856712e+00
      vertex   2.764574e+00 -1.027067e+01 2.610858e+00
    endloop
  endfacet
  facet normal 0.000000e+00 1.000000e+00 0.000000e+00
    outer loop
      vertex   2.174630e+00 -1.027067e+01 3.566859e+00
      vertex   2.764574e+00 -1.027067e+01 2.610858e+00
      vertex   2.129770e+00 -1.027067e+01 3.348564e+00
    endloop
  endfacet
  facet normal 0.000000e+00 1.000000e+00 0.000000e+00
    outer loop
      vertex   2.129770e+00 -1.027067e+01 3.348564e+00
      vertex   2.764574e+00 -1.027067e+01 2.610858e+00
      vertex   2.641698e+00 -1.027067e+01 2.374815e+00
    endloop
  endfacet
  facet normal 0.000000e+00 1.000000e+00 0.000000e+00
    outer loop
      vertex   2.129770e+00 -1.027067e+01 3.348564e+00
      vertex   2.641698e+00 -1.027067e+01 2.374815e+00
      vertex   2.063055e+00 -1.027067e+01 3.135928e+00
    endloop
  endfacet
  facet normal 0.000000e+00 1.000000e+00 0.000000e+00
    outer loop
      vertex   2.063055e+00 -1.027067e+01 3.135928e+00
      vertex   2.641698e+00 -1.027067e+01 2.374815e+00
      vertex   2.498717e+00 -1.027067e+01 2.150379e+00
    endloop
  endfacet
  facet normal 0.000000e+00 1.000000e+00 0.000000e+00
    outer loop
      vertex   2.063055e+00 -1.027067e+01 3.135928e+00
      vertex   2.498717e+00 -1.027067e+01 2.150379e+00
      vertex   1.975170e+00 -1.027067e+01 2.931133e+00
    endloop
  endfacet
  facet normal 0.000000e+00 1.000000e+00 0.000000e+00
    outer loop
      vertex   1.975170e+00 -1.027067e+01 2.931133e+00
      vertex   2.498717e+00 -1.027067e+01 2.150379e+00
      vertex   2.336719e+00 -1.027067e+01 1.939260e+00
    endloop
  endfacet
  facet normal 0.000000e+00 1.000000e+00 0.000000e+00
    outer loop
      vertex   1.975170e+00 -1.027067e+01 2.931133e+00
      vertex   2.336719e+00 -1.027067e+01 1.939260e+00
      vertex   1.867017e+00 -1.027067e+01 2.736279e+00
    endloop
  endfacet
  facet normal 0.000000e+00 1.000000e+00 0.000000e+00
    outer loop
      vertex   1.867017e+00 -1.027067e+01 2.736279e+00
      vertex   2.336719e+00 -1.027067e+01 1.939260e+00
      vertex   2.156938e+00 -1.027067e+01 1.743062e+00
    endloop
  endfacet
  facet normal 0.000000e+00 1.000000e+00 0.000000e+00
    outer loop
      vertex   1.867017e+00 -1.027067e+01 2.736279e+00
      vertex   2.156938e+00 -1.027067e+01 1.743062e+00
      vertex   1.739707e+00 -1.027067e+01 2.553367e+00
    endloop
  endfacet
  facet normal 0.000000e+00 1.000000e+00 0.000000e+00
    outer loop
      vertex   1.739707e+00 -1.027067e+01 2.553367e+00
      vertex   2.156938e+00 -1.027067e+01 1.743062e+00
      vertex   1.960740e+00 -1.027067e+01 1.563281e+00
    endloop
  endfacet
  facet normal 0.000000e+00 1.000000e+00 0.000000e+00
    outer loop
      vertex   1.739707e+00 -1.027067e+01 2.553367e+00
      vertex   1.960740e+00 -1.027067e+01 1.563281e+00
      vertex   1.594544e+00 -1.027067e+01 2.384273e+00
    endloop
  endfacet
  facet normal 0.000000e+00 1.000000e+00 0.000000e+00
    outer loop
      vertex   1.594544e+00 -1.027067e+01 2.384273e+00
      vertex   1.960740e+00 -1.027067e+01 1.563281e+00
      vertex   1.749621e+00 -1.027067e+01 1.401283e+00
    endloop
  endfacet
  facet normal 0.000000e+00 1.000000e+00 0.000000e+00
    outer loop
      vertex   1.594544e+00 -1.027067e+01 2.384273e+00
      vertex   1.749621e+00 -1.027067e+01 1.401283e+00
      vertex   1.433019e+00 -1.027067e+01 2.230732e+00
    endloop
  endfacet
  facet normal 0.000000e+00 1.000000e+00 0.000000e+00
    outer loop
      vertex   1.433019e+00 -1.027067e+01 2.230732e+00
      vertex   1.749621e+00 -1.027067e+01 1.401283e+00
      vertex   1.525185e+00 -1.027067e+01 1.258302e+00
    endloop
  endfacet
  facet normal 0.000000e+00 1.000000e+00 0.000000e+00
    outer loop
      vertex   1.433019e+00 -1.027067e+01 2.230732e+00
      vertex   1.525185e+00 -1.027067e+01 1.258302e+00
      vertex   1.256790e+00 -1.027067e+01 2.094320e+00
    endloop
  endfacet
  facet normal 0.000000e+00 1.000000e+00 0.000000e+00
    outer loop
      vertex   1.256790e+00 -1.027067e+01 2.094320e+00
      vertex   1.525185e+00 -1.027067e+01 1.258302e+00
      vertex   1.289142e+00 -1.027067e+01 1.135426e+00
    endloop
  endfacet
  facet normal 0.000000e+00 1.000000e+00 0.000000e+00
    outer loop
      vertex   1.256790e+00 -1.027067e+01 2.094320e+00
      vertex   1.289142e+00 -1.027067e+01 1.135426e+00
      vertex   1.067664e+00 -1.027067e+01 1.976437e+00
    endloop
  endfacet
  facet normal 0.000000e+00 1.000000e+00 0.000000e+00
    outer loop
      vertex   1.067664e+00 -1.027067e+01 1.976437e+00
      vertex   1.289142e+00 -1.027067e+01 1.135426e+00
      vertex   1.043288e+00 -1.027067e+01 1.033589e+00
    endloop
  endfacet
  facet normal 0.000000e+00 1.000000e+00 0.000000e+00
    outer loop
      vertex   1.067664e+00 -1.027067e+01 1.976437e+00
      vertex   1.043288e+00 -1.027067e+01 1.033589e+00
      vertex   8.675829e-01 -1.027067e+01 1.878293e+00
    endloop
  endfacet
  facet normal 0.000000e+00 1.000000e+00 0.000000e+00
    outer loop
      vertex   8.675829e-01 -1.027067e+01 1.878293e+00
      vertex   1.043288e+00 -1.027067e+01 1.033589e+00
      vertex   7.894940e-01 -1.027067e+01 9.535684e-01
    endloop
  endfacet
  facet normal 0.000000e+00 1.000000e+00 0.000000e+00
    outer loop
      vertex   8.675829e-01 -1.027067e+01 1.878293e+00
      vertex   7.894940e-01 -1.027067e+01 9.535684e-01
      vertex   6.585989e-01 -1.027067e+01 1.800894e+00
    endloop
  endfacet
  facet normal 0.000000e+00 1.000000e+00 0.000000e+00
    outer loop
      vertex   6.585989e-01 -1.027067e+01 1.800894e+00
      vertex   7.894940e-01 -1.027067e+01 9.535684e-01
      vertex   5.296913e-01 -1.027067e+01 8.959715e-01
    endloop
  endfacet
  facet normal 0.000000e+00 1.000000e+00 0.000000e+00
    outer loop
      vertex   6.585989e-01 -1.027067e+01 1.800894e+00
      vertex   5.296913e-01 -1.027067e+01 8.959715e-01
      vertex   4.428567e-01 -1.027067e+01 1.745034e+00
    endloop
  endfacet
  facet normal 0.000000e+00 1.000000e+00 0.000000e+00
    outer loop
      vertex   4.428567e-01 -1.027067e+01 1.745034e+00
      vertex   5.296913e-01 -1.027067e+01 8.959715e-01
      vertex   2.658573e-01 -1.027067e+01 8.612371e-01
    endloop
  endfacet
  facet normal 0.000000e+00 1.000000e+00 0.000000e+00
    outer loop
      vertex   4.428567e-01 -1.027067e+01 1.745034e+00
      vertex   2.658573e-01 -1.027067e+01 8.612371e-01
      vertex   2.225703e-01 -1.027067e+01 1.711287e+00
    endloop
  endfacet
  facet normal 0.000000e+00 1.000000e+00 0.000000e+00
    outer loop
      vertex   2.225703e-01 -1.027067e+01 1.711287e+00
      vertex   2.658573e-01 -1.027067e+01 8.612371e-01
      vertex   -5.551115e-16 -1.027067e+01 8.496296e-01
    endloop
  endfacet
  facet normal 0.000000e+00 1.000000e+00 0.000000e+00
    outer loop
      vertex   2.225703e-01 -1.027067e+01 1.711287e+00
      vertex   -5.551115e-16 -1.027067e+01 8.496296e-01
      vertex   -5.551115e-16 -1.027067e+01 1.700000e+00
    endloop
  endfacet
  facet normal -2.062871e-02 3.420045e-19 -9.997872e-01
    outer loop
      vertex   -4.163336e-16 -1.900000e+00 6.950370e+00
      vertex   1.187177e-01 -1.896133e+00 6.947921e+00
      vertex   -5.551115e-16 -1.027067e+01 6.950370e+00
    endloop
  endfacet
  facet normal -4.361939e-02 3.261326e-04 -9.990482e-01
    outer loop
      vertex   -5.551115e-16 -1.027067e+01 6.950370e+00
      vertex   1.187177e-01 -1.896133e+00 6.947921e+00
      vertex   2.658573e-01 -1.027067e+01 6.938763e+00
    endloop
  endfacet
  facet normal -6.212046e-02 0.000000e+00 -9.980687e-01
    outer loop
      vertex   2.658573e-01 -1.027067e+01 6.938763e+00
      vertex   1.187177e-01 -1.896133e+00 6.947921e+00
      vertex   2.658573e-01 -5.020674e+00 6.938763e+00
    endloop
  endfacet
  facet normal -1.305262e-01 0.000000e+00 -9.914449e-01
    outer loop
      vertex   2.658573e-01 -1.027067e+01 6.938763e+00
      vertex   2.658573e-01 -5.020674e+00 6.938763e+00
      vertex   5.296913e-01 -1.027067e+01 6.904028e+00
    endloop
  endfacet
  facet normal -1.305262e-01 0.000000e+00 -9.914449e-01
    outer loop
      vertex   5.296913e-01 -1.027067e+01 6.904028e+00
      vertex   2.658573e-01 -5.020674e+00 6.938763e+00
      vertex   5.296913e-01 -5.020674e+00 6.904028e+00
    endloop
  endfacet
  facet normal -2.164396e-01 0.000000e+00 -9.762960e-01
    outer loop
      vertex   5.296913e-01 -1.027067e+01 6.904028e+00
      vertex   5.296913e-01 -5.020674e+00 6.904028e+00
      vertex   7.894940e-01 -1.027067e+01 6.846432e+00
    endloop
  endfacet
  facet normal -2.164396e-01 0.000000e+00 -9.762960e-01
    outer loop
      vertex   7.894940e-01 -1.027067e+01 6.846432e+00
      vertex   5.296913e-01 -5.020674e+00 6.904028e+00
      vertex   7.894940e-01 -5.020674e+00 6.846432e+00
    endloop
  endfacet
  facet normal -3.007058e-01 0.000000e+00 -9.537170e-01
    outer loop
      vertex   7.894940e-01 -1.027067e+01 6.846432e+00
      vertex   7.894940e-01 -5.020674e+00 6.846432e+00
      vertex   1.043288e+00 -1.027067e+01 6.766411e+00
    endloop
  endfacet
  facet normal -3.007058e-01 0.000000e+00 -9.537170e-01
    outer loop
      vertex   1.043288e+00 -1.027067e+01 6.766411e+00
      vertex   7.894940e-01 -5.020674e+00 6.846432e+00
      vertex   1.043288e+00 -5.020674e+00 6.766411e+00
    endloop
  endfacet
  facet normal -3.826834e-01 0.000000e+00 -9.238795e-01
    outer loop
      vertex   1.043288e+00 -1.027067e+01 6.766411e+00
      vertex   1.043288e+00 -5.020674e+00 6.766411e+00
      vertex   1.289142e+00 -1.027067e+01 6.664574e+00
    endloop
  endfacet
  facet normal -3.826834e-01 0.000000e+00 -9.238795e-01
    outer loop
      vertex   1.289142e+00 -1.027067e+01 6.664574e+00
      vertex   1.043288e+00 -5.020674e+00 6.766411e+00
      vertex   1.289142e+00 -5.020674e+00 6.664574e+00
    endloop
  endfacet
  facet normal -4.617486e-01 0.000000e+00 -8.870108e-01
    outer loop
      vertex   1.289142e+00 -1.027067e+01 6.664574e+00
      vertex   1.289142e+00 -5.020674e+00 6.664574e+00
      vertex   1.525185e+00 -1.027067e+01 6.541698e+00
    endloop
  endfacet
  facet normal -4.617486e-01 0.000000e+00 -8.870108e-01
    outer loop
      vertex   1.525185e+00 -1.027067e+01 6.541698e+00
      vertex   1.289142e+00 -5.020674e+00 6.664574e+00
      vertex   1.525185e+00 -5.020674e+00 6.541698e+00
    endloop
  endfacet
  facet normal -5.372996e-01 0.000000e+00 -8.433914e-01
    outer loop
      vertex   1.525185e+00 -1.027067e+01 6.541698e+00
      vertex   1.525185e+00 -5.020674e+00 6.541698e+00
      vertex   1.749621e+00 -1.027067e+01 6.398717e+00
    endloop
  endfacet
  facet normal -5.372996e-01 0.000000e+00 -8.433914e-01
    outer loop
      vertex   1.749621e+00 -1.027067e+01 6.398717e+00
      vertex   1.525185e+00 -5.020674e+00 6.541698e+00
      vertex   1.749621e+00 -5.020674e+00 6.398717e+00
    endloop
  endfacet
  facet normal -6.087614e-01 0.000000e+00 -7.933533e-01
    outer loop
      vertex   1.749621e+00 -1.027067e+01 6.398717e+00
      vertex   1.749621e+00 -5.020674e+00 6.398717e+00
      vertex   1.960740e+00 -1.027067e+01 6.236719e+00
    endloop
  endfacet
  facet normal -6.087614e-01 0.000000e+00 -7.933533e-01
    outer loop
      vertex   1.960740e+00 -1.027067e+01 6.236719e+00
      vertex   1.749621e+00 -5.020674e+00 6.398717e+00
      vertex   1.960740e+00 -5.020674e+00 6.236719e+00
    endloop
  endfacet
  facet normal -6.755902e-01 0.000000e+00 -7.372773e-01
    outer loop
      vertex   1.960740e+00 -1.027067e+01 6.236719e+00
      vertex   1.960740e+00 -5.020674e+00 6.236719e+00
      vertex   2.156938e+00 -1.027067e+01 6.056938e+00
    endloop
  endfacet
  facet normal -6.755902e-01 0.000000e+00 -7.372773e-01
    outer loop
      vertex   2.156938e+00 -1.027067e+01 6.056938e+00
      vertex   1.960740e+00 -5.020674e+00 6.236719e+00
      vertex   2.156938e+00 -5.020674e+00 6.056938e+00
    endloop
  endfacet
  facet normal -7.372773e-01 0.000000e+00 -6.755902e-01
    outer loop
      vertex   2.156938e+00 -1.027067e+01 6.056938e+00
      vertex   2.156938e+00 -5.020674e+00 6.056938e+00
      vertex   2.336719e+00 -1.027067e+01 5.860740e+00
    endloop
  endfacet
  facet normal -7.372773e-01 0.000000e+00 -6.755902e-01
    outer loop
      vertex   2.336719e+00 -1.027067e+01 5.860740e+00
      vertex   2.156938e+00 -5.020674e+00 6.056938e+00
      vertex   2.336719e+00 -5.020674e+00 5.860740e+00
    endloop
  endfacet
  facet normal -7.933533e-01 0.000000e+00 -6.087614e-01
    outer loop
      vertex   2.336719e+00 -1.027067e+01 5.860740e+00
      vertex   2.336719e+00 -5.020674e+00 5.860740e+00
      vertex   2.498717e+00 -1.027067e+01 5.649621e+00
    endloop
  endfacet
  facet normal -7.933533e-01 0.000000e+00 -6.087614e-01
    outer loop
      vertex   2.498717e+00 -1.027067e+01 5.649621e+00
      vertex   2.336719e+00 -5.020674e+00 5.860740e+00
      vertex   2.498717e+00 -5.020674e+00 5.649621e+00
    endloop
  endfacet
  facet normal -8.433914e-01 0.000000e+00 -5.372996e-01
    outer loop
      vertex   2.498717e+00 -1.027067e+01 5.649621e+00
      vertex   2.498717e+00 -5.020674e+00 5.649621e+00
      vertex   2.641698e+00 -1.027067e+01 5.425185e+00
    endloop
  endfacet
  facet normal -8.434976e-01 -1.001294e-05 -5.371330e-01
    outer loop
      vertex   2.641698e+00 -1.027067e+01 5.425185e+00
      vertex   2.498717e+00 -5.020674e+00 5.649621e+00
      vertex   2.642301e+00 -5.020674e+00 5.424141e+00
    endloop
  endfacet
  facet normal -8.870108e-01 9.967638e-06 -4.617486e-01
    outer loop
      vertex   2.641698e+00 -1.027067e+01 5.425185e+00
      vertex   2.642301e+00 -5.020674e+00 5.424141e+00
      vertex   2.764574e+00 -1.027067e+01 5.189142e+00
    endloop
  endfacet
  facet normal -8.871780e-01 -8.306365e-06 -4.614273e-01
    outer loop
      vertex   2.764574e+00 -1.027067e+01 5.189142e+00
      vertex   2.642301e+00 -5.020674e+00 5.424141e+00
      vertex   2.764999e+00 -5.020674e+00 5.188232e+00
    endloop
  endfacet
  facet normal -9.238795e-01 8.312657e-06 -3.826834e-01
    outer loop
      vertex   2.764574e+00 -1.027067e+01 5.189142e+00
      vertex   2.764999e+00 -5.020674e+00 5.188232e+00
      vertex   2.866411e+00 -1.027067e+01 4.943288e+00
    endloop
  endfacet
  facet normal -9.239929e-01 -6.650126e-06 -3.824097e-01
    outer loop
      vertex   2.866411e+00 -1.027067e+01 4.943288e+00
      vertex   2.764999e+00 -5.020674e+00 5.188232e+00
      vertex   2.866685e+00 -5.020674e+00 4.942533e+00
    endloop
  endfacet
  facet normal -9.537170e-01 6.655160e-06 -3.007058e-01
    outer loop
      vertex   2.866411e+00 -1.027067e+01 4.943288e+00
      vertex   2.866685e+00 -5.020674e+00 4.942533e+00
      vertex   2.946432e+00 -1.027067e+01 4.689494e+00
    endloop
  endfacet
  facet normal -9.537862e-01 -4.991370e-06 -3.004860e-01
    outer loop
      vertex   2.946432e+00 -1.027067e+01 4.689494e+00
      vertex   2.866685e+00 -5.020674e+00 4.942533e+00
      vertex   2.946587e+00 -5.020674e+00 4.688912e+00
    endloop
  endfacet
  facet normal -9.762960e-01 4.995145e-06 -2.164396e-01
    outer loop
      vertex   2.946432e+00 -1.027067e+01 4.689494e+00
      vertex   2.946587e+00 -5.020674e+00 4.688912e+00
      vertex   3.004028e+00 -1.027067e+01 4.429691e+00
    endloop
  endfacet
  facet normal -9.763316e-01 -3.330097e-06 -2.162789e-01
    outer loop
      vertex   3.004028e+00 -1.027067e+01 4.429691e+00
      vertex   2.946587e+00 -5.020674e+00 4.688912e+00
      vertex   3.004098e+00 -5.020674e+00 4.429296e+00
    endloop
  endfacet
  facet normal -9.914449e-01 3.332614e-06 -1.305262e-01
    outer loop
      vertex   3.004028e+00 -1.027067e+01 4.429691e+00
      vertex   3.004098e+00 -5.020674e+00 4.429296e+00
      vertex   3.038763e+00 -1.027067e+01 4.165857e+00
    endloop
  endfacet
  facet normal -9.914577e-01 -1.666307e-06 -1.304283e-01
    outer loop
      vertex   3.038763e+00 -1.027067e+01 4.165857e+00
      vertex   3.004098e+00 -5.020674e+00 4.429296e+00
      vertex   3.038780e+00 -5.020674e+00 4.165657e+00
    endloop
  endfacet
  facet normal -9.990482e-01 1.667565e-06 -4.361939e-02
    outer loop
      vertex   3.038763e+00 -1.027067e+01 4.165857e+00
      vertex   3.038780e+00 -5.020674e+00 4.165657e+00
      vertex   3.050370e+00 -1.027067e+01 3.900000e+00
    endloop
  endfacet
  facet normal -9.990497e-01 0.000000e+00 -4.358650e-02
    outer loop
      vertex   3.050370e+00 -1.027067e+01 3.900000e+00
      vertex   3.038780e+00 -5.020674e+00 4.165657e+00
      vertex   3.050370e+00 -5.020674e+00 3.900000e+00
    endloop
  endfacet
  facet normal -9.990497e-01 0.000000e+00 4.358650e-02
    outer loop
      vertex   3.050370e+00 -1.027067e+01 3.900000e+00
      vertex   3.050370e+00 -5.020674e+00 3.900000e+00
      vertex   3.038780e+00 -5.020674e+00 3.634343e+00
    endloop
  endfacet
  facet normal -9.990497e-01 1.666307e-06 4.358650e-02
    outer loop
      vertex   3.038780e+00 -5.020674e+00 3.634343e+00
      vertex   3.050370e+00 -5.020674e+00 3.900000e+00
      vertex   3.038798e+00 2.293261e-01 3.634543e+00
    endloop
  endfacet
  facet normal -9.914706e-01 -1.665048e-06 1.303303e-01
    outer loop
      vertex   3.038780e+00 -5.020674e+00 3.634343e+00
      vertex   3.038798e+00 2.293261e-01 3.634543e+00
      vertex   3.004168e+00 2.293261e-01 3.371100e+00
    endloop
  endfacet
  facet normal -6.042850e-02 7.998190e-05 -9.981725e-01
    outer loop
      vertex   1.187177e-01 -1.896133e+00 6.947921e+00
      vertex   2.383611e-01 -1.884581e+00 6.940679e+00
      vertex   2.658573e-01 -5.020674e+00 6.938763e+00
    endloop
  endfacet
  facet normal -9.870239e-02 -2.574568e-04 -9.951170e-01
    outer loop
      vertex   2.658573e-01 -5.020674e+00 6.938763e+00
      vertex   2.383611e-01 -1.884581e+00 6.940679e+00
      vertex   3.580379e-01 -1.865418e+00 6.928803e+00
    endloop
  endfacet
  facet normal -1.305262e-01 6.838643e-04 -9.914446e-01
    outer loop
      vertex   2.658573e-01 -5.020674e+00 6.938763e+00
      vertex   3.580379e-01 -1.865418e+00 6.928803e+00
      vertex   5.296913e-01 -5.020674e+00 6.904028e+00
    endloop
  endfacet
  facet normal -1.363910e-01 3.586053e-04 -9.906550e-01
    outer loop
      vertex   5.296913e-01 -5.020674e+00 6.904028e+00
      vertex   3.580379e-01 -1.865418e+00 6.928803e+00
      vertex   4.768558e-01 -1.838719e+00 6.912455e+00
    endloop
  endfacet
  facet normal -1.737404e-01 -2.770997e-04 -9.847914e-01
    outer loop
      vertex   5.296913e-01 -5.020674e+00 6.904028e+00
      vertex   4.768558e-01 -1.838719e+00 6.912455e+00
      vertex   5.939224e-01 -1.804558e+00 6.891792e+00
    endloop
  endfacet
  facet normal -2.121433e-01 5.186057e-04 -9.772384e-01
    outer loop
      vertex   5.939224e-01 -1.804558e+00 6.891792e+00
      vertex   7.083455e-01 -1.763008e+00 6.866974e+00
      vertex   5.296913e-01 -5.020674e+00 6.904028e+00
    endloop
  endfacet
  facet normal -2.164396e-01 7.649428e-04 -9.762957e-01
    outer loop
      vertex   5.296913e-01 -5.020674e+00 6.904028e+00
      vertex   7.083455e-01 -1.763008e+00 6.866974e+00
      vertex   7.894940e-01 -5.020674e+00 6.846432e+00
    endloop
  endfacet
  facet normal -2.506873e-01 -1.400512e-04 -9.680681e-01
    outer loop
      vertex   7.083455e-01 -1.763008e+00 6.866974e+00
      vertex   8.192763e-01 -1.714202e+00 6.838241e+00
      vertex   7.894940e-01 -5.020674e+00 6.846432e+00
    endloop
  endfacet
  facet normal -2.873184e-01 2.152449e-04 -9.578351e-01
    outer loop
      vertex   7.894940e-01 -5.020674e+00 6.846432e+00
      vertex   8.192763e-01 -1.714202e+00 6.838241e+00
      vertex   9.261261e-01 -1.658670e+00 6.806202e+00
    endloop
  endfacet
  facet normal -3.007057e-01 8.085863e-04 -9.537166e-01
    outer loop
      vertex   7.894940e-01 -5.020674e+00 6.846432e+00
      vertex   9.261261e-01 -1.658670e+00 6.806202e+00
      vertex   1.043288e+00 -5.020674e+00 6.766411e+00
    endloop
  endfacet
  facet normal -3.211694e-01 1.621153e-05 -9.470218e-01
    outer loop
      vertex   1.043288e+00 -5.020674e+00 6.766411e+00
      vertex   9.261261e-01 -1.658670e+00 6.806202e+00
      vertex   1.028388e+00 -1.597105e+00 6.771522e+00
    endloop
  endfacet
  facet normal -3.529136e-01 -1.389136e-04 -9.356559e-01
    outer loop
      vertex   1.043288e+00 -5.020674e+00 6.766411e+00
      vertex   1.028388e+00 -1.597105e+00 6.771522e+00
      vertex   1.125556e+00 -1.530203e+00 6.734863e+00
    endloop
  endfacet
  facet normal -3.826833e-01 6.691741e-04 -9.238793e-01
    outer loop
      vertex   1.043288e+00 -5.020674e+00 6.766411e+00
      vertex   1.125556e+00 -1.530203e+00 6.734863e+00
      vertex   1.289142e+00 -5.020674e+00 6.664574e+00
    endloop
  endfacet
  facet normal -3.835412e-01 6.218048e-04 -9.235236e-01
    outer loop
      vertex   1.289142e+00 -5.020674e+00 6.664574e+00
      vertex   1.125556e+00 -1.530203e+00 6.734863e+00
      vertex   1.217120e+00 -1.458658e+00 6.696884e+00
    endloop
  endfacet
  facet normal -4.119342e-01 -6.394367e-05 -9.112136e-01
    outer loop
      vertex   1.289142e+00 -5.020674e+00 6.664574e+00
      vertex   1.217120e+00 -1.458658e+00 6.696884e+00
      vertex   1.302575e+00 -1.383164e+00 6.658247e+00
    endloop
  endfacet
  facet normal -4.399827e-01 6.261009e-05 -8.980063e-01
    outer loop
      vertex   1.302575e+00 -1.383164e+00 6.658247e+00
      vertex   1.381878e+00 -1.303984e+00 6.619397e+00
      vertex   1.289142e+00 -5.020674e+00 6.664574e+00
    endloop
  endfacet
  facet normal -4.617485e-01 7.393499e-04 -8.870106e-01
    outer loop
      vertex   1.289142e+00 -5.020674e+00 6.664574e+00
      vertex   1.381878e+00 -1.303984e+00 6.619397e+00
      vertex   1.525185e+00 -5.020674e+00 6.541698e+00
    endloop
  endfacet
  facet normal -4.661586e-01 5.210227e-04 -8.847010e-01
    outer loop
      vertex   1.381878e+00 -1.303984e+00 6.619397e+00
      vertex   1.457327e+00 -1.219034e+00 6.579692e+00
      vertex   1.525185e+00 -5.020674e+00 6.541698e+00
    endloop
  endfacet
  facet normal -4.893669e-01 -1.939176e-05 -8.720780e-01
    outer loop
      vertex   1.525185e+00 -5.020674e+00 6.541698e+00
      vertex   1.457327e+00 -1.219034e+00 6.579692e+00
      vertex   1.528691e+00 -1.128272e+00 6.539644e+00
    endloop
  endfacet
  facet normal -5.117928e-01 7.650606e-06 -8.591089e-01
    outer loop
      vertex   1.525185e+00 -5.020674e+00 6.541698e+00
      vertex   1.528691e+00 -1.128272e+00 6.539644e+00
      vertex   1.595230e+00 -1.725613e+00 6.500000e+00
    endloop
  endfacet
  facet normal -5.118435e-01 1.638799e-16 -8.590787e-01
    outer loop
      vertex   1.595230e+00 -1.725613e+00 6.500000e+00
      vertex   1.528691e+00 -1.128272e+00 6.539644e+00
      vertex   1.595230e+00 -1.032105e+00 6.500000e+00
    endloop
  endfacet
  facet normal -5.372995e-01 7.487659e-04 -8.433912e-01
    outer loop
      vertex   1.525185e+00 -5.020674e+00 6.541698e+00
      vertex   1.595230e+00 -1.725613e+00 6.500000e+00
      vertex   1.749621e+00 -5.020674e+00 6.398717e+00
    endloop
  endfacet
  facet normal -5.386296e-01 6.603552e-04 -8.425424e-01
    outer loop
      vertex   1.749621e+00 -5.020674e+00 6.398717e+00
      vertex   1.595230e+00 -1.725613e+00 6.500000e+00
      vertex   1.686783e+00 -1.636220e+00 6.441541e+00
    endloop
  endfacet
  facet normal -5.687945e-01 -1.535566e-04 -8.224797e-01
    outer loop
      vertex   1.749621e+00 -5.020674e+00 6.398717e+00
      vertex   1.686783e+00 -1.636220e+00 6.441541e+00
      vertex   1.773638e+00 -1.541435e+00 6.381458e+00
    endloop
  endfacet
  facet normal -5.971127e-01 1.427414e-04 -8.021573e-01
    outer loop
      vertex   1.773638e+00 -1.541435e+00 6.381458e+00
      vertex   1.856245e+00 -1.440627e+00 6.319985e+00
      vertex   1.749621e+00 -5.020674e+00 6.398717e+00
    endloop
  endfacet
  facet normal -6.087613e-01 6.832925e-04 -7.933532e-01
    outer loop
      vertex   1.749621e+00 -5.020674e+00 6.398717e+00
      vertex   1.856245e+00 -1.440627e+00 6.319985e+00
      vertex   1.960740e+00 -5.020674e+00 6.236719e+00
    endloop
  endfacet
  facet normal -6.223399e-01 4.028293e-05 -7.827471e-01
    outer loop
      vertex   1.856245e+00 -1.440627e+00 6.319985e+00
      vertex   1.934073e+00 -1.334188e+00 6.258112e+00
      vertex   1.960740e+00 -5.020674e+00 6.236719e+00
    endloop
  endfacet
  facet normal -6.452519e-01 -2.344237e-04 -7.639699e-01
    outer loop
      vertex   1.960740e+00 -5.020674e+00 6.236719e+00
      vertex   1.934073e+00 -1.334188e+00 6.258112e+00
      vertex   2.006588e+00 -1.222514e+00 6.196831e+00
    endloop
  endfacet
  facet normal -6.672991e-01 2.331420e-04 -7.447898e-01
    outer loop
      vertex   1.960740e+00 -5.020674e+00 6.236719e+00
      vertex   2.006588e+00 -1.222514e+00 6.196831e+00
      vertex   2.073261e+00 -1.105997e+00 6.137132e+00
    endloop
  endfacet
  facet normal -6.755901e-01 6.625691e-04 -7.372772e-01
    outer loop
      vertex   1.960740e+00 -5.020674e+00 6.236719e+00
      vertex   2.073261e+00 -1.105997e+00 6.137132e+00
      vertex   2.156938e+00 -5.020674e+00 6.056938e+00
    endloop
  endfacet
  facet normal -6.879315e-01 1.631523e-04 -7.257756e-01
    outer loop
      vertex   2.156938e+00 -5.020674e+00 6.056938e+00
      vertex   2.073261e+00 -1.105997e+00 6.137132e+00
      vertex   2.133558e+00 -9.850304e-01 6.080006e+00
    endloop
  endfacet
  facet normal -7.077744e-01 -6.233667e-05 -7.064385e-01
    outer loop
      vertex   2.156938e+00 -5.020674e+00 6.056938e+00
      vertex   2.133558e+00 -9.850304e-01 6.080006e+00
      vertex   2.186980e+00 -8.599997e-01 6.026471e+00
    endloop
  endfacet
  facet normal -7.248113e-01 1.887597e-04 -6.889474e-01
    outer loop
      vertex   2.186980e+00 -8.599997e-01 6.026471e+00
      vertex   2.233309e+00 -7.312698e-01 5.977766e+00
      vertex   2.156938e+00 -5.020674e+00 6.056938e+00
    endloop
  endfacet
  facet normal -7.372772e-01 6.572542e-04 -6.755901e-01
    outer loop
      vertex   2.156938e+00 -5.020674e+00 6.056938e+00
      vertex   2.233309e+00 -7.312698e-01 5.977766e+00
      vertex   2.336719e+00 -5.020674e+00 5.860740e+00
    endloop
  endfacet
  facet normal -7.393955e-01 5.429210e-04 -6.732712e-01
    outer loop
      vertex   2.233309e+00 -7.312698e-01 5.977766e+00
      vertex   2.272283e+00 -5.993160e-01 5.935070e+00
      vertex   2.336719e+00 -5.020674e+00 5.860740e+00
    endloop
  endfacet
  facet normal -7.504532e-01 1.741843e-04 -6.609236e-01
    outer loop
      vertex   2.336719e+00 -5.020674e+00 5.860740e+00
      vertex   2.272283e+00 -5.993160e-01 5.935070e+00
      vertex   2.303610e+00 -4.646303e-01 5.899536e+00
    endloop
  endfacet
  facet normal -7.585029e-01 3.688697e-05 -6.516696e-01
    outer loop
      vertex   2.336719e+00 -5.020674e+00 5.860740e+00
      vertex   2.303610e+00 -4.646303e-01 5.899536e+00
      vertex   2.327019e+00 -3.277131e-01 5.872297e+00
    endloop
  endfacet
  facet normal -7.651103e-01 4.094835e-06 -6.438993e-01
    outer loop
      vertex   2.327019e+00 -3.277131e-01 5.872297e+00
      vertex   2.342349e+00 -1.891833e-01 5.854081e+00
      vertex   2.336719e+00 -5.020674e+00 5.860740e+00
    endloop
  endfacet
  facet normal -7.713842e-01 2.178287e-05 -6.363698e-01
    outer loop
      vertex   2.336719e+00 -5.020674e+00 5.860740e+00
      vertex   2.342349e+00 -1.891833e-01 5.854081e+00
      vertex   2.349471e+00 -4.970470e-02 5.845454e+00
    endloop
  endfacet
  facet normal -7.933533e-01 1.630384e-04 -6.087614e-01
    outer loop
      vertex   2.336719e+00 -5.020674e+00 5.860740e+00
      vertex   2.349471e+00 -4.970470e-02 5.845454e+00
      vertex   2.498717e+00 -5.020674e+00 5.649621e+00
    endloop
  endfacet
  facet normal -7.956173e-01 -2.161517e-05 -6.057996e-01
    outer loop
      vertex   2.498717e+00 -5.020674e+00 5.649621e+00
      vertex   2.349471e+00 -4.970470e-02 5.845454e+00
      vertex   2.500329e+00 2.293261e-01 5.647316e+00
    endloop
  endfacet
  facet normal -8.434976e-01 2.322259e-05 -5.371330e-01
    outer loop
      vertex   2.498717e+00 -5.020674e+00 5.649621e+00
      vertex   2.500329e+00 2.293261e-01 5.647316e+00
      vertex   2.642301e+00 -5.020674e+00 5.424141e+00
    endloop
  endfacet
  facet normal -8.438511e-01 -9.952537e-06 -5.365775e-01
    outer loop
      vertex   2.642301e+00 -5.020674e+00 5.424141e+00
      vertex   2.500329e+00 2.293261e-01 5.647316e+00
      vertex   2.642903e+00 2.293261e-01 5.423097e+00
    endloop
  endfacet
  facet normal -8.871780e-01 9.960088e-06 -4.614273e-01
    outer loop
      vertex   2.642301e+00 -5.020674e+00 5.424141e+00
      vertex   2.642903e+00 2.293261e-01 5.423097e+00
      vertex   2.764999e+00 -5.020674e+00 5.188232e+00
    endloop
  endfacet
  facet normal -8.873451e-01 -8.300073e-06 -4.611060e-01
    outer loop
      vertex   2.764999e+00 -5.020674e+00 5.188232e+00
      vertex   2.642903e+00 2.293261e-01 5.423097e+00
      vertex   2.765423e+00 2.293261e-01 5.187322e+00
    endloop
  endfacet
  facet normal -9.239929e-01 8.306365e-06 -3.824097e-01
    outer loop
      vertex   2.764999e+00 -5.020674e+00 5.188232e+00
      vertex   2.765423e+00 2.293261e-01 5.187322e+00
      vertex   2.866685e+00 -5.020674e+00 4.942533e+00
    endloop
  endfacet
  facet normal -9.241062e-01 -6.645092e-06 -3.821359e-01
    outer loop
      vertex   2.866685e+00 -5.020674e+00 4.942533e+00
      vertex   2.765423e+00 2.293261e-01 5.187322e+00
      vertex   2.866960e+00 2.293261e-01 4.941778e+00
    endloop
  endfacet
  facet normal -9.537862e-01 6.650126e-06 -3.004860e-01
    outer loop
      vertex   2.866685e+00 -5.020674e+00 4.942533e+00
      vertex   2.866960e+00 2.293261e-01 4.941778e+00
      vertex   2.946587e+00 -5.020674e+00 4.688912e+00
    endloop
  endfacet
  facet normal -9.538555e-01 -4.987594e-06 -3.002662e-01
    outer loop
      vertex   2.946587e+00 -5.020674e+00 4.688912e+00
      vertex   2.866960e+00 2.293261e-01 4.941778e+00
      vertex   2.946743e+00 2.293261e-01 4.688330e+00
    endloop
  endfacet
  facet normal -9.763316e-01 4.991370e-06 -2.162789e-01
    outer loop
      vertex   2.946587e+00 -5.020674e+00 4.688912e+00
      vertex   2.946743e+00 2.293261e-01 4.688330e+00
      vertex   3.004098e+00 -5.020674e+00 4.429296e+00
    endloop
  endfacet
  facet normal -9.763672e-01 -3.327580e-06 -2.161182e-01
    outer loop
      vertex   3.004098e+00 -5.020674e+00 4.429296e+00
      vertex   2.946743e+00 2.293261e-01 4.688330e+00
      vertex   3.004168e+00 2.293261e-01 4.428900e+00
    endloop
  endfacet
  facet normal -9.914577e-01 3.330097e-06 -1.304283e-01
    outer loop
      vertex   3.004098e+00 -5.020674e+00 4.429296e+00
      vertex   3.004168e+00 2.293261e-01 4.428900e+00
      vertex   3.038780e+00 -5.020674e+00 4.165657e+00
    endloop
  endfacet
  facet normal -9.914706e-01 -1.665048e-06 -1.303303e-01
    outer loop
      vertex   3.038780e+00 -5.020674e+00 4.165657e+00
      vertex   3.004168e+00 2.293261e-01 4.428900e+00
      vertex   3.038798e+00 2.293261e-01 4.165457e+00
    endloop
  endfacet
  facet normal -9.990497e-01 1.666307e-06 -4.358650e-02
    outer loop
      vertex   3.038780e+00 -5.020674e+00 4.165657e+00
      vertex   3.038798e+00 2.293261e-01 4.165457e+00
      vertex   3.050370e+00 -5.020674e+00 3.900000e+00
    endloop
  endfacet
  facet normal -9.990511e-01 3.684130e-18 -4.355360e-02
    outer loop
      vertex   3.050370e+00 -5.020674e+00 3.900000e+00
      vertex   3.038798e+00 2.293261e-01 4.165457e+00
      vertex   3.050370e+00 2.293261e-01 3.900000e+00
    endloop
  endfacet
  facet normal -9.990511e-01 -3.684130e-18 4.355360e-02
    outer loop
      vertex   3.050370e+00 -5.020674e+00 3.900000e+00
      vertex   3.050370e+00 2.293261e-01 3.900000e+00
      vertex   3.038798e+00 2.293261e-01 3.634543e+00
    endloop
  endfacet
  facet normal -7.952425e-01 -5.733071e-04 -6.062912e-01
    outer loop
      vertex   2.349471e+00 -4.970470e-02 5.845454e+00
      vertex   2.348273e+00 9.004356e-02 5.846893e+00
      vertex   2.500329e+00 2.293261e-01 5.647316e+00
    endloop
  endfacet
  facet normal -7.939466e-01 -4.396017e-03 -6.079717e-01
    outer loop
      vertex   2.500329e+00 2.293261e-01 5.647316e+00
      vertex   2.348273e+00 9.004356e-02 5.846893e+00
      vertex   2.338784e+00 2.293261e-01 5.858277e+00
    endloop
  endfacet
  facet normal -9.914577e-01 3.330097e-06 1.304283e-01
    outer loop
      vertex   3.038780e+00 -5.020674e+00 3.634343e+00
      vertex   3.004168e+00 2.293261e-01 3.371100e+00
      vertex   3.004098e+00 -5.020674e+00 3.370704e+00
    endloop
  endfacet
  facet normal -9.763672e-01 -3.327580e-06 2.161182e-01
    outer loop
      vertex   3.004098e+00 -5.020674e+00 3.370704e+00
      vertex   3.004168e+00 2.293261e-01 3.371100e+00
      vertex   2.946743e+00 2.293261e-01 3.111670e+00
    endloop
  endfacet
  facet normal -9.763316e-01 4.991370e-06 2.162789e-01
    outer loop
      vertex   3.004098e+00 -5.020674e+00 3.370704e+00
      vertex   2.946743e+00 2.293261e-01 3.111670e+00
      vertex   2.946587e+00 -5.020674e+00 3.111088e+00
    endloop
  endfacet
  facet normal -9.538555e-01 -4.987594e-06 3.002662e-01
    outer loop
      vertex   2.946587e+00 -5.020674e+00 3.111088e+00
      vertex   2.946743e+00 2.293261e-01 3.111670e+00
      vertex   2.866960e+00 2.293261e-01 2.858222e+00
    endloop
  endfacet
  facet normal -9.537862e-01 6.650126e-06 3.004860e-01
    outer loop
      vertex   2.946587e+00 -5.020674e+00 3.111088e+00
      vertex   2.866960e+00 2.293261e-01 2.858222e+00
      vertex   2.866685e+00 -5.020674e+00 2.857467e+00
    endloop
  endfacet
  facet normal -9.241062e-01 -6.645092e-06 3.821359e-01
    outer loop
      vertex   2.866685e+00 -5.020674e+00 2.857467e+00
      vertex   2.866960e+00 2.293261e-01 2.858222e+00
      vertex   2.765423e+00 2.293261e-01 2.612678e+00
    endloop
  endfacet
  facet normal -9.239929e-01 8.306365e-06 3.824097e-01
    outer loop
      vertex   2.866685e+00 -5.020674e+00 2.857467e+00
      vertex   2.765423e+00 2.293261e-01 2.612678e+00
      vertex   2.764999e+00 -5.020674e+00 2.611768e+00
    endloop
  endfacet
  facet normal -8.873451e-01 -8.300073e-06 4.611060e-01
    outer loop
      vertex   2.764999e+00 -5.020674e+00 2.611768e+00
      vertex   2.765423e+00 2.293261e-01 2.612678e+00
      vertex   2.642903e+00 2.293261e-01 2.376903e+00
    endloop
  endfacet
  facet normal -8.871780e-01 9.960088e-06 4.614273e-01
    outer loop
      vertex   2.764999e+00 -5.020674e+00 2.611768e+00
      vertex   2.642903e+00 2.293261e-01 2.376903e+00
      vertex   2.642301e+00 -5.020674e+00 2.375859e+00
    endloop
  endfacet
  facet normal -8.438511e-01 -9.952537e-06 5.365775e-01
    outer loop
      vertex   2.642301e+00 -5.020674e+00 2.375859e+00
      vertex   2.642903e+00 2.293261e-01 2.376903e+00
      vertex   2.500329e+00 2.293261e-01 2.152684e+00
    endloop
  endfacet
  facet normal -8.434976e-01 2.322259e-05 5.371330e-01
    outer loop
      vertex   2.642301e+00 -5.020674e+00 2.375859e+00
      vertex   2.500329e+00 2.293261e-01 2.152684e+00
      vertex   2.498717e+00 -5.020674e+00 2.150379e+00
    endloop
  endfacet
  facet normal -7.956373e-01 -2.159751e-05 6.057733e-01
    outer loop
      vertex   2.498717e+00 -5.020674e+00 2.150379e+00
      vertex   2.500329e+00 2.293261e-01 2.152684e+00
      vertex   2.349658e+00 4.004531e-02 1.954782e+00
    endloop
  endfacet
  facet normal -7.939152e-01 1.162838e-04 6.080285e-01
    outer loop
      vertex   2.498717e+00 -5.020674e+00 2.150379e+00
      vertex   2.349658e+00 4.004531e-02 1.954782e+00
      vertex   2.349356e+00 -5.485125e-02 1.954405e+00
    endloop
  endfacet
  facet normal -7.939440e-01 -5.085339e-03 6.079697e-01
    outer loop
      vertex   2.338784e+00 2.293261e-01 1.941723e+00
      vertex   2.346127e+00 1.348459e-01 1.950521e+00
      vertex   2.500329e+00 2.293261e-01 2.152684e+00
    endloop
  endfacet
  facet normal -7.945784e-01 -2.311303e-03 6.071572e-01
    outer loop
      vertex   2.500329e+00 2.293261e-01 2.152684e+00
      vertex   2.346127e+00 1.348459e-01 1.950521e+00
      vertex   2.349658e+00 4.004531e-02 1.954782e+00
    endloop
  endfacet
  facet normal -7.933533e-01 1.621106e-04 6.087614e-01
    outer loop
      vertex   2.498717e+00 -5.020674e+00 2.150379e+00
      vertex   2.349356e+00 -5.485125e-02 1.954405e+00
      vertex   2.336719e+00 -5.020674e+00 1.939260e+00
    endloop
  endfacet
  facet normal -7.725383e-01 2.921465e-05 6.349682e-01
    outer loop
      vertex   2.336719e+00 -5.020674e+00 1.939260e+00
      vertex   2.349356e+00 -5.485125e-02 1.954405e+00
      vertex   2.345214e+00 -1.496080e-01 1.949371e+00
    endloop
  endfacet
  facet normal -7.655046e-01 -6.163425e-07 6.434304e-01
    outer loop
      vertex   2.336719e+00 -5.020674e+00 1.939260e+00
      vertex   2.345214e+00 -1.496080e-01 1.949371e+00
      vertex   2.325568e+00 -3.378623e-01 1.925998e+00
    endloop
  endfacet
  facet normal -7.564908e-01 5.079428e-05 6.540044e-01
    outer loop
      vertex   2.325568e+00 -3.378623e-01 1.925998e+00
      vertex   2.291047e+00 -5.230581e-01 1.886081e+00
      vertex   2.336719e+00 -5.020674e+00 1.939260e+00
    endloop
  endfacet
  facet normal -7.437150e-01 3.518807e-04 6.684967e-01
    outer loop
      vertex   2.336719e+00 -5.020674e+00 1.939260e+00
      vertex   2.291047e+00 -5.230581e-01 1.886081e+00
      vertex   2.242136e+00 -7.037375e-01 1.831762e+00
    endloop
  endfacet
  facet normal -7.372772e-01 6.695658e-04 6.755901e-01
    outer loop
      vertex   2.336719e+00 -5.020674e+00 1.939260e+00
      vertex   2.242136e+00 -7.037375e-01 1.831762e+00
      vertex   2.156938e+00 -5.020674e+00 1.743062e+00
    endloop
  endfacet
  facet normal -7.250402e-01 1.585535e-04 6.887066e-01
    outer loop
      vertex   2.156938e+00 -5.020674e+00 1.743062e+00
      vertex   2.242136e+00 -7.037375e-01 1.831762e+00
      vertex   2.179551e+00 -8.786635e-01 1.765915e+00
    endloop
  endfacet
  facet normal -7.011758e-01 -1.057020e-04 7.129884e-01
    outer loop
      vertex   2.156938e+00 -5.020674e+00 1.743062e+00
      vertex   2.179551e+00 -8.786635e-01 1.765915e+00
      vertex   2.103924e+00 -1.046677e+00 1.691516e+00
    endloop
  endfacet
  facet normal -6.741483e-01 5.869936e-04 7.385958e-01
    outer loop
      vertex   2.103924e+00 -1.046677e+00 1.691516e+00
      vertex   2.016072e+00 -1.206841e+00 1.611457e+00
      vertex   2.156938e+00 -5.020674e+00 1.743062e+00
    endloop
  endfacet
  facet normal -6.755901e-01 4.882424e-04 7.372772e-01
    outer loop
      vertex   2.156938e+00 -5.020674e+00 1.743062e+00
      vertex   2.016072e+00 -1.206841e+00 1.611457e+00
      vertex   1.960740e+00 -5.020674e+00 1.563281e+00
    endloop
  endfacet
  facet normal -6.755902e-01 1.865716e-18 7.372773e-01
    outer loop
      vertex   2.156938e+00 -5.020674e+00 1.743062e+00
      vertex   1.960740e+00 -5.020674e+00 1.563281e+00
      vertex   1.960740e+00 -1.027067e+01 1.563281e+00
    endloop
  endfacet
  facet normal -6.087614e-01 0.000000e+00 7.933533e-01
    outer loop
      vertex   1.960740e+00 -1.027067e+01 1.563281e+00
      vertex   1.960740e+00 -5.020674e+00 1.563281e+00
      vertex   1.749621e+00 -1.027067e+01 1.401283e+00
    endloop
  endfacet
  facet normal -6.087614e-01 0.000000e+00 7.933533e-01
    outer loop
      vertex   1.749621e+00 -1.027067e+01 1.401283e+00
      vertex   1.960740e+00 -5.020674e+00 1.563281e+00
      vertex   1.749621e+00 -5.020674e+00 1.401283e+00
    endloop
  endfacet
  facet normal -5.372996e-01 0.000000e+00 8.433914e-01
    outer loop
      vertex   1.749621e+00 -1.027067e+01 1.401283e+00
      vertex   1.749621e+00 -5.020674e+00 1.401283e+00
      vertex   1.525185e+00 -1.027067e+01 1.258302e+00
    endloop
  endfacet
  facet normal -5.372996e-01 0.000000e+00 8.433914e-01
    outer loop
      vertex   1.525185e+00 -1.027067e+01 1.258302e+00
      vertex   1.749621e+00 -5.020674e+00 1.401283e+00
      vertex   1.525185e+00 -5.020674e+00 1.258302e+00
    endloop
  endfacet
  facet normal -4.617486e-01 0.000000e+00 8.870108e-01
    outer loop
      vertex   1.525185e+00 -1.027067e+01 1.258302e+00
      vertex   1.525185e+00 -5.020674e+00 1.258302e+00
      vertex   1.289142e+00 -1.027067e+01 1.135426e+00
    endloop
  endfacet
  facet normal -4.617486e-01 0.000000e+00 8.870108e-01
    outer loop
      vertex   1.289142e+00 -1.027067e+01 1.135426e+00
      vertex   1.525185e+00 -5.020674e+00 1.258302e+00
      vertex   1.289142e+00 -5.020674e+00 1.135426e+00
    endloop
  endfacet
  facet normal -3.826834e-01 0.000000e+00 9.238795e-01
    outer loop
      vertex   1.289142e+00 -1.027067e+01 1.135426e+00
      vertex   1.289142e+00 -5.020674e+00 1.135426e+00
      vertex   1.043288e+00 -1.027067e+01 1.033589e+00
    endloop
  endfacet
  facet normal -3.826834e-01 0.000000e+00 9.238795e-01
    outer loop
      vertex   1.043288e+00 -1.027067e+01 1.033589e+00
      vertex   1.289142e+00 -5.020674e+00 1.135426e+00
      vertex   1.043288e+00 -5.020674e+00 1.033589e+00
    endloop
  endfacet
  facet normal -3.007058e-01 0.000000e+00 9.537170e-01
    outer loop
      vertex   1.043288e+00 -1.027067e+01 1.033589e+00
      vertex   1.043288e+00 -5.020674e+00 1.033589e+00
      vertex   7.894940e-01 -1.027067e+01 9.535684e-01
    endloop
  endfacet
  facet normal -3.007058e-01 0.000000e+00 9.537170e-01
    outer loop
      vertex   7.894940e-01 -1.027067e+01 9.535684e-01
      vertex   1.043288e+00 -5.020674e+00 1.033589e+00
      vertex   7.894940e-01 -5.020674e+00 9.535684e-01
    endloop
  endfacet
  facet normal -2.164396e-01 0.000000e+00 9.762960e-01
    outer loop
      vertex   7.894940e-01 -1.027067e+01 9.535684e-01
      vertex   7.894940e-01 -5.020674e+00 9.535684e-01
      vertex   5.296913e-01 -1.027067e+01 8.959715e-01
    endloop
  endfacet
  facet normal -2.164396e-01 0.000000e+00 9.762960e-01
    outer loop
      vertex   5.296913e-01 -1.027067e+01 8.959715e-01
      vertex   7.894940e-01 -5.020674e+00 9.535684e-01
      vertex   5.296913e-01 -5.020674e+00 8.959715e-01
    endloop
  endfacet
  facet normal -1.305262e-01 0.000000e+00 9.914449e-01
    outer loop
      vertex   5.296913e-01 -1.027067e+01 8.959715e-01
      vertex   5.296913e-01 -5.020674e+00 8.959715e-01
      vertex   2.658573e-01 -1.027067e+01 8.612371e-01
    endloop
  endfacet
  facet normal -1.305262e-01 0.000000e+00 9.914449e-01
    outer loop
      vertex   2.658573e-01 -1.027067e+01 8.612371e-01
      vertex   5.296913e-01 -5.020674e+00 8.959715e-01
      vertex   2.658573e-01 -5.020674e+00 8.612371e-01
    endloop
  endfacet
  facet normal -4.361939e-02 0.000000e+00 9.990482e-01
    outer loop
      vertex   2.658573e-01 -1.027067e+01 8.612371e-01
      vertex   2.658573e-01 -5.020674e+00 8.612371e-01
      vertex   -5.551115e-16 -1.027067e+01 8.496296e-01
    endloop
  endfacet
  facet normal -4.709254e-02 1.762272e-04 9.988905e-01
    outer loop
      vertex   -5.551115e-16 -1.027067e+01 8.496296e-01
      vertex   2.658573e-01 -5.020674e+00 8.612371e-01
      vertex   2.401945e-01 2.293261e-01 8.591011e-01
    endloop
  endfacet
  facet normal -3.940197e-02 0.000000e+00 9.992234e-01
    outer loop
      vertex   -5.551115e-16 -1.027067e+01 8.496296e-01
      vertex   2.401945e-01 2.293261e-01 8.591011e-01
      vertex   -5.551115e-16 2.293261e-01 8.496296e-01
    endloop
  endfacet
  facet normal -6.441222e-01 -3.175182e-04 7.649225e-01
    outer loop
      vertex   2.016072e+00 -1.206841e+00 1.611457e+00
      vertex   1.917312e+00 -1.358176e+00 1.528231e+00
      vertex   1.960740e+00 -5.020674e+00 1.563281e+00
    endloop
  endfacet
  facet normal -6.125967e-01 3.000789e-04 7.903956e-01
    outer loop
      vertex   1.960740e+00 -5.020674e+00 1.563281e+00
      vertex   1.917312e+00 -1.358176e+00 1.528231e+00
      vertex   1.808974e+00 -1.499695e+00 1.444317e+00
    endloop
  endfacet
  facet normal -6.087613e-01 5.653230e-04 7.933532e-01
    outer loop
      vertex   1.960740e+00 -5.020674e+00 1.563281e+00
      vertex   1.808974e+00 -1.499695e+00 1.444317e+00
      vertex   1.749621e+00 -5.020674e+00 1.401283e+00
    endloop
  endfacet
  facet normal -5.756481e-01 -2.904093e-04 8.176975e-01
    outer loop
      vertex   1.749621e+00 -5.020674e+00 1.401283e+00
      vertex   1.808974e+00 -1.499695e+00 1.444317e+00
      vertex   1.692390e+00 -1.630413e+00 1.362198e+00
    endloop
  endfacet
  facet normal -5.372995e-01 6.531612e-04 8.433913e-01
    outer loop
      vertex   1.749621e+00 -5.020674e+00 1.401283e+00
      vertex   1.692390e+00 -1.630413e+00 1.362198e+00
      vertex   1.525185e+00 -5.020674e+00 1.258302e+00
    endloop
  endfacet
  facet normal -5.342491e-01 4.433940e-04 8.453270e-01
    outer loop
      vertex   1.525185e+00 -5.020674e+00 1.258302e+00
      vertex   1.692390e+00 -1.630413e+00 1.362198e+00
      vertex   1.566813e+00 -1.751272e+00 1.282896e+00
    endloop
  endfacet
  facet normal -4.897625e-01 -3.226035e-04 8.718558e-01
    outer loop
      vertex   1.525185e+00 -5.020674e+00 1.258302e+00
      vertex   1.566813e+00 -1.751272e+00 1.282896e+00
      vertex   1.428351e+00 -1.865569e+00 1.205073e+00
    endloop
  endfacet
  facet normal -4.617485e-01 7.928507e-04 8.870106e-01
    outer loop
      vertex   1.525185e+00 -5.020674e+00 1.258302e+00
      vertex   1.428351e+00 -1.865569e+00 1.205073e+00
      vertex   1.289142e+00 -5.020674e+00 1.135426e+00
    endloop
  endfacet
  facet normal -4.435088e-01 -2.163146e-04 8.962700e-01
    outer loop
      vertex   1.289142e+00 -5.020674e+00 1.135426e+00
      vertex   1.428351e+00 -1.865569e+00 1.205073e+00
      vertex   1.277935e+00 -1.971610e+00 1.130616e+00
    endloop
  endfacet
  facet normal -3.937039e-01 2.978383e-06 9.192373e-01
    outer loop
      vertex   1.289142e+00 -5.020674e+00 1.135426e+00
      vertex   1.277935e+00 -1.971610e+00 1.130616e+00
      vertex   1.116734e+00 -2.067469e+00 1.061575e+00
    endloop
  endfacet
  facet normal -3.826833e-01 7.624435e-04 9.238793e-01
    outer loop
      vertex   1.289142e+00 -5.020674e+00 1.135426e+00
      vertex   1.116734e+00 -2.067469e+00 1.061575e+00
      vertex   1.043288e+00 -5.020674e+00 1.033589e+00
    endloop
  endfacet
  facet normal -3.389009e-01 -4.869761e-04 9.408220e-01
    outer loop
      vertex   1.043288e+00 -5.020674e+00 1.033589e+00
      vertex   1.116734e+00 -2.067469e+00 1.061575e+00
      vertex   9.459175e-01 -2.151218e+00 1.000000e+00
    endloop
  endfacet
  facet normal -3.007057e-01 9.600621e-04 9.537165e-01
    outer loop
      vertex   1.043288e+00 -5.020674e+00 1.033589e+00
      vertex   9.459175e-01 -2.151218e+00 1.000000e+00
      vertex   7.894940e-01 -5.020674e+00 9.535684e-01
    endloop
  endfacet
  facet normal -2.845609e-01 1.016597e-16 9.586580e-01
    outer loop
      vertex   7.894940e-01 -5.020674e+00 9.535684e-01
      vertex   9.459175e-01 -2.151218e+00 1.000000e+00
      vertex   9.459175e-01 2.293261e-01 1.000000e+00
    endloop
  endfacet
  facet normal -2.723988e-01 -3.935591e-04 9.621844e-01
    outer loop
      vertex   7.894940e-01 -5.020674e+00 9.535684e-01
      vertex   9.459175e-01 2.293261e-01 1.000000e+00
      vertex   7.146264e-01 2.293261e-01 9.345205e-01
    endloop
  endfacet
  facet normal -2.164396e-01 4.556452e-04 9.762959e-01
    outer loop
      vertex   7.894940e-01 -5.020674e+00 9.535684e-01
      vertex   7.146264e-01 2.293261e-01 9.345205e-01
      vertex   5.296913e-01 -5.020674e+00 8.959715e-01
    endloop
  endfacet
  facet normal -1.957879e-01 -3.037680e-04 9.806462e-01
    outer loop
      vertex   5.296913e-01 -5.020674e+00 8.959715e-01
      vertex   7.146264e-01 2.293261e-01 9.345205e-01
      vertex   4.788975e-01 2.293261e-01 8.874567e-01
    endloop
  endfacet
  facet normal -1.305262e-01 3.451539e-04 9.914448e-01
    outer loop
      vertex   5.296913e-01 -5.020674e+00 8.959715e-01
      vertex   4.788975e-01 2.293261e-01 8.874567e-01
      vertex   2.658573e-01 -5.020674e+00 8.612371e-01
    endloop
  endfacet
  facet normal -1.179612e-01 -1.725785e-04 9.930182e-01
    outer loop
      vertex   2.658573e-01 -5.020674e+00 8.612371e-01
      vertex   4.788975e-01 2.293261e-01 8.874567e-01
      vertex   2.401945e-01 2.293261e-01 8.591011e-01
    endloop
  endfacet
  facet normal -6.755902e-01 1.865716e-18 7.372773e-01
    outer loop
      vertex   1.960740e+00 -1.027067e+01 1.563281e+00
      vertex   2.156938e+00 -1.027067e+01 1.743062e+00
      vertex   2.156938e+00 -5.020674e+00 1.743062e+00
    endloop
  endfacet
  facet normal -7.372773e-01 0.000000e+00 6.755902e-01
    outer loop
      vertex   2.156938e+00 -5.020674e+00 1.743062e+00
      vertex   2.156938e+00 -1.027067e+01 1.743062e+00
      vertex   2.336719e+00 -5.020674e+00 1.939260e+00
    endloop
  endfacet
  facet normal -7.372773e-01 -1.096302e-18 6.755902e-01
    outer loop
      vertex   2.156938e+00 -1.027067e+01 1.743062e+00
      vertex   2.336719e+00 -1.027067e+01 1.939260e+00
      vertex   2.336719e+00 -5.020674e+00 1.939260e+00
    endloop
  endfacet
  facet normal -7.933533e-01 0.000000e+00 6.087614e-01
    outer loop
      vertex   2.336719e+00 -5.020674e+00 1.939260e+00
      vertex   2.336719e+00 -1.027067e+01 1.939260e+00
      vertex   2.498717e+00 -5.020674e+00 2.150379e+00
    endloop
  endfacet
  facet normal -7.933533e-01 -9.730284e-19 6.087614e-01
    outer loop
      vertex   2.336719e+00 -1.027067e+01 1.939260e+00
      vertex   2.498717e+00 -1.027067e+01 2.150379e+00
      vertex   2.498717e+00 -5.020674e+00 2.150379e+00
    endloop
  endfacet
  facet normal -8.433914e-01 0.000000e+00 5.372996e-01
    outer loop
      vertex   2.498717e+00 -5.020674e+00 2.150379e+00
      vertex   2.498717e+00 -1.027067e+01 2.150379e+00
      vertex   2.641698e+00 -1.027067e+01 2.374815e+00
    endloop
  endfacet
  facet normal -8.434976e-01 -1.001294e-05 5.371330e-01
    outer loop
      vertex   2.498717e+00 -5.020674e+00 2.150379e+00
      vertex   2.641698e+00 -1.027067e+01 2.374815e+00
      vertex   2.642301e+00 -5.020674e+00 2.375859e+00
    endloop
  endfacet
  facet normal -8.870108e-01 9.967638e-06 4.617486e-01
    outer loop
      vertex   2.642301e+00 -5.020674e+00 2.375859e+00
      vertex   2.641698e+00 -1.027067e+01 2.374815e+00
      vertex   2.764574e+00 -1.027067e+01 2.610858e+00
    endloop
  endfacet
  facet normal -8.871780e-01 -8.306365e-06 4.614273e-01
    outer loop
      vertex   2.642301e+00 -5.020674e+00 2.375859e+00
      vertex   2.764574e+00 -1.027067e+01 2.610858e+00
      vertex   2.764999e+00 -5.020674e+00 2.611768e+00
    endloop
  endfacet
  facet normal -9.238795e-01 8.312657e-06 3.826834e-01
    outer loop
      vertex   2.764999e+00 -5.020674e+00 2.611768e+00
      vertex   2.764574e+00 -1.027067e+01 2.610858e+00
      vertex   2.866411e+00 -1.027067e+01 2.856712e+00
    endloop
  endfacet
  facet normal -9.239929e-01 -6.650126e-06 3.824097e-01
    outer loop
      vertex   2.764999e+00 -5.020674e+00 2.611768e+00
      vertex   2.866411e+00 -1.027067e+01 2.856712e+00
      vertex   2.866685e+00 -5.020674e+00 2.857467e+00
    endloop
  endfacet
  facet normal -9.537170e-01 6.655160e-06 3.007058e-01
    outer loop
      vertex   2.866685e+00 -5.020674e+00 2.857467e+00
      vertex   2.866411e+00 -1.027067e+01 2.856712e+00
      vertex   2.946432e+00 -1.027067e+01 3.110506e+00
    endloop
  endfacet
  facet normal -9.537862e-01 -4.991370e-06 3.004860e-01
    outer loop
      vertex   2.866685e+00 -5.020674e+00 2.857467e+00
      vertex   2.946432e+00 -1.027067e+01 3.110506e+00
      vertex   2.946587e+00 -5.020674e+00 3.111088e+00
    endloop
  endfacet
  facet normal -9.762960e-01 4.995145e-06 2.164396e-01
    outer loop
      vertex   2.946587e+00 -5.020674e+00 3.111088e+00
      vertex   2.946432e+00 -1.027067e+01 3.110506e+00
      vertex   3.004028e+00 -1.027067e+01 3.370309e+00
    endloop
  endfacet
  facet normal -9.763316e-01 -3.330097e-06 2.162789e-01
    outer loop
      vertex   2.946587e+00 -5.020674e+00 3.111088e+00
      vertex   3.004028e+00 -1.027067e+01 3.370309e+00
      vertex   3.004098e+00 -5.020674e+00 3.370704e+00
    endloop
  endfacet
  facet normal -9.914449e-01 3.332614e-06 1.305262e-01
    outer loop
      vertex   3.004098e+00 -5.020674e+00 3.370704e+00
      vertex   3.004028e+00 -1.027067e+01 3.370309e+00
      vertex   3.038763e+00 -1.027067e+01 3.634143e+00
    endloop
  endfacet
  facet normal -9.914577e-01 -1.666307e-06 1.304283e-01
    outer loop
      vertex   3.004098e+00 -5.020674e+00 3.370704e+00
      vertex   3.038763e+00 -1.027067e+01 3.634143e+00
      vertex   3.038780e+00 -5.020674e+00 3.634343e+00
    endloop
  endfacet
  facet normal -9.990482e-01 1.667565e-06 4.361939e-02
    outer loop
      vertex   3.038780e+00 -5.020674e+00 3.634343e+00
      vertex   3.038763e+00 -1.027067e+01 3.634143e+00
      vertex   3.050370e+00 -1.027067e+01 3.900000e+00
    endloop
  endfacet
  facet normal -4.988421e-02 -9.987550e-01 -1.000656e-04
    outer loop
      vertex   2.341639e-01 2.338304e+00 6.500000e+00
      vertex   -5.551115e-16 2.350000e+00 6.500000e+00
      vertex   2.285389e-01 2.338861e+00 3.750000e+00
    endloop
  endfacet
  facet normal -4.868301e-02 -9.988143e-01 4.353139e-20
    outer loop
      vertex   2.285389e-01 2.338861e+00 3.750000e+00
      vertex   -5.551115e-16 2.350000e+00 6.500000e+00
      vertex   -5.551115e-16 2.350000e+00 1.000000e+00
    endloop
  endfacet
  facet normal -4.868301e-02 -9.988143e-01 -0.000000e+00
    outer loop
      vertex   2.285389e-01 2.338861e+00 3.750000e+00
      vertex   -5.551115e-16 2.350000e+00 1.000000e+00
      vertex   2.285389e-01 2.338861e+00 1.000000e+00
    endloop
  endfacet
  facet normal -1.455875e-01 -9.893454e-01 -0.000000e+00
    outer loop
      vertex   2.285389e-01 2.338861e+00 3.750000e+00
      vertex   2.285389e-01 2.338861e+00 1.000000e+00
      vertex   4.549111e-01 2.305549e+00 3.750000e+00
    endloop
  endfacet
  facet normal -1.455875e-01 -9.893454e-01 -0.000000e+00
    outer loop
      vertex   4.549111e-01 2.305549e+00 3.750000e+00
      vertex   2.285389e-01 2.338861e+00 1.000000e+00
      vertex   4.549111e-01 2.305549e+00 1.000000e+00
    endloop
  endfacet
  facet normal -2.411118e-01 -9.704973e-01 -0.000000e+00
    outer loop
      vertex   4.549111e-01 2.305549e+00 3.750000e+00
      vertex   4.549111e-01 2.305549e+00 1.000000e+00
      vertex   6.769708e-01 2.250380e+00 3.750000e+00
    endloop
  endfacet
  facet normal -2.411118e-01 -9.704973e-01 -0.000000e+00
    outer loop
      vertex   6.769708e-01 2.250380e+00 3.750000e+00
      vertex   4.549111e-01 2.305549e+00 1.000000e+00
      vertex   6.769708e-01 2.250380e+00 1.000000e+00
    endloop
  endfacet
  facet normal -3.343504e-01 -9.424488e-01 -0.000000e+00
    outer loop
      vertex   6.769708e-01 2.250380e+00 3.750000e+00
      vertex   6.769708e-01 2.250380e+00 1.000000e+00
      vertex   8.926126e-01 2.173877e+00 3.750000e+00
    endloop
  endfacet
  facet normal -3.343504e-01 -9.424488e-01 -0.000000e+00
    outer loop
      vertex   8.926126e-01 2.173877e+00 3.750000e+00
      vertex   6.769708e-01 2.250380e+00 1.000000e+00
      vertex   8.926126e-01 2.173877e+00 1.000000e+00
    endloop
  endfacet
  facet normal -4.244192e-01 -9.054658e-01 -0.000000e+00
    outer loop
      vertex   8.926126e-01 2.173877e+00 3.750000e+00
      vertex   8.926126e-01 2.173877e+00 1.000000e+00
      vertex   1.099792e+00 2.076766e+00 3.750000e+00
    endloop
  endfacet
  facet normal -4.244192e-01 -9.054658e-01 -0.000000e+00
    outer loop
      vertex   1.099792e+00 2.076766e+00 3.750000e+00
      vertex   8.926126e-01 2.173877e+00 1.000000e+00
      vertex   1.099792e+00 2.076766e+00 1.000000e+00
    endloop
  endfacet
  facet normal -5.104645e-01 -8.598988e-01 -0.000000e+00
    outer loop
      vertex   1.099792e+00 2.076766e+00 3.750000e+00
      vertex   1.099792e+00 2.076766e+00 1.000000e+00
      vertex   1.296546e+00 1.959966e+00 3.750000e+00
    endloop
  endfacet
  facet normal -5.104645e-01 -8.598988e-01 -0.000000e+00
    outer loop
      vertex   1.296546e+00 1.959966e+00 3.750000e+00
      vertex   1.099792e+00 2.076766e+00 1.000000e+00
      vertex   1.296546e+00 1.959966e+00 1.000000e+00
    endloop
  endfacet
  facet normal -5.916705e-01 -8.061799e-01 -0.000000e+00
    outer loop
      vertex   1.296546e+00 1.959966e+00 3.750000e+00
      vertex   1.296546e+00 1.959966e+00 1.000000e+00
      vertex   1.481008e+00 1.824586e+00 3.750000e+00
    endloop
  endfacet
  facet normal -5.916705e-01 -8.061799e-01 -0.000000e+00
    outer loop
      vertex   1.481008e+00 1.824586e+00 3.750000e+00
      vertex   1.296546e+00 1.959966e+00 1.000000e+00
      vertex   1.481008e+00 1.824586e+00 1.000000e+00
    endloop
  endfacet
  facet normal -6.672674e-01 -7.448182e-01 -0.000000e+00
    outer loop
      vertex   1.481008e+00 1.824586e+00 3.750000e+00
      vertex   1.481008e+00 1.824586e+00 1.000000e+00
      vertex   1.651430e+00 1.671909e+00 3.750000e+00
    endloop
  endfacet
  facet normal -6.672674e-01 -7.448182e-01 -0.000000e+00
    outer loop
      vertex   1.651430e+00 1.671909e+00 3.750000e+00
      vertex   1.481008e+00 1.824586e+00 1.000000e+00
      vertex   1.651430e+00 1.671909e+00 1.000000e+00
    endloop
  endfacet
  facet normal -7.365385e-01 -6.763956e-01 -0.000000e+00
    outer loop
      vertex   1.651430e+00 1.671909e+00 3.750000e+00
      vertex   1.651430e+00 1.671909e+00 1.000000e+00
      vertex   1.806196e+00 1.503381e+00 3.750000e+00
    endloop
  endfacet
  facet normal -7.365385e-01 -6.763956e-01 -0.000000e+00
    outer loop
      vertex   1.806196e+00 1.503381e+00 3.750000e+00
      vertex   1.651430e+00 1.671909e+00 1.000000e+00
      vertex   1.806196e+00 1.503381e+00 1.000000e+00
    endloop
  endfacet
  facet normal -7.988271e-01 -6.015606e-01 -0.000000e+00
    outer loop
      vertex   1.806196e+00 1.503381e+00 3.750000e+00
      vertex   1.806196e+00 1.503381e+00 1.000000e+00
      vertex   1.943839e+00 1.320601e+00 3.750000e+00
    endloop
  endfacet
  facet normal -7.988271e-01 -6.015606e-01 -0.000000e+00
    outer loop
      vertex   1.943839e+00 1.320601e+00 3.750000e+00
      vertex   1.806196e+00 1.503381e+00 1.000000e+00
      vertex   1.943839e+00 1.320601e+00 1.000000e+00
    endloop
  endfacet
  facet normal -8.535428e-01 -5.210228e-01 -0.000000e+00
    outer loop
      vertex   1.943839e+00 1.320601e+00 3.750000e+00
      vertex   1.943839e+00 1.320601e+00 1.000000e+00
      vertex   2.063055e+00 1.125302e+00 3.750000e+00
    endloop
  endfacet
  facet normal -8.535428e-01 -5.210228e-01 -0.000000e+00
    outer loop
      vertex   2.063055e+00 1.125302e+00 3.750000e+00
      vertex   1.943839e+00 1.320601e+00 1.000000e+00
      vertex   2.063055e+00 1.125302e+00 1.000000e+00
    endloop
  endfacet
  facet normal -9.001667e-01 -4.355456e-01 -0.000000e+00
    outer loop
      vertex   2.063055e+00 1.125302e+00 3.750000e+00
      vertex   2.063055e+00 1.125302e+00 1.000000e+00
      vertex   2.162712e+00 9.193349e-01 3.750000e+00
    endloop
  endfacet
  facet normal -9.001667e-01 -4.355456e-01 -0.000000e+00
    outer loop
      vertex   2.162712e+00 9.193349e-01 3.750000e+00
      vertex   2.063055e+00 1.125302e+00 1.000000e+00
      vertex   2.162712e+00 9.193349e-01 1.000000e+00
    endloop
  endfacet
  facet normal -9.382569e-01 -3.459393e-01 -0.000000e+00
    outer loop
      vertex   2.162712e+00 9.193349e-01 3.750000e+00
      vertex   2.162712e+00 9.193349e-01 1.000000e+00
      vertex   2.241866e+00 7.046522e-01 3.750000e+00
    endloop
  endfacet
  facet normal -9.382569e-01 -3.459393e-01 -0.000000e+00
    outer loop
      vertex   2.241866e+00 7.046522e-01 3.750000e+00
      vertex   2.162712e+00 9.193349e-01 1.000000e+00
      vertex   2.241866e+00 7.046522e-01 1.000000e+00
    endloop
  endfacet
  facet normal -9.674523e-01 -2.530535e-01 -0.000000e+00
    outer loop
      vertex   2.241866e+00 7.046522e-01 3.750000e+00
      vertex   2.241866e+00 7.046522e-01 1.000000e+00
      vertex   2.299768e+00 4.832892e-01 3.750000e+00
    endloop
  endfacet
  facet normal -9.674523e-01 -2.530535e-01 -0.000000e+00
    outer loop
      vertex   2.299768e+00 4.832892e-01 3.750000e+00
      vertex   2.241866e+00 7.046522e-01 1.000000e+00
      vertex   2.299768e+00 4.832892e-01 1.000000e+00
    endloop
  endfacet
  facet normal -9.874761e-01 -1.577688e-01 -0.000000e+00
    outer loop
      vertex   2.299768e+00 4.832892e-01 3.750000e+00
      vertex   2.299768e+00 4.832892e-01 1.000000e+00
      vertex   2.335867e+00 2.573447e-01 3.750000e+00
    endloop
  endfacet
  facet normal -9.874761e-01 -1.577688e-01 -0.000000e+00
    outer loop
      vertex   2.335867e+00 2.573447e-01 3.750000e+00
      vertex   2.299768e+00 4.832892e-01 1.000000e+00
      vertex   2.335867e+00 2.573447e-01 1.000000e+00
    endloop
  endfacet
  facet normal -9.946244e-01 -1.035488e-01 -0.000000e+00
    outer loop
      vertex   2.335867e+00 2.573447e-01 3.750000e+00
      vertex   2.335867e+00 2.573447e-01 1.000000e+00
      vertex   2.338784e+00 2.293261e-01 1.941723e+00
    endloop
  endfacet
  facet normal -9.969989e-01 -7.741151e-02 7.850066e-04
    outer loop
      vertex   2.338784e+00 2.293261e-01 1.941723e+00
      vertex   2.335867e+00 2.573447e-01 1.000000e+00
      vertex   2.346127e+00 1.348459e-01 1.950521e+00
    endloop
  endfacet
  facet normal -9.981342e-01 -6.098805e-02 2.913842e-03
    outer loop
      vertex   2.346127e+00 1.348459e-01 1.950521e+00
      vertex   2.335867e+00 2.573447e-01 1.000000e+00
      vertex   2.349822e+00 2.896047e-02 1.000000e+00
    endloop
  endfacet
  facet normal -9.993072e-01 -3.721647e-02 2.611958e-04
    outer loop
      vertex   2.346127e+00 1.348459e-01 1.950521e+00
      vertex   2.349822e+00 2.896047e-02 1.000000e+00
      vertex   2.349658e+00 4.004531e-02 1.954782e+00
    endloop
  endfacet
  facet normal -9.999949e-01 3.190845e-03 -2.080431e-04
    outer loop
      vertex   2.349658e+00 4.004531e-02 1.954782e+00
      vertex   2.349822e+00 2.896047e-02 1.000000e+00
      vertex   2.349356e+00 -5.485125e-02 1.954405e+00
    endloop
  endfacet
  facet normal -9.993347e-01 3.637019e-02 2.705945e-03
    outer loop
      vertex   2.349356e+00 -5.485125e-02 1.954405e+00
      vertex   2.349822e+00 2.896047e-02 1.000000e+00
      vertex   2.341500e+00 -1.996983e-01 1.000000e+00
    endloop
  endfacet
  facet normal -9.990486e-01 4.358073e-02 1.609270e-03
    outer loop
      vertex   2.349356e+00 -5.485125e-02 1.954405e+00
      vertex   2.341500e+00 -1.996983e-01 1.000000e+00
      vertex   2.345214e+00 -1.496080e-01 1.949371e+00
    endloop
  endfacet
  facet normal -9.945772e-01 1.039887e-01 -1.595445e-03
    outer loop
      vertex   2.345214e+00 -1.496080e-01 1.949371e+00
      vertex   2.341500e+00 -1.996983e-01 1.000000e+00
      vertex   2.325568e+00 -3.378623e-01 1.925998e+00
    endloop
  endfacet
  facet normal -9.910604e-01 1.333836e-01 2.850953e-03
    outer loop
      vertex   2.325568e+00 -3.378623e-01 1.925998e+00
      vertex   2.341500e+00 -1.996983e-01 1.000000e+00
      vertex   2.310980e+00 -4.264639e-01 1.000000e+00
    endloop
  endfacet
  facet normal -9.829837e-01 1.836809e-01 -2.088850e-03
    outer loop
      vertex   2.325568e+00 -3.378623e-01 1.925998e+00
      vertex   2.310980e+00 -4.264639e-01 1.000000e+00
      vertex   2.291047e+00 -5.230581e-01 1.886081e+00
    endloop
  endfacet
  facet normal -9.733904e-01 2.291324e-01 3.081746e-03
    outer loop
      vertex   2.291047e+00 -5.230581e-01 1.886081e+00
      vertex   2.310980e+00 -4.264639e-01 1.000000e+00
      vertex   2.258552e+00 -6.491866e-01 1.000000e+00
    endloop
  endfacet
  facet normal -9.651132e-01 2.618264e-01 -1.875611e-03
    outer loop
      vertex   2.291047e+00 -5.230581e-01 1.886081e+00
      vertex   2.258552e+00 -6.491866e-01 1.000000e+00
      vertex   2.242136e+00 -7.037375e-01 1.831762e+00
    endloop
  endfacet
  facet normal -9.464948e-01 3.227096e-01 2.484854e-03
    outer loop
      vertex   2.242136e+00 -7.037375e-01 1.831762e+00
      vertex   2.258552e+00 -6.491866e-01 1.000000e+00
      vertex   2.184712e+00 -8.657549e-01 1.000000e+00
    endloop
  endfacet
  facet normal -9.414714e-01 3.370923e-01 -6.635283e-04
    outer loop
      vertex   2.242136e+00 -7.037375e-01 1.831762e+00
      vertex   2.184712e+00 -8.657549e-01 1.000000e+00
      vertex   2.179551e+00 -8.786635e-01 1.765915e+00
    endloop
  endfacet
  facet normal -9.120064e-01 4.101752e-01 7.667752e-04
    outer loop
      vertex   2.179551e+00 -8.786635e-01 1.765915e+00
      vertex   2.184712e+00 -8.657549e-01 1.000000e+00
      vertex   2.103924e+00 -1.046677e+00 1.691516e+00
    endloop
  endfacet
  facet normal -9.106261e-01 4.132278e-01 1.726695e-03
    outer loop
      vertex   2.103924e+00 -1.046677e+00 1.691516e+00
      vertex   2.184712e+00 -8.657549e-01 1.000000e+00
      vertex   2.090162e+00 -1.074116e+00 1.000000e+00
    endloop
  endfacet
  facet normal -8.764138e-01 4.815559e-01 -1.665424e-03
    outer loop
      vertex   2.103924e+00 -1.046677e+00 1.691516e+00
      vertex   2.090162e+00 -1.074116e+00 1.000000e+00
      vertex   2.016072e+00 -1.206841e+00 1.611457e+00
    endloop
  endfacet
  facet normal -8.661188e-01 4.998255e-01 3.547689e-03
    outer loop
      vertex   2.016072e+00 -1.206841e+00 1.611457e+00
      vertex   2.090162e+00 -1.074116e+00 1.000000e+00
      vertex   1.975796e+00 -1.272294e+00 1.000000e+00
    endloop
  endfacet
  facet normal -8.365496e-01 5.478797e-01 -3.543926e-03
    outer loop
      vertex   2.016072e+00 -1.206841e+00 1.611457e+00
      vertex   1.975796e+00 -1.272294e+00 1.000000e+00
      vertex   1.917312e+00 -1.358176e+00 1.528231e+00
    endloop
  endfacet
  facet normal -8.134019e-01 5.816846e-01 4.515056e-03
    outer loop
      vertex   1.917312e+00 -1.358176e+00 1.528231e+00
      vertex   1.975796e+00 -1.272294e+00 1.000000e+00
      vertex   1.842699e+00 -1.458410e+00 1.000000e+00
    endloop
  endfacet
  facet normal -7.930076e-01 6.092012e-01 -3.587055e-03
    outer loop
      vertex   1.917312e+00 -1.358176e+00 1.528231e+00
      vertex   1.842699e+00 -1.458410e+00 1.000000e+00
      vertex   1.808974e+00 -1.499695e+00 1.444317e+00
    endloop
  endfacet
  facet normal -7.529788e-01 6.580327e-01 3.988540e-03
    outer loop
      vertex   1.808974e+00 -1.499695e+00 1.444317e+00
      vertex   1.842699e+00 -1.458410e+00 1.000000e+00
      vertex   1.692133e+00 -1.630701e+00 1.000000e+00
    endloop
  endfacet
  facet normal -7.463050e-01 6.656041e-01 1.130954e-06
    outer loop
      vertex   1.808974e+00 -1.499695e+00 1.444317e+00
      vertex   1.692133e+00 -1.630701e+00 1.000000e+00
      vertex   1.692390e+00 -1.630413e+00 1.362198e+00
    endloop
  endfacet
  facet normal -6.934146e-01 7.205388e-01 -8.002094e-05
    outer loop
      vertex   1.692390e+00 -1.630413e+00 1.362198e+00
      vertex   1.692133e+00 -1.630701e+00 1.000000e+00
      vertex   1.566813e+00 -1.751272e+00 1.282896e+00
    endloop
  endfacet
  facet normal -6.854056e-01 7.281306e-01 6.703498e-03
    outer loop
      vertex   1.566813e+00 -1.751272e+00 1.282896e+00
      vertex   1.692133e+00 -1.630701e+00 1.000000e+00
      vertex   1.525526e+00 -1.787532e+00 1.000000e+00
    endloop
  endfacet
  facet normal -6.344176e-01 7.729633e-01 -6.484499e-03
    outer loop
      vertex   1.566813e+00 -1.751272e+00 1.282896e+00
      vertex   1.525526e+00 -1.787532e+00 1.000000e+00
      vertex   1.428351e+00 -1.865569e+00 1.205073e+00
    endloop
  endfacet
  facet normal -6.113194e-01 7.913013e-01 1.143884e-02
    outer loop
      vertex   1.428351e+00 -1.865569e+00 1.205073e+00
      vertex   1.525526e+00 -1.787532e+00 1.000000e+00
      vertex   1.344456e+00 -1.927417e+00 1.000000e+00
    endloop
  endfacet
  facet normal -5.716474e-01 8.203873e-01 -1.356305e-02
    outer loop
      vertex   1.428351e+00 -1.865569e+00 1.205073e+00
      vertex   1.344456e+00 -1.927417e+00 1.000000e+00
      vertex   1.277935e+00 -1.971610e+00 1.130616e+00
    endloop
  endfacet
  facet normal -5.314347e-01 8.469499e-01 1.590402e-02
    outer loop
      vertex   1.277935e+00 -1.971610e+00 1.130616e+00
      vertex   1.344456e+00 -1.927417e+00 1.000000e+00
      vertex   1.150641e+00 -2.049030e+00 1.000000e+00
    endloop
  endfacet
  facet normal -5.048136e-01 8.630068e-01 -1.955760e-02
    outer loop
      vertex   1.277935e+00 -1.971610e+00 1.130616e+00
      vertex   1.150641e+00 -2.049030e+00 1.000000e+00
      vertex   1.116734e+00 -2.067469e+00 1.061575e+00
    endloop
  endfacet
  facet normal -4.464978e-01 8.945145e-01 2.198957e-02
    outer loop
      vertex   1.116734e+00 -2.067469e+00 1.061575e+00
      vertex   1.150641e+00 -2.049030e+00 1.000000e+00
      vertex   9.459175e-01 -2.151218e+00 1.000000e+00
    endloop
  endfacet
  facet normal -9.946244e-01 -1.035488e-01 0.000000e+00
    outer loop
      vertex   2.338784e+00 2.293261e-01 1.941723e+00
      vertex   2.338784e+00 2.293261e-01 5.858277e+00
      vertex   2.335867e+00 2.573447e-01 3.750000e+00
    endloop
  endfacet
  facet normal -9.910173e-01 -1.337329e-01 -4.061315e-04
    outer loop
      vertex   2.335867e+00 2.573447e-01 3.750000e+00
      vertex   2.338784e+00 2.293261e-01 5.858277e+00
      vertex   2.314735e+00 4.055865e-01 6.500000e+00
    endloop
  endfacet
  facet normal -9.874757e-01 -1.577687e-01 9.167605e-04
    outer loop
      vertex   2.335867e+00 2.573447e-01 3.750000e+00
      vertex   2.314735e+00 4.055865e-01 6.500000e+00
      vertex   2.299768e+00 4.832892e-01 3.750000e+00
    endloop
  endfacet
  facet normal -9.751575e-01 -2.215107e-01 -9.513487e-04
    outer loop
      vertex   2.299768e+00 4.832892e-01 3.750000e+00
      vertex   2.314735e+00 4.055865e-01 6.500000e+00
      vertex   2.262801e+00 6.342179e-01 6.500000e+00
    endloop
  endfacet
  facet normal -9.674519e-01 -2.530534e-01 8.834011e-04
    outer loop
      vertex   2.299768e+00 4.832892e-01 3.750000e+00
      vertex   2.262801e+00 6.342179e-01 6.500000e+00
      vertex   2.241866e+00 7.046522e-01 3.750000e+00
    endloop
  endfacet
  facet normal -9.482320e-01 -3.175770e-01 -9.155176e-04
    outer loop
      vertex   2.241866e+00 7.046522e-01 3.750000e+00
      vertex   2.262801e+00 6.342179e-01 6.500000e+00
      vertex   2.188343e+00 8.565365e-01 6.500000e+00
    endloop
  endfacet
  facet normal -9.382565e-01 -3.459392e-01 8.450983e-04
    outer loop
      vertex   2.241866e+00 7.046522e-01 3.750000e+00
      vertex   2.188343e+00 8.565365e-01 6.500000e+00
      vertex   2.162712e+00 9.193349e-01 3.750000e+00
    endloop
  endfacet
  facet normal -9.118681e-01 -4.104823e-01 -8.747433e-04
    outer loop
      vertex   2.162712e+00 9.193349e-01 3.750000e+00
      vertex   2.188343e+00 8.565365e-01 6.500000e+00
      vertex   2.092103e+00 1.070329e+00 6.500000e+00
    endloop
  endfacet
  facet normal -9.001664e-01 -4.355454e-01 8.018526e-04
    outer loop
      vertex   2.162712e+00 9.193349e-01 3.750000e+00
      vertex   2.092103e+00 1.070329e+00 6.500000e+00
      vertex   2.063055e+00 1.125302e+00 3.750000e+00
    endloop
  endfacet
  facet normal -8.664277e-01 -4.993018e-01 -8.290262e-04
    outer loop
      vertex   2.063055e+00 1.125302e+00 3.750000e+00
      vertex   2.092103e+00 1.070329e+00 6.500000e+00
      vertex   1.975039e+00 1.273468e+00 6.500000e+00
    endloop
  endfacet
  facet normal -8.535425e-01 -5.210226e-01 7.536640e-04
    outer loop
      vertex   2.063055e+00 1.125302e+00 3.750000e+00
      vertex   1.975039e+00 1.273468e+00 6.500000e+00
      vertex   1.943839e+00 1.320601e+00 3.750000e+00
    endloop
  endfacet
  facet normal -8.123631e-01 -5.831514e-01 -7.783663e-04
    outer loop
      vertex   1.943839e+00 1.320601e+00 3.750000e+00
      vertex   1.975039e+00 1.273468e+00 6.500000e+00
      vertex   1.838316e+00 1.463932e+00 6.500000e+00
    endloop
  endfacet
  facet normal -7.988269e-01 -6.015605e-01 7.005329e-04
    outer loop
      vertex   1.943839e+00 1.320601e+00 3.750000e+00
      vertex   1.838316e+00 1.463932e+00 6.500000e+00
      vertex   1.806196e+00 1.503381e+00 3.750000e+00
    endloop
  endfacet
  facet normal -7.502125e-01 -6.611964e-01 -7.227641e-04
    outer loop
      vertex   1.806196e+00 1.503381e+00 3.750000e+00
      vertex   1.838316e+00 1.463932e+00 6.500000e+00
      vertex   1.683294e+00 1.639823e+00 6.500000e+00
    endloop
  endfacet
  facet normal -7.365384e-01 -6.763955e-01 6.424596e-04
    outer loop
      vertex   1.806196e+00 1.503381e+00 3.750000e+00
      vertex   1.683294e+00 1.639823e+00 6.500000e+00
      vertex   1.651430e+00 1.671909e+00 3.750000e+00
    endloop
  endfacet
  facet normal -6.805944e-01 -7.326601e-01 -6.622198e-04
    outer loop
      vertex   1.651430e+00 1.671909e+00 3.750000e+00
      vertex   1.683294e+00 1.639823e+00 6.500000e+00
      vertex   1.511518e+00 1.799393e+00 6.500000e+00
    endloop
  endfacet
  facet normal -6.672673e-01 -7.448181e-01 5.794445e-04
    outer loop
      vertex   1.651430e+00 1.671909e+00 3.750000e+00
      vertex   1.511518e+00 1.799393e+00 6.500000e+00
      vertex   1.481008e+00 1.824586e+00 3.750000e+00
    endloop
  endfacet
  facet normal -6.042019e-01 -7.968311e-01 -5.967339e-04
    outer loop
      vertex   1.481008e+00 1.824586e+00 3.750000e+00
      vertex   1.511518e+00 1.799393e+00 6.500000e+00
      vertex   1.324696e+00 1.941051e+00 6.500000e+00
    endloop
  endfacet
  facet normal -5.916704e-01 -8.061798e-01 5.114878e-04
    outer loop
      vertex   1.481008e+00 1.824586e+00 3.750000e+00
      vertex   1.324696e+00 1.941051e+00 6.500000e+00
      vertex   1.296546e+00 1.959966e+00 3.750000e+00
    endloop
  endfacet
  facet normal -5.217952e-01 -8.530706e-01 -5.263066e-04
    outer loop
      vertex   1.296546e+00 1.959966e+00 3.750000e+00
      vertex   1.324696e+00 1.941051e+00 6.500000e+00
      vertex   1.124689e+00 2.063389e+00 6.500000e+00
    endloop
  endfacet
  facet normal -5.104645e-01 -8.598987e-01 4.385900e-04
    outer loop
      vertex   1.296546e+00 1.959966e+00 3.750000e+00
      vertex   1.124689e+00 2.063389e+00 6.500000e+00
      vertex   1.099792e+00 2.076766e+00 3.750000e+00
    endloop
  endfacet
  facet normal -4.341948e-01 -9.008189e-01 -4.509384e-04
    outer loop
      vertex   1.099792e+00 2.076766e+00 3.750000e+00
      vertex   1.124689e+00 2.063389e+00 6.500000e+00
      vertex   9.134865e-01 2.165189e+00 6.500000e+00
    endloop
  endfacet
  facet normal -4.244192e-01 -9.054658e-01 3.607515e-04
    outer loop
      vertex   1.099792e+00 2.076766e+00 3.750000e+00
      vertex   9.134865e-01 2.165189e+00 6.500000e+00
      vertex   8.926126e-01 2.173877e+00 3.750000e+00
    endloop
  endfacet
  facet normal -3.422725e-01 -9.396007e-01 -3.706297e-04
    outer loop
      vertex   8.926126e-01 2.173877e+00 3.750000e+00
      vertex   9.134865e-01 2.165189e+00 6.500000e+00
      vertex   6.931916e-01 2.245437e+00 6.500000e+00
    endloop
  endfacet
  facet normal -3.343504e-01 -9.424488e-01 2.779728e-04
    outer loop
      vertex   8.926126e-01 2.173877e+00 3.750000e+00
      vertex   6.931916e-01 2.245437e+00 6.500000e+00
      vertex   6.769708e-01 2.250380e+00 3.750000e+00
    endloop
  endfacet
  facet normal -2.469433e-01 -9.690299e-01 -2.853810e-04
    outer loop
      vertex   6.769708e-01 2.250380e+00 3.750000e+00
      vertex   6.931916e-01 2.245437e+00 6.500000e+00
      vertex   4.659970e-01 2.303334e+00 6.500000e+00
    endloop
  endfacet
  facet normal -2.411118e-01 -9.704973e-01 1.902543e-04
    outer loop
      vertex   6.769708e-01 2.250380e+00 3.750000e+00
      vertex   4.659970e-01 2.303334e+00 6.500000e+00
      vertex   4.549111e-01 2.305549e+00 3.750000e+00
    endloop
  endfacet
  facet normal -1.491561e-01 -9.888136e-01 -1.951928e-04
    outer loop
      vertex   4.549111e-01 2.305549e+00 3.750000e+00
      vertex   4.659970e-01 2.303334e+00 6.500000e+00
      vertex   2.341639e-01 2.338304e+00 6.500000e+00
    endloop
  endfacet
  facet normal -1.455875e-01 -9.893454e-01 9.759649e-05
    outer loop
      vertex   4.549111e-01 2.305549e+00 3.750000e+00
      vertex   2.341639e-01 2.338304e+00 6.500000e+00
      vertex   2.285389e-01 2.338861e+00 3.750000e+00
    endloop
  endfacet
  facet normal -9.923714e-01 -1.232388e-01 -3.339260e-03
    outer loop
      vertex   2.314735e+00 4.055865e-01 6.500000e+00
      vertex   2.338784e+00 2.293261e-01 5.858277e+00
      vertex   2.343630e+00 1.729180e-01 6.500000e+00
    endloop
  endfacet
  facet normal -9.976775e-01 -6.809703e-02 1.547826e-03
    outer loop
      vertex   2.343630e+00 1.729180e-01 6.500000e+00
      vertex   2.338784e+00 2.293261e-01 5.858277e+00
      vertex   2.348273e+00 9.004356e-02 5.846893e+00
    endloop
  endfacet
  facet normal -9.997097e-01 -2.374132e-02 -4.095028e-03
    outer loop
      vertex   2.343630e+00 1.729180e-01 6.500000e+00
      vertex   2.348273e+00 9.004356e-02 5.846893e+00
      vertex   2.349196e+00 -6.147173e-02 6.500000e+00
    endloop
  endfacet
  facet normal -9.999632e-01 -8.565071e-03 -5.739097e-04
    outer loop
      vertex   2.349196e+00 -6.147173e-02 6.500000e+00
      vertex   2.348273e+00 9.004356e-02 5.846893e+00
      vertex   2.349471e+00 -4.970470e-02 5.845454e+00
    endloop
  endfacet
  facet normal -9.986974e-01 5.102288e-02 4.978572e-04
    outer loop
      vertex   2.349196e+00 -6.147173e-02 6.500000e+00
      vertex   2.349471e+00 -4.970470e-02 5.845454e+00
      vertex   2.342349e+00 -1.891833e-01 5.854081e+00
    endloop
  endfacet
  facet normal -9.970985e-01 7.599200e-02 -4.456008e-03
    outer loop
      vertex   2.349196e+00 -6.147173e-02 6.500000e+00
      vertex   2.342349e+00 -1.891833e-01 5.854081e+00
      vertex   2.331379e+00 -2.952496e-01 6.500000e+00
    endloop
  endfacet
  facet normal -9.939142e-01 1.101502e-01 1.207181e-03
    outer loop
      vertex   2.331379e+00 -2.952496e-01 6.500000e+00
      vertex   2.342349e+00 -1.891833e-01 5.854081e+00
      vertex   2.327019e+00 -3.277131e-01 5.872297e+00
    endloop
  endfacet
  facet normal -9.857566e-01 1.681683e-01 -1.850059e-03
    outer loop
      vertex   2.331379e+00 -2.952496e-01 6.500000e+00
      vertex   2.327019e+00 -3.277131e-01 5.872297e+00
      vertex   2.303610e+00 -4.646303e-01 5.899536e+00
    endloop
  endfacet
  facet normal -9.845665e-01 1.749693e-01 -3.823561e-03
    outer loop
      vertex   2.331379e+00 -2.952496e-01 6.500000e+00
      vertex   2.303610e+00 -4.646303e-01 5.899536e+00
      vertex   2.290356e+00 -5.260885e-01 6.500000e+00
    endloop
  endfacet
  facet normal -9.738983e-01 2.269782e-01 1.735083e-03
    outer loop
      vertex   2.290356e+00 -5.260885e-01 6.500000e+00
      vertex   2.303610e+00 -4.646303e-01 5.899536e+00
      vertex   2.272283e+00 -5.993160e-01 5.935070e+00
    endloop
  endfacet
  facet normal -9.622290e-01 2.722041e-01 -4.500522e-03
    outer loop
      vertex   2.290356e+00 -5.260885e-01 6.500000e+00
      vertex   2.272283e+00 -5.993160e-01 5.935070e+00
      vertex   2.226536e+00 -7.516910e-01 6.500000e+00
    endloop
  endfacet
  facet normal -9.591622e-01 2.828533e-01 -1.379833e-03
    outer loop
      vertex   2.226536e+00 -7.516910e-01 6.500000e+00
      vertex   2.272283e+00 -5.993160e-01 5.935070e+00
      vertex   2.233309e+00 -7.312698e-01 5.977766e+00
    endloop
  endfacet
  facet normal -9.407927e-01 3.389807e-01 1.053195e-03
    outer loop
      vertex   2.226536e+00 -7.516910e-01 6.500000e+00
      vertex   2.233309e+00 -7.312698e-01 5.977766e+00
      vertex   2.186980e+00 -8.599997e-01 6.026471e+00
    endloop
  endfacet
  facet normal -9.303083e-01 3.667267e-01 -6.168842e-03
    outer loop
      vertex   2.226536e+00 -7.516910e-01 6.500000e+00
      vertex   2.186980e+00 -8.599997e-01 6.026471e+00
      vertex   2.140553e+00 -9.698113e-01 6.500000e+00
    endloop
  endfacet
  facet normal -9.194109e-01 3.932968e-01 1.061224e-03
    outer loop
      vertex   2.140553e+00 -9.698113e-01 6.500000e+00
      vertex   2.186980e+00 -8.599997e-01 6.026471e+00
      vertex   2.133558e+00 -9.850304e-01 6.080006e+00
    endloop
  endfacet
  facet normal -8.952097e-01 4.456435e-01 -1.238716e-03
    outer loop
      vertex   2.140553e+00 -9.698113e-01 6.500000e+00
      vertex   2.133558e+00 -9.850304e-01 6.080006e+00
      vertex   2.073261e+00 -1.105997e+00 6.137132e+00
    endloop
  endfacet
  facet normal -8.891321e-01 4.575993e-01 -6.852814e-03
    outer loop
      vertex   2.140553e+00 -9.698113e-01 6.500000e+00
      vertex   2.073261e+00 -1.105997e+00 6.137132e+00
      vertex   2.033263e+00 -1.178278e+00 6.500000e+00
    endloop
  endfacet
  facet normal -8.671428e-01 4.980464e-01 3.627829e-03
    outer loop
      vertex   2.033263e+00 -1.178278e+00 6.500000e+00
      vertex   2.073261e+00 -1.105997e+00 6.137132e+00
      vertex   2.006588e+00 -1.222514e+00 6.196831e+00
    endloop
  endfacet
  facet normal -8.399968e-01 5.425659e-01 -5.256510e-03
    outer loop
      vertex   2.033263e+00 -1.178278e+00 6.500000e+00
      vertex   2.006588e+00 -1.222514e+00 6.196831e+00
      vertex   1.934073e+00 -1.334188e+00 6.258112e+00
    endloop
  endfacet
  facet normal -8.391119e-01 5.439201e-01 -6.492260e-03
    outer loop
      vertex   2.033263e+00 -1.178278e+00 6.500000e+00
      vertex   1.934073e+00 -1.334188e+00 6.258112e+00
      vertex   1.905736e+00 -1.375017e+00 6.500000e+00
    endloop
  endfacet
  facet normal -8.056602e-01 5.923515e-01 5.601435e-03
    outer loop
      vertex   1.905736e+00 -1.375017e+00 6.500000e+00
      vertex   1.934073e+00 -1.334188e+00 6.258112e+00
      vertex   1.856245e+00 -1.440627e+00 6.319985e+00
    endloop
  endfacet
  facet normal -7.806869e-01 6.247854e-01 -1.308529e-02
    outer loop
      vertex   1.905736e+00 -1.375017e+00 6.500000e+00
      vertex   1.856245e+00 -1.440627e+00 6.319985e+00
      vertex   1.759238e+00 -1.558069e+00 6.500000e+00
    endloop
  endfacet
  facet normal -7.751076e-01 6.318054e-01 -5.498831e-03
    outer loop
      vertex   1.759238e+00 -1.558069e+00 6.500000e+00
      vertex   1.856245e+00 -1.440627e+00 6.319985e+00
      vertex   1.773638e+00 -1.541435e+00 6.381458e+00
    endloop
  endfacet
  facet normal -7.354481e-01 6.775567e-01 5.738831e-03
    outer loop
      vertex   1.759238e+00 -1.558069e+00 6.500000e+00
      vertex   1.773638e+00 -1.541435e+00 6.381458e+00
      vertex   1.686783e+00 -1.636220e+00 6.441541e+00
    endloop
  endfacet
  facet normal -7.137339e-01 6.986726e-01 -4.940291e-02
    outer loop
      vertex   1.686783e+00 -1.636220e+00 6.441541e+00
      vertex   1.595230e+00 -1.725613e+00 6.500000e+00
      vertex   1.759238e+00 -1.558069e+00 6.500000e+00
    endloop
  endfacet
  facet normal -8.733755e-15 0.000000e+00 -1.000000e+00
    outer loop
      vertex   -5.551115e-16 1.900000e+00 6.500000e+00
      vertex   -5.551115e-16 2.350000e+00 6.500000e+00
      vertex   2.033898e-01 1.889082e+00 6.500000e+00
    endloop
  endfacet
  facet normal -7.560088e-15 5.179059e-16 -1.000000e+00
    outer loop
      vertex   2.033898e-01 1.889082e+00 6.500000e+00
      vertex   -5.551115e-16 2.350000e+00 6.500000e+00
      vertex   2.341639e-01 2.338304e+00 6.500000e+00
    endloop
  endfacet
  facet normal 0.000000e+00 0.000000e+00 -1.000000e+00
    outer loop
      vertex   2.033898e-01 1.889082e+00 6.500000e+00
      vertex   2.341639e-01 2.338304e+00 6.500000e+00
      vertex   4.044423e-01 1.856455e+00 6.500000e+00
    endloop
  endfacet
  facet normal 0.000000e+00 0.000000e+00 -1.000000e+00
    outer loop
      vertex   4.044423e-01 1.856455e+00 6.500000e+00
      vertex   2.341639e-01 2.338304e+00 6.500000e+00
      vertex   4.659970e-01 2.303334e+00 6.500000e+00
    endloop
  endfacet
  facet normal 0.000000e+00 0.000000e+00 -1.000000e+00
    outer loop
      vertex   4.044423e-01 1.856455e+00 6.500000e+00
      vertex   4.659970e-01 2.303334e+00 6.500000e+00
      vertex   6.008468e-01 1.802494e+00 6.500000e+00
    endloop
  endfacet
  facet normal 0.000000e+00 0.000000e+00 -1.000000e+00
    outer loop
      vertex   6.008468e-01 1.802494e+00 6.500000e+00
      vertex   4.659970e-01 2.303334e+00 6.500000e+00
      vertex   6.931916e-01 2.245437e+00 6.500000e+00
    endloop
  endfacet
  facet normal 0.000000e+00 0.000000e+00 -1.000000e+00
    outer loop
      vertex   6.008468e-01 1.802494e+00 6.500000e+00
      vertex   6.931916e-01 2.245437e+00 6.500000e+00
      vertex   7.903463e-01 1.727817e+00 6.500000e+00
    endloop
  endfacet
  facet normal 0.000000e+00 0.000000e+00 -1.000000e+00
    outer loop
      vertex   7.903463e-01 1.727817e+00 6.500000e+00
      vertex   6.931916e-01 2.245437e+00 6.500000e+00
      vertex   9.134865e-01 2.165189e+00 6.500000e+00
    endloop
  endfacet
  facet normal 0.000000e+00 0.000000e+00 -1.000000e+00
    outer loop
      vertex   7.903463e-01 1.727817e+00 6.500000e+00
      vertex   9.134865e-01 2.165189e+00 6.500000e+00
      vertex   9.707631e-01 1.633285e+00 6.500000e+00
    endloop
  endfacet
  facet normal 0.000000e+00 0.000000e+00 -1.000000e+00
    outer loop
      vertex   9.707631e-01 1.633285e+00 6.500000e+00
      vertex   9.134865e-01 2.165189e+00 6.500000e+00
      vertex   1.124689e+00 2.063389e+00 6.500000e+00
    endloop
  endfacet
  facet normal 0.000000e+00 0.000000e+00 -1.000000e+00
    outer loop
      vertex   9.707631e-01 1.633285e+00 6.500000e+00
      vertex   1.124689e+00 2.063389e+00 6.500000e+00
      vertex   1.140024e+00 1.519982e+00 6.500000e+00
    endloop
  endfacet
  facet normal 0.000000e+00 0.000000e+00 -1.000000e+00
    outer loop
      vertex   1.140024e+00 1.519982e+00 6.500000e+00
      vertex   1.124689e+00 2.063389e+00 6.500000e+00
      vertex   1.324696e+00 1.941051e+00 6.500000e+00
    endloop
  endfacet
  facet normal 0.000000e+00 0.000000e+00 -1.000000e+00
    outer loop
      vertex   1.140024e+00 1.519982e+00 6.500000e+00
      vertex   1.324696e+00 1.941051e+00 6.500000e+00
      vertex   1.296183e+00 1.389212e+00 6.500000e+00
    endloop
  endfacet
  facet normal 0.000000e+00 0.000000e+00 -1.000000e+00
    outer loop
      vertex   1.296183e+00 1.389212e+00 6.500000e+00
      vertex   1.324696e+00 1.941051e+00 6.500000e+00
      vertex   1.511518e+00 1.799393e+00 6.500000e+00
    endloop
  endfacet
  facet normal 0.000000e+00 0.000000e+00 -1.000000e+00
    outer loop
      vertex   1.296183e+00 1.389212e+00 6.500000e+00
      vertex   1.511518e+00 1.799393e+00 6.500000e+00
      vertex   1.437446e+00 1.242477e+00 6.500000e+00
    endloop
  endfacet
  facet normal 0.000000e+00 0.000000e+00 -1.000000e+00
    outer loop
      vertex   1.437446e+00 1.242477e+00 6.500000e+00
      vertex   1.511518e+00 1.799393e+00 6.500000e+00
      vertex   1.683294e+00 1.639823e+00 6.500000e+00
    endloop
  endfacet
  facet normal 0.000000e+00 0.000000e+00 -1.000000e+00
    outer loop
      vertex   1.437446e+00 1.242477e+00 6.500000e+00
      vertex   1.683294e+00 1.639823e+00 6.500000e+00
      vertex   1.562190e+00 1.081462e+00 6.500000e+00
    endloop
  endfacet
  facet normal 0.000000e+00 0.000000e+00 -1.000000e+00
    outer loop
      vertex   1.562190e+00 1.081462e+00 6.500000e+00
      vertex   1.683294e+00 1.639823e+00 6.500000e+00
      vertex   1.838316e+00 1.463932e+00 6.500000e+00
    endloop
  endfacet
  facet normal 0.000000e+00 0.000000e+00 -1.000000e+00
    outer loop
      vertex   1.562190e+00 1.081462e+00 6.500000e+00
      vertex   1.838316e+00 1.463932e+00 6.500000e+00
      vertex   1.668982e+00 9.080201e-01 6.500000e+00
    endloop
  endfacet
  facet normal 0.000000e+00 0.000000e+00 -1.000000e+00
    outer loop
      vertex   1.668982e+00 9.080201e-01 6.500000e+00
      vertex   1.838316e+00 1.463932e+00 6.500000e+00
      vertex   1.975039e+00 1.273468e+00 6.500000e+00
    endloop
  endfacet
  facet normal 0.000000e+00 0.000000e+00 -1.000000e+00
    outer loop
      vertex   1.668982e+00 9.080201e-01 6.500000e+00
      vertex   1.975039e+00 1.273468e+00 6.500000e+00
      vertex   1.756593e+00 7.241426e-01 6.500000e+00
    endloop
  endfacet
  facet normal 0.000000e+00 0.000000e+00 -1.000000e+00
    outer loop
      vertex   1.756593e+00 7.241426e-01 6.500000e+00
      vertex   1.975039e+00 1.273468e+00 6.500000e+00
      vertex   2.092103e+00 1.070329e+00 6.500000e+00
    endloop
  endfacet
  facet normal 0.000000e+00 0.000000e+00 -1.000000e+00
    outer loop
      vertex   1.756593e+00 7.241426e-01 6.500000e+00
      vertex   2.092103e+00 1.070329e+00 6.500000e+00
      vertex   1.824017e+00 5.319432e-01 6.500000e+00
    endloop
  endfacet
  facet normal 0.000000e+00 0.000000e+00 -1.000000e+00
    outer loop
      vertex   1.824017e+00 5.319432e-01 6.500000e+00
      vertex   2.092103e+00 1.070329e+00 6.500000e+00
      vertex   2.188343e+00 8.565365e-01 6.500000e+00
    endloop
  endfacet
  facet normal 0.000000e+00 0.000000e+00 -1.000000e+00
    outer loop
      vertex   1.824017e+00 5.319432e-01 6.500000e+00
      vertex   2.188343e+00 8.565365e-01 6.500000e+00
      vertex   1.870479e+00 3.336306e-01 6.500000e+00
    endloop
  endfacet
  facet normal 0.000000e+00 0.000000e+00 -1.000000e+00
    outer loop
      vertex   1.870479e+00 3.336306e-01 6.500000e+00
      vertex   2.188343e+00 8.565365e-01 6.500000e+00
      vertex   2.262801e+00 6.342179e-01 6.500000e+00
    endloop
  endfacet
  facet normal 0.000000e+00 0.000000e+00 -1.000000e+00
    outer loop
      vertex   1.870479e+00 3.336306e-01 6.500000e+00
      vertex   2.262801e+00 6.342179e-01 6.500000e+00
      vertex   2.314735e+00 4.055865e-01 6.500000e+00
    endloop
  endfacet
  facet normal 0.000000e+00 0.000000e+00 -1.000000e+00
    outer loop
      vertex   1.870479e+00 3.336306e-01 6.500000e+00
      vertex   2.314735e+00 4.055865e-01 6.500000e+00
      vertex   1.895445e+00 1.314839e-01 6.500000e+00
    endloop
  endfacet
  facet normal 0.000000e+00 0.000000e+00 -1.000000e+00
    outer loop
      vertex   1.895445e+00 1.314839e-01 6.500000e+00
      vertex   2.314735e+00 4.055865e-01 6.500000e+00
      vertex   2.343630e+00 1.729180e-01 6.500000e+00
    endloop
  endfacet
  facet normal 0.000000e+00 0.000000e+00 -1.000000e+00
    outer loop
      vertex   1.895445e+00 1.314839e-01 6.500000e+00
      vertex   2.343630e+00 1.729180e-01 6.500000e+00
      vertex   1.898629e+00 -7.217382e-02 6.500000e+00
    endloop
  endfacet
  facet normal 0.000000e+00 0.000000e+00 -1.000000e+00
    outer loop
      vertex   1.898629e+00 -7.217382e-02 6.500000e+00
      vertex   2.343630e+00 1.729180e-01 6.500000e+00
      vertex   2.349196e+00 -6.147173e-02 6.500000e+00
    endloop
  endfacet
  facet normal 0.000000e+00 0.000000e+00 -1.000000e+00
    outer loop
      vertex   1.898629e+00 -7.217382e-02 6.500000e+00
      vertex   2.349196e+00 -6.147173e-02 6.500000e+00
      vertex   2.331379e+00 -2.952496e-01 6.500000e+00
    endloop
  endfacet
  facet normal 0.000000e+00 -0.000000e+00 -1.000000e+00
    outer loop
      vertex   1.898629e+00 -7.217382e-02 6.500000e+00
      vertex   2.331379e+00 -2.952496e-01 6.500000e+00
      vertex   1.879993e+00 -2.750021e-01 6.500000e+00
    endloop
  endfacet
  facet normal 0.000000e+00 0.000000e+00 -1.000000e+00
    outer loop
      vertex   1.879993e+00 -2.750021e-01 6.500000e+00
      vertex   2.331379e+00 -2.952496e-01 6.500000e+00
      vertex   2.290356e+00 -5.260885e-01 6.500000e+00
    endloop
  endfacet
  facet normal 0.000000e+00 0.000000e+00 -1.000000e+00
    outer loop
      vertex   1.879993e+00 -2.750021e-01 6.500000e+00
      vertex   2.290356e+00 -5.260885e-01 6.500000e+00
      vertex   2.226536e+00 -7.516910e-01 6.500000e+00
    endloop
  endfacet
  facet normal 0.000000e+00 -0.000000e+00 -1.000000e+00
    outer loop
      vertex   1.879993e+00 -2.750021e-01 6.500000e+00
      vertex   2.226536e+00 -7.516910e-01 6.500000e+00
      vertex   1.839752e+00 -4.746701e-01 6.500000e+00
    endloop
  endfacet
  facet normal 0.000000e+00 0.000000e+00 -1.000000e+00
    outer loop
      vertex   1.839752e+00 -4.746701e-01 6.500000e+00
      vertex   2.226536e+00 -7.516910e-01 6.500000e+00
      vertex   2.140553e+00 -9.698113e-01 6.500000e+00
    endloop
  endfacet
  facet normal 0.000000e+00 -0.000000e+00 -1.000000e+00
    outer loop
      vertex   1.839752e+00 -4.746701e-01 6.500000e+00
      vertex   2.140553e+00 -9.698113e-01 6.500000e+00
      vertex   1.778369e+00 -6.688830e-01 6.500000e+00
    endloop
  endfacet
  facet normal 0.000000e+00 0.000000e+00 -1.000000e+00
    outer loop
      vertex   1.778369e+00 -6.688830e-01 6.500000e+00
      vertex   2.140553e+00 -9.698113e-01 6.500000e+00
      vertex   2.033263e+00 -1.178278e+00 6.500000e+00
    endloop
  endfacet
  facet normal 0.000000e+00 -0.000000e+00 -1.000000e+00
    outer loop
      vertex   1.778369e+00 -6.688830e-01 6.500000e+00
      vertex   2.033263e+00 -1.178278e+00 6.500000e+00
      vertex   1.696548e+00 -8.554091e-01 6.500000e+00
    endloop
  endfacet
  facet normal 0.000000e+00 0.000000e+00 -1.000000e+00
    outer loop
      vertex   1.696548e+00 -8.554091e-01 6.500000e+00
      vertex   2.033263e+00 -1.178278e+00 6.500000e+00
      vertex   1.905736e+00 -1.375017e+00 6.500000e+00
    endloop
  endfacet
  facet normal 0.000000e+00 -0.000000e+00 -1.000000e+00
    outer loop
      vertex   1.696548e+00 -8.554091e-01 6.500000e+00
      vertex   1.905736e+00 -1.375017e+00 6.500000e+00
      vertex   1.595230e+00 -1.032105e+00 6.500000e+00
    endloop
  endfacet
  facet normal 0.000000e+00 0.000000e+00 -1.000000e+00
    outer loop
      vertex   1.595230e+00 -1.032105e+00 6.500000e+00
      vertex   1.905736e+00 -1.375017e+00 6.500000e+00
      vertex   1.759238e+00 -1.558069e+00 6.500000e+00
    endloop
  endfacet
  facet normal 0.000000e+00 -0.000000e+00 -1.000000e+00
    outer loop
      vertex   1.595230e+00 -1.032105e+00 6.500000e+00
      vertex   1.759238e+00 -1.558069e+00 6.500000e+00
      vertex   1.595230e+00 -1.725613e+00 6.500000e+00
    endloop
  endfacet
  facet normal -5.064917e-02 4.239835e-17 -9.987165e-01
    outer loop
      vertex   -5.551115e-16 -1.177067e+01 6.100000e+00
      vertex   7.005364e-16 -1.027067e+01 6.100000e+00
      vertex   2.225703e-01 -1.177067e+01 6.088713e+00
    endloop
  endfacet
  facet normal -5.064917e-02 3.373912e-17 -9.987165e-01
    outer loop
      vertex   2.225703e-01 -1.177067e+01 6.088713e+00
      vertex   7.005364e-16 -1.027067e+01 6.100000e+00
      vertex   2.225703e-01 -1.027067e+01 6.088713e+00
    endloop
  endfacet
  facet normal -1.514278e-01 1.008712e-16 -9.884683e-01
    outer loop
      vertex   2.225703e-01 -1.177067e+01 6.088713e+00
      vertex   2.225703e-01 -1.027067e+01 6.088713e+00
      vertex   4.428567e-01 -1.177067e+01 6.054966e+00
    endloop
  endfacet
  facet normal -1.514278e-01 1.008712e-16 -9.884683e-01
    outer loop
      vertex   4.428567e-01 -1.177067e+01 6.054966e+00
      vertex   2.225703e-01 -1.027067e+01 6.088713e+00
      vertex   4.428567e-01 -1.027067e+01 6.054966e+00
    endloop
  endfacet
  facet normal -2.506525e-01 1.669681e-16 -9.680771e-01
    outer loop
      vertex   4.428567e-01 -1.177067e+01 6.054966e+00
      vertex   4.428567e-01 -1.027067e+01 6.054966e+00
      vertex   6.585989e-01 -1.177067e+01 5.999106e+00
    endloop
  endfacet
  facet normal -2.506525e-01 1.669681e-16 -9.680771e-01
    outer loop
      vertex   6.585989e-01 -1.177067e+01 5.999106e+00
      vertex   4.428567e-01 -1.027067e+01 6.054966e+00
      vertex   6.585989e-01 -1.027067e+01 5.999106e+00
    endloop
  endfacet
  facet normal -3.473053e-01 2.313518e-16 -9.377521e-01
    outer loop
      vertex   6.585989e-01 -1.177067e+01 5.999106e+00
      vertex   6.585989e-01 -1.027067e+01 5.999106e+00
      vertex   8.675829e-01 -1.177067e+01 5.921707e+00
    endloop
  endfacet
  facet normal -3.473053e-01 -8.791698e-16 -9.377521e-01
    outer loop
      vertex   8.675829e-01 -1.177067e+01 5.921707e+00
      vertex   6.585989e-01 -1.027067e+01 5.999106e+00
      vertex   8.675829e-01 -1.027067e+01 5.921707e+00
    endloop
  endfacet
  facet normal -4.403942e-01 -7.698527e-16 -8.978045e-01
    outer loop
      vertex   8.675829e-01 -1.177067e+01 5.921707e+00
      vertex   8.675829e-01 -1.027067e+01 5.921707e+00
      vertex   1.067664e+00 -1.177067e+01 5.823563e+00
    endloop
  endfacet
  facet normal -4.403942e-01 -2.708414e-16 -8.978045e-01
    outer loop
      vertex   1.067664e+00 -1.177067e+01 5.823563e+00
      vertex   8.675829e-01 -1.027067e+01 5.921707e+00
      vertex   1.067664e+00 -1.027067e+01 5.823563e+00
    endloop
  endfacet
  facet normal -5.289640e-01 -1.892887e-16 -8.486443e-01
    outer loop
      vertex   1.067664e+00 -1.177067e+01 5.823563e+00
      vertex   1.067664e+00 -1.027067e+01 5.823563e+00
      vertex   1.256790e+00 -1.177067e+01 5.705680e+00
    endloop
  endfacet
  facet normal -5.289640e-01 0.000000e+00 -8.486443e-01
    outer loop
      vertex   1.256790e+00 -1.177067e+01 5.705680e+00
      vertex   1.067664e+00 -1.027067e+01 5.823563e+00
      vertex   1.256790e+00 -1.027067e+01 5.705680e+00
    endloop
  endfacet
  facet normal -6.121060e-01 0.000000e+00 -7.907757e-01
    outer loop
      vertex   1.256790e+00 -1.177067e+01 5.705680e+00
      vertex   1.256790e+00 -1.027067e+01 5.705680e+00
      vertex   1.433019e+00 -1.177067e+01 5.569268e+00
    endloop
  endfacet
  facet normal -6.121060e-01 -2.115875e-16 -7.907757e-01
    outer loop
      vertex   1.433019e+00 -1.177067e+01 5.569268e+00
      vertex   1.256790e+00 -1.027067e+01 5.705680e+00
      vertex   1.433019e+00 -1.027067e+01 5.569268e+00
    endloop
  endfacet
  facet normal -6.889669e-01 -4.242635e-17 -7.247928e-01
    outer loop
      vertex   1.433019e+00 -1.177067e+01 5.569268e+00
      vertex   1.433019e+00 -1.027067e+01 5.569268e+00
      vertex   1.594544e+00 -1.177067e+01 5.415727e+00
    endloop
  endfacet
  facet normal -6.889669e-01 0.000000e+00 -7.247928e-01
    outer loop
      vertex   1.594544e+00 -1.177067e+01 5.415727e+00
      vertex   1.433019e+00 -1.027067e+01 5.569268e+00
      vertex   1.594544e+00 -1.027067e+01 5.415727e+00
    endloop
  endfacet
  facet normal -7.587581e-01 0.000000e+00 -6.513725e-01
    outer loop
      vertex   1.594544e+00 -1.177067e+01 5.415727e+00
      vertex   1.594544e+00 -1.027067e+01 5.415727e+00
      vertex   1.739707e+00 -1.177067e+01 5.246633e+00
    endloop
  endfacet
  facet normal -7.587581e-01 2.882226e-16 -6.513725e-01
    outer loop
      vertex   1.739707e+00 -1.177067e+01 5.246633e+00
      vertex   1.594544e+00 -1.027067e+01 5.415727e+00
      vertex   1.739707e+00 -1.027067e+01 5.246633e+00
    endloop
  endfacet
  facet normal -8.207634e-01 3.907256e-16 -5.712682e-01
    outer loop
      vertex   1.739707e+00 -1.177067e+01 5.246633e+00
      vertex   1.739707e+00 -1.027067e+01 5.246633e+00
      vertex   1.867017e+00 -1.177067e+01 5.063721e+00
    endloop
  endfacet
  facet normal -8.207634e-01 0.000000e+00 -5.712682e-01
    outer loop
      vertex   1.867017e+00 -1.177067e+01 5.063721e+00
      vertex   1.739707e+00 -1.027067e+01 5.246633e+00
      vertex   1.867017e+00 -1.027067e+01 5.063721e+00
    endloop
  endfacet
  facet normal -8.743466e-01 0.000000e+00 -4.853020e-01
    outer loop
      vertex   1.867017e+00 -1.177067e+01 5.063721e+00
      vertex   1.867017e+00 -1.027067e+01 5.063721e+00
      vertex   1.975170e+00 -1.177067e+01 4.868867e+00
    endloop
  endfacet
  facet normal -8.743466e-01 -5.699578e-17 -4.853020e-01
    outer loop
      vertex   1.975170e+00 -1.177067e+01 4.868867e+00
      vertex   1.867017e+00 -1.027067e+01 5.063721e+00
      vertex   1.975170e+00 -1.027067e+01 4.868867e+00
    endloop
  endfacet
  facet normal -9.189578e-01 7.712118e-17 -3.943559e-01
    outer loop
      vertex   1.975170e+00 -1.177067e+01 4.868867e+00
      vertex   1.975170e+00 -1.027067e+01 4.868867e+00
      vertex   2.063055e+00 -1.177067e+01 4.664072e+00
    endloop
  endfacet
  facet normal -9.189578e-01 3.856059e-17 -3.943559e-01
    outer loop
      vertex   2.063055e+00 -1.177067e+01 4.664072e+00
      vertex   1.975170e+00 -1.027067e+01 4.868867e+00
      vertex   2.063055e+00 -1.027067e+01 4.664072e+00
    endloop
  endfacet
  facet normal -9.541393e-01 1.052234e-16 -2.993631e-01
    outer loop
      vertex   2.063055e+00 -1.177067e+01 4.664072e+00
      vertex   2.063055e+00 -1.027067e+01 4.664072e+00
      vertex   2.129770e+00 -1.177067e+01 4.451436e+00
    endloop
  endfacet
  facet normal -9.541393e-01 1.052234e-16 -2.993631e-01
    outer loop
      vertex   2.129770e+00 -1.177067e+01 4.451436e+00
      vertex   2.063055e+00 -1.027067e+01 4.664072e+00
      vertex   2.129770e+00 -1.027067e+01 4.451436e+00
    endloop
  endfacet
  facet normal -9.795299e-01 1.708065e-16 -2.012985e-01
    outer loop
      vertex   2.129770e+00 -1.177067e+01 4.451436e+00
      vertex   2.129770e+00 -1.027067e+01 4.451436e+00
      vertex   2.174630e+00 -1.177067e+01 4.233141e+00
    endloop
  endfacet
  facet normal -9.795299e-01 1.708065e-16 -2.012985e-01
    outer loop
      vertex   2.174630e+00 -1.177067e+01 4.233141e+00
      vertex   2.129770e+00 -1.027067e+01 4.451436e+00
      vertex   2.174630e+00 -1.027067e+01 4.233141e+00
    endloop
  endfacet
  facet normal -9.948693e-01 2.346368e-16 -1.011683e-01
    outer loop
      vertex   2.174630e+00 -1.177067e+01 4.233141e+00
      vertex   2.174630e+00 -1.027067e+01 4.233141e+00
      vertex   2.197176e+00 -1.177067e+01 4.011428e+00
    endloop
  endfacet
  facet normal -9.948693e-01 2.945405e-16 -1.011683e-01
    outer loop
      vertex   2.197176e+00 -1.177067e+01 4.011428e+00
      vertex   2.174630e+00 -1.027067e+01 4.233141e+00
      vertex   2.197176e+00 -1.027067e+01 4.011428e+00
    endloop
  endfacet
  facet normal -1.000000e+00 2.960595e-16 -1.992715e-15
    outer loop
      vertex   2.197176e+00 -1.177067e+01 4.011428e+00
      vertex   2.197176e+00 -1.027067e+01 4.011428e+00
      vertex   2.197176e+00 -1.177067e+01 3.788572e+00
    endloop
  endfacet
  facet normal -1.000000e+00 -2.960595e-16 1.992715e-15
    outer loop
      vertex   2.197176e+00 -1.177067e+01 3.788572e+00
      vertex   2.197176e+00 -1.027067e+01 4.011428e+00
      vertex   2.197176e+00 -1.027067e+01 3.788572e+00
    endloop
  endfacet
  facet normal -9.948693e-01 -2.346368e-16 1.011683e-01
    outer loop
      vertex   2.197176e+00 -1.177067e+01 3.788572e+00
      vertex   2.197176e+00 -1.027067e+01 3.788572e+00
      vertex   2.174630e+00 -1.177067e+01 3.566859e+00
    endloop
  endfacet
  facet normal -9.948693e-01 2.995184e-17 1.011683e-01
    outer loop
      vertex   2.174630e+00 -1.177067e+01 3.566859e+00
      vertex   2.197176e+00 -1.027067e+01 3.788572e+00
      vertex   2.174630e+00 -1.027067e+01 3.566859e+00
    endloop
  endfacet
  facet normal -9.795299e-01 5.959633e-17 2.012985e-01
    outer loop
      vertex   2.174630e+00 -1.177067e+01 3.566859e+00
      vertex   2.174630e+00 -1.027067e+01 3.566859e+00
      vertex   2.129770e+00 -1.177067e+01 3.348564e+00
    endloop
  endfacet
  facet normal -9.795299e-01 -1.112101e-16 2.012985e-01
    outer loop
      vertex   2.129770e+00 -1.177067e+01 3.348564e+00
      vertex   2.174630e+00 -1.027067e+01 3.566859e+00
      vertex   2.129770e+00 -1.027067e+01 3.348564e+00
    endloop
  endfacet
  facet normal -9.541393e-01 -1.659410e-17 2.993631e-01
    outer loop
      vertex   2.129770e+00 -1.177067e+01 3.348564e+00
      vertex   2.129770e+00 -1.027067e+01 3.348564e+00
      vertex   2.063055e+00 -1.177067e+01 3.135928e+00
    endloop
  endfacet
  facet normal -9.541393e-01 -1.659410e-17 2.993631e-01
    outer loop
      vertex   2.063055e+00 -1.177067e+01 3.135928e+00
      vertex   2.129770e+00 -1.027067e+01 3.348564e+00
      vertex   2.063055e+00 -1.027067e+01 3.135928e+00
    endloop
  endfacet
  facet normal -9.189578e-01 7.819219e-17 3.943559e-01
    outer loop
      vertex   2.063055e+00 -1.177067e+01 3.135928e+00
      vertex   2.063055e+00 -1.027067e+01 3.135928e+00
      vertex   1.975170e+00 -1.177067e+01 2.931133e+00
    endloop
  endfacet
  facet normal -9.189578e-01 -1.745937e-16 3.943559e-01
    outer loop
      vertex   1.975170e+00 -1.177067e+01 2.931133e+00
      vertex   2.063055e+00 -1.027067e+01 3.135928e+00
      vertex   1.975170e+00 -1.027067e+01 2.931133e+00
    endloop
  endfacet
  facet normal -8.743466e-01 -1.009314e-16 4.853020e-01
    outer loop
      vertex   1.975170e+00 -1.177067e+01 2.931133e+00
      vertex   1.975170e+00 -1.027067e+01 2.931133e+00
      vertex   1.867017e+00 -1.177067e+01 2.736279e+00
    endloop
  endfacet
  facet normal -8.743466e-01 -1.151804e-16 4.853020e-01
    outer loop
      vertex   1.867017e+00 -1.177067e+01 2.736279e+00
      vertex   1.975170e+00 -1.027067e+01 2.931133e+00
      vertex   1.867017e+00 -1.027067e+01 2.736279e+00
    endloop
  endfacet
  facet normal -8.207634e-01 -7.386543e-17 5.712682e-01
    outer loop
      vertex   1.867017e+00 -1.177067e+01 2.736279e+00
      vertex   1.867017e+00 -1.027067e+01 2.736279e+00
      vertex   1.739707e+00 -1.177067e+01 2.553367e+00
    endloop
  endfacet
  facet normal -8.207634e-01 -2.623345e-17 5.712682e-01
    outer loop
      vertex   1.739707e+00 -1.177067e+01 2.553367e+00
      vertex   1.867017e+00 -1.027067e+01 2.736279e+00
      vertex   1.739707e+00 -1.027067e+01 2.553367e+00
    endloop
  endfacet
  facet normal -7.587581e-01 4.873369e-17 6.513725e-01
    outer loop
      vertex   1.739707e+00 -1.177067e+01 2.553367e+00
      vertex   1.739707e+00 -1.027067e+01 2.553367e+00
      vertex   1.594544e+00 -1.177067e+01 2.384273e+00
    endloop
  endfacet
  facet normal -7.587581e-01 4.873369e-17 6.513725e-01
    outer loop
      vertex   1.594544e+00 -1.177067e+01 2.384273e+00
      vertex   1.739707e+00 -1.027067e+01 2.553367e+00
      vertex   1.594544e+00 -1.027067e+01 2.384273e+00
    endloop
  endfacet
  facet normal -6.889669e-01 1.232008e-16 7.247928e-01
    outer loop
      vertex   1.594544e+00 -1.177067e+01 2.384273e+00
      vertex   1.594544e+00 -1.027067e+01 2.384273e+00
      vertex   1.433019e+00 -1.177067e+01 2.230732e+00
    endloop
  endfacet
  facet normal -6.889669e-01 1.232008e-16 7.247928e-01
    outer loop
      vertex   1.433019e+00 -1.177067e+01 2.230732e+00
      vertex   1.594544e+00 -1.027067e+01 2.384273e+00
      vertex   1.433019e+00 -1.027067e+01 2.230732e+00
    endloop
  endfacet
  facet normal -6.121060e-01 1.964036e-16 7.907757e-01
    outer loop
      vertex   1.433019e+00 -1.177067e+01 2.230732e+00
      vertex   1.433019e+00 -1.027067e+01 2.230732e+00
      vertex   1.256790e+00 -1.177067e+01 2.094320e+00
    endloop
  endfacet
  facet normal -6.121060e-01 -1.283229e-16 7.907757e-01
    outer loop
      vertex   1.256790e+00 -1.177067e+01 2.094320e+00
      vertex   1.433019e+00 -1.027067e+01 2.230732e+00
      vertex   1.256790e+00 -1.027067e+01 2.094320e+00
    endloop
  endfacet
  facet normal -5.289640e-01 -6.196044e-17 8.486443e-01
    outer loop
      vertex   1.256790e+00 -1.177067e+01 2.094320e+00
      vertex   1.256790e+00 -1.027067e+01 2.094320e+00
      vertex   1.067664e+00 -1.177067e+01 1.976437e+00
    endloop
  endfacet
  facet normal -5.289640e-01 -6.196044e-17 8.486443e-01
    outer loop
      vertex   1.067664e+00 -1.177067e+01 1.976437e+00
      vertex   1.256790e+00 -1.027067e+01 2.094320e+00
      vertex   1.067664e+00 -1.027067e+01 1.976437e+00
    endloop
  endfacet
  facet normal -4.403942e-01 5.037818e-18 8.978045e-01
    outer loop
      vertex   1.067664e+00 -1.177067e+01 1.976437e+00
      vertex   1.067664e+00 -1.027067e+01 1.976437e+00
      vertex   8.675829e-01 -1.177067e+01 1.878293e+00
    endloop
  endfacet
  facet normal -4.403942e-01 1.379396e-16 8.978045e-01
    outer loop
      vertex   8.675829e-01 -1.177067e+01 1.878293e+00
      vertex   1.067664e+00 -1.027067e+01 1.976437e+00
      vertex   8.675829e-01 -1.027067e+01 1.878293e+00
    endloop
  endfacet
  facet normal -3.473053e-01 2.107996e-16 9.377521e-01
    outer loop
      vertex   8.675829e-01 -1.177067e+01 1.878293e+00
      vertex   8.675829e-01 -1.027067e+01 1.878293e+00
      vertex   6.585989e-01 -1.177067e+01 1.800894e+00
    endloop
  endfacet
  facet normal -3.473053e-01 -6.683082e-17 9.377521e-01
    outer loop
      vertex   6.585989e-01 -1.177067e+01 1.800894e+00
      vertex   8.675829e-01 -1.027067e+01 1.878293e+00
      vertex   6.585989e-01 -1.027067e+01 1.800894e+00
    endloop
  endfacet
  facet normal -2.506525e-01 -5.111912e-18 9.680771e-01
    outer loop
      vertex   6.585989e-01 -1.177067e+01 1.800894e+00
      vertex   6.585989e-01 -1.027067e+01 1.800894e+00
      vertex   4.428567e-01 -1.177067e+01 1.745034e+00
    endloop
  endfacet
  facet normal -2.506525e-01 -1.438792e-17 9.680771e-01
    outer loop
      vertex   4.428567e-01 -1.177067e+01 1.745034e+00
      vertex   6.585989e-01 -1.027067e+01 1.800894e+00
      vertex   4.428567e-01 -1.027067e+01 1.745034e+00
    endloop
  endfacet
  facet normal -1.514278e-01 5.105550e-17 9.884683e-01
    outer loop
      vertex   4.428567e-01 -1.177067e+01 1.745034e+00
      vertex   4.428567e-01 -1.027067e+01 1.745034e+00
      vertex   2.225703e-01 -1.177067e+01 1.711287e+00
    endloop
  endfacet
  facet normal -1.514278e-01 -1.008712e-16 9.884683e-01
    outer loop
      vertex   2.225703e-01 -1.177067e+01 1.711287e+00
      vertex   4.428567e-01 -1.027067e+01 1.745034e+00
      vertex   2.225703e-01 -1.027067e+01 1.711287e+00
    endloop
  endfacet
  facet normal -5.064917e-02 -3.373912e-17 9.987165e-01
    outer loop
      vertex   2.225703e-01 -1.177067e+01 1.711287e+00
      vertex   2.225703e-01 -1.027067e+01 1.711287e+00
      vertex   4.311141e-16 -1.177067e+01 1.700000e+00
    endloop
  endfacet
  facet normal -5.064917e-02 -3.330101e-17 9.987165e-01
    outer loop
      vertex   4.311141e-16 -1.177067e+01 1.700000e+00
      vertex   2.225703e-01 -1.027067e+01 1.711287e+00
      vertex   -5.551115e-16 -1.027067e+01 1.700000e+00
    endloop
  endfacet
  facet normal 7.071068e-01 0.000000e+00 7.071068e-01
    outer loop
      vertex   4.100000e+00 0.000000e+00 5.800000e+00
      vertex   4.097783e+00 -1.348190e-01 5.802217e+00
      vertex   4.100000e+00 -1.054751e+00 5.800000e+00
    endloop
  endfacet
  facet normal 7.071068e-01 8.687191e-16 7.071068e-01
    outer loop
      vertex   4.100000e+00 -1.054751e+00 5.800000e+00
      vertex   4.097783e+00 -1.348190e-01 5.802217e+00
      vertex   4.091155e+00 -2.691737e-01 5.808845e+00
    endloop
  endfacet
  facet normal 7.071068e-01 1.541757e-19 7.071068e-01
    outer loop
      vertex   4.100000e+00 -1.054751e+00 5.800000e+00
      vertex   4.091155e+00 -2.691737e-01 5.808845e+00
      vertex   4.080150e+00 -4.029581e-01 5.819850e+00
    endloop
  endfacet
  facet normal 7.071068e-01 -1.971695e-15 7.071068e-01
    outer loop
      vertex   4.080150e+00 -4.029581e-01 5.819850e+00
      vertex   4.064804e+00 -5.360661e-01 5.835196e+00
      vertex   4.100000e+00 -1.054751e+00 5.800000e+00
    endloop
  endfacet
  facet normal 7.071068e-01 4.642462e-15 7.071068e-01
    outer loop
      vertex   4.100000e+00 -1.054751e+00 5.800000e+00
      vertex   4.064804e+00 -5.360661e-01 5.835196e+00
      vertex   4.045204e+00 -6.680762e-01 5.854796e+00
    endloop
  endfacet
  facet normal 7.071068e-01 4.515500e-18 7.071068e-01
    outer loop
      vertex   4.100000e+00 -1.054751e+00 5.800000e+00
      vertex   4.045204e+00 -6.680762e-01 5.854796e+00
      vertex   4.021475e+00 -7.985860e-01 5.878525e+00
    endloop
  endfacet
  facet normal 7.071068e-01 -2.792452e-15 7.071068e-01
    outer loop
      vertex   4.021475e+00 -7.985860e-01 5.878525e+00
      vertex   3.962007e+00 -1.054751e+00 5.937993e+00
      vertex   4.100000e+00 -1.054751e+00 5.800000e+00
    endloop
  endfacet
  facet normal 7.071068e-01 1.092067e-14 7.071068e-01
    outer loop
      vertex   3.962007e+00 -1.054751e+00 5.937993e+00
      vertex   3.906456e+00 -1.244830e+00 5.993544e+00
      vertex   4.100000e+00 -1.054751e+00 5.800000e+00
    endloop
  endfacet
  facet normal 7.071068e-01 4.214931e-15 7.071068e-01
    outer loop
      vertex   4.100000e+00 -1.054751e+00 5.800000e+00
      vertex   3.906456e+00 -1.244830e+00 5.993544e+00
      vertex   3.841791e+00 -1.432005e+00 6.058209e+00
    endloop
  endfacet
  facet normal 7.071068e-01 0.000000e+00 7.071068e-01
    outer loop
      vertex   4.100000e+00 -1.054751e+00 5.800000e+00
      vertex   3.841791e+00 -1.432005e+00 6.058209e+00
      vertex   4.100000e+00 -1.177067e+01 5.800000e+00
    endloop
  endfacet
  facet normal 7.071068e-01 -4.893759e-16 7.071068e-01
    outer loop
      vertex   4.100000e+00 -1.177067e+01 5.800000e+00
      vertex   3.841791e+00 -1.432005e+00 6.058209e+00
      vertex   3.768164e+00 -1.615839e+00 6.131836e+00
    endloop
  endfacet
  facet normal 7.071068e-01 3.011152e-17 7.071068e-01
    outer loop
      vertex   4.100000e+00 -1.177067e+01 5.800000e+00
      vertex   3.768164e+00 -1.615839e+00 6.131836e+00
      vertex   3.685747e+00 -1.795904e+00 6.214253e+00
    endloop
  endfacet
  facet normal 7.071068e-01 1.624629e-16 7.071068e-01
    outer loop
      vertex   3.685747e+00 -1.795904e+00 6.214253e+00
      vertex   3.594731e+00 -1.971779e+00 6.305269e+00
      vertex   4.100000e+00 -1.177067e+01 5.800000e+00
    endloop
  endfacet
  facet normal 7.071068e-01 4.569872e-16 7.071068e-01
    outer loop
      vertex   4.100000e+00 -1.177067e+01 5.800000e+00
      vertex   3.594731e+00 -1.971779e+00 6.305269e+00
      vertex   3.495328e+00 -2.143054e+00 6.404672e+00
    endloop
  endfacet
  facet normal 7.071068e-01 -2.643969e-16 7.071068e-01
    outer loop
      vertex   4.100000e+00 -1.177067e+01 5.800000e+00
      vertex   3.495328e+00 -2.143054e+00 6.404672e+00
      vertex   3.387772e+00 -2.309329e+00 6.512228e+00
    endloop
  endfacet
  facet normal 7.071068e-01 -5.857953e-17 7.071068e-01
    outer loop
      vertex   3.387772e+00 -2.309329e+00 6.512228e+00
      vertex   3.272312e+00 -2.470217e+00 6.627688e+00
      vertex   4.100000e+00 -1.177067e+01 5.800000e+00
    endloop
  endfacet
  facet normal 7.071068e-01 1.425404e-16 7.071068e-01
    outer loop
      vertex   4.100000e+00 -1.177067e+01 5.800000e+00
      vertex   3.272312e+00 -2.470217e+00 6.627688e+00
      vertex   3.149218e+00 -2.625343e+00 6.750782e+00
    endloop
  endfacet
  facet normal 7.071068e-01 -9.796865e-16 7.071068e-01
    outer loop
      vertex   4.100000e+00 -1.177067e+01 5.800000e+00
      vertex   3.149218e+00 -2.625343e+00 6.750782e+00
      vertex   3.018778e+00 -2.774343e+00 6.881222e+00
    endloop
  endfacet
  facet normal 7.071068e-01 5.247219e-16 7.071068e-01
    outer loop
      vertex   3.018778e+00 -2.774343e+00 6.881222e+00
      vertex   2.881295e+00 -2.916872e+00 7.018705e+00
      vertex   4.100000e+00 -1.177067e+01 5.800000e+00
    endloop
  endfacet
  facet normal 7.071068e-01 -7.869099e-17 7.071068e-01
    outer loop
      vertex   4.100000e+00 -1.177067e+01 5.800000e+00
      vertex   2.881295e+00 -2.916872e+00 7.018705e+00
      vertex   2.100000e+00 -1.177067e+01 7.800000e+00
    endloop
  endfacet
  facet normal 7.071068e-01 -1.037858e-16 7.071068e-01
    outer loop
      vertex   2.100000e+00 -1.177067e+01 7.800000e+00
      vertex   2.881295e+00 -2.916872e+00 7.018705e+00
      vertex   2.737090e+00 -3.052595e+00 7.162910e+00
    endloop
  endfacet
  facet normal 7.071068e-01 3.972196e-17 7.071068e-01
    outer loop
      vertex   2.100000e+00 -1.177067e+01 7.800000e+00
      vertex   2.737090e+00 -3.052595e+00 7.162910e+00
      vertex   2.586500e+00 -3.181198e+00 7.313500e+00
    endloop
  endfacet
  facet normal 7.071068e-01 -1.975390e-16 7.071068e-01
    outer loop
      vertex   2.586500e+00 -3.181198e+00 7.313500e+00
      vertex   2.429876e+00 -3.302379e+00 7.470124e+00
      vertex   2.100000e+00 -1.177067e+01 7.800000e+00
    endloop
  endfacet
  facet normal 7.071068e-01 -1.925118e-16 7.071068e-01
    outer loop
      vertex   2.100000e+00 -1.177067e+01 7.800000e+00
      vertex   2.429876e+00 -3.302379e+00 7.470124e+00
      vertex   2.267583e+00 -3.415855e+00 7.632417e+00
    endloop
  endfacet
  facet normal 7.071068e-01 -3.806603e-17 7.071068e-01
    outer loop
      vertex   2.100000e+00 -1.177067e+01 7.800000e+00
      vertex   2.267583e+00 -3.415855e+00 7.632417e+00
      vertex   2.100000e+00 -3.521363e+00 7.800000e+00
    endloop
  endfacet
  facet normal -0.000000e+00 0.000000e+00 1.000000e+00
    outer loop
      vertex   -5.551115e-16 -4.100000e+00 7.800000e+00
      vertex   -5.551115e-16 -1.177067e+01 7.800000e+00
      vertex   2.753836e-01 -4.090741e+00 7.800000e+00
    endloop
  endfacet
  facet normal -0.000000e+00 0.000000e+00 1.000000e+00
    outer loop
      vertex   2.753836e-01 -4.090741e+00 7.800000e+00
      vertex   -5.551115e-16 -1.177067e+01 7.800000e+00
      vertex   5.495234e-01 -4.063007e+00 7.800000e+00
    endloop
  endfacet
  facet normal -0.000000e+00 0.000000e+00 1.000000e+00
    outer loop
      vertex   5.495234e-01 -4.063007e+00 7.800000e+00
      vertex   -5.551115e-16 -1.177067e+01 7.800000e+00
      vertex   8.211813e-01 -4.016922e+00 7.800000e+00
    endloop
  endfacet
  facet normal -0.000000e+00 0.000000e+00 1.000000e+00
    outer loop
      vertex   8.211813e-01 -4.016922e+00 7.800000e+00
      vertex   -5.551115e-16 -1.177067e+01 7.800000e+00
      vertex   1.089130e+00 -3.952695e+00 7.800000e+00
    endloop
  endfacet
  facet normal 0.000000e+00 0.000000e+00 1.000000e+00
    outer loop
      vertex   1.089130e+00 -3.952695e+00 7.800000e+00
      vertex   -5.551115e-16 -1.177067e+01 7.800000e+00
      vertex   2.100000e+00 -1.177067e+01 7.800000e+00
    endloop
  endfacet
  facet normal -0.000000e+00 0.000000e+00 1.000000e+00
    outer loop
      vertex   1.089130e+00 -3.952695e+00 7.800000e+00
      vertex   2.100000e+00 -1.177067e+01 7.800000e+00
      vertex   1.352160e+00 -3.870615e+00 7.800000e+00
    endloop
  endfacet
  facet normal -0.000000e+00 0.000000e+00 1.000000e+00
    outer loop
      vertex   1.352160e+00 -3.870615e+00 7.800000e+00
      vertex   2.100000e+00 -1.177067e+01 7.800000e+00
      vertex   1.609084e+00 -3.771054e+00 7.800000e+00
    endloop
  endfacet
  facet normal -0.000000e+00 0.000000e+00 1.000000e+00
    outer loop
      vertex   1.609084e+00 -3.771054e+00 7.800000e+00
      vertex   2.100000e+00 -1.177067e+01 7.800000e+00
      vertex   1.858739e+00 -3.654461e+00 7.800000e+00
    endloop
  endfacet
  facet normal -0.000000e+00 0.000000e+00 1.000000e+00
    outer loop
      vertex   1.858739e+00 -3.654461e+00 7.800000e+00
      vertex   2.100000e+00 -1.177067e+01 7.800000e+00
      vertex   2.100000e+00 -3.521363e+00 7.800000e+00
    endloop
  endfacet
  facet normal 2.644881e-02 7.068594e-01 -7.068594e-01
    outer loop
      vertex   -5.551115e-16 4.100000e+00 2.000000e+00
      vertex   3.063934e-01 4.088536e+00 2.000000e+00
      vertex   -5.551115e-16 2.100000e+00 0.000000e+00
    endloop
  endfacet
  facet normal 3.699004e-02 7.058120e-01 -7.074328e-01
    outer loop
      vertex   -5.551115e-16 2.100000e+00 0.000000e+00
      vertex   3.063934e-01 4.088536e+00 2.000000e+00
      vertex   2.195098e-01 2.088496e+00 0.000000e+00
    endloop
  endfacet
  facet normal 7.922644e-02 7.031541e-01 -7.066098e-01
    outer loop
      vertex   2.195098e-01 2.088496e+00 0.000000e+00
      vertex   3.063934e-01 4.088536e+00 2.000000e+00
      vertex   6.110733e-01 4.054206e+00 2.000000e+00
    endloop
  endfacet
  facet normal 1.105395e-01 6.979188e-01 -7.075948e-01
    outer loop
      vertex   2.195098e-01 2.088496e+00 0.000000e+00
      vertex   6.110733e-01 4.054206e+00 2.000000e+00
      vertex   4.366146e-01 2.054110e+00 0.000000e+00
    endloop
  endfacet
  facet normal 1.315362e-01 6.951857e-01 -7.066930e-01
    outer loop
      vertex   4.366146e-01 2.054110e+00 0.000000e+00
      vertex   6.110733e-01 4.054206e+00 2.000000e+00
      vertex   9.123358e-01 3.997204e+00 2.000000e+00
    endloop
  endfacet
  facet normal 1.830122e-01 6.830108e-01 -7.071087e-01
    outer loop
      vertex   4.366146e-01 2.054110e+00 0.000000e+00
      vertex   9.123358e-01 3.997204e+00 2.000000e+00
      vertex   1.208496e+00 3.917849e+00 2.000000e+00
    endloop
  endfacet
  facet normal 1.830122e-01 6.830108e-01 -7.071087e-01
    outer loop
      vertex   4.366146e-01 2.054110e+00 0.000000e+00
      vertex   1.208496e+00 3.917849e+00 2.000000e+00
      vertex   6.489357e-01 1.997219e+00 0.000000e+00
    endloop
  endfacet
  facet normal 2.336791e-01 6.678166e-01 -7.066930e-01
    outer loop
      vertex   6.489357e-01 1.997219e+00 0.000000e+00
      vertex   1.208496e+00 3.917849e+00 2.000000e+00
      vertex   1.497898e+00 3.816582e+00 2.000000e+00
    endloop
  endfacet
  facet normal 2.532294e-01 6.596852e-01 -7.075948e-01
    outer loop
      vertex   6.489357e-01 1.997219e+00 0.000000e+00
      vertex   1.497898e+00 3.816582e+00 2.000000e+00
      vertex   8.541470e-01 1.918445e+00 0.000000e+00
    endloop
  endfacet
  facet normal 2.829650e-01 6.485626e-01 -7.066098e-01
    outer loop
      vertex   8.541470e-01 1.918445e+00 0.000000e+00
      vertex   1.497898e+00 3.816582e+00 2.000000e+00
      vertex   1.778923e+00 3.693972e+00 2.000000e+00
    endloop
  endfacet
  facet normal 3.208717e-01 6.297461e-01 -7.074328e-01
    outer loop
      vertex   8.541470e-01 1.918445e+00 0.000000e+00
      vertex   1.778923e+00 3.693972e+00 2.000000e+00
      vertex   1.050000e+00 1.818653e+00 0.000000e+00
    endloop
  endfacet
  facet normal 3.305244e-01 6.253826e-01 -7.068594e-01
    outer loop
      vertex   1.050000e+00 1.818653e+00 0.000000e+00
      vertex   1.778923e+00 3.693972e+00 2.000000e+00
      vertex   2.050000e+00 3.550704e+00 2.000000e+00
    endloop
  endfacet
  facet normal 3.763351e-01 5.989338e-01 -7.068594e-01
    outer loop
      vertex   1.050000e+00 1.818653e+00 0.000000e+00
      vertex   2.050000e+00 3.550704e+00 2.000000e+00
      vertex   2.309612e+00 3.387579e+00 2.000000e+00
    endloop
  endfacet
  facet normal 3.849403e-01 5.927561e-01 -7.074328e-01
    outer loop
      vertex   1.050000e+00 1.818653e+00 0.000000e+00
      vertex   2.309612e+00 3.387579e+00 2.000000e+00
      vertex   1.234349e+00 1.698936e+00 0.000000e+00
    endloop
  endfacet
  facet normal 4.201892e-01 5.693361e-01 -7.066098e-01
    outer loop
      vertex   1.234349e+00 1.698936e+00 0.000000e+00
      vertex   2.309612e+00 3.387579e+00 2.000000e+00
      vertex   2.556308e+00 3.205509e+00 2.000000e+00
    endloop
  endfacet
  facet normal 4.446894e-01 5.491457e-01 -7.075948e-01
    outer loop
      vertex   1.234349e+00 1.698936e+00 0.000000e+00
      vertex   2.556308e+00 3.205509e+00 2.000000e+00
      vertex   1.405174e+00 1.560604e+00 0.000000e+00
    endloop
  endfacet
  facet normal 4.615066e-01 5.362804e-01 -7.066930e-01
    outer loop
      vertex   1.405174e+00 1.560604e+00 0.000000e+00
      vertex   2.556308e+00 3.205509e+00 2.000000e+00
      vertex   2.788708e+00 3.005513e+00 2.000000e+00
    endloop
  endfacet
  facet normal 4.999986e-01 4.999986e-01 -7.071087e-01
    outer loop
      vertex   1.405174e+00 1.560604e+00 0.000000e+00
      vertex   2.788708e+00 3.005513e+00 2.000000e+00
      vertex   3.005513e+00 2.788708e+00 2.000000e+00
    endloop
  endfacet
  facet normal 4.999986e-01 4.999986e-01 -7.071087e-01
    outer loop
      vertex   1.405174e+00 1.560604e+00 0.000000e+00
      vertex   3.005513e+00 2.788708e+00 2.000000e+00
      vertex   1.560604e+00 1.405174e+00 0.000000e+00
    endloop
  endfacet
  facet normal 5.362804e-01 4.615066e-01 -7.066930e-01
    outer loop
      vertex   1.560604e+00 1.405174e+00 0.000000e+00
      vertex   3.005513e+00 2.788708e+00 2.000000e+00
      vertex   3.205509e+00 2.556308e+00 2.000000e+00
    endloop
  endfacet
  facet normal 5.491457e-01 4.446894e-01 -7.075948e-01
    outer loop
      vertex   1.560604e+00 1.405174e+00 0.000000e+00
      vertex   3.205509e+00 2.556308e+00 2.000000e+00
      vertex   1.698936e+00 1.234349e+00 0.000000e+00
    endloop
  endfacet
  facet normal 5.693361e-01 4.201892e-01 -7.066098e-01
    outer loop
      vertex   1.698936e+00 1.234349e+00 0.000000e+00
      vertex   3.205509e+00 2.556308e+00 2.000000e+00
      vertex   3.387579e+00 2.309612e+00 2.000000e+00
    endloop
  endfacet
  facet normal 5.927561e-01 3.849403e-01 -7.074328e-01
    outer loop
      vertex   1.698936e+00 1.234349e+00 0.000000e+00
      vertex   3.387579e+00 2.309612e+00 2.000000e+00
      vertex   1.818653e+00 1.050000e+00 0.000000e+00
    endloop
  endfacet
  facet normal 5.989338e-01 3.763351e-01 -7.068594e-01
    outer loop
      vertex   1.818653e+00 1.050000e+00 0.000000e+00
      vertex   3.387579e+00 2.309612e+00 2.000000e+00
      vertex   3.550704e+00 2.050000e+00 2.000000e+00
    endloop
  endfacet
  facet normal 6.253826e-01 3.305244e-01 -7.068594e-01
    outer loop
      vertex   1.818653e+00 1.050000e+00 0.000000e+00
      vertex   3.550704e+00 2.050000e+00 2.000000e+00
      vertex   3.693972e+00 1.778923e+00 2.000000e+00
    endloop
  endfacet
  facet normal 6.297461e-01 3.208717e-01 -7.074328e-01
    outer loop
      vertex   1.818653e+00 1.050000e+00 0.000000e+00
      vertex   3.693972e+00 1.778923e+00 2.000000e+00
      vertex   1.918445e+00 8.541470e-01 0.000000e+00
    endloop
  endfacet
  facet normal 6.485626e-01 2.829650e-01 -7.066098e-01
    outer loop
      vertex   1.918445e+00 8.541470e-01 0.000000e+00
      vertex   3.693972e+00 1.778923e+00 2.000000e+00
      vertex   3.816582e+00 1.497898e+00 2.000000e+00
    endloop
  endfacet
  facet normal 6.596852e-01 2.532294e-01 -7.075948e-01
    outer loop
      vertex   1.918445e+00 8.541470e-01 0.000000e+00
      vertex   3.816582e+00 1.497898e+00 2.000000e+00
      vertex   1.997219e+00 6.489357e-01 0.000000e+00
    endloop
  endfacet
  facet normal 6.678166e-01 2.336791e-01 -7.066930e-01
    outer loop
      vertex   1.997219e+00 6.489357e-01 0.000000e+00
      vertex   3.816582e+00 1.497898e+00 2.000000e+00
      vertex   3.917849e+00 1.208496e+00 2.000000e+00
    endloop
  endfacet
  facet normal 6.830108e-01 1.830122e-01 -7.071087e-01
    outer loop
      vertex   1.997219e+00 6.489357e-01 0.000000e+00
      vertex   3.917849e+00 1.208496e+00 2.000000e+00
      vertex   3.997204e+00 9.123358e-01 2.000000e+00
    endloop
  endfacet
  facet normal 6.830108e-01 1.830122e-01 -7.071087e-01
    outer loop
      vertex   1.997219e+00 6.489357e-01 0.000000e+00
      vertex   3.997204e+00 9.123358e-01 2.000000e+00
      vertex   2.054110e+00 4.366146e-01 0.000000e+00
    endloop
  endfacet
  facet normal 6.951857e-01 1.315362e-01 -7.066930e-01
    outer loop
      vertex   2.054110e+00 4.366146e-01 0.000000e+00
      vertex   3.997204e+00 9.123358e-01 2.000000e+00
      vertex   4.054206e+00 6.110733e-01 2.000000e+00
    endloop
  endfacet
  facet normal 6.979188e-01 1.105395e-01 -7.075948e-01
    outer loop
      vertex   2.054110e+00 4.366146e-01 0.000000e+00
      vertex   4.054206e+00 6.110733e-01 2.000000e+00
      vertex   2.088496e+00 2.195098e-01 0.000000e+00
    endloop
  endfacet
  facet normal 7.031541e-01 7.922644e-02 -7.066098e-01
    outer loop
      vertex   2.088496e+00 2.195098e-01 0.000000e+00
      vertex   4.054206e+00 6.110733e-01 2.000000e+00
      vertex   4.088536e+00 3.063934e-01 2.000000e+00
    endloop
  endfacet
  facet normal 7.058120e-01 3.699004e-02 -7.074328e-01
    outer loop
      vertex   2.088496e+00 2.195098e-01 0.000000e+00
      vertex   4.088536e+00 3.063934e-01 2.000000e+00
      vertex   2.100000e+00 0.000000e+00 0.000000e+00
    endloop
  endfacet
  facet normal 7.068594e-01 2.644881e-02 -7.068594e-01
    outer loop
      vertex   2.100000e+00 0.000000e+00 0.000000e+00
      vertex   4.088536e+00 3.063934e-01 2.000000e+00
      vertex   4.100000e+00 0.000000e+00 2.000000e+00
    endloop
  endfacet
  facet normal 7.071068e-01 0.000000e+00 -7.071068e-01
    outer loop
      vertex   4.100000e+00 -1.177067e+01 2.000000e+00
      vertex   2.100000e+00 -1.177067e+01 0.000000e+00
      vertex   4.100000e+00 0.000000e+00 2.000000e+00
    endloop
  endfacet
  facet normal 7.071068e-01 -5.335608e-17 -7.071068e-01
    outer loop
      vertex   4.100000e+00 0.000000e+00 2.000000e+00
      vertex   2.100000e+00 -1.177067e+01 0.000000e+00
      vertex   2.100000e+00 0.000000e+00 0.000000e+00
    endloop
  endfacet
  facet normal 1.000000e+00 -0.000000e+00 0.000000e+00
    outer loop
      vertex   4.100000e+00 -1.177067e+01 5.800000e+00
      vertex   4.100000e+00 -1.177067e+01 2.000000e+00
      vertex   4.100000e+00 -1.054751e+00 5.800000e+00
    endloop
  endfacet
  facet normal 1.000000e+00 0.000000e+00 0.000000e+00
    outer loop
      vertex   4.100000e+00 -1.054751e+00 5.800000e+00
      vertex   4.100000e+00 -1.177067e+01 2.000000e+00
      vertex   4.100000e+00 0.000000e+00 2.000000e+00
    endloop
  endfacet
  facet normal 1.000000e+00 -0.000000e+00 0.000000e+00
    outer loop
      vertex   4.100000e+00 -1.054751e+00 5.800000e+00
      vertex   4.100000e+00 0.000000e+00 2.000000e+00
      vertex   4.100000e+00 0.000000e+00 5.800000e+00
    endloop
  endfacet
  facet normal 0.000000e+00 -1.000000e+00 0.000000e+00
    outer loop
      vertex   -5.551115e-16 -1.177067e+01 6.100000e+00
      vertex   2.225703e-01 -1.177067e+01 6.088713e+00
      vertex   -5.551115e-16 -1.177067e+01 7.800000e+00
    endloop
  endfacet
  facet normal 0.000000e+00 -1.000000e+00 0.000000e+00
    outer loop
      vertex   -5.551115e-16 -1.177067e+01 7.800000e+00
      vertex   2.225703e-01 -1.177067e+01 6.088713e+00
      vertex   4.428567e-01 -1.177067e+01 6.054966e+00
    endloop
  endfacet
  facet normal 0.000000e+00 -1.000000e+00 0.000000e+00
    outer loop
      vertex   -5.551115e-16 -1.177067e+01 7.800000e+00
      vertex   4.428567e-01 -1.177067e+01 6.054966e+00
      vertex   6.585989e-01 -1.177067e+01 5.999106e+00
    endloop
  endfacet
  facet normal 0.000000e+00 -1.000000e+00 0.000000e+00
    outer loop
      vertex   6.585989e-01 -1.177067e+01 5.999106e+00
      vertex   8.675829e-01 -1.177067e+01 5.921707e+00
      vertex   -5.551115e-16 -1.177067e+01 7.800000e+00
    endloop
  endfacet
  facet normal 0.000000e+00 -1.000000e+00 0.000000e+00
    outer loop
      vertex   -5.551115e-16 -1.177067e+01 7.800000e+00
      vertex   8.675829e-01 -1.177067e+01 5.921707e+00
      vertex   2.100000e+00 -1.177067e+01 7.800000e+00
    endloop
  endfacet
  facet normal 0.000000e+00 -1.000000e+00 0.000000e+00
    outer loop
      vertex   2.100000e+00 -1.177067e+01 7.800000e+00
      vertex   8.675829e-01 -1.177067e+01 5.921707e+00
      vertex   1.067664e+00 -1.177067e+01 5.823563e+00
    endloop
  endfacet
  facet normal 0.000000e+00 -1.000000e+00 0.000000e+00
    outer loop
      vertex   2.100000e+00 -1.177067e+01 7.800000e+00
      vertex   1.067664e+00 -1.177067e+01 5.823563e+00
      vertex   1.256790e+00 -1.177067e+01 5.705680e+00
    endloop
  endfacet
  facet normal 0.000000e+00 -1.000000e+00 0.000000e+00
    outer loop
      vertex   1.256790e+00 -1.177067e+01 5.705680e+00
      vertex   1.433019e+00 -1.177067e+01 5.569268e+00
      vertex   2.100000e+00 -1.177067e+01 7.800000e+00
    endloop
  endfacet
  facet normal 0.000000e+00 -1.000000e+00 0.000000e+00
    outer loop
      vertex   2.100000e+00 -1.177067e+01 7.800000e+00
      vertex   1.433019e+00 -1.177067e+01 5.569268e+00
      vertex   1.594544e+00 -1.177067e+01 5.415727e+00
    endloop
  endfacet
  facet normal 0.000000e+00 -1.000000e+00 0.000000e+00
    outer loop
      vertex   2.100000e+00 -1.177067e+01 7.800000e+00
      vertex   1.594544e+00 -1.177067e+01 5.415727e+00
      vertex   1.739707e+00 -1.177067e+01 5.246633e+00
    endloop
  endfacet
  facet normal 0.000000e+00 -1.000000e+00 0.000000e+00
    outer loop
      vertex   1.739707e+00 -1.177067e+01 5.246633e+00
      vertex   1.867017e+00 -1.177067e+01 5.063721e+00
      vertex   2.100000e+00 -1.177067e+01 7.800000e+00
    endloop
  endfacet
  facet normal 0.000000e+00 -1.000000e+00 0.000000e+00
    outer loop
      vertex   2.100000e+00 -1.177067e+01 7.800000e+00
      vertex   1.867017e+00 -1.177067e+01 5.063721e+00
      vertex   1.975170e+00 -1.177067e+01 4.868867e+00
    endloop
  endfacet
  facet normal 0.000000e+00 -1.000000e+00 -0.000000e+00
    outer loop
      vertex   2.100000e+00 -1.177067e+01 7.800000e+00
      vertex   1.975170e+00 -1.177067e+01 4.868867e+00
      vertex   4.100000e+00 -1.177067e+01 5.800000e+00
    endloop
  endfacet
  facet normal 0.000000e+00 -1.000000e+00 0.000000e+00
    outer loop
      vertex   4.100000e+00 -1.177067e+01 5.800000e+00
      vertex   1.975170e+00 -1.177067e+01 4.868867e+00
      vertex   2.063055e+00 -1.177067e+01 4.664072e+00
    endloop
  endfacet
  facet normal 0.000000e+00 -1.000000e+00 0.000000e+00
    outer loop
      vertex   4.100000e+00 -1.177067e+01 5.800000e+00
      vertex   2.063055e+00 -1.177067e+01 4.664072e+00
      vertex   2.129770e+00 -1.177067e+01 4.451436e+00
    endloop
  endfacet
  facet normal 0.000000e+00 -1.000000e+00 0.000000e+00
    outer loop
      vertex   2.129770e+00 -1.177067e+01 4.451436e+00
      vertex   2.174630e+00 -1.177067e+01 4.233141e+00
      vertex   4.100000e+00 -1.177067e+01 5.800000e+00
    endloop
  endfacet
  facet normal 0.000000e+00 -1.000000e+00 0.000000e+00
    outer loop
      vertex   4.100000e+00 -1.177067e+01 5.800000e+00
      vertex   2.174630e+00 -1.177067e+01 4.233141e+00
      vertex   2.197176e+00 -1.177067e+01 4.011428e+00
    endloop
  endfacet
  facet normal 0.000000e+00 -1.000000e+00 -0.000000e+00
    outer loop
      vertex   4.100000e+00 -1.177067e+01 5.800000e+00
      vertex   2.197176e+00 -1.177067e+01 4.011428e+00
      vertex   4.100000e+00 -1.177067e+01 2.000000e+00
    endloop
  endfacet
  facet normal 0.000000e+00 -1.000000e+00 0.000000e+00
    outer loop
      vertex   4.100000e+00 -1.177067e+01 2.000000e+00
      vertex   2.197176e+00 -1.177067e+01 4.011428e+00
      vertex   2.197176e+00 -1.177067e+01 3.788572e+00
    endloop
  endfacet
  facet normal 0.000000e+00 -1.000000e+00 0.000000e+00
    outer loop
      vertex   4.100000e+00 -1.177067e+01 2.000000e+00
      vertex   2.197176e+00 -1.177067e+01 3.788572e+00
      vertex   2.174630e+00 -1.177067e+01 3.566859e+00
    endloop
  endfacet
  facet normal 0.000000e+00 -1.000000e+00 -0.000000e+00
    outer loop
      vertex   2.174630e+00 -1.177067e+01 3.566859e+00
      vertex   2.129770e+00 -1.177067e+01 3.348564e+00
      vertex   4.100000e+00 -1.177067e+01 2.000000e+00
    endloop
  endfacet
  facet normal 0.000000e+00 -1.000000e+00 0.000000e+00
    outer loop
      vertex   4.100000e+00 -1.177067e+01 2.000000e+00
      vertex   2.129770e+00 -1.177067e+01 3.348564e+00
      vertex   2.063055e+00 -1.177067e+01 3.135928e+00
    endloop
  endfacet
  facet normal 0.000000e+00 -1.000000e+00 0.000000e+00
    outer loop
      vertex   4.100000e+00 -1.177067e+01 2.000000e+00
      vertex   2.063055e+00 -1.177067e+01 3.135928e+00
      vertex   1.975170e+00 -1.177067e+01 2.931133e+00
    endloop
  endfacet
  facet normal -0.000000e+00 -1.000000e+00 0.000000e+00
    outer loop
      vertex   4.100000e+00 -1.177067e+01 2.000000e+00
      vertex   1.975170e+00 -1.177067e+01 2.931133e+00
      vertex   2.100000e+00 -1.177067e+01 0.000000e+00
    endloop
  endfacet
  facet normal 0.000000e+00 -1.000000e+00 0.000000e+00
    outer loop
      vertex   2.100000e+00 -1.177067e+01 0.000000e+00
      vertex   1.975170e+00 -1.177067e+01 2.931133e+00
      vertex   1.867017e+00 -1.177067e+01 2.736279e+00
    endloop
  endfacet
  facet normal 0.000000e+00 -1.000000e+00 0.000000e+00
    outer loop
      vertex   2.100000e+00 -1.177067e+01 0.000000e+00
      vertex   1.867017e+00 -1.177067e+01 2.736279e+00
      vertex   1.739707e+00 -1.177067e+01 2.553367e+00
    endloop
  endfacet
  facet normal 0.000000e+00 -1.000000e+00 -0.000000e+00
    outer loop
      vertex   1.739707e+00 -1.177067e+01 2.553367e+00
      vertex   1.594544e+00 -1.177067e+01 2.384273e+00
      vertex   2.100000e+00 -1.177067e+01 0.000000e+00
    endloop
  endfacet
  facet normal 0.000000e+00 -1.000000e+00 0.000000e+00
    outer loop
      vertex   2.100000e+00 -1.177067e+01 0.000000e+00
      vertex   1.594544e+00 -1.177067e+01 2.384273e+00
      vertex   1.433019e+00 -1.177067e+01 2.230732e+00
    endloop
  endfacet
  facet normal 0.000000e+00 -1.000000e+00 0.000000e+00
    outer loop
      vertex   2.100000e+00 -1.177067e+01 0.000000e+00
      vertex   1.433019e+00 -1.177067e+01 2.230732e+00
      vertex   1.256790e+00 -1.177067e+01 2.094320e+00
    endloop
  endfacet
  facet normal 0.000000e+00 -1.000000e+00 -0.000000e+00
    outer loop
      vertex   1.256790e+00 -1.177067e+01 2.094320e+00
      vertex   1.067664e+00 -1.177067e+01 1.976437e+00
      vertex   2.100000e+00 -1.177067e+01 0.000000e+00
    endloop
  endfacet
  facet normal 0.000000e+00 -1.000000e+00 0.000000e+00
    outer loop
      vertex   2.100000e+00 -1.177067e+01 0.000000e+00
      vertex   1.067664e+00 -1.177067e+01 1.976437e+00
      vertex   8.675829e-01 -1.177067e+01 1.878293e+00
    endloop
  endfacet
  facet normal 0.000000e+00 -1.000000e+00 0.000000e+00
    outer loop
      vertex   2.100000e+00 -1.177067e+01 0.000000e+00
      vertex   8.675829e-01 -1.177067e+01 1.878293e+00
      vertex   -5.551115e-16 -1.177067e+01 0.000000e+00
    endloop
  endfacet
  facet normal 0.000000e+00 -1.000000e+00 0.000000e+00
    outer loop
      vertex   -5.551115e-16 -1.177067e+01 0.000000e+00
      vertex   8.675829e-01 -1.177067e+01 1.878293e+00
      vertex   6.585989e-01 -1.177067e+01 1.800894e+00
    endloop
  endfacet
  facet normal 0.000000e+00 -1.000000e+00 0.000000e+00
    outer loop
      vertex   -5.551115e-16 -1.177067e+01 0.000000e+00
      vertex   6.585989e-01 -1.177067e+01 1.800894e+00
      vertex   4.428567e-01 -1.177067e+01 1.745034e+00
    endloop
  endfacet
  facet normal 0.000000e+00 -1.000000e+00 0.000000e+00
    outer loop
      vertex   4.428567e-01 -1.177067e+01 1.745034e+00
      vertex   2.225703e-01 -1.177067e+01 1.711287e+00
      vertex   -5.551115e-16 -1.177067e+01 0.000000e+00
    endloop
  endfacet
  facet normal 0.000000e+00 -1.000000e+00 0.000000e+00
    outer loop
      vertex   -5.551115e-16 -1.177067e+01 0.000000e+00
      vertex   2.225703e-01 -1.177067e+01 1.711287e+00
      vertex   4.311141e-16 -1.177067e+01 1.700000e+00
    endloop
  endfacet
endsolid
