solid ASCII
  facet normal -1.000000e+00 0.000000e+00 0.000000e+00
    outer loop
      vertex   -1.539435e+01 6.661094e+00 3.180000e+01
      vertex   -1.539435e+01 1.116109e+01 3.180000e+01
      vertex   -1.539435e+01 6.661094e+00 2.980000e+01
    endloop
  endfacet
  facet normal -1.000000e+00 0.000000e+00 0.000000e+00
    outer loop
      vertex   -1.539435e+01 6.661094e+00 2.980000e+01
      vertex   -1.539435e+01 1.116109e+01 3.180000e+01
      vertex   -1.539435e+01 1.116109e+01 2.980000e+01
    endloop
  endfacet
  facet normal -0.000000e+00 1.000000e+00 0.000000e+00
    outer loop
      vertex   -2.139435e+01 6.661094e+00 3.180000e+01
      vertex   -1.539435e+01 6.661094e+00 3.180000e+01
      vertex   -2.139435e+01 6.661094e+00 2.980000e+01
    endloop
  endfacet
  facet normal 0.000000e+00 1.000000e+00 0.000000e+00
    outer loop
      vertex   -2.139435e+01 6.661094e+00 2.980000e+01
      vertex   -1.539435e+01 6.661094e+00 3.180000e+01
      vertex   -1.539435e+01 6.661094e+00 2.980000e+01
    endloop
  endfacet
  facet normal -0.000000e+00 -1.000000e+00 -0.000000e+00
    outer loop
      vertex   -2.029435e+01 1.116109e+01 3.180000e+01
      vertex   -2.139435e+01 1.116109e+01 3.180000e+01
      vertex   -2.029435e+01 1.116109e+01 2.980000e+01
    endloop
  endfacet
  facet normal -0.000000e+00 -1.000000e+00 0.000000e+00
    outer loop
      vertex   -2.029435e+01 1.116109e+01 2.980000e+01
      vertex   -2.139435e+01 1.116109e+01 3.180000e+01
      vertex   -2.139435e+01 1.116109e+01 2.980000e+01
    endloop
  endfacet
  facet normal 1.000000e+00 0.000000e+00 0.000000e+00
    outer loop
      vertex   -2.139435e+01 1.116109e+01 3.180000e+01
      vertex   -2.139435e+01 6.661094e+00 3.180000e+01
      vertex   -2.139435e+01 1.116109e+01 2.980000e+01
    endloop
  endfacet
  facet normal 1.000000e+00 0.000000e+00 0.000000e+00
    outer loop
      vertex   -2.139435e+01 1.116109e+01 2.980000e+01
      vertex   -2.139435e+01 6.661094e+00 3.180000e+01
      vertex   -2.139435e+01 6.661094e+00 2.980000e+01
    endloop
  endfacet
  facet normal -0.000000e+00 -1.000000e+00 -0.000000e+00
    outer loop
      vertex   -1.539435e+01 1.116109e+01 3.180000e+01
      vertex   -1.649435e+01 1.116109e+01 3.180000e+01
      vertex   -1.539435e+01 1.116109e+01 2.980000e+01
    endloop
  endfacet
  facet normal 0.000000e+00 -1.000000e+00 0.000000e+00
    outer loop
      vertex   -1.539435e+01 1.116109e+01 2.980000e+01
      vertex   -1.649435e+01 1.116109e+01 3.180000e+01
      vertex   -1.649435e+01 1.116109e+01 2.980000e+01
    endloop
  endfacet
  facet normal 0.000000e+00 0.000000e+00 1.000000e+00
    outer loop
      vertex   1.041116e+01 2.839286e-01 3.180000e+01
      vertex   1.996135e+01 1.161227e+01 3.180000e+01
      vertex   1.041116e+01 1.148393e+01 3.180000e+01
    endloop
  endfacet
  facet normal 0.000000e+00 0.000000e+00 1.000000e+00
    outer loop
      vertex   1.041116e+01 1.148393e+01 3.180000e+01
      vertex   1.996135e+01 1.161227e+01 3.180000e+01
      vertex   1.957991e+01 1.173621e+01 3.180000e+01
    endloop
  endfacet
  facet normal 0.000000e+00 0.000000e+00 1.000000e+00
    outer loop
      vertex   1.041116e+01 1.148393e+01 3.180000e+01
      vertex   1.957991e+01 1.173621e+01 3.180000e+01
      vertex   1.924128e+01 1.195111e+01 3.180000e+01
    endloop
  endfacet
  facet normal -0.000000e+00 0.000000e+00 1.000000e+00
    outer loop
      vertex   -7.888418e-01 2.839286e-01 3.180000e+01
      vertex   7.555854e-01 -5.294381e+00 3.180000e+01
      vertex   1.041116e+01 2.839286e-01 3.180000e+01
    endloop
  endfacet
  facet normal 0.000000e+00 0.000000e+00 1.000000e+00
    outer loop
      vertex   1.041116e+01 2.839286e-01 3.180000e+01
      vertex   7.555854e-01 -5.294381e+00 3.180000e+01
      vertex   1.118481e+00 -5.465147e+00 3.180000e+01
    endloop
  endfacet
  facet normal 0.000000e+00 0.000000e+00 1.000000e+00
    outer loop
      vertex   1.041116e+01 2.839286e-01 3.180000e+01
      vertex   1.118481e+00 -5.465147e+00 3.180000e+01
      vertex   1.427508e+00 -5.720796e+00 3.180000e+01
    endloop
  endfacet
  facet normal 0.000000e+00 0.000000e+00 1.000000e+00
    outer loop
      vertex   -7.888418e-01 1.148393e+01 3.180000e+01
      vertex   -1.339435e+01 5.326018e+00 3.180000e+01
      vertex   -7.888418e-01 2.839286e-01 3.180000e+01
    endloop
  endfacet
  facet normal 0.000000e+00 0.000000e+00 1.000000e+00
    outer loop
      vertex   -7.888418e-01 2.839286e-01 3.180000e+01
      vertex   -1.339435e+01 5.326018e+00 3.180000e+01
      vertex   -1.339435e+01 1.526018e+00 3.180000e+01
    endloop
  endfacet
  facet normal 0.000000e+00 0.000000e+00 1.000000e+00
    outer loop
      vertex   -7.888418e-01 2.839286e-01 3.180000e+01
      vertex   -1.339435e+01 1.526018e+00 3.180000e+01
      vertex   -7.587202e-01 -5.583250e+00 3.180000e+01
    endloop
  endfacet
  facet normal 0.000000e+00 0.000000e+00 1.000000e+00
    outer loop
      vertex   -7.587202e-01 -5.583250e+00 3.180000e+01
      vertex   -1.339435e+01 1.526018e+00 3.180000e+01
      vertex   -1.033269e+00 -5.875615e+00 3.180000e+01
    endloop
  endfacet
  facet normal 0.000000e+00 0.000000e+00 1.000000e+00
    outer loop
      vertex   -1.033269e+00 -5.875615e+00 3.180000e+01
      vertex   -1.339435e+01 1.526018e+00 3.180000e+01
      vertex   -1.226484e+00 -6.227072e+00 3.180000e+01
    endloop
  endfacet
  facet normal 0.000000e+00 0.000000e+00 1.000000e+00
    outer loop
      vertex   -1.226484e+00 -6.227072e+00 3.180000e+01
      vertex   -1.339435e+01 1.526018e+00 3.180000e+01
      vertex   -1.549435e+01 1.526018e+00 3.180000e+01
    endloop
  endfacet
  facet normal 0.000000e+00 0.000000e+00 1.000000e+00
    outer loop
      vertex   -1.226484e+00 -6.227072e+00 3.180000e+01
      vertex   -1.549435e+01 1.526018e+00 3.180000e+01
      vertex   -1.326225e+00 -6.615538e+00 3.180000e+01
    endloop
  endfacet
  facet normal 0.000000e+00 0.000000e+00 1.000000e+00
    outer loop
      vertex   -1.326225e+00 -6.615538e+00 3.180000e+01
      vertex   -1.549435e+01 1.526018e+00 3.180000e+01
      vertex   -2.129435e+01 1.526018e+00 3.180000e+01
    endloop
  endfacet
  facet normal 0.000000e+00 0.000000e+00 1.000000e+00
    outer loop
      vertex   -1.326225e+00 -6.615538e+00 3.180000e+01
      vertex   -2.129435e+01 1.526018e+00 3.180000e+01
      vertex   -1.326225e+00 -7.016605e+00 3.180000e+01
    endloop
  endfacet
  facet normal 0.000000e+00 0.000000e+00 1.000000e+00
    outer loop
      vertex   -1.326225e+00 -7.016605e+00 3.180000e+01
      vertex   -2.129435e+01 1.526018e+00 3.180000e+01
      vertex   -1.226484e+00 -7.405071e+00 3.180000e+01
    endloop
  endfacet
  facet normal 0.000000e+00 0.000000e+00 1.000000e+00
    outer loop
      vertex   -1.226484e+00 -7.405071e+00 3.180000e+01
      vertex   -2.129435e+01 1.526018e+00 3.180000e+01
      vertex   -2.339435e+01 1.526018e+00 3.180000e+01
    endloop
  endfacet
  facet normal 0.000000e+00 0.000000e+00 1.000000e+00
    outer loop
      vertex   -1.226484e+00 -7.405071e+00 3.180000e+01
      vertex   -2.339435e+01 1.526018e+00 3.180000e+01
      vertex   -4.971427e+01 -1.402035e+01 3.180000e+01
    endloop
  endfacet
  facet normal 0.000000e+00 0.000000e+00 1.000000e+00
    outer loop
      vertex   -4.971427e+01 -1.402035e+01 3.180000e+01
      vertex   -2.339435e+01 1.526018e+00 3.180000e+01
      vertex   -4.971427e+01 2.033725e+01 3.180000e+01
    endloop
  endfacet
  facet normal 0.000000e+00 0.000000e+00 1.000000e+00
    outer loop
      vertex   -4.971427e+01 2.033725e+01 3.180000e+01
      vertex   -2.339435e+01 1.526018e+00 3.180000e+01
      vertex   -2.339435e+01 5.326018e+00 3.180000e+01
    endloop
  endfacet
  facet normal 0.000000e+00 0.000000e+00 1.000000e+00
    outer loop
      vertex   -4.971427e+01 2.033725e+01 3.180000e+01
      vertex   -2.339435e+01 5.326018e+00 3.180000e+01
      vertex   -2.139435e+01 1.116109e+01 3.180000e+01
    endloop
  endfacet
  facet normal 0.000000e+00 0.000000e+00 1.000000e+00
    outer loop
      vertex   -2.139435e+01 1.116109e+01 3.180000e+01
      vertex   -2.339435e+01 5.326018e+00 3.180000e+01
      vertex   -2.139435e+01 6.661094e+00 3.180000e+01
    endloop
  endfacet
  facet normal 0.000000e+00 0.000000e+00 1.000000e+00
    outer loop
      vertex   -2.139435e+01 6.661094e+00 3.180000e+01
      vertex   -2.339435e+01 5.326018e+00 3.180000e+01
      vertex   -2.129435e+01 5.326018e+00 3.180000e+01
    endloop
  endfacet
  facet normal 0.000000e+00 0.000000e+00 1.000000e+00
    outer loop
      vertex   -2.139435e+01 6.661094e+00 3.180000e+01
      vertex   -2.129435e+01 5.326018e+00 3.180000e+01
      vertex   -1.549435e+01 5.326018e+00 3.180000e+01
    endloop
  endfacet
  facet normal 0.000000e+00 0.000000e+00 1.000000e+00
    outer loop
      vertex   -1.549435e+01 5.326018e+00 3.180000e+01
      vertex   -2.129435e+01 5.326018e+00 3.180000e+01
      vertex   -1.549435e+01 1.526018e+00 3.180000e+01
    endloop
  endfacet
  facet normal 0.000000e+00 0.000000e+00 1.000000e+00
    outer loop
      vertex   -1.549435e+01 1.526018e+00 3.180000e+01
      vertex   -2.129435e+01 5.326018e+00 3.180000e+01
      vertex   -2.129435e+01 1.526018e+00 3.180000e+01
    endloop
  endfacet
  facet normal 0.000000e+00 0.000000e+00 1.000000e+00
    outer loop
      vertex   1.041116e+01 1.148393e+01 3.180000e+01
      vertex   3.616230e-01 1.158709e+01 3.180000e+01
      vertex   -7.888418e-01 1.148393e+01 3.180000e+01
    endloop
  endfacet
  facet normal 0.000000e+00 0.000000e+00 1.000000e+00
    outer loop
      vertex   -7.888418e-01 1.148393e+01 3.180000e+01
      vertex   3.616230e-01 1.158709e+01 3.180000e+01
      vertex   -3.865193e-02 1.161227e+01 3.180000e+01
    endloop
  endfacet
  facet normal 0.000000e+00 0.000000e+00 1.000000e+00
    outer loop
      vertex   -7.888418e-01 1.148393e+01 3.180000e+01
      vertex   -3.865193e-02 1.161227e+01 3.180000e+01
      vertex   -4.200887e-01 1.173621e+01 3.180000e+01
    endloop
  endfacet
  facet normal 0.000000e+00 0.000000e+00 1.000000e+00
    outer loop
      vertex   -2.029435e+01 1.902045e+01 3.180000e+01
      vertex   -4.971427e+01 2.033725e+01 3.180000e+01
      vertex   -2.029435e+01 1.692045e+01 3.180000e+01
    endloop
  endfacet
  facet normal 0.000000e+00 0.000000e+00 1.000000e+00
    outer loop
      vertex   -2.029435e+01 1.692045e+01 3.180000e+01
      vertex   -4.971427e+01 2.033725e+01 3.180000e+01
      vertex   -2.029435e+01 1.326109e+01 3.180000e+01
    endloop
  endfacet
  facet normal 0.000000e+00 0.000000e+00 1.000000e+00
    outer loop
      vertex   -2.029435e+01 1.692045e+01 3.180000e+01
      vertex   -2.029435e+01 1.326109e+01 3.180000e+01
      vertex   -1.649435e+01 1.326109e+01 3.180000e+01
    endloop
  endfacet
  facet normal 0.000000e+00 -0.000000e+00 1.000000e+00
    outer loop
      vertex   -2.029435e+01 1.902045e+01 3.180000e+01
      vertex   -1.649435e+01 1.902045e+01 3.180000e+01
      vertex   -4.971427e+01 2.033725e+01 3.180000e+01
    endloop
  endfacet
  facet normal 0.000000e+00 0.000000e+00 1.000000e+00
    outer loop
      vertex   -4.971427e+01 2.033725e+01 3.180000e+01
      vertex   -1.649435e+01 1.902045e+01 3.180000e+01
      vertex   2.228573e+01 2.033725e+01 3.180000e+01
    endloop
  endfacet
  facet normal 1.656759e-16 -4.879162e-15 1.000000e+00
    outer loop
      vertex   2.228573e+01 2.033725e+01 3.180000e+01
      vertex   -1.649435e+01 1.902045e+01 3.180000e+01
      vertex   -7.352083e+00 1.787460e+01 3.180000e+01
    endloop
  endfacet
  facet normal -1.454450e-16 -1.134855e-15 1.000000e+00
    outer loop
      vertex   2.228573e+01 2.033725e+01 3.180000e+01
      vertex   -7.352083e+00 1.787460e+01 3.180000e+01
      vertex   -6.375620e+00 1.774945e+01 3.180000e+01
    endloop
  endfacet
  facet normal 1.749348e-15 -0.000000e+00 1.000000e+00
    outer loop
      vertex   -1.649435e+01 1.692045e+01 3.180000e+01
      vertex   -1.243260e+01 1.709427e+01 3.180000e+01
      vertex   -1.649435e+01 1.902045e+01 3.180000e+01
    endloop
  endfacet
  facet normal -1.398746e-14 -3.318453e-14 1.000000e+00
    outer loop
      vertex   -1.649435e+01 1.902045e+01 3.180000e+01
      vertex   -1.243260e+01 1.709427e+01 3.180000e+01
      vertex   -1.207083e+01 1.726296e+01 3.180000e+01
    endloop
  endfacet
  facet normal 4.223344e-15 1.265151e-14 1.000000e+00
    outer loop
      vertex   -1.649435e+01 1.902045e+01 3.180000e+01
      vertex   -1.207083e+01 1.726296e+01 3.180000e+01
      vertex   -1.167883e+01 1.741292e+01 3.180000e+01
    endloop
  endfacet
  facet normal 0.000000e+00 0.000000e+00 1.000000e+00
    outer loop
      vertex   -2.029435e+01 1.692045e+01 3.180000e+01
      vertex   -1.649435e+01 1.326109e+01 3.180000e+01
      vertex   -1.649435e+01 1.692045e+01 3.180000e+01
    endloop
  endfacet
  facet normal 2.665968e-15 0.000000e+00 1.000000e+00
    outer loop
      vertex   -1.649435e+01 1.692045e+01 3.180000e+01
      vertex   -1.649435e+01 1.326109e+01 3.180000e+01
      vertex   -1.382912e+01 1.531776e+01 3.180000e+01
    endloop
  endfacet
  facet normal 8.793256e-15 1.018955e-14 1.000000e+00
    outer loop
      vertex   -1.649435e+01 1.692045e+01 3.180000e+01
      vertex   -1.382912e+01 1.531776e+01 3.180000e+01
      vertex   -1.379440e+01 1.563646e+01 3.180000e+01
    endloop
  endfacet
  facet normal 0.000000e+00 0.000000e+00 1.000000e+00
    outer loop
      vertex   -1.649435e+01 1.116109e+01 3.180000e+01
      vertex   -1.539435e+01 1.116109e+01 3.180000e+01
      vertex   -1.649435e+01 1.326109e+01 3.180000e+01
    endloop
  endfacet
  facet normal -7.926974e-16 -4.152224e-16 1.000000e+00
    outer loop
      vertex   -1.649435e+01 1.326109e+01 3.180000e+01
      vertex   -1.539435e+01 1.116109e+01 3.180000e+01
      vertex   -1.206956e+01 1.336993e+01 3.180000e+01
    endloop
  endfacet
  facet normal -7.627458e-16 -1.632929e-15 1.000000e+00
    outer loop
      vertex   -1.649435e+01 1.326109e+01 3.180000e+01
      vertex   -1.206956e+01 1.336993e+01 3.180000e+01
      vertex   -1.243190e+01 1.353918e+01 3.180000e+01
    endloop
  endfacet
  facet normal -5.052383e-16 0.000000e+00 1.000000e+00
    outer loop
      vertex   -1.539435e+01 6.661094e+00 3.180000e+01
      vertex   -8.362597e+00 1.271745e+01 3.180000e+01
      vertex   -1.539435e+01 1.116109e+01 3.180000e+01
    endloop
  endfacet
  facet normal -3.036952e-15 1.143849e-14 1.000000e+00
    outer loop
      vertex   -1.539435e+01 1.116109e+01 3.180000e+01
      vertex   -8.362597e+00 1.271745e+01 3.180000e+01
      vertex   -9.373827e+00 1.275956e+01 3.180000e+01
    endloop
  endfacet
  facet normal 2.455026e-15 -9.246702e-15 1.000000e+00
    outer loop
      vertex   -1.539435e+01 1.116109e+01 3.180000e+01
      vertex   -9.373827e+00 1.275956e+01 3.180000e+01
      vertex   -1.035049e+01 1.288447e+01 3.180000e+01
    endloop
  endfacet
  facet normal -0.000000e+00 0.000000e+00 1.000000e+00
    outer loop
      vertex   -2.139435e+01 6.661094e+00 3.180000e+01
      vertex   -1.549435e+01 5.326018e+00 3.180000e+01
      vertex   -1.539435e+01 6.661094e+00 3.180000e+01
    endloop
  endfacet
  facet normal 0.000000e+00 0.000000e+00 1.000000e+00
    outer loop
      vertex   -1.539435e+01 6.661094e+00 3.180000e+01
      vertex   -1.549435e+01 5.326018e+00 3.180000e+01
      vertex   -1.339435e+01 5.326018e+00 3.180000e+01
    endloop
  endfacet
  facet normal -0.000000e+00 0.000000e+00 1.000000e+00
    outer loop
      vertex   -1.539435e+01 6.661094e+00 3.180000e+01
      vertex   -1.339435e+01 5.326018e+00 3.180000e+01
      vertex   -7.888418e-01 1.148393e+01 3.180000e+01
    endloop
  endfacet
  facet normal 0.000000e+00 -0.000000e+00 1.000000e+00
    outer loop
      vertex   -2.029435e+01 1.116109e+01 3.180000e+01
      vertex   -2.029435e+01 1.326109e+01 3.180000e+01
      vertex   -2.139435e+01 1.116109e+01 3.180000e+01
    endloop
  endfacet
  facet normal 0.000000e+00 -0.000000e+00 1.000000e+00
    outer loop
      vertex   -2.139435e+01 1.116109e+01 3.180000e+01
      vertex   -2.029435e+01 1.326109e+01 3.180000e+01
      vertex   -4.971427e+01 2.033725e+01 3.180000e+01
    endloop
  endfacet
  facet normal 0.000000e+00 0.000000e+00 1.000000e+00
    outer loop
      vertex   2.228573e+01 -1.402035e+01 3.180000e+01
      vertex   -3.865193e-02 -8.387731e+00 3.180000e+01
      vertex   -4.971427e+01 -1.402035e+01 3.180000e+01
    endloop
  endfacet
  facet normal 0.000000e+00 0.000000e+00 1.000000e+00
    outer loop
      vertex   -4.971427e+01 -1.402035e+01 3.180000e+01
      vertex   -3.865193e-02 -8.387731e+00 3.180000e+01
      vertex   -4.200887e-01 -8.263795e+00 3.180000e+01
    endloop
  endfacet
  facet normal 0.000000e+00 0.000000e+00 1.000000e+00
    outer loop
      vertex   -4.971427e+01 -1.402035e+01 3.180000e+01
      vertex   -4.200887e-01 -8.263795e+00 3.180000e+01
      vertex   -7.587202e-01 -8.048893e+00 3.180000e+01
    endloop
  endfacet
  facet normal 0.000000e+00 0.000000e+00 1.000000e+00
    outer loop
      vertex   2.228573e+01 2.033725e+01 3.180000e+01
      vertex   2.186116e+01 -6.816071e+00 3.180000e+01
      vertex   2.228573e+01 -1.402035e+01 3.180000e+01
    endloop
  endfacet
  facet normal 0.000000e+00 0.000000e+00 1.000000e+00
    outer loop
      vertex   2.228573e+01 -1.402035e+01 3.180000e+01
      vertex   2.186116e+01 -6.816071e+00 3.180000e+01
      vertex   2.181089e+01 -7.213975e+00 3.180000e+01
    endloop
  endfacet
  facet normal 0.000000e+00 0.000000e+00 1.000000e+00
    outer loop
      vertex   2.228573e+01 -1.402035e+01 3.180000e+01
      vertex   2.181089e+01 -7.213975e+00 3.180000e+01
      vertex   2.166325e+01 -7.586877e+00 3.180000e+01
    endloop
  endfacet
  facet normal -0.000000e+00 0.000000e+00 1.000000e+00
    outer loop
      vertex   2.181089e+01 1.278602e+01 3.180000e+01
      vertex   2.186116e+01 -6.816071e+00 3.180000e+01
      vertex   2.186116e+01 1.318393e+01 3.180000e+01
    endloop
  endfacet
  facet normal -0.000000e+00 0.000000e+00 1.000000e+00
    outer loop
      vertex   2.186116e+01 1.318393e+01 3.180000e+01
      vertex   2.186116e+01 -6.816071e+00 3.180000e+01
      vertex   2.228573e+01 2.033725e+01 3.180000e+01
    endloop
  endfacet
  facet normal 0.000000e+00 -0.000000e+00 1.000000e+00
    outer loop
      vertex   2.186116e+01 1.318393e+01 3.180000e+01
      vertex   2.228573e+01 2.033725e+01 3.180000e+01
      vertex   2.181089e+01 1.358183e+01 3.180000e+01
    endloop
  endfacet
  facet normal 0.000000e+00 -0.000000e+00 1.000000e+00
    outer loop
      vertex   2.181089e+01 1.358183e+01 3.180000e+01
      vertex   2.228573e+01 2.033725e+01 3.180000e+01
      vertex   2.166325e+01 1.395473e+01 3.180000e+01
    endloop
  endfacet
  facet normal 0.000000e+00 -0.000000e+00 1.000000e+00
    outer loop
      vertex   2.166325e+01 1.395473e+01 3.180000e+01
      vertex   2.228573e+01 2.033725e+01 3.180000e+01
      vertex   2.142751e+01 1.427920e+01 3.180000e+01
    endloop
  endfacet
  facet normal 0.000000e+00 -0.000000e+00 1.000000e+00
    outer loop
      vertex   2.142751e+01 1.427920e+01 3.180000e+01
      vertex   2.228573e+01 2.033725e+01 3.180000e+01
      vertex   2.111848e+01 1.453485e+01 3.180000e+01
    endloop
  endfacet
  facet normal 0.000000e+00 -0.000000e+00 1.000000e+00
    outer loop
      vertex   2.111848e+01 1.453485e+01 3.180000e+01
      vertex   2.228573e+01 2.033725e+01 3.180000e+01
      vertex   2.075559e+01 1.470562e+01 3.180000e+01
    endloop
  endfacet
  facet normal 0.000000e+00 -0.000000e+00 1.000000e+00
    outer loop
      vertex   2.075559e+01 1.470562e+01 3.180000e+01
      vertex   2.228573e+01 2.033725e+01 3.180000e+01
      vertex   2.036162e+01 1.478077e+01 3.180000e+01
    endloop
  endfacet
  facet normal 0.000000e+00 -0.000000e+00 1.000000e+00
    outer loop
      vertex   2.036162e+01 1.478077e+01 3.180000e+01
      vertex   2.228573e+01 2.033725e+01 3.180000e+01
      vertex   1.726061e+01 1.551177e+01 3.180000e+01
    endloop
  endfacet
  facet normal 0.000000e+00 0.000000e+00 1.000000e+00
    outer loop
      vertex   2.036162e+01 1.478077e+01 3.180000e+01
      vertex   1.726061e+01 1.551177e+01 3.180000e+01
      vertex   1.753342e+01 1.530244e+01 3.180000e+01
    endloop
  endfacet
  facet normal 0.000000e+00 0.000000e+00 1.000000e+00
    outer loop
      vertex   2.186116e+01 -6.816071e+00 3.180000e+01
      vertex   2.181089e+01 1.278602e+01 3.180000e+01
      vertex   2.181089e+01 -6.418168e+00 3.180000e+01
    endloop
  endfacet
  facet normal 0.000000e+00 -0.000000e+00 1.000000e+00
    outer loop
      vertex   2.181089e+01 -6.418168e+00 3.180000e+01
      vertex   2.181089e+01 1.278602e+01 3.180000e+01
      vertex   2.166325e+01 1.241312e+01 3.180000e+01
    endloop
  endfacet
  facet normal 0.000000e+00 0.000000e+00 1.000000e+00
    outer loop
      vertex   2.181089e+01 -6.418168e+00 3.180000e+01
      vertex   2.166325e+01 1.241312e+01 3.180000e+01
      vertex   2.166325e+01 -6.045265e+00 3.180000e+01
    endloop
  endfacet
  facet normal 0.000000e+00 -0.000000e+00 1.000000e+00
    outer loop
      vertex   2.166325e+01 -6.045265e+00 3.180000e+01
      vertex   2.166325e+01 1.241312e+01 3.180000e+01
      vertex   2.142751e+01 1.208865e+01 3.180000e+01
    endloop
  endfacet
  facet normal 0.000000e+00 0.000000e+00 1.000000e+00
    outer loop
      vertex   2.166325e+01 -6.045265e+00 3.180000e+01
      vertex   2.142751e+01 1.208865e+01 3.180000e+01
      vertex   2.142751e+01 -5.720796e+00 3.180000e+01
    endloop
  endfacet
  facet normal 0.000000e+00 -0.000000e+00 1.000000e+00
    outer loop
      vertex   2.142751e+01 -5.720796e+00 3.180000e+01
      vertex   2.142751e+01 1.208865e+01 3.180000e+01
      vertex   2.111848e+01 1.183300e+01 3.180000e+01
    endloop
  endfacet
  facet normal 0.000000e+00 0.000000e+00 1.000000e+00
    outer loop
      vertex   2.142751e+01 -5.720796e+00 3.180000e+01
      vertex   2.111848e+01 1.183300e+01 3.180000e+01
      vertex   2.111848e+01 -5.465147e+00 3.180000e+01
    endloop
  endfacet
  facet normal 0.000000e+00 -0.000000e+00 1.000000e+00
    outer loop
      vertex   2.111848e+01 -5.465147e+00 3.180000e+01
      vertex   2.111848e+01 1.183300e+01 3.180000e+01
      vertex   2.075559e+01 1.166224e+01 3.180000e+01
    endloop
  endfacet
  facet normal 0.000000e+00 0.000000e+00 1.000000e+00
    outer loop
      vertex   2.111848e+01 -5.465147e+00 3.180000e+01
      vertex   2.075559e+01 1.166224e+01 3.180000e+01
      vertex   2.075559e+01 -5.294381e+00 3.180000e+01
    endloop
  endfacet
  facet normal 0.000000e+00 -0.000000e+00 1.000000e+00
    outer loop
      vertex   2.075559e+01 -5.294381e+00 3.180000e+01
      vertex   2.075559e+01 1.166224e+01 3.180000e+01
      vertex   1.041116e+01 2.839286e-01 3.180000e+01
    endloop
  endfacet
  facet normal 0.000000e+00 0.000000e+00 1.000000e+00
    outer loop
      vertex   2.075559e+01 -5.294381e+00 3.180000e+01
      vertex   1.041116e+01 2.839286e-01 3.180000e+01
      vertex   2.036162e+01 -5.219229e+00 3.180000e+01
    endloop
  endfacet
  facet normal 0.000000e+00 0.000000e+00 1.000000e+00
    outer loop
      vertex   2.036162e+01 -5.219229e+00 3.180000e+01
      vertex   1.041116e+01 2.839286e-01 3.180000e+01
      vertex   1.996135e+01 -5.244412e+00 3.180000e+01
    endloop
  endfacet
  facet normal 0.000000e+00 0.000000e+00 1.000000e+00
    outer loop
      vertex   1.996135e+01 -5.244412e+00 3.180000e+01
      vertex   1.041116e+01 2.839286e-01 3.180000e+01
      vertex   1.957991e+01 -5.368348e+00 3.180000e+01
    endloop
  endfacet
  facet normal 0.000000e+00 0.000000e+00 1.000000e+00
    outer loop
      vertex   1.957991e+01 -5.368348e+00 3.180000e+01
      vertex   1.041116e+01 2.839286e-01 3.180000e+01
      vertex   1.924128e+01 -5.583250e+00 3.180000e+01
    endloop
  endfacet
  facet normal 0.000000e+00 0.000000e+00 1.000000e+00
    outer loop
      vertex   1.924128e+01 -5.583250e+00 3.180000e+01
      vertex   1.041116e+01 2.839286e-01 3.180000e+01
      vertex   1.896673e+01 -5.875615e+00 3.180000e+01
    endloop
  endfacet
  facet normal 0.000000e+00 0.000000e+00 1.000000e+00
    outer loop
      vertex   1.896673e+01 -5.875615e+00 3.180000e+01
      vertex   1.041116e+01 2.839286e-01 3.180000e+01
      vertex   1.427508e+00 -5.720796e+00 3.180000e+01
    endloop
  endfacet
  facet normal 0.000000e+00 0.000000e+00 1.000000e+00
    outer loop
      vertex   1.896673e+01 -5.875615e+00 3.180000e+01
      vertex   1.427508e+00 -5.720796e+00 3.180000e+01
      vertex   1.663249e+00 -6.045265e+00 3.180000e+01
    endloop
  endfacet
  facet normal 0.000000e+00 0.000000e+00 1.000000e+00
    outer loop
      vertex   2.075559e+01 1.166224e+01 3.180000e+01
      vertex   2.036162e+01 1.158709e+01 3.180000e+01
      vertex   1.041116e+01 2.839286e-01 3.180000e+01
    endloop
  endfacet
  facet normal 0.000000e+00 0.000000e+00 1.000000e+00
    outer loop
      vertex   1.041116e+01 2.839286e-01 3.180000e+01
      vertex   2.036162e+01 1.158709e+01 3.180000e+01
      vertex   1.996135e+01 1.161227e+01 3.180000e+01
    endloop
  endfacet
  facet normal 0.000000e+00 0.000000e+00 1.000000e+00
    outer loop
      vertex   1.041116e+01 1.148393e+01 3.180000e+01
      vertex   1.924128e+01 1.195111e+01 3.180000e+01
      vertex   1.537242e+01 1.305375e+01 3.180000e+01
    endloop
  endfacet
  facet normal 0.000000e+00 0.000000e+00 1.000000e+00
    outer loop
      vertex   1.537242e+01 1.305375e+01 3.180000e+01
      vertex   1.924128e+01 1.195111e+01 3.180000e+01
      vertex   1.896673e+01 1.224347e+01 3.180000e+01
    endloop
  endfacet
  facet normal -0.000000e+00 0.000000e+00 1.000000e+00
    outer loop
      vertex   1.537242e+01 1.305375e+01 3.180000e+01
      vertex   1.896673e+01 1.224347e+01 3.180000e+01
      vertex   1.660199e+01 1.305375e+01 3.180000e+01
    endloop
  endfacet
  facet normal 0.000000e+00 0.000000e+00 1.000000e+00
    outer loop
      vertex   1.660199e+01 1.305375e+01 3.180000e+01
      vertex   1.896673e+01 1.224347e+01 3.180000e+01
      vertex   1.877352e+01 1.259493e+01 3.180000e+01
    endloop
  endfacet
  facet normal -0.000000e+00 0.000000e+00 1.000000e+00
    outer loop
      vertex   1.660199e+01 1.305375e+01 3.180000e+01
      vertex   1.877352e+01 1.259493e+01 3.180000e+01
      vertex   1.694292e+01 1.309864e+01 3.180000e+01
    endloop
  endfacet
  facet normal 0.000000e+00 0.000000e+00 1.000000e+00
    outer loop
      vertex   1.694292e+01 1.309864e+01 3.180000e+01
      vertex   1.877352e+01 1.259493e+01 3.180000e+01
      vertex   1.867377e+01 1.298340e+01 3.180000e+01
    endloop
  endfacet
  facet normal -0.000000e+00 0.000000e+00 1.000000e+00
    outer loop
      vertex   1.694292e+01 1.309864e+01 3.180000e+01
      vertex   1.867377e+01 1.298340e+01 3.180000e+01
      vertex   1.726061e+01 1.323023e+01 3.180000e+01
    endloop
  endfacet
  facet normal -0.000000e+00 0.000000e+00 1.000000e+00
    outer loop
      vertex   1.726061e+01 1.323023e+01 3.180000e+01
      vertex   1.867377e+01 1.298340e+01 3.180000e+01
      vertex   1.753342e+01 1.343957e+01 3.180000e+01
    endloop
  endfacet
  facet normal 0.000000e+00 0.000000e+00 1.000000e+00
    outer loop
      vertex   1.753342e+01 1.343957e+01 3.180000e+01
      vertex   1.867377e+01 1.298340e+01 3.180000e+01
      vertex   1.867377e+01 1.338446e+01 3.180000e+01
    endloop
  endfacet
  facet normal -0.000000e+00 0.000000e+00 1.000000e+00
    outer loop
      vertex   1.753342e+01 1.343957e+01 3.180000e+01
      vertex   1.867377e+01 1.338446e+01 3.180000e+01
      vertex   1.774276e+01 1.371238e+01 3.180000e+01
    endloop
  endfacet
  facet normal -0.000000e+00 0.000000e+00 1.000000e+00
    outer loop
      vertex   1.774276e+01 1.371238e+01 3.180000e+01
      vertex   1.867377e+01 1.338446e+01 3.180000e+01
      vertex   1.877352e+01 1.377293e+01 3.180000e+01
    endloop
  endfacet
  facet normal 0.000000e+00 0.000000e+00 1.000000e+00
    outer loop
      vertex   1.774276e+01 1.371238e+01 3.180000e+01
      vertex   1.877352e+01 1.377293e+01 3.180000e+01
      vertex   1.787435e+01 1.403007e+01 3.180000e+01
    endloop
  endfacet
  facet normal -0.000000e+00 0.000000e+00 1.000000e+00
    outer loop
      vertex   1.787435e+01 1.403007e+01 3.180000e+01
      vertex   1.877352e+01 1.377293e+01 3.180000e+01
      vertex   1.896673e+01 1.412439e+01 3.180000e+01
    endloop
  endfacet
  facet normal 0.000000e+00 0.000000e+00 1.000000e+00
    outer loop
      vertex   1.787435e+01 1.403007e+01 3.180000e+01
      vertex   1.896673e+01 1.412439e+01 3.180000e+01
      vertex   1.791924e+01 1.437100e+01 3.180000e+01
    endloop
  endfacet
  facet normal -0.000000e+00 0.000000e+00 1.000000e+00
    outer loop
      vertex   1.791924e+01 1.437100e+01 3.180000e+01
      vertex   1.896673e+01 1.412439e+01 3.180000e+01
      vertex   1.924128e+01 1.441675e+01 3.180000e+01
    endloop
  endfacet
  facet normal 0.000000e+00 -0.000000e+00 1.000000e+00
    outer loop
      vertex   1.791924e+01 1.437100e+01 3.180000e+01
      vertex   1.924128e+01 1.441675e+01 3.180000e+01
      vertex   1.787435e+01 1.471193e+01 3.180000e+01
    endloop
  endfacet
  facet normal 0.000000e+00 0.000000e+00 1.000000e+00
    outer loop
      vertex   1.787435e+01 1.471193e+01 3.180000e+01
      vertex   1.924128e+01 1.441675e+01 3.180000e+01
      vertex   1.957991e+01 1.463165e+01 3.180000e+01
    endloop
  endfacet
  facet normal -0.000000e+00 -0.000000e+00 1.000000e+00
    outer loop
      vertex   1.787435e+01 1.471193e+01 3.180000e+01
      vertex   1.957991e+01 1.463165e+01 3.180000e+01
      vertex   1.774276e+01 1.502963e+01 3.180000e+01
    endloop
  endfacet
  facet normal 0.000000e+00 0.000000e+00 1.000000e+00
    outer loop
      vertex   1.774276e+01 1.502963e+01 3.180000e+01
      vertex   1.957991e+01 1.463165e+01 3.180000e+01
      vertex   1.996135e+01 1.475559e+01 3.180000e+01
    endloop
  endfacet
  facet normal -0.000000e+00 -0.000000e+00 1.000000e+00
    outer loop
      vertex   1.774276e+01 1.502963e+01 3.180000e+01
      vertex   1.996135e+01 1.475559e+01 3.180000e+01
      vertex   1.753342e+01 1.530244e+01 3.180000e+01
    endloop
  endfacet
  facet normal 0.000000e+00 0.000000e+00 1.000000e+00
    outer loop
      vertex   1.753342e+01 1.530244e+01 3.180000e+01
      vertex   1.996135e+01 1.475559e+01 3.180000e+01
      vertex   2.036162e+01 1.478077e+01 3.180000e+01
    endloop
  endfacet
  facet normal 0.000000e+00 0.000000e+00 1.000000e+00
    outer loop
      vertex   2.166325e+01 -7.586877e+00 3.180000e+01
      vertex   2.142751e+01 -7.911347e+00 3.180000e+01
      vertex   2.228573e+01 -1.402035e+01 3.180000e+01
    endloop
  endfacet
  facet normal 0.000000e+00 0.000000e+00 1.000000e+00
    outer loop
      vertex   2.228573e+01 -1.402035e+01 3.180000e+01
      vertex   2.142751e+01 -7.911347e+00 3.180000e+01
      vertex   2.111848e+01 -8.166996e+00 3.180000e+01
    endloop
  endfacet
  facet normal 0.000000e+00 0.000000e+00 1.000000e+00
    outer loop
      vertex   2.228573e+01 -1.402035e+01 3.180000e+01
      vertex   2.111848e+01 -8.166996e+00 3.180000e+01
      vertex   2.075559e+01 -8.337762e+00 3.180000e+01
    endloop
  endfacet
  facet normal 0.000000e+00 0.000000e+00 1.000000e+00
    outer loop
      vertex   2.075559e+01 -8.337762e+00 3.180000e+01
      vertex   2.036162e+01 -8.412914e+00 3.180000e+01
      vertex   2.228573e+01 -1.402035e+01 3.180000e+01
    endloop
  endfacet
  facet normal 0.000000e+00 0.000000e+00 1.000000e+00
    outer loop
      vertex   2.228573e+01 -1.402035e+01 3.180000e+01
      vertex   2.036162e+01 -8.412914e+00 3.180000e+01
      vertex   1.996135e+01 -8.387731e+00 3.180000e+01
    endloop
  endfacet
  facet normal 0.000000e+00 0.000000e+00 1.000000e+00
    outer loop
      vertex   2.228573e+01 -1.402035e+01 3.180000e+01
      vertex   1.996135e+01 -8.387731e+00 3.180000e+01
      vertex   1.957991e+01 -8.263795e+00 3.180000e+01
    endloop
  endfacet
  facet normal 0.000000e+00 0.000000e+00 1.000000e+00
    outer loop
      vertex   2.228573e+01 -1.402035e+01 3.180000e+01
      vertex   1.957991e+01 -8.263795e+00 3.180000e+01
      vertex   1.118481e+00 -8.166996e+00 3.180000e+01
    endloop
  endfacet
  facet normal -0.000000e+00 0.000000e+00 1.000000e+00
    outer loop
      vertex   1.118481e+00 -8.166996e+00 3.180000e+01
      vertex   1.957991e+01 -8.263795e+00 3.180000e+01
      vertex   1.924128e+01 -8.048893e+00 3.180000e+01
    endloop
  endfacet
  facet normal 0.000000e+00 0.000000e+00 1.000000e+00
    outer loop
      vertex   1.118481e+00 -8.166996e+00 3.180000e+01
      vertex   1.924128e+01 -8.048893e+00 3.180000e+01
      vertex   1.427508e+00 -7.911347e+00 3.180000e+01
    endloop
  endfacet
  facet normal -0.000000e+00 0.000000e+00 1.000000e+00
    outer loop
      vertex   1.427508e+00 -7.911347e+00 3.180000e+01
      vertex   1.924128e+01 -8.048893e+00 3.180000e+01
      vertex   1.896673e+01 -7.756528e+00 3.180000e+01
    endloop
  endfacet
  facet normal 0.000000e+00 0.000000e+00 1.000000e+00
    outer loop
      vertex   1.427508e+00 -7.911347e+00 3.180000e+01
      vertex   1.896673e+01 -7.756528e+00 3.180000e+01
      vertex   1.663249e+00 -7.586877e+00 3.180000e+01
    endloop
  endfacet
  facet normal -0.000000e+00 0.000000e+00 1.000000e+00
    outer loop
      vertex   1.663249e+00 -7.586877e+00 3.180000e+01
      vertex   1.896673e+01 -7.756528e+00 3.180000e+01
      vertex   1.877352e+01 -7.405071e+00 3.180000e+01
    endloop
  endfacet
  facet normal 0.000000e+00 0.000000e+00 1.000000e+00
    outer loop
      vertex   1.663249e+00 -7.586877e+00 3.180000e+01
      vertex   1.877352e+01 -7.405071e+00 3.180000e+01
      vertex   1.810891e+00 -7.213975e+00 3.180000e+01
    endloop
  endfacet
  facet normal -0.000000e+00 0.000000e+00 1.000000e+00
    outer loop
      vertex   1.810891e+00 -7.213975e+00 3.180000e+01
      vertex   1.877352e+01 -7.405071e+00 3.180000e+01
      vertex   1.867377e+01 -7.016605e+00 3.180000e+01
    endloop
  endfacet
  facet normal 0.000000e+00 0.000000e+00 1.000000e+00
    outer loop
      vertex   1.810891e+00 -7.213975e+00 3.180000e+01
      vertex   1.867377e+01 -7.016605e+00 3.180000e+01
      vertex   1.861158e+00 -6.816071e+00 3.180000e+01
    endloop
  endfacet
  facet normal -0.000000e+00 0.000000e+00 1.000000e+00
    outer loop
      vertex   1.861158e+00 -6.816071e+00 3.180000e+01
      vertex   1.867377e+01 -7.016605e+00 3.180000e+01
      vertex   1.867377e+01 -6.615538e+00 3.180000e+01
    endloop
  endfacet
  facet normal 0.000000e+00 -0.000000e+00 1.000000e+00
    outer loop
      vertex   1.861158e+00 -6.816071e+00 3.180000e+01
      vertex   1.867377e+01 -6.615538e+00 3.180000e+01
      vertex   1.810891e+00 -6.418168e+00 3.180000e+01
    endloop
  endfacet
  facet normal -0.000000e+00 0.000000e+00 1.000000e+00
    outer loop
      vertex   1.810891e+00 -6.418168e+00 3.180000e+01
      vertex   1.867377e+01 -6.615538e+00 3.180000e+01
      vertex   1.877352e+01 -6.227072e+00 3.180000e+01
    endloop
  endfacet
  facet normal 0.000000e+00 -0.000000e+00 1.000000e+00
    outer loop
      vertex   1.810891e+00 -6.418168e+00 3.180000e+01
      vertex   1.877352e+01 -6.227072e+00 3.180000e+01
      vertex   1.663249e+00 -6.045265e+00 3.180000e+01
    endloop
  endfacet
  facet normal -0.000000e+00 0.000000e+00 1.000000e+00
    outer loop
      vertex   1.663249e+00 -6.045265e+00 3.180000e+01
      vertex   1.877352e+01 -6.227072e+00 3.180000e+01
      vertex   1.896673e+01 -5.875615e+00 3.180000e+01
    endloop
  endfacet
  facet normal 0.000000e+00 0.000000e+00 1.000000e+00
    outer loop
      vertex   1.810891e+00 1.358183e+01 3.180000e+01
      vertex   1.861158e+00 1.318393e+01 3.180000e+01
      vertex   1.041116e+01 1.148393e+01 3.180000e+01
    endloop
  endfacet
  facet normal 0.000000e+00 0.000000e+00 1.000000e+00
    outer loop
      vertex   1.041116e+01 1.148393e+01 3.180000e+01
      vertex   1.861158e+00 1.318393e+01 3.180000e+01
      vertex   1.810891e+00 1.278602e+01 3.180000e+01
    endloop
  endfacet
  facet normal 0.000000e+00 0.000000e+00 1.000000e+00
    outer loop
      vertex   1.041116e+01 1.148393e+01 3.180000e+01
      vertex   1.810891e+00 1.278602e+01 3.180000e+01
      vertex   1.663249e+00 1.241312e+01 3.180000e+01
    endloop
  endfacet
  facet normal 0.000000e+00 0.000000e+00 1.000000e+00
    outer loop
      vertex   1.663249e+00 1.241312e+01 3.180000e+01
      vertex   1.427508e+00 1.208865e+01 3.180000e+01
      vertex   1.041116e+01 1.148393e+01 3.180000e+01
    endloop
  endfacet
  facet normal 0.000000e+00 0.000000e+00 1.000000e+00
    outer loop
      vertex   1.041116e+01 1.148393e+01 3.180000e+01
      vertex   1.427508e+00 1.208865e+01 3.180000e+01
      vertex   1.118481e+00 1.183300e+01 3.180000e+01
    endloop
  endfacet
  facet normal 0.000000e+00 0.000000e+00 1.000000e+00
    outer loop
      vertex   1.041116e+01 1.148393e+01 3.180000e+01
      vertex   1.118481e+00 1.183300e+01 3.180000e+01
      vertex   7.555854e-01 1.166224e+01 3.180000e+01
    endloop
  endfacet
  facet normal 0.000000e+00 0.000000e+00 1.000000e+00
    outer loop
      vertex   7.555854e-01 1.166224e+01 3.180000e+01
      vertex   3.616230e-01 1.158709e+01 3.180000e+01
      vertex   1.041116e+01 1.148393e+01 3.180000e+01
    endloop
  endfacet
  facet normal 0.000000e+00 0.000000e+00 1.000000e+00
    outer loop
      vertex   -4.200887e-01 1.173621e+01 3.180000e+01
      vertex   -7.587202e-01 1.195111e+01 3.180000e+01
      vertex   -7.888418e-01 1.148393e+01 3.180000e+01
    endloop
  endfacet
  facet normal 0.000000e+00 -0.000000e+00 1.000000e+00
    outer loop
      vertex   -7.888418e-01 1.148393e+01 3.180000e+01
      vertex   -7.587202e-01 1.195111e+01 3.180000e+01
      vertex   -1.033269e+00 1.224347e+01 3.180000e+01
    endloop
  endfacet
  facet normal 0.000000e+00 0.000000e+00 1.000000e+00
    outer loop
      vertex   -7.888418e-01 1.148393e+01 3.180000e+01
      vertex   -1.033269e+00 1.224347e+01 3.180000e+01
      vertex   -5.466233e+00 1.308986e+01 3.180000e+01
    endloop
  endfacet
  facet normal -6.410451e-15 -3.357476e-14 1.000000e+00
    outer loop
      vertex   -5.466233e+00 1.308986e+01 3.180000e+01
      vertex   -1.033269e+00 1.224347e+01 3.180000e+01
      vertex   -5.046588e+00 1.322137e+01 3.180000e+01
    endloop
  endfacet
  facet normal 2.044306e-15 1.123867e-15 1.000000e+00
    outer loop
      vertex   -5.046588e+00 1.322137e+01 3.180000e+01
      vertex   -1.033269e+00 1.224347e+01 3.180000e+01
      vertex   -1.226484e+00 1.259493e+01 3.180000e+01
    endloop
  endfacet
  facet normal 1.217187e-14 6.288307e-14 1.000000e+00
    outer loop
      vertex   -5.046588e+00 1.322137e+01 3.180000e+01
      vertex   -1.226484e+00 1.259493e+01 3.180000e+01
      vertex   -4.654549e+00 1.337147e+01 3.180000e+01
    endloop
  endfacet
  facet normal -2.200720e-15 -5.650489e-16 1.000000e+00
    outer loop
      vertex   -4.654549e+00 1.337147e+01 3.180000e+01
      vertex   -1.226484e+00 1.259493e+01 3.180000e+01
      vertex   -1.326225e+00 1.298340e+01 3.180000e+01
    endloop
  endfacet
  facet normal -1.707964e-15 3.661053e-15 1.000000e+00
    outer loop
      vertex   -4.654549e+00 1.337147e+01 3.180000e+01
      vertex   -1.326225e+00 1.298340e+01 3.180000e+01
      vertex   -4.292757e+00 1.354026e+01 3.180000e+01
    endloop
  endfacet
  facet normal -7.151325e-15 -2.533705e-14 1.000000e+00
    outer loop
      vertex   -4.292757e+00 1.354026e+01 3.180000e+01
      vertex   -1.326225e+00 1.298340e+01 3.180000e+01
      vertex   -3.963848e+00 1.372786e+01 3.180000e+01
    endloop
  endfacet
  facet normal 0.000000e+00 0.000000e+00 1.000000e+00
    outer loop
      vertex   -3.963848e+00 1.372786e+01 3.180000e+01
      vertex   -1.326225e+00 1.298340e+01 3.180000e+01
      vertex   -1.326225e+00 1.338446e+01 3.180000e+01
    endloop
  endfacet
  facet normal -0.000000e+00 0.000000e+00 1.000000e+00
    outer loop
      vertex   -3.963848e+00 1.372786e+01 3.180000e+01
      vertex   -1.326225e+00 1.338446e+01 3.180000e+01
      vertex   -3.670128e+00 1.393490e+01 3.180000e+01
    endloop
  endfacet
  facet normal 0.000000e+00 0.000000e+00 1.000000e+00
    outer loop
      vertex   -3.670128e+00 1.393490e+01 3.180000e+01
      vertex   -1.326225e+00 1.338446e+01 3.180000e+01
      vertex   -1.226484e+00 1.377293e+01 3.180000e+01
    endloop
  endfacet
  facet normal -0.000000e+00 0.000000e+00 1.000000e+00
    outer loop
      vertex   -3.670128e+00 1.393490e+01 3.180000e+01
      vertex   -1.226484e+00 1.377293e+01 3.180000e+01
      vertex   -3.414717e+00 1.416347e+01 3.180000e+01
    endloop
  endfacet
  facet normal 4.362950e-15 2.444591e-14 1.000000e+00
    outer loop
      vertex   -3.414717e+00 1.416347e+01 3.180000e+01
      vertex   -1.226484e+00 1.377293e+01 3.180000e+01
      vertex   -3.201415e+00 1.441606e+01 3.180000e+01
    endloop
  endfacet
  facet normal -3.051509e-15 1.677581e-15 1.000000e+00
    outer loop
      vertex   -3.201415e+00 1.441606e+01 3.180000e+01
      vertex   -1.226484e+00 1.377293e+01 3.180000e+01
      vertex   -1.033269e+00 1.412439e+01 3.180000e+01
    endloop
  endfacet
  facet normal -3.035805e-15 1.794318e-15 1.000000e+00
    outer loop
      vertex   -3.201415e+00 1.441606e+01 3.180000e+01
      vertex   -1.033269e+00 1.412439e+01 3.180000e+01
      vertex   -3.036684e+00 1.469477e+01 3.180000e+01
    endloop
  endfacet
  facet normal -2.798469e-15 2.627937e-15 1.000000e+00
    outer loop
      vertex   -3.036684e+00 1.469477e+01 3.180000e+01
      vertex   -1.033269e+00 1.412439e+01 3.180000e+01
      vertex   -7.587202e-01 1.441675e+01 3.180000e+01
    endloop
  endfacet
  facet normal -5.735822e-15 -2.143946e-14 1.000000e+00
    outer loop
      vertex   -3.036684e+00 1.469477e+01 3.180000e+01
      vertex   -7.587202e-01 1.441675e+01 3.180000e+01
      vertex   -2.930696e+00 1.499783e+01 3.180000e+01
    endloop
  endfacet
  facet normal 0.000000e+00 0.000000e+00 1.000000e+00
    outer loop
      vertex   -2.930696e+00 1.499783e+01 3.180000e+01
      vertex   -7.587202e-01 1.441675e+01 3.180000e+01
      vertex   -4.200887e-01 1.463165e+01 3.180000e+01
    endloop
  endfacet
  facet normal -0.000000e+00 0.000000e+00 1.000000e+00
    outer loop
      vertex   -2.930696e+00 1.499783e+01 3.180000e+01
      vertex   -4.200887e-01 1.463165e+01 3.180000e+01
      vertex   -2.893690e+00 1.531713e+01 3.180000e+01
    endloop
  endfacet
  facet normal 0.000000e+00 0.000000e+00 1.000000e+00
    outer loop
      vertex   -2.893690e+00 1.531713e+01 3.180000e+01
      vertex   -4.200887e-01 1.463165e+01 3.180000e+01
      vertex   -3.865193e-02 1.475559e+01 3.180000e+01
    endloop
  endfacet
  facet normal 4.501062e-15 2.288483e-14 1.000000e+00
    outer loop
      vertex   -2.893690e+00 1.531713e+01 3.180000e+01
      vertex   -3.865193e-02 1.475559e+01 3.180000e+01
      vertex   -2.931169e+00 1.563498e+01 3.180000e+01
    endloop
  endfacet
  facet normal -1.470311e-14 -4.028172e-14 1.000000e+00
    outer loop
      vertex   -2.931169e+00 1.563498e+01 3.180000e+01
      vertex   -3.865193e-02 1.475559e+01 3.180000e+01
      vertex   -3.037042e+00 1.593822e+01 3.180000e+01
    endloop
  endfacet
  facet normal 1.630002e-16 -2.590814e-15 1.000000e+00
    outer loop
      vertex   -3.037042e+00 1.593822e+01 3.180000e+01
      vertex   -3.865193e-02 1.475559e+01 3.180000e+01
      vertex   3.616230e-01 1.478077e+01 3.180000e+01
    endloop
  endfacet
  facet normal 6.706488e-15 1.662313e-14 1.000000e+00
    outer loop
      vertex   -3.037042e+00 1.593822e+01 3.180000e+01
      vertex   3.616230e-01 1.478077e+01 3.180000e+01
      vertex   -3.201461e+00 1.621827e+01 3.180000e+01
    endloop
  endfacet
  facet normal -0.000000e+00 -0.000000e+00 1.000000e+00
    outer loop
      vertex   -3.201461e+00 1.621827e+01 3.180000e+01
      vertex   3.616230e-01 1.478077e+01 3.180000e+01
      vertex   -3.414010e+00 1.647157e+01 3.180000e+01
    endloop
  endfacet
  facet normal 0.000000e+00 0.000000e+00 1.000000e+00
    outer loop
      vertex   -3.414010e+00 1.647157e+01 3.180000e+01
      vertex   3.616230e-01 1.478077e+01 3.180000e+01
      vertex   7.555854e-01 1.470562e+01 3.180000e+01
    endloop
  endfacet
  facet normal 3.686595e-14 8.704441e-14 1.000000e+00
    outer loop
      vertex   -3.414010e+00 1.647157e+01 3.180000e+01
      vertex   7.555854e-01 1.470562e+01 3.180000e+01
      vertex   -3.668481e+00 1.670179e+01 3.180000e+01
    endloop
  endfacet
  facet normal -2.733771e-16 4.733412e-15 1.000000e+00
    outer loop
      vertex   -3.668481e+00 1.670179e+01 3.180000e+01
      vertex   7.555854e-01 1.470562e+01 3.180000e+01
      vertex   1.471380e+01 1.551177e+01 3.180000e+01
    endloop
  endfacet
  facet normal -5.014360e-16 1.210574e-15 1.000000e+00
    outer loop
      vertex   -3.668481e+00 1.670179e+01 3.180000e+01
      vertex   1.471380e+01 1.551177e+01 3.180000e+01
      vertex   1.503149e+01 1.564337e+01 3.180000e+01
    endloop
  endfacet
  facet normal 0.000000e+00 0.000000e+00 1.000000e+00
    outer loop
      vertex   1.471380e+01 1.551177e+01 3.180000e+01
      vertex   7.555854e-01 1.470562e+01 3.180000e+01
      vertex   1.444099e+01 1.530244e+01 3.180000e+01
    endloop
  endfacet
  facet normal 0.000000e+00 0.000000e+00 1.000000e+00
    outer loop
      vertex   1.444099e+01 1.530244e+01 3.180000e+01
      vertex   7.555854e-01 1.470562e+01 3.180000e+01
      vertex   1.118481e+00 1.453485e+01 3.180000e+01
    endloop
  endfacet
  facet normal 0.000000e+00 0.000000e+00 1.000000e+00
    outer loop
      vertex   1.444099e+01 1.530244e+01 3.180000e+01
      vertex   1.118481e+00 1.453485e+01 3.180000e+01
      vertex   1.423165e+01 1.502963e+01 3.180000e+01
    endloop
  endfacet
  facet normal 0.000000e+00 0.000000e+00 1.000000e+00
    outer loop
      vertex   1.423165e+01 1.502963e+01 3.180000e+01
      vertex   1.118481e+00 1.453485e+01 3.180000e+01
      vertex   1.427508e+00 1.427920e+01 3.180000e+01
    endloop
  endfacet
  facet normal 0.000000e+00 0.000000e+00 1.000000e+00
    outer loop
      vertex   1.423165e+01 1.502963e+01 3.180000e+01
      vertex   1.427508e+00 1.427920e+01 3.180000e+01
      vertex   1.410006e+01 1.471193e+01 3.180000e+01
    endloop
  endfacet
  facet normal 0.000000e+00 0.000000e+00 1.000000e+00
    outer loop
      vertex   1.410006e+01 1.471193e+01 3.180000e+01
      vertex   1.427508e+00 1.427920e+01 3.180000e+01
      vertex   1.663249e+00 1.395473e+01 3.180000e+01
    endloop
  endfacet
  facet normal 0.000000e+00 0.000000e+00 1.000000e+00
    outer loop
      vertex   1.410006e+01 1.471193e+01 3.180000e+01
      vertex   1.663249e+00 1.395473e+01 3.180000e+01
      vertex   1.405517e+01 1.437100e+01 3.180000e+01
    endloop
  endfacet
  facet normal 0.000000e+00 0.000000e+00 1.000000e+00
    outer loop
      vertex   1.405517e+01 1.437100e+01 3.180000e+01
      vertex   1.663249e+00 1.395473e+01 3.180000e+01
      vertex   1.810891e+00 1.358183e+01 3.180000e+01
    endloop
  endfacet
  facet normal 0.000000e+00 0.000000e+00 1.000000e+00
    outer loop
      vertex   1.405517e+01 1.437100e+01 3.180000e+01
      vertex   1.810891e+00 1.358183e+01 3.180000e+01
      vertex   1.041116e+01 1.148393e+01 3.180000e+01
    endloop
  endfacet
  facet normal 0.000000e+00 0.000000e+00 1.000000e+00
    outer loop
      vertex   1.118481e+00 -8.166996e+00 3.180000e+01
      vertex   7.555854e-01 -8.337762e+00 3.180000e+01
      vertex   2.228573e+01 -1.402035e+01 3.180000e+01
    endloop
  endfacet
  facet normal 0.000000e+00 0.000000e+00 1.000000e+00
    outer loop
      vertex   2.228573e+01 -1.402035e+01 3.180000e+01
      vertex   7.555854e-01 -8.337762e+00 3.180000e+01
      vertex   3.616230e-01 -8.412914e+00 3.180000e+01
    endloop
  endfacet
  facet normal 0.000000e+00 0.000000e+00 1.000000e+00
    outer loop
      vertex   2.228573e+01 -1.402035e+01 3.180000e+01
      vertex   3.616230e-01 -8.412914e+00 3.180000e+01
      vertex   -3.865193e-02 -8.387731e+00 3.180000e+01
    endloop
  endfacet
  facet normal 0.000000e+00 0.000000e+00 1.000000e+00
    outer loop
      vertex   -7.587202e-01 -8.048893e+00 3.180000e+01
      vertex   -1.033269e+00 -7.756528e+00 3.180000e+01
      vertex   -4.971427e+01 -1.402035e+01 3.180000e+01
    endloop
  endfacet
  facet normal 0.000000e+00 0.000000e+00 1.000000e+00
    outer loop
      vertex   -4.971427e+01 -1.402035e+01 3.180000e+01
      vertex   -1.033269e+00 -7.756528e+00 3.180000e+01
      vertex   -1.226484e+00 -7.405071e+00 3.180000e+01
    endloop
  endfacet
  facet normal 0.000000e+00 -0.000000e+00 1.000000e+00
    outer loop
      vertex   -7.587202e-01 -5.583250e+00 3.180000e+01
      vertex   -4.200887e-01 -5.368348e+00 3.180000e+01
      vertex   -7.888418e-01 2.839286e-01 3.180000e+01
    endloop
  endfacet
  facet normal 0.000000e+00 0.000000e+00 1.000000e+00
    outer loop
      vertex   -7.888418e-01 2.839286e-01 3.180000e+01
      vertex   -4.200887e-01 -5.368348e+00 3.180000e+01
      vertex   -3.865193e-02 -5.244412e+00 3.180000e+01
    endloop
  endfacet
  facet normal 0.000000e+00 0.000000e+00 1.000000e+00
    outer loop
      vertex   -7.888418e-01 2.839286e-01 3.180000e+01
      vertex   -3.865193e-02 -5.244412e+00 3.180000e+01
      vertex   3.616230e-01 -5.219229e+00 3.180000e+01
    endloop
  endfacet
  facet normal -0.000000e+00 -0.000000e+00 1.000000e+00
    outer loop
      vertex   3.616230e-01 -5.219229e+00 3.180000e+01
      vertex   7.555854e-01 -5.294381e+00 3.180000e+01
      vertex   -7.888418e-01 2.839286e-01 3.180000e+01
    endloop
  endfacet
  facet normal 0.000000e+00 0.000000e+00 1.000000e+00
    outer loop
      vertex   -5.466233e+00 1.308986e+01 3.180000e+01
      vertex   -5.910374e+00 1.297741e+01 3.180000e+01
      vertex   -7.888418e-01 1.148393e+01 3.180000e+01
    endloop
  endfacet
  facet normal 4.535174e-15 1.555226e-14 1.000000e+00
    outer loop
      vertex   -7.888418e-01 1.148393e+01 3.180000e+01
      vertex   -5.910374e+00 1.297741e+01 3.180000e+01
      vertex   -6.375197e+00 1.288452e+01 3.180000e+01
    endloop
  endfacet
  facet normal -2.191771e-15 -1.127860e-14 1.000000e+00
    outer loop
      vertex   -7.888418e-01 1.148393e+01 3.180000e+01
      vertex   -6.375197e+00 1.288452e+01 3.180000e+01
      vertex   -7.351422e+00 1.275923e+01 3.180000e+01
    endloop
  endfacet
  facet normal 2.897388e-15 1.490963e-14 1.000000e+00
    outer loop
      vertex   -7.351422e+00 1.275923e+01 3.180000e+01
      vertex   -8.362597e+00 1.271745e+01 3.180000e+01
      vertex   -7.888418e-01 1.148393e+01 3.180000e+01
    endloop
  endfacet
  facet normal 3.141389e-16 -9.513410e-16 1.000000e+00
    outer loop
      vertex   -7.888418e-01 1.148393e+01 3.180000e+01
      vertex   -8.362597e+00 1.271745e+01 3.180000e+01
      vertex   -1.539435e+01 6.661094e+00 3.180000e+01
    endloop
  endfacet
  facet normal 4.572403e-15 -1.544371e-14 1.000000e+00
    outer loop
      vertex   -1.035049e+01 1.288447e+01 3.180000e+01
      vertex   -1.081483e+01 1.297703e+01 3.180000e+01
      vertex   -1.539435e+01 1.116109e+01 3.180000e+01
    endloop
  endfacet
  facet normal -5.502361e-15 9.963302e-15 1.000000e+00
    outer loop
      vertex   -1.539435e+01 1.116109e+01 3.180000e+01
      vertex   -1.081483e+01 1.297703e+01 3.180000e+01
      vertex   -1.125808e+01 1.308882e+01 3.180000e+01
    endloop
  endfacet
  facet normal -3.447070e-16 -1.103325e-15 1.000000e+00
    outer loop
      vertex   -1.539435e+01 1.116109e+01 3.180000e+01
      vertex   -1.125808e+01 1.308882e+01 3.180000e+01
      vertex   -1.167731e+01 1.321980e+01 3.180000e+01
    endloop
  endfacet
  facet normal -3.905826e-16 -1.020496e-15 1.000000e+00
    outer loop
      vertex   -1.167731e+01 1.321980e+01 3.180000e+01
      vertex   -1.206956e+01 1.336993e+01 3.180000e+01
      vertex   -1.539435e+01 1.116109e+01 3.180000e+01
    endloop
  endfacet
  facet normal -7.809961e-16 -1.366317e-15 1.000000e+00
    outer loop
      vertex   -1.243190e+01 1.353918e+01 3.180000e+01
      vertex   -1.276139e+01 1.372752e+01 3.180000e+01
      vertex   -1.649435e+01 1.326109e+01 3.180000e+01
    endloop
  endfacet
  facet normal -2.626502e-15 1.340396e-14 1.000000e+00
    outer loop
      vertex   -1.649435e+01 1.326109e+01 3.180000e+01
      vertex   -1.276139e+01 1.372752e+01 3.180000e+01
      vertex   -1.305519e+01 1.393500e+01 3.180000e+01
    endloop
  endfacet
  facet normal 2.494938e-15 -1.273255e-14 1.000000e+00
    outer loop
      vertex   -1.649435e+01 1.326109e+01 3.180000e+01
      vertex   -1.305519e+01 1.393500e+01 3.180000e+01
      vertex   -1.331139e+01 1.416382e+01 3.180000e+01
    endloop
  endfacet
  facet normal -1.055698e-14 3.328776e-14 1.000000e+00
    outer loop
      vertex   -1.331139e+01 1.416382e+01 3.180000e+01
      vertex   -1.352468e+01 1.441636e+01 3.180000e+01
      vertex   -1.649435e+01 1.326109e+01 3.180000e+01
    endloop
  endfacet
  facet normal 1.003008e-14 -1.963240e-14 1.000000e+00
    outer loop
      vertex   -1.649435e+01 1.326109e+01 3.180000e+01
      vertex   -1.352468e+01 1.441636e+01 3.180000e+01
      vertex   -1.368866e+01 1.469451e+01 3.180000e+01
    endloop
  endfacet
  facet normal 5.078218e-15 -9.939864e-15 1.000000e+00
    outer loop
      vertex   -1.649435e+01 1.326109e+01 3.180000e+01
      vertex   -1.368866e+01 1.469451e+01 3.180000e+01
      vertex   -1.379295e+01 1.499865e+01 3.180000e+01
    endloop
  endfacet
  facet normal -2.124855e-14 3.099084e-14 1.000000e+00
    outer loop
      vertex   -1.379295e+01 1.499865e+01 3.180000e+01
      vertex   -1.382912e+01 1.531776e+01 3.180000e+01
      vertex   -1.649435e+01 1.326109e+01 3.180000e+01
    endloop
  endfacet
  facet normal -1.098975e-14 -3.140997e-14 1.000000e+00
    outer loop
      vertex   -1.379440e+01 1.563646e+01 3.180000e+01
      vertex   -1.368930e+01 1.593901e+01 3.180000e+01
      vertex   -1.649435e+01 1.692045e+01 3.180000e+01
    endloop
  endfacet
  facet normal 0.000000e+00 0.000000e+00 1.000000e+00
    outer loop
      vertex   -1.649435e+01 1.692045e+01 3.180000e+01
      vertex   -1.368930e+01 1.593901e+01 3.180000e+01
      vertex   -1.352598e+01 1.621655e+01 3.180000e+01
    endloop
  endfacet
  facet normal -2.773442e-15 -1.169581e-14 1.000000e+00
    outer loop
      vertex   -1.649435e+01 1.692045e+01 3.180000e+01
      vertex   -1.352598e+01 1.621655e+01 3.180000e+01
      vertex   -1.331226e+01 1.646963e+01 3.180000e+01
    endloop
  endfacet
  facet normal -2.856397e-15 -1.228135e-14 1.000000e+00
    outer loop
      vertex   -1.331226e+01 1.646963e+01 3.180000e+01
      vertex   -1.305534e+01 1.669915e+01 3.180000e+01
      vertex   -1.649435e+01 1.692045e+01 3.180000e+01
    endloop
  endfacet
  facet normal -1.893499e-15 2.682689e-15 1.000000e+00
    outer loop
      vertex   -1.649435e+01 1.692045e+01 3.180000e+01
      vertex   -1.305534e+01 1.669915e+01 3.180000e+01
      vertex   -1.276155e+01 1.690652e+01 3.180000e+01
    endloop
  endfacet
  facet normal -1.610543e-15 7.850895e-14 1.000000e+00
    outer loop
      vertex   -1.649435e+01 1.692045e+01 3.180000e+01
      vertex   -1.276155e+01 1.690652e+01 3.180000e+01
      vertex   -1.243260e+01 1.709427e+01 3.180000e+01
    endloop
  endfacet
  facet normal 8.734763e-15 2.616597e-14 1.000000e+00
    outer loop
      vertex   -1.167883e+01 1.741292e+01 3.180000e+01
      vertex   -1.125917e+01 1.754438e+01 3.180000e+01
      vertex   -1.649435e+01 1.902045e+01 3.180000e+01
    endloop
  endfacet
  facet normal 6.417922e-16 -2.537512e-15 1.000000e+00
    outer loop
      vertex   -1.649435e+01 1.902045e+01 3.180000e+01
      vertex   -1.125917e+01 1.754438e+01 3.180000e+01
      vertex   -1.081487e+01 1.765676e+01 3.180000e+01
    endloop
  endfacet
  facet normal 5.678243e-16 -2.845573e-15 1.000000e+00
    outer loop
      vertex   -1.649435e+01 1.902045e+01 3.180000e+01
      vertex   -1.081487e+01 1.765676e+01 3.180000e+01
      vertex   -1.034983e+01 1.774955e+01 3.180000e+01
    endloop
  endfacet
  facet normal -4.048820e-15 -2.516618e-14 1.000000e+00
    outer loop
      vertex   -1.034983e+01 1.774955e+01 3.180000e+01
      vertex   -9.373627e+00 1.787484e+01 3.180000e+01
      vertex   -1.649435e+01 1.902045e+01 3.180000e+01
    endloop
  endfacet
  facet normal 8.368911e-15 5.201849e-14 1.000000e+00
    outer loop
      vertex   -1.649435e+01 1.902045e+01 3.180000e+01
      vertex   -9.373627e+00 1.787484e+01 3.180000e+01
      vertex   -8.362750e+00 1.791710e+01 3.180000e+01
    endloop
  endfacet
  facet normal -5.682409e-15 -5.153878e-14 1.000000e+00
    outer loop
      vertex   -1.649435e+01 1.902045e+01 3.180000e+01
      vertex   -8.362750e+00 1.791710e+01 3.180000e+01
      vertex   -7.352083e+00 1.787460e+01 3.180000e+01
    endloop
  endfacet
  facet normal -4.933048e-15 5.189053e-14 1.000000e+00
    outer loop
      vertex   -6.375620e+00 1.774945e+01 3.180000e+01
      vertex   -5.910478e+00 1.765674e+01 3.180000e+01
      vertex   2.228573e+01 2.033725e+01 3.180000e+01
    endloop
  endfacet
  facet normal 0.000000e+00 0.000000e+00 1.000000e+00
    outer loop
      vertex   2.228573e+01 2.033725e+01 3.180000e+01
      vertex   -5.910478e+00 1.765674e+01 3.180000e+01
      vertex   -5.466203e+00 1.754439e+01 3.180000e+01
    endloop
  endfacet
  facet normal 0.000000e+00 0.000000e+00 1.000000e+00
    outer loop
      vertex   2.228573e+01 2.033725e+01 3.180000e+01
      vertex   -5.466203e+00 1.754439e+01 3.180000e+01
      vertex   -5.046448e+00 1.741346e+01 3.180000e+01
    endloop
  endfacet
  facet normal -1.993167e-15 1.863249e-14 1.000000e+00
    outer loop
      vertex   -5.046448e+00 1.741346e+01 3.180000e+01
      vertex   -4.653852e+00 1.726478e+01 3.180000e+01
      vertex   2.228573e+01 2.033725e+01 3.180000e+01
    endloop
  endfacet
  facet normal 5.927461e-15 -5.081598e-14 1.000000e+00
    outer loop
      vertex   2.228573e+01 2.033725e+01 3.180000e+01
      vertex   -4.653852e+00 1.726478e+01 3.180000e+01
      vertex   -4.291356e+00 1.709733e+01 3.180000e+01
    endloop
  endfacet
  facet normal -3.294141e-16 5.090977e-16 1.000000e+00
    outer loop
      vertex   2.228573e+01 2.033725e+01 3.180000e+01
      vertex   -4.291356e+00 1.709733e+01 3.180000e+01
      vertex   1.503149e+01 1.564337e+01 3.180000e+01
    endloop
  endfacet
  facet normal 4.510888e-15 6.483575e-14 1.000000e+00
    outer loop
      vertex   1.503149e+01 1.564337e+01 3.180000e+01
      vertex   -4.291356e+00 1.709733e+01 3.180000e+01
      vertex   -3.961914e+00 1.691002e+01 3.180000e+01
    endloop
  endfacet
  facet normal -4.816915e-15 -7.503422e-14 1.000000e+00
    outer loop
      vertex   1.503149e+01 1.564337e+01 3.180000e+01
      vertex   -3.961914e+00 1.691002e+01 3.180000e+01
      vertex   -3.668481e+00 1.670179e+01 3.180000e+01
    endloop
  endfacet
  facet normal 0.000000e+00 0.000000e+00 1.000000e+00
    outer loop
      vertex   1.503149e+01 1.564337e+01 3.180000e+01
      vertex   1.537242e+01 1.568825e+01 3.180000e+01
      vertex   2.228573e+01 2.033725e+01 3.180000e+01
    endloop
  endfacet
  facet normal 0.000000e+00 0.000000e+00 1.000000e+00
    outer loop
      vertex   2.228573e+01 2.033725e+01 3.180000e+01
      vertex   1.537242e+01 1.568825e+01 3.180000e+01
      vertex   1.660199e+01 1.568825e+01 3.180000e+01
    endloop
  endfacet
  facet normal 0.000000e+00 0.000000e+00 1.000000e+00
    outer loop
      vertex   2.228573e+01 2.033725e+01 3.180000e+01
      vertex   1.660199e+01 1.568825e+01 3.180000e+01
      vertex   1.694292e+01 1.564337e+01 3.180000e+01
    endloop
  endfacet
  facet normal -0.000000e+00 0.000000e+00 1.000000e+00
    outer loop
      vertex   1.694292e+01 1.564337e+01 3.180000e+01
      vertex   1.726061e+01 1.551177e+01 3.180000e+01
      vertex   2.228573e+01 2.033725e+01 3.180000e+01
    endloop
  endfacet
  facet normal 0.000000e+00 0.000000e+00 1.000000e+00
    outer loop
      vertex   1.537242e+01 1.305375e+01 3.180000e+01
      vertex   1.503149e+01 1.309864e+01 3.180000e+01
      vertex   1.041116e+01 1.148393e+01 3.180000e+01
    endloop
  endfacet
  facet normal 0.000000e+00 0.000000e+00 1.000000e+00
    outer loop
      vertex   1.041116e+01 1.148393e+01 3.180000e+01
      vertex   1.503149e+01 1.309864e+01 3.180000e+01
      vertex   1.471380e+01 1.323023e+01 3.180000e+01
    endloop
  endfacet
  facet normal 0.000000e+00 0.000000e+00 1.000000e+00
    outer loop
      vertex   1.041116e+01 1.148393e+01 3.180000e+01
      vertex   1.471380e+01 1.323023e+01 3.180000e+01
      vertex   1.444099e+01 1.343957e+01 3.180000e+01
    endloop
  endfacet
  facet normal 0.000000e+00 0.000000e+00 1.000000e+00
    outer loop
      vertex   1.444099e+01 1.343957e+01 3.180000e+01
      vertex   1.423165e+01 1.371238e+01 3.180000e+01
      vertex   1.041116e+01 1.148393e+01 3.180000e+01
    endloop
  endfacet
  facet normal 0.000000e+00 0.000000e+00 1.000000e+00
    outer loop
      vertex   1.041116e+01 1.148393e+01 3.180000e+01
      vertex   1.423165e+01 1.371238e+01 3.180000e+01
      vertex   1.410006e+01 1.403007e+01 3.180000e+01
    endloop
  endfacet
  facet normal 0.000000e+00 0.000000e+00 1.000000e+00
    outer loop
      vertex   1.041116e+01 1.148393e+01 3.180000e+01
      vertex   1.410006e+01 1.403007e+01 3.180000e+01
      vertex   1.405517e+01 1.437100e+01 3.180000e+01
    endloop
  endfacet
  facet normal 0.000000e+00 0.000000e+00 -1.000000e+00
    outer loop
      vertex   2.148023e+01 4.896945e-01 2.780000e+01
      vertex   1.822532e+01 -6.050577e+00 2.780000e+01
      vertex   1.439906e+01 -1.352035e+01 2.780000e+01
    endloop
  endfacet
  facet normal 0.000000e+00 0.000000e+00 -1.000000e+00
    outer loop
      vertex   1.439906e+01 -1.352035e+01 2.780000e+01
      vertex   1.822532e+01 -6.050577e+00 2.780000e+01
      vertex   1.810836e+01 -6.506119e+00 2.780000e+01
    endloop
  endfacet
  facet normal 0.000000e+00 0.000000e+00 -1.000000e+00
    outer loop
      vertex   1.439906e+01 -1.352035e+01 2.780000e+01
      vertex   1.810836e+01 -6.506119e+00 2.780000e+01
      vertex   1.809206e+01 -6.976154e+00 2.780000e+01
    endloop
  endfacet
  facet normal 0.000000e+00 0.000000e+00 -1.000000e+00
    outer loop
      vertex   2.428573e+01 4.896945e-01 2.780000e+01
      vertex   2.172583e+01 -5.208162e+00 2.780000e+01
      vertex   2.148023e+01 4.896945e-01 2.780000e+01
    endloop
  endfacet
  facet normal 0.000000e+00 -0.000000e+00 -1.000000e+00
    outer loop
      vertex   2.148023e+01 4.896945e-01 2.780000e+01
      vertex   2.172583e+01 -5.208162e+00 2.780000e+01
      vertex   2.134593e+01 -4.930894e+00 2.780000e+01
    endloop
  endfacet
  facet normal 0.000000e+00 0.000000e+00 -1.000000e+00
    outer loop
      vertex   2.148023e+01 4.896945e-01 2.780000e+01
      vertex   2.134593e+01 -4.930894e+00 2.780000e+01
      vertex   2.091531e+01 -4.741774e+00 2.780000e+01
    endloop
  endfacet
  facet normal 0.000000e+00 0.000000e+00 -1.000000e+00
    outer loop
      vertex   2.428573e+01 -1.127013e+01 2.780000e+01
      vertex   2.240024e+01 -6.422406e+00 2.780000e+01
      vertex   2.428573e+01 4.896945e-01 2.780000e+01
    endloop
  endfacet
  facet normal 0.000000e+00 0.000000e+00 -1.000000e+00
    outer loop
      vertex   2.428573e+01 4.896945e-01 2.780000e+01
      vertex   2.240024e+01 -6.422406e+00 2.780000e+01
      vertex   2.226560e+01 -5.971771e+00 2.780000e+01
    endloop
  endfacet
  facet normal 0.000000e+00 0.000000e+00 -1.000000e+00
    outer loop
      vertex   2.428573e+01 4.896945e-01 2.780000e+01
      vertex   2.226560e+01 -5.971771e+00 2.780000e+01
      vertex   2.203724e+01 -5.560615e+00 2.780000e+01
    endloop
  endfacet
  facet normal 0.000000e+00 0.000000e+00 -1.000000e+00
    outer loop
      vertex   2.194542e+01 -1.352035e+01 2.780000e+01
      vertex   2.161093e+01 -8.521576e+00 2.780000e+01
      vertex   2.428573e+01 -1.127013e+01 2.780000e+01
    endloop
  endfacet
  facet normal 0.000000e+00 0.000000e+00 -1.000000e+00
    outer loop
      vertex   2.428573e+01 -1.127013e+01 2.780000e+01
      vertex   2.161093e+01 -8.521576e+00 2.780000e+01
      vertex   2.194600e+01 -8.191541e+00 2.780000e+01
    endloop
  endfacet
  facet normal 0.000000e+00 0.000000e+00 -1.000000e+00
    outer loop
      vertex   2.428573e+01 -1.127013e+01 2.780000e+01
      vertex   2.194600e+01 -8.191541e+00 2.780000e+01
      vertex   2.220230e+01 -7.797192e+00 2.780000e+01
    endloop
  endfacet
  facet normal 0.000000e+00 0.000000e+00 -1.000000e+00
    outer loop
      vertex   1.439906e+01 -1.352035e+01 2.780000e+01
      vertex   1.938657e+01 -8.807482e+00 2.780000e+01
      vertex   2.194542e+01 -1.352035e+01 2.780000e+01
    endloop
  endfacet
  facet normal 0.000000e+00 0.000000e+00 -1.000000e+00
    outer loop
      vertex   2.194542e+01 -1.352035e+01 2.780000e+01
      vertex   1.938657e+01 -8.807482e+00 2.780000e+01
      vertex   1.983511e+01 -8.948935e+00 2.780000e+01
    endloop
  endfacet
  facet normal 0.000000e+00 0.000000e+00 -1.000000e+00
    outer loop
      vertex   2.194542e+01 -1.352035e+01 2.780000e+01
      vertex   1.983511e+01 -8.948935e+00 2.780000e+01
      vertex   2.030357e+01 -8.990658e+00 2.780000e+01
    endloop
  endfacet
  facet normal 0.000000e+00 0.000000e+00 -1.000000e+00
    outer loop
      vertex   2.220230e+01 -7.797192e+00 2.780000e+01
      vertex   2.236783e+01 -7.356966e+00 2.780000e+01
      vertex   2.428573e+01 -1.127013e+01 2.780000e+01
    endloop
  endfacet
  facet normal 0.000000e+00 0.000000e+00 -1.000000e+00
    outer loop
      vertex   2.428573e+01 -1.127013e+01 2.780000e+01
      vertex   2.236783e+01 -7.356966e+00 2.780000e+01
      vertex   2.243485e+01 -6.891448e+00 2.780000e+01
    endloop
  endfacet
  facet normal 0.000000e+00 0.000000e+00 -1.000000e+00
    outer loop
      vertex   2.428573e+01 -1.127013e+01 2.780000e+01
      vertex   2.243485e+01 -6.891448e+00 2.780000e+01
      vertex   2.240024e+01 -6.422406e+00 2.780000e+01
    endloop
  endfacet
  facet normal 0.000000e+00 0.000000e+00 -1.000000e+00
    outer loop
      vertex   2.203724e+01 -5.560615e+00 2.780000e+01
      vertex   2.172583e+01 -5.208162e+00 2.780000e+01
      vertex   2.428573e+01 4.896945e-01 2.780000e+01
    endloop
  endfacet
  facet normal 0.000000e+00 0.000000e+00 -1.000000e+00
    outer loop
      vertex   2.091531e+01 -4.741774e+00 2.780000e+01
      vertex   2.045411e+01 -4.649647e+00 2.780000e+01
      vertex   2.148023e+01 4.896945e-01 2.780000e+01
    endloop
  endfacet
  facet normal 0.000000e+00 0.000000e+00 -1.000000e+00
    outer loop
      vertex   2.148023e+01 4.896945e-01 2.780000e+01
      vertex   2.045411e+01 -4.649647e+00 2.780000e+01
      vertex   1.998388e+01 -4.658818e+00 2.780000e+01
    endloop
  endfacet
  facet normal 0.000000e+00 0.000000e+00 -1.000000e+00
    outer loop
      vertex   2.148023e+01 4.896945e-01 2.780000e+01
      vertex   1.998388e+01 -4.658818e+00 2.780000e+01
      vertex   1.952661e+01 -4.768861e+00 2.780000e+01
    endloop
  endfacet
  facet normal -0.000000e+00 0.000000e+00 -1.000000e+00
    outer loop
      vertex   1.952661e+01 -4.768861e+00 2.780000e+01
      vertex   1.910370e+01 -4.974629e+00 2.780000e+01
      vertex   2.148023e+01 4.896945e-01 2.780000e+01
    endloop
  endfacet
  facet normal 0.000000e+00 0.000000e+00 -1.000000e+00
    outer loop
      vertex   2.148023e+01 4.896945e-01 2.780000e+01
      vertex   1.910370e+01 -4.974629e+00 2.780000e+01
      vertex   1.873490e+01 -5.266500e+00 2.780000e+01
    endloop
  endfacet
  facet normal 0.000000e+00 0.000000e+00 -1.000000e+00
    outer loop
      vertex   2.148023e+01 4.896945e-01 2.780000e+01
      vertex   1.873490e+01 -5.266500e+00 2.780000e+01
      vertex   1.843747e+01 -5.630828e+00 2.780000e+01
    endloop
  endfacet
  facet normal -0.000000e+00 0.000000e+00 -1.000000e+00
    outer loop
      vertex   1.843747e+01 -5.630828e+00 2.780000e+01
      vertex   1.822532e+01 -6.050577e+00 2.780000e+01
      vertex   2.148023e+01 4.896945e-01 2.780000e+01
    endloop
  endfacet
  facet normal 0.000000e+00 -0.000000e+00 -1.000000e+00
    outer loop
      vertex   1.809206e+01 -6.976154e+00 2.780000e+01
      vertex   1.817718e+01 -7.438704e+00 2.780000e+01
      vertex   1.439906e+01 -1.352035e+01 2.780000e+01
    endloop
  endfacet
  facet normal 0.000000e+00 0.000000e+00 -1.000000e+00
    outer loop
      vertex   1.439906e+01 -1.352035e+01 2.780000e+01
      vertex   1.817718e+01 -7.438704e+00 2.780000e+01
      vertex   1.835975e+01 -7.872140e+00 2.780000e+01
    endloop
  endfacet
  facet normal 0.000000e+00 0.000000e+00 -1.000000e+00
    outer loop
      vertex   1.439906e+01 -1.352035e+01 2.780000e+01
      vertex   1.835975e+01 -7.872140e+00 2.780000e+01
      vertex   1.863123e+01 -8.256196e+00 2.780000e+01
    endloop
  endfacet
  facet normal 0.000000e+00 -0.000000e+00 -1.000000e+00
    outer loop
      vertex   1.863123e+01 -8.256196e+00 2.780000e+01
      vertex   1.897892e+01 -8.572913e+00 2.780000e+01
      vertex   1.439906e+01 -1.352035e+01 2.780000e+01
    endloop
  endfacet
  facet normal 0.000000e+00 0.000000e+00 -1.000000e+00
    outer loop
      vertex   1.439906e+01 -1.352035e+01 2.780000e+01
      vertex   1.897892e+01 -8.572913e+00 2.780000e+01
      vertex   1.938657e+01 -8.807482e+00 2.780000e+01
    endloop
  endfacet
  facet normal 0.000000e+00 0.000000e+00 -1.000000e+00
    outer loop
      vertex   2.030357e+01 -8.990658e+00 2.780000e+01
      vertex   2.077005e+01 -8.930699e+00 2.780000e+01
      vertex   2.194542e+01 -1.352035e+01 2.780000e+01
    endloop
  endfacet
  facet normal 0.000000e+00 0.000000e+00 -1.000000e+00
    outer loop
      vertex   2.194542e+01 -1.352035e+01 2.780000e+01
      vertex   2.077005e+01 -8.930699e+00 2.780000e+01
      vertex   2.121274e+01 -8.771863e+00 2.780000e+01
    endloop
  endfacet
  facet normal 0.000000e+00 0.000000e+00 -1.000000e+00
    outer loop
      vertex   2.194542e+01 -1.352035e+01 2.780000e+01
      vertex   2.121274e+01 -8.771863e+00 2.780000e+01
      vertex   2.161093e+01 -8.521576e+00 2.780000e+01
    endloop
  endfacet
  facet normal 0.000000e+00 0.000000e+00 -1.000000e+00
    outer loop
      vertex   1.439906e+01 -1.352035e+01 2.950000e+01
      vertex   8.340727e+00 -3.939099e+00 2.950000e+01
      vertex   2.148023e+01 4.896945e-01 2.950000e+01
    endloop
  endfacet
  facet normal -0.000000e+00 0.000000e+00 -1.000000e+00
    outer loop
      vertex   2.148023e+01 4.896945e-01 2.950000e+01
      vertex   8.340727e+00 -3.939099e+00 2.950000e+01
      vertex   1.074448e+01 8.167113e-01 2.950000e+01
    endloop
  endfacet
  facet normal 0.000000e+00 0.000000e+00 -1.000000e+00
    outer loop
      vertex   2.148023e+01 4.896945e-01 2.950000e+01
      vertex   1.074448e+01 8.167113e-01 2.950000e+01
      vertex   1.564795e+01 1.051821e+01 2.950000e+01
    endloop
  endfacet
  facet normal 0.000000e+00 -0.000000e+00 -1.000000e+00
    outer loop
      vertex   8.340727e+00 -3.939099e+00 2.950000e+01
      vertex   1.439906e+01 -1.352035e+01 2.950000e+01
      vertex   5.550098e+00 -9.460343e+00 2.950000e+01
    endloop
  endfacet
  facet normal 0.000000e+00 -0.000000e+00 -1.000000e+00
    outer loop
      vertex   5.550098e+00 -9.460343e+00 2.950000e+01
      vertex   1.439906e+01 -1.352035e+01 2.950000e+01
      vertex   -6.015482e+00 -1.352035e+01 2.950000e+01
    endloop
  endfacet
  facet normal -0.000000e+00 0.000000e+00 -1.000000e+00
    outer loop
      vertex   5.550098e+00 -9.460343e+00 2.950000e+01
      vertex   -6.015482e+00 -1.352035e+01 2.950000e+01
      vertex   -6.015482e+00 -9.460343e+00 2.950000e+01
    endloop
  endfacet
  facet normal 0.000000e+00 0.000000e+00 -1.000000e+00
    outer loop
      vertex   -6.015482e+00 -3.939099e+00 2.950000e+01
      vertex   -6.015482e+00 8.167113e-01 2.950000e+01
      vertex   8.340727e+00 -3.939099e+00 2.950000e+01
    endloop
  endfacet
  facet normal 0.000000e+00 0.000000e+00 -1.000000e+00
    outer loop
      vertex   8.340727e+00 -3.939099e+00 2.950000e+01
      vertex   -6.015482e+00 8.167113e-01 2.950000e+01
      vertex   1.074448e+01 8.167113e-01 2.950000e+01
    endloop
  endfacet
  facet normal 0.000000e+00 0.000000e+00 -1.000000e+00
    outer loop
      vertex   1.564795e+01 1.051821e+01 2.950000e+01
      vertex   2.428573e+01 1.051821e+01 2.950000e+01
      vertex   2.148023e+01 4.896945e-01 2.950000e+01
    endloop
  endfacet
  facet normal 0.000000e+00 0.000000e+00 -1.000000e+00
    outer loop
      vertex   2.148023e+01 4.896945e-01 2.950000e+01
      vertex   2.428573e+01 1.051821e+01 2.950000e+01
      vertex   2.428573e+01 4.896945e-01 2.950000e+01
    endloop
  endfacet
  facet normal -9.941342e-01 -1.081186e-01 -2.740305e-03
    outer loop
      vertex   2.238531e+01 -6.348511e+00 3.030000e+01
      vertex   2.240024e+01 -6.422406e+00 2.780000e+01
      vertex   2.243616e+01 -6.816071e+00 3.030000e+01
    endloop
  endfacet
  facet normal -9.972840e-01 -7.360104e-02 2.740305e-03
    outer loop
      vertex   2.243616e+01 -6.816071e+00 3.030000e+01
      vertex   2.240024e+01 -6.422406e+00 2.780000e+01
      vertex   2.243485e+01 -6.891448e+00 2.780000e+01
    endloop
  endfacet
  facet normal -9.941342e-01 1.081186e-01 -2.740305e-03
    outer loop
      vertex   2.243616e+01 -6.816071e+00 3.030000e+01
      vertex   2.243485e+01 -6.891448e+00 2.780000e+01
      vertex   2.238531e+01 -7.283632e+00 3.030000e+01
    endloop
  endfacet
  facet normal -9.897901e-01 1.425063e-01 2.740305e-03
    outer loop
      vertex   2.238531e+01 -7.283632e+00 3.030000e+01
      vertex   2.243485e+01 -6.891448e+00 2.780000e+01
      vertex   2.236783e+01 -7.356966e+00 2.780000e+01
    endloop
  endfacet
  facet normal -9.476496e-01 3.193003e-01 -2.740305e-03
    outer loop
      vertex   2.238531e+01 -7.283632e+00 3.030000e+01
      vertex   2.236783e+01 -7.356966e+00 2.780000e+01
      vertex   2.223513e+01 -7.729330e+00 3.030000e+01
    endloop
  endfacet
  facet normal -9.360147e-01 3.519502e-01 2.740305e-03
    outer loop
      vertex   2.223513e+01 -7.729330e+00 3.030000e+01
      vertex   2.236783e+01 -7.356966e+00 2.780000e+01
      vertex   2.220230e+01 -7.797192e+00 2.780000e+01
    endloop
  endfacet
  facet normal -8.568540e-01 5.155519e-01 -2.740305e-03
    outer loop
      vertex   2.223513e+01 -7.729330e+00 3.030000e+01
      vertex   2.220230e+01 -7.797192e+00 2.780000e+01
      vertex   2.199266e+01 -8.132325e+00 3.030000e+01
    endloop
  endfacet
  facet normal -8.384723e-01 5.449373e-01 2.740305e-03
    outer loop
      vertex   2.199266e+01 -8.132325e+00 3.030000e+01
      vertex   2.220230e+01 -7.797192e+00 2.780000e+01
      vertex   2.194600e+01 -8.191541e+00 2.780000e+01
    endloop
  endfacet
  facet normal -7.259928e-01 6.876969e-01 -2.740305e-03
    outer loop
      vertex   2.199266e+01 -8.132325e+00 3.030000e+01
      vertex   2.194600e+01 -8.191541e+00 2.780000e+01
      vertex   2.166922e+01 -8.473774e+00 3.030000e+01
    endloop
  endfacet
  facet normal -7.017239e-01 7.124437e-01 2.740305e-03
    outer loop
      vertex   2.166922e+01 -8.473774e+00 3.030000e+01
      vertex   2.194600e+01 -8.191541e+00 2.780000e+01
      vertex   2.161093e+01 -8.521576e+00 2.780000e+01
    endloop
  endfacet
  facet normal -5.611850e-01 8.276859e-01 -2.740305e-03
    outer loop
      vertex   2.166922e+01 -8.473774e+00 3.030000e+01
      vertex   2.161093e+01 -8.521576e+00 2.780000e+01
      vertex   2.127995e+01 -8.737710e+00 3.030000e+01
    endloop
  endfacet
  facet normal -5.321636e-01 8.466371e-01 2.740305e-03
    outer loop
      vertex   2.127995e+01 -8.737710e+00 3.030000e+01
      vertex   2.161093e+01 -8.521576e+00 2.780000e+01
      vertex   2.121274e+01 -8.771863e+00 2.780000e+01
    endloop
  endfacet
  facet normal -3.701368e-01 9.289732e-01 -2.740305e-03
    outer loop
      vertex   2.127995e+01 -8.737710e+00 3.030000e+01
      vertex   2.121274e+01 -8.771863e+00 2.780000e+01
      vertex   2.084303e+01 -8.911793e+00 3.030000e+01
    endloop
  endfacet
  facet normal -3.377200e-01 9.412426e-01 2.740305e-03
    outer loop
      vertex   2.084303e+01 -8.911793e+00 3.030000e+01
      vertex   2.121274e+01 -8.771863e+00 2.780000e+01
      vertex   2.077005e+01 -8.930699e+00 2.780000e+01
    endloop
  endfacet
  facet normal -1.617814e-01 9.868228e-01 -2.740305e-03
    outer loop
      vertex   2.084303e+01 -8.911793e+00 3.030000e+01
      vertex   2.077005e+01 -8.930699e+00 2.780000e+01
      vertex   2.037891e+01 -8.987882e+00 3.030000e+01
    endloop
  endfacet
  facet normal -1.274850e-01 9.918367e-01 2.740305e-03
    outer loop
      vertex   2.037891e+01 -8.987882e+00 3.030000e+01
      vertex   2.077005e+01 -8.930699e+00 2.780000e+01
      vertex   2.030357e+01 -8.990658e+00 2.780000e+01
    endloop
  endfacet
  facet normal 5.413871e-02 9.985297e-01 -2.740305e-03
    outer loop
      vertex   2.037891e+01 -8.987882e+00 3.030000e+01
      vertex   2.030357e+01 -8.990658e+00 2.780000e+01
      vertex   1.990928e+01 -8.962419e+00 3.030000e+01
    endloop
  endfacet
  facet normal 8.871114e-02 9.960536e-01 2.740305e-03
    outer loop
      vertex   1.990928e+01 -8.962419e+00 3.030000e+01
      vertex   2.030357e+01 -8.990658e+00 2.780000e+01
      vertex   1.983511e+01 -8.948935e+00 2.780000e+01
    endloop
  endfacet
  facet normal 2.675273e-01 9.635464e-01 -2.740305e-03
    outer loop
      vertex   1.990928e+01 -8.962419e+00 3.030000e+01
      vertex   1.983511e+01 -8.948935e+00 2.780000e+01
      vertex   1.945611e+01 -8.836596e+00 3.030000e+01
    endloop
  endfacet
  facet normal 3.007592e-01 9.536962e-01 2.740305e-03
    outer loop
      vertex   1.945611e+01 -8.836596e+00 3.030000e+01
      vertex   1.983511e+01 -8.948935e+00 2.780000e+01
      vertex   1.938657e+01 -8.807482e+00 2.780000e+01
    endloop
  endfacet
  facet normal 4.684067e-01 8.835087e-01 -2.740305e-03
    outer loop
      vertex   1.945611e+01 -8.836596e+00 3.030000e+01
      vertex   1.938657e+01 -8.807482e+00 2.780000e+01
      vertex   1.904058e+01 -8.616295e+00 3.030000e+01
    endloop
  endfacet
  facet normal 4.987441e-01 8.667449e-01 2.740305e-03
    outer loop
      vertex   1.904058e+01 -8.616295e+00 3.030000e+01
      vertex   1.938657e+01 -8.807482e+00 2.780000e+01
      vertex   1.897892e+01 -8.572913e+00 2.780000e+01
    endloop
  endfacet
  facet normal 6.473839e-01 7.621592e-01 -2.740305e-03
    outer loop
      vertex   1.904058e+01 -8.616295e+00 3.030000e+01
      vertex   1.897892e+01 -8.572913e+00 2.780000e+01
      vertex   1.868212e+01 -8.311818e+00 3.030000e+01
    endloop
  endfacet
  facet normal 6.734083e-01 7.392657e-01 2.740305e-03
    outer loop
      vertex   1.868212e+01 -8.311818e+00 3.030000e+01
      vertex   1.897892e+01 -8.572913e+00 2.780000e+01
      vertex   1.863123e+01 -8.256196e+00 2.780000e+01
    endloop
  endfacet
  facet normal 7.960901e-01 6.051719e-01 -2.740305e-03
    outer loop
      vertex   1.868212e+01 -8.311818e+00 3.030000e+01
      vertex   1.863123e+01 -8.256196e+00 2.780000e+01
      vertex   1.839749e+01 -7.937401e+00 3.030000e+01
    endloop
  endfacet
  facet normal 8.165847e-01 5.772192e-01 2.740305e-03
    outer loop
      vertex   1.839749e+01 -7.937401e+00 3.030000e+01
      vertex   1.863123e+01 -8.256196e+00 2.780000e+01
      vertex   1.835975e+01 -7.872140e+00 2.780000e+01
    endloop
  endfacet
  facet normal 9.075720e-01 4.198875e-01 -2.740305e-03
    outer loop
      vertex   1.839749e+01 -7.937401e+00 3.030000e+01
      vertex   1.835975e+01 -7.872140e+00 2.780000e+01
      vertex   1.820001e+01 -7.510552e+00 3.030000e+01
    endloop
  endfacet
  facet normal 9.215784e-01 3.881826e-01 2.740305e-03
    outer loop
      vertex   1.820001e+01 -7.510552e+00 3.030000e+01
      vertex   1.835975e+01 -7.872140e+00 2.780000e+01
      vertex   1.817718e+01 -7.438704e+00 2.780000e+01
    endloop
  endfacet
  facet normal 9.766169e-01 2.149696e-01 -2.740305e-03
    outer loop
      vertex   1.820001e+01 -7.510552e+00 3.030000e+01
      vertex   1.817718e+01 -7.438704e+00 2.780000e+01
      vertex   1.809891e+01 -7.051230e+00 3.030000e+01
    endloop
  endfacet
  facet normal 9.834802e-01 1.809950e-01 2.740305e-03
    outer loop
      vertex   1.809891e+01 -7.051230e+00 3.030000e+01
      vertex   1.817718e+01 -7.438704e+00 2.780000e+01
      vertex   1.809206e+01 -6.976154e+00 2.780000e+01
    endloop
  endfacet
  facet normal 9.999962e-01 0.000000e+00 -2.740305e-03
    outer loop
      vertex   1.809891e+01 -7.051230e+00 3.030000e+01
      vertex   1.809206e+01 -6.976154e+00 2.780000e+01
      vertex   1.809891e+01 -6.580912e+00 3.030000e+01
    endloop
  endfacet
  facet normal 9.993956e-01 -3.465578e-02 2.740305e-03
    outer loop
      vertex   1.809891e+01 -6.580912e+00 3.030000e+01
      vertex   1.809206e+01 -6.976154e+00 2.780000e+01
      vertex   1.810836e+01 -6.506119e+00 2.780000e+01
    endloop
  endfacet
  facet normal 9.766169e-01 -2.149696e-01 -2.740305e-03
    outer loop
      vertex   1.809891e+01 -6.580912e+00 3.030000e+01
      vertex   1.810836e+01 -6.506119e+00 2.780000e+01
      vertex   1.820001e+01 -6.121591e+00 3.030000e+01
    endloop
  endfacet
  facet normal 9.685803e-01 -2.486860e-01 2.740305e-03
    outer loop
      vertex   1.820001e+01 -6.121591e+00 3.030000e+01
      vertex   1.810836e+01 -6.506119e+00 2.780000e+01
      vertex   1.822532e+01 -6.050577e+00 2.780000e+01
    endloop
  endfacet
  facet normal 9.075720e-01 -4.198875e-01 -2.740305e-03
    outer loop
      vertex   1.820001e+01 -6.121591e+00 3.030000e+01
      vertex   1.822532e+01 -6.050577e+00 2.780000e+01
      vertex   1.839749e+01 -5.694742e+00 3.030000e+01
    endloop
  endfacet
  facet normal 8.924753e-01 -4.510880e-01 2.740305e-03
    outer loop
      vertex   1.839749e+01 -5.694742e+00 3.030000e+01
      vertex   1.822532e+01 -6.050577e+00 2.780000e+01
      vertex   1.843747e+01 -5.630828e+00 2.780000e+01
    endloop
  endfacet
  facet normal 7.960901e-01 -6.051719e-01 -2.740305e-03
    outer loop
      vertex   1.839749e+01 -5.694742e+00 3.030000e+01
      vertex   1.843747e+01 -5.630828e+00 2.780000e+01
      vertex   1.868212e+01 -5.320325e+00 3.030000e+01
    endloop
  endfacet
  facet normal 7.746391e-01 -6.323976e-01 2.740305e-03
    outer loop
      vertex   1.868212e+01 -5.320325e+00 3.030000e+01
      vertex   1.843747e+01 -5.630828e+00 2.780000e+01
      vertex   1.873490e+01 -5.266500e+00 2.780000e+01
    endloop
  endfacet
  facet normal 6.473839e-01 -7.621592e-01 -2.740305e-03
    outer loop
      vertex   1.868212e+01 -5.320325e+00 3.030000e+01
      vertex   1.873490e+01 -5.266500e+00 2.780000e+01
      vertex   1.904058e+01 -5.015848e+00 3.030000e+01
    endloop
  endfacet
  facet normal 6.205817e-01 -7.841370e-01 2.740305e-03
    outer loop
      vertex   1.904058e+01 -5.015848e+00 3.030000e+01
      vertex   1.873490e+01 -5.266500e+00 2.780000e+01
      vertex   1.910370e+01 -4.974629e+00 2.780000e+01
    endloop
  endfacet
  facet normal 4.684067e-01 -8.835087e-01 -2.740305e-03
    outer loop
      vertex   1.904058e+01 -5.015848e+00 3.030000e+01
      vertex   1.910370e+01 -4.974629e+00 2.780000e+01
      vertex   1.945611e+01 -4.795547e+00 3.030000e+01
    endloop
  endfacet
  facet normal 4.375065e-01 -8.992111e-01 2.740305e-03
    outer loop
      vertex   1.945611e+01 -4.795547e+00 3.030000e+01
      vertex   1.910370e+01 -4.974629e+00 2.780000e+01
      vertex   1.952661e+01 -4.768861e+00 2.780000e+01
    endloop
  endfacet
  facet normal 2.675273e-01 -9.635464e-01 -2.740305e-03
    outer loop
      vertex   1.945611e+01 -4.795547e+00 3.030000e+01
      vertex   1.952661e+01 -4.768861e+00 2.780000e+01
      vertex   1.990928e+01 -4.669724e+00 3.030000e+01
    endloop
  endfacet
  facet normal 2.339741e-01 -9.722390e-01 2.740305e-03
    outer loop
      vertex   1.990928e+01 -4.669724e+00 3.030000e+01
      vertex   1.952661e+01 -4.768861e+00 2.780000e+01
      vertex   1.998388e+01 -4.658818e+00 2.780000e+01
    endloop
  endfacet
  facet normal 5.413871e-02 -9.985297e-01 -2.740305e-03
    outer loop
      vertex   1.990928e+01 -4.669724e+00 3.030000e+01
      vertex   1.998388e+01 -4.658818e+00 2.780000e+01
      vertex   2.037891e+01 -4.644261e+00 3.030000e+01
    endloop
  endfacet
  facet normal 1.950123e-02 -9.998061e-01 2.740305e-03
    outer loop
      vertex   2.037891e+01 -4.644261e+00 3.030000e+01
      vertex   1.998388e+01 -4.658818e+00 2.780000e+01
      vertex   2.045411e+01 -4.649647e+00 2.780000e+01
    endloop
  endfacet
  facet normal -1.617814e-01 -9.868228e-01 -2.740305e-03
    outer loop
      vertex   2.037891e+01 -4.644261e+00 3.030000e+01
      vertex   2.045411e+01 -4.649647e+00 2.780000e+01
      vertex   2.084303e+01 -4.720350e+00 3.030000e+01
    endloop
  endfacet
  facet normal -1.958835e-01 -9.806234e-01 2.740305e-03
    outer loop
      vertex   2.084303e+01 -4.720350e+00 3.030000e+01
      vertex   2.045411e+01 -4.649647e+00 2.780000e+01
      vertex   2.091531e+01 -4.741774e+00 2.780000e+01
    endloop
  endfacet
  facet normal -3.701368e-01 -9.289732e-01 -2.740305e-03
    outer loop
      vertex   2.084303e+01 -4.720350e+00 3.030000e+01
      vertex   2.091531e+01 -4.741774e+00 2.780000e+01
      vertex   2.127995e+01 -4.894433e+00 3.030000e+01
    endloop
  endfacet
  facet normal -4.021088e-01 -9.155878e-01 2.740305e-03
    outer loop
      vertex   2.127995e+01 -4.894433e+00 3.030000e+01
      vertex   2.091531e+01 -4.741774e+00 2.780000e+01
      vertex   2.134593e+01 -4.930894e+00 2.780000e+01
    endloop
  endfacet
  facet normal -5.611850e-01 -8.276859e-01 -2.740305e-03
    outer loop
      vertex   2.127995e+01 -4.894433e+00 3.030000e+01
      vertex   2.134593e+01 -4.930894e+00 2.780000e+01
      vertex   2.166922e+01 -5.158369e+00 3.030000e+01
    endloop
  endfacet
  facet normal -5.895321e-01 -8.077403e-01 2.740305e-03
    outer loop
      vertex   2.166922e+01 -5.158369e+00 3.030000e+01
      vertex   2.134593e+01 -4.930894e+00 2.780000e+01
      vertex   2.172583e+01 -5.208162e+00 2.780000e+01
    endloop
  endfacet
  facet normal -7.259928e-01 -6.876969e-01 -2.740305e-03
    outer loop
      vertex   2.166922e+01 -5.158369e+00 3.030000e+01
      vertex   2.172583e+01 -5.208162e+00 2.780000e+01
      vertex   2.199266e+01 -5.499817e+00 3.030000e+01
    endloop
  endfacet
  facet normal -7.493894e-01 -6.621238e-01 2.740305e-03
    outer loop
      vertex   2.199266e+01 -5.499817e+00 3.030000e+01
      vertex   2.172583e+01 -5.208162e+00 2.780000e+01
      vertex   2.203724e+01 -5.560615e+00 2.780000e+01
    endloop
  endfacet
  facet normal -8.568540e-01 -5.155519e-01 -2.740305e-03
    outer loop
      vertex   2.199266e+01 -5.499817e+00 3.030000e+01
      vertex   2.203724e+01 -5.560615e+00 2.780000e+01
      vertex   2.223513e+01 -5.902813e+00 3.030000e+01
    endloop
  endfacet
  facet normal -8.742062e-01 -4.855472e-01 2.740305e-03
    outer loop
      vertex   2.223513e+01 -5.902813e+00 3.030000e+01
      vertex   2.203724e+01 -5.560615e+00 2.780000e+01
      vertex   2.226560e+01 -5.971771e+00 2.780000e+01
    endloop
  endfacet
  facet normal -9.476496e-01 -3.193003e-01 -2.740305e-03
    outer loop
      vertex   2.223513e+01 -5.902813e+00 3.030000e+01
      vertex   2.226560e+01 -5.971771e+00 2.780000e+01
      vertex   2.238531e+01 -6.348511e+00 3.030000e+01
    endloop
  endfacet
  facet normal -9.581460e-01 -2.862669e-01 2.740305e-03
    outer loop
      vertex   2.238531e+01 -6.348511e+00 3.030000e+01
      vertex   2.226560e+01 -5.971771e+00 2.780000e+01
      vertex   2.240024e+01 -6.422406e+00 2.780000e+01
    endloop
  endfacet
  facet normal -0.000000e+00 1.000000e+00 0.000000e+00
    outer loop
      vertex   1.537242e+01 1.305375e+01 3.180000e+01
      vertex   1.660199e+01 1.305375e+01 3.180000e+01
      vertex   1.537242e+01 1.305375e+01 2.780000e+01
    endloop
  endfacet
  facet normal 0.000000e+00 1.000000e+00 0.000000e+00
    outer loop
      vertex   1.537242e+01 1.305375e+01 2.780000e+01
      vertex   1.660199e+01 1.305375e+01 3.180000e+01
      vertex   1.660199e+01 1.305375e+01 2.780000e+01
    endloop
  endfacet
  facet normal 1.305262e-01 -9.914449e-01 0.000000e+00
    outer loop
      vertex   1.537242e+01 1.568825e+01 2.780000e+01
      vertex   1.537242e+01 1.568825e+01 3.180000e+01
      vertex   1.503149e+01 1.564337e+01 2.780000e+01
    endloop
  endfacet
  facet normal 1.305262e-01 -9.914449e-01 0.000000e+00
    outer loop
      vertex   1.503149e+01 1.564337e+01 2.780000e+01
      vertex   1.537242e+01 1.568825e+01 3.180000e+01
      vertex   1.503149e+01 1.564337e+01 3.180000e+01
    endloop
  endfacet
  facet normal 3.826834e-01 -9.238795e-01 0.000000e+00
    outer loop
      vertex   1.503149e+01 1.564337e+01 2.780000e+01
      vertex   1.503149e+01 1.564337e+01 3.180000e+01
      vertex   1.471380e+01 1.551177e+01 2.780000e+01
    endloop
  endfacet
  facet normal 3.826834e-01 -9.238795e-01 0.000000e+00
    outer loop
      vertex   1.471380e+01 1.551177e+01 2.780000e+01
      vertex   1.503149e+01 1.564337e+01 3.180000e+01
      vertex   1.471380e+01 1.551177e+01 3.180000e+01
    endloop
  endfacet
  facet normal 6.087614e-01 -7.933533e-01 0.000000e+00
    outer loop
      vertex   1.471380e+01 1.551177e+01 2.780000e+01
      vertex   1.471380e+01 1.551177e+01 3.180000e+01
      vertex   1.444099e+01 1.530244e+01 2.780000e+01
    endloop
  endfacet
  facet normal 6.087614e-01 -7.933533e-01 0.000000e+00
    outer loop
      vertex   1.444099e+01 1.530244e+01 2.780000e+01
      vertex   1.471380e+01 1.551177e+01 3.180000e+01
      vertex   1.444099e+01 1.530244e+01 3.180000e+01
    endloop
  endfacet
  facet normal 7.933533e-01 -6.087614e-01 0.000000e+00
    outer loop
      vertex   1.444099e+01 1.530244e+01 2.780000e+01
      vertex   1.444099e+01 1.530244e+01 3.180000e+01
      vertex   1.423165e+01 1.502963e+01 2.780000e+01
    endloop
  endfacet
  facet normal 7.933533e-01 -6.087614e-01 0.000000e+00
    outer loop
      vertex   1.423165e+01 1.502963e+01 2.780000e+01
      vertex   1.444099e+01 1.530244e+01 3.180000e+01
      vertex   1.423165e+01 1.502963e+01 3.180000e+01
    endloop
  endfacet
  facet normal 9.238795e-01 -3.826834e-01 0.000000e+00
    outer loop
      vertex   1.423165e+01 1.502963e+01 2.780000e+01
      vertex   1.423165e+01 1.502963e+01 3.180000e+01
      vertex   1.410006e+01 1.471193e+01 2.780000e+01
    endloop
  endfacet
  facet normal 9.238795e-01 -3.826834e-01 0.000000e+00
    outer loop
      vertex   1.410006e+01 1.471193e+01 2.780000e+01
      vertex   1.423165e+01 1.502963e+01 3.180000e+01
      vertex   1.410006e+01 1.471193e+01 3.180000e+01
    endloop
  endfacet
  facet normal 9.914449e-01 -1.305262e-01 0.000000e+00
    outer loop
      vertex   1.410006e+01 1.471193e+01 2.780000e+01
      vertex   1.410006e+01 1.471193e+01 3.180000e+01
      vertex   1.405517e+01 1.437100e+01 2.780000e+01
    endloop
  endfacet
  facet normal 9.914449e-01 -1.305262e-01 0.000000e+00
    outer loop
      vertex   1.405517e+01 1.437100e+01 2.780000e+01
      vertex   1.410006e+01 1.471193e+01 3.180000e+01
      vertex   1.405517e+01 1.437100e+01 3.180000e+01
    endloop
  endfacet
  facet normal 9.914449e-01 1.305262e-01 -0.000000e+00
    outer loop
      vertex   1.405517e+01 1.437100e+01 2.780000e+01
      vertex   1.405517e+01 1.437100e+01 3.180000e+01
      vertex   1.410006e+01 1.403007e+01 2.780000e+01
    endloop
  endfacet
  facet normal 9.914449e-01 1.305262e-01 -0.000000e+00
    outer loop
      vertex   1.410006e+01 1.403007e+01 2.780000e+01
      vertex   1.405517e+01 1.437100e+01 3.180000e+01
      vertex   1.410006e+01 1.403007e+01 3.180000e+01
    endloop
  endfacet
  facet normal 9.238795e-01 3.826834e-01 -0.000000e+00
    outer loop
      vertex   1.410006e+01 1.403007e+01 2.780000e+01
      vertex   1.410006e+01 1.403007e+01 3.180000e+01
      vertex   1.423165e+01 1.371238e+01 2.780000e+01
    endloop
  endfacet
  facet normal 9.238795e-01 3.826834e-01 -0.000000e+00
    outer loop
      vertex   1.423165e+01 1.371238e+01 2.780000e+01
      vertex   1.410006e+01 1.403007e+01 3.180000e+01
      vertex   1.423165e+01 1.371238e+01 3.180000e+01
    endloop
  endfacet
  facet normal 7.933533e-01 6.087614e-01 -0.000000e+00
    outer loop
      vertex   1.423165e+01 1.371238e+01 2.780000e+01
      vertex   1.423165e+01 1.371238e+01 3.180000e+01
      vertex   1.444099e+01 1.343957e+01 2.780000e+01
    endloop
  endfacet
  facet normal 7.933533e-01 6.087614e-01 -0.000000e+00
    outer loop
      vertex   1.444099e+01 1.343957e+01 2.780000e+01
      vertex   1.423165e+01 1.371238e+01 3.180000e+01
      vertex   1.444099e+01 1.343957e+01 3.180000e+01
    endloop
  endfacet
  facet normal 6.087614e-01 7.933533e-01 -0.000000e+00
    outer loop
      vertex   1.444099e+01 1.343957e+01 2.780000e+01
      vertex   1.444099e+01 1.343957e+01 3.180000e+01
      vertex   1.471380e+01 1.323023e+01 2.780000e+01
    endloop
  endfacet
  facet normal 6.087614e-01 7.933533e-01 -0.000000e+00
    outer loop
      vertex   1.471380e+01 1.323023e+01 2.780000e+01
      vertex   1.444099e+01 1.343957e+01 3.180000e+01
      vertex   1.471380e+01 1.323023e+01 3.180000e+01
    endloop
  endfacet
  facet normal 3.826834e-01 9.238795e-01 -0.000000e+00
    outer loop
      vertex   1.471380e+01 1.323023e+01 2.780000e+01
      vertex   1.471380e+01 1.323023e+01 3.180000e+01
      vertex   1.503149e+01 1.309864e+01 2.780000e+01
    endloop
  endfacet
  facet normal 3.826834e-01 9.238795e-01 -0.000000e+00
    outer loop
      vertex   1.503149e+01 1.309864e+01 2.780000e+01
      vertex   1.471380e+01 1.323023e+01 3.180000e+01
      vertex   1.503149e+01 1.309864e+01 3.180000e+01
    endloop
  endfacet
  facet normal 1.305262e-01 9.914449e-01 -0.000000e+00
    outer loop
      vertex   1.503149e+01 1.309864e+01 2.780000e+01
      vertex   1.503149e+01 1.309864e+01 3.180000e+01
      vertex   1.537242e+01 1.305375e+01 2.780000e+01
    endloop
  endfacet
  facet normal 1.305262e-01 9.914449e-01 -0.000000e+00
    outer loop
      vertex   1.537242e+01 1.305375e+01 2.780000e+01
      vertex   1.503149e+01 1.309864e+01 3.180000e+01
      vertex   1.537242e+01 1.305375e+01 3.180000e+01
    endloop
  endfacet
  facet normal -0.000000e+00 -1.000000e+00 -0.000000e+00
    outer loop
      vertex   1.660199e+01 1.568825e+01 3.180000e+01
      vertex   1.537242e+01 1.568825e+01 3.180000e+01
      vertex   1.660199e+01 1.568825e+01 2.780000e+01
    endloop
  endfacet
  facet normal 0.000000e+00 -1.000000e+00 0.000000e+00
    outer loop
      vertex   1.660199e+01 1.568825e+01 2.780000e+01
      vertex   1.537242e+01 1.568825e+01 3.180000e+01
      vertex   1.537242e+01 1.568825e+01 2.780000e+01
    endloop
  endfacet
  facet normal -1.305262e-01 9.914449e-01 0.000000e+00
    outer loop
      vertex   1.660199e+01 1.305375e+01 2.780000e+01
      vertex   1.660199e+01 1.305375e+01 3.180000e+01
      vertex   1.694292e+01 1.309864e+01 2.780000e+01
    endloop
  endfacet
  facet normal -1.305262e-01 9.914449e-01 0.000000e+00
    outer loop
      vertex   1.694292e+01 1.309864e+01 2.780000e+01
      vertex   1.660199e+01 1.305375e+01 3.180000e+01
      vertex   1.694292e+01 1.309864e+01 3.180000e+01
    endloop
  endfacet
  facet normal -3.826834e-01 9.238795e-01 0.000000e+00
    outer loop
      vertex   1.694292e+01 1.309864e+01 2.780000e+01
      vertex   1.694292e+01 1.309864e+01 3.180000e+01
      vertex   1.726061e+01 1.323023e+01 2.780000e+01
    endloop
  endfacet
  facet normal -3.826834e-01 9.238795e-01 0.000000e+00
    outer loop
      vertex   1.726061e+01 1.323023e+01 2.780000e+01
      vertex   1.694292e+01 1.309864e+01 3.180000e+01
      vertex   1.726061e+01 1.323023e+01 3.180000e+01
    endloop
  endfacet
  facet normal -6.087614e-01 7.933533e-01 0.000000e+00
    outer loop
      vertex   1.726061e+01 1.323023e+01 2.780000e+01
      vertex   1.726061e+01 1.323023e+01 3.180000e+01
      vertex   1.753342e+01 1.343957e+01 2.780000e+01
    endloop
  endfacet
  facet normal -6.087614e-01 7.933533e-01 0.000000e+00
    outer loop
      vertex   1.753342e+01 1.343957e+01 2.780000e+01
      vertex   1.726061e+01 1.323023e+01 3.180000e+01
      vertex   1.753342e+01 1.343957e+01 3.180000e+01
    endloop
  endfacet
  facet normal -7.933533e-01 6.087614e-01 0.000000e+00
    outer loop
      vertex   1.753342e+01 1.343957e+01 2.780000e+01
      vertex   1.753342e+01 1.343957e+01 3.180000e+01
      vertex   1.774276e+01 1.371238e+01 2.780000e+01
    endloop
  endfacet
  facet normal -7.933533e-01 6.087614e-01 0.000000e+00
    outer loop
      vertex   1.774276e+01 1.371238e+01 2.780000e+01
      vertex   1.753342e+01 1.343957e+01 3.180000e+01
      vertex   1.774276e+01 1.371238e+01 3.180000e+01
    endloop
  endfacet
  facet normal -9.238795e-01 3.826834e-01 0.000000e+00
    outer loop
      vertex   1.774276e+01 1.371238e+01 2.780000e+01
      vertex   1.774276e+01 1.371238e+01 3.180000e+01
      vertex   1.787435e+01 1.403007e+01 2.780000e+01
    endloop
  endfacet
  facet normal -9.238795e-01 3.826834e-01 0.000000e+00
    outer loop
      vertex   1.787435e+01 1.403007e+01 2.780000e+01
      vertex   1.774276e+01 1.371238e+01 3.180000e+01
      vertex   1.787435e+01 1.403007e+01 3.180000e+01
    endloop
  endfacet
  facet normal -9.914449e-01 1.305262e-01 0.000000e+00
    outer loop
      vertex   1.787435e+01 1.403007e+01 2.780000e+01
      vertex   1.787435e+01 1.403007e+01 3.180000e+01
      vertex   1.791924e+01 1.437100e+01 2.780000e+01
    endloop
  endfacet
  facet normal -9.914449e-01 1.305262e-01 0.000000e+00
    outer loop
      vertex   1.791924e+01 1.437100e+01 2.780000e+01
      vertex   1.787435e+01 1.403007e+01 3.180000e+01
      vertex   1.791924e+01 1.437100e+01 3.180000e+01
    endloop
  endfacet
  facet normal -9.914449e-01 -1.305262e-01 0.000000e+00
    outer loop
      vertex   1.791924e+01 1.437100e+01 2.780000e+01
      vertex   1.791924e+01 1.437100e+01 3.180000e+01
      vertex   1.787435e+01 1.471193e+01 2.780000e+01
    endloop
  endfacet
  facet normal -9.914449e-01 -1.305262e-01 0.000000e+00
    outer loop
      vertex   1.787435e+01 1.471193e+01 2.780000e+01
      vertex   1.791924e+01 1.437100e+01 3.180000e+01
      vertex   1.787435e+01 1.471193e+01 3.180000e+01
    endloop
  endfacet
  facet normal -9.238795e-01 -3.826834e-01 0.000000e+00
    outer loop
      vertex   1.787435e+01 1.471193e+01 2.780000e+01
      vertex   1.787435e+01 1.471193e+01 3.180000e+01
      vertex   1.774276e+01 1.502963e+01 2.780000e+01
    endloop
  endfacet
  facet normal -9.238795e-01 -3.826834e-01 0.000000e+00
    outer loop
      vertex   1.774276e+01 1.502963e+01 2.780000e+01
      vertex   1.787435e+01 1.471193e+01 3.180000e+01
      vertex   1.774276e+01 1.502963e+01 3.180000e+01
    endloop
  endfacet
  facet normal -7.933533e-01 -6.087614e-01 0.000000e+00
    outer loop
      vertex   1.774276e+01 1.502963e+01 2.780000e+01
      vertex   1.774276e+01 1.502963e+01 3.180000e+01
      vertex   1.753342e+01 1.530244e+01 2.780000e+01
    endloop
  endfacet
  facet normal -7.933533e-01 -6.087614e-01 0.000000e+00
    outer loop
      vertex   1.753342e+01 1.530244e+01 2.780000e+01
      vertex   1.774276e+01 1.502963e+01 3.180000e+01
      vertex   1.753342e+01 1.530244e+01 3.180000e+01
    endloop
  endfacet
  facet normal -6.087614e-01 -7.933533e-01 0.000000e+00
    outer loop
      vertex   1.753342e+01 1.530244e+01 2.780000e+01
      vertex   1.753342e+01 1.530244e+01 3.180000e+01
      vertex   1.726061e+01 1.551177e+01 2.780000e+01
    endloop
  endfacet
  facet normal -6.087614e-01 -7.933533e-01 0.000000e+00
    outer loop
      vertex   1.726061e+01 1.551177e+01 2.780000e+01
      vertex   1.753342e+01 1.530244e+01 3.180000e+01
      vertex   1.726061e+01 1.551177e+01 3.180000e+01
    endloop
  endfacet
  facet normal -3.826834e-01 -9.238795e-01 0.000000e+00
    outer loop
      vertex   1.726061e+01 1.551177e+01 2.780000e+01
      vertex   1.726061e+01 1.551177e+01 3.180000e+01
      vertex   1.694292e+01 1.564337e+01 2.780000e+01
    endloop
  endfacet
  facet normal -3.826834e-01 -9.238795e-01 0.000000e+00
    outer loop
      vertex   1.694292e+01 1.564337e+01 2.780000e+01
      vertex   1.726061e+01 1.551177e+01 3.180000e+01
      vertex   1.694292e+01 1.564337e+01 3.180000e+01
    endloop
  endfacet
  facet normal -1.305262e-01 -9.914449e-01 0.000000e+00
    outer loop
      vertex   1.694292e+01 1.564337e+01 2.780000e+01
      vertex   1.694292e+01 1.564337e+01 3.180000e+01
      vertex   1.660199e+01 1.568825e+01 2.780000e+01
    endloop
  endfacet
  facet normal -1.305262e-01 -9.914449e-01 0.000000e+00
    outer loop
      vertex   1.660199e+01 1.568825e+01 2.780000e+01
      vertex   1.694292e+01 1.564337e+01 3.180000e+01
      vertex   1.660199e+01 1.568825e+01 3.180000e+01
    endloop
  endfacet
  facet normal -8.924786e-01 4.510897e-01 -2.945942e-17
    outer loop
      vertex   2.148023e+01 4.896945e-01 2.780000e+01
      vertex   1.439906e+01 -1.352035e+01 2.780000e+01
      vertex   2.148023e+01 4.896945e-01 2.950000e+01
    endloop
  endfacet
  facet normal -8.924786e-01 4.510897e-01 -2.342009e-16
    outer loop
      vertex   2.148023e+01 4.896945e-01 2.950000e+01
      vertex   1.439906e+01 -1.352035e+01 2.780000e+01
      vertex   1.439906e+01 -1.352035e+01 2.950000e+01
    endloop
  endfacet
  facet normal -3.957306e-17 1.000000e+00 0.000000e+00
    outer loop
      vertex   2.428573e+01 4.896945e-01 2.780000e+01
      vertex   2.148023e+01 4.896945e-01 2.780000e+01
      vertex   2.428573e+01 4.896945e-01 2.950000e+01
    endloop
  endfacet
  facet normal 0.000000e+00 1.000000e+00 -6.530724e-17
    outer loop
      vertex   2.428573e+01 4.896945e-01 2.950000e+01
      vertex   2.148023e+01 4.896945e-01 2.780000e+01
      vertex   2.148023e+01 4.896945e-01 2.950000e+01
    endloop
  endfacet
  facet normal 0.000000e+00 -1.000000e+00 0.000000e+00
    outer loop
      vertex   -6.015482e+00 -9.460343e+00 2.780000e+01
      vertex   5.550098e+00 -9.460343e+00 2.780000e+01
      vertex   -6.015482e+00 -9.460343e+00 2.950000e+01
    endloop
  endfacet
  facet normal 0.000000e+00 -1.000000e+00 0.000000e+00
    outer loop
      vertex   -6.015482e+00 -9.460343e+00 2.950000e+01
      vertex   5.550098e+00 -9.460343e+00 2.780000e+01
      vertex   5.550098e+00 -9.460343e+00 2.950000e+01
    endloop
  endfacet
  facet normal 8.924786e-01 -4.510897e-01 0.000000e+00
    outer loop
      vertex   5.550098e+00 -9.460343e+00 2.780000e+01
      vertex   8.340727e+00 -3.939099e+00 2.780000e+01
      vertex   5.550098e+00 -9.460343e+00 2.950000e+01
    endloop
  endfacet
  facet normal 8.924786e-01 -4.510897e-01 -9.236634e-16
    outer loop
      vertex   5.550098e+00 -9.460343e+00 2.950000e+01
      vertex   8.340727e+00 -3.939099e+00 2.780000e+01
      vertex   8.340727e+00 -3.939099e+00 2.950000e+01
    endloop
  endfacet
  facet normal 9.280080e-17 1.000000e+00 -9.696902e-32
    outer loop
      vertex   8.340727e+00 -3.939099e+00 2.780000e+01
      vertex   -6.015482e+00 -3.939099e+00 2.780000e+01
      vertex   8.340727e+00 -3.939099e+00 2.950000e+01
    endloop
  endfacet
  facet normal 1.546680e-16 1.000000e+00 -5.224579e-16
    outer loop
      vertex   8.340727e+00 -3.939099e+00 2.950000e+01
      vertex   -6.015482e+00 -3.939099e+00 2.780000e+01
      vertex   -6.015482e+00 -3.939099e+00 2.950000e+01
    endloop
  endfacet
  facet normal -7.949110e-17 -1.000000e+00 -2.612289e-16
    outer loop
      vertex   -6.015482e+00 8.167113e-01 2.780000e+01
      vertex   1.074448e+01 8.167113e-01 2.780000e+01
      vertex   -6.015482e+00 8.167113e-01 2.950000e+01
    endloop
  endfacet
  facet normal -6.624258e-17 -1.000000e+00 -1.306145e-16
    outer loop
      vertex   -6.015482e+00 8.167113e-01 2.950000e+01
      vertex   1.074448e+01 8.167113e-01 2.780000e+01
      vertex   1.074448e+01 8.167113e-01 2.950000e+01
    endloop
  endfacet
  facet normal 8.924786e-01 -4.510897e-01 -5.891885e-17
    outer loop
      vertex   1.074448e+01 8.167113e-01 2.780000e+01
      vertex   1.564795e+01 1.051821e+01 2.780000e+01
      vertex   1.074448e+01 8.167113e-01 2.950000e+01
    endloop
  endfacet
  facet normal 8.924786e-01 -4.510897e-01 7.385263e-17
    outer loop
      vertex   1.074448e+01 8.167113e-01 2.950000e+01
      vertex   1.564795e+01 1.051821e+01 2.780000e+01
      vertex   1.564795e+01 1.051821e+01 2.950000e+01
    endloop
  endfacet
  facet normal 0.000000e+00 -1.000000e+00 0.000000e+00
    outer loop
      vertex   1.564795e+01 1.051821e+01 2.780000e+01
      vertex   2.428573e+01 1.051821e+01 2.780000e+01
      vertex   1.564795e+01 1.051821e+01 2.950000e+01
    endloop
  endfacet
  facet normal 0.000000e+00 -1.000000e+00 0.000000e+00
    outer loop
      vertex   1.564795e+01 1.051821e+01 2.950000e+01
      vertex   2.428573e+01 1.051821e+01 2.780000e+01
      vertex   2.428573e+01 1.051821e+01 2.950000e+01
    endloop
  endfacet
  facet normal 0.000000e+00 0.000000e+00 -1.000000e+00
    outer loop
      vertex   1.694292e+01 1.564337e+01 2.780000e+01
      vertex   1.660199e+01 1.568825e+01 2.780000e+01
      vertex   2.194542e+01 1.981246e+01 2.780000e+01
    endloop
  endfacet
  facet normal 0.000000e+00 0.000000e+00 -1.000000e+00
    outer loop
      vertex   2.194542e+01 1.981246e+01 2.780000e+01
      vertex   1.660199e+01 1.568825e+01 2.780000e+01
      vertex   1.537242e+01 1.568825e+01 2.780000e+01
    endloop
  endfacet
  facet normal 0.000000e+00 0.000000e+00 -1.000000e+00
    outer loop
      vertex   2.194542e+01 1.981246e+01 2.780000e+01
      vertex   1.537242e+01 1.568825e+01 2.780000e+01
      vertex   1.503149e+01 1.564337e+01 2.780000e+01
    endloop
  endfacet
  facet normal -0.000000e+00 0.000000e+00 -1.000000e+00
    outer loop
      vertex   1.471380e+01 1.551177e+01 2.780000e+01
      vertex   8.430323e-01 1.527965e+01 2.780000e+01
      vertex   1.503149e+01 1.564337e+01 2.780000e+01
    endloop
  endfacet
  facet normal -0.000000e+00 0.000000e+00 -1.000000e+00
    outer loop
      vertex   1.503149e+01 1.564337e+01 2.780000e+01
      vertex   8.430323e-01 1.527965e+01 2.780000e+01
      vertex   -6.015482e+00 1.981246e+01 2.780000e+01
    endloop
  endfacet
  facet normal 0.000000e+00 0.000000e+00 -1.000000e+00
    outer loop
      vertex   1.503149e+01 1.564337e+01 2.780000e+01
      vertex   -6.015482e+00 1.981246e+01 2.780000e+01
      vertex   2.194542e+01 1.981246e+01 2.780000e+01
    endloop
  endfacet
  facet normal 0.000000e+00 0.000000e+00 -1.000000e+00
    outer loop
      vertex   8.430323e-01 1.527965e+01 2.780000e+01
      vertex   1.471380e+01 1.551177e+01 2.780000e+01
      vertex   1.279947e+00 1.510557e+01 2.780000e+01
    endloop
  endfacet
  facet normal 0.000000e+00 0.000000e+00 -1.000000e+00
    outer loop
      vertex   1.279947e+00 1.510557e+01 2.780000e+01
      vertex   1.471380e+01 1.551177e+01 2.780000e+01
      vertex   1.444099e+01 1.530244e+01 2.780000e+01
    endloop
  endfacet
  facet normal 0.000000e+00 0.000000e+00 -1.000000e+00
    outer loop
      vertex   1.279947e+00 1.510557e+01 2.780000e+01
      vertex   1.444099e+01 1.530244e+01 2.780000e+01
      vertex   1.669223e+00 1.484163e+01 2.780000e+01
    endloop
  endfacet
  facet normal 0.000000e+00 0.000000e+00 -1.000000e+00
    outer loop
      vertex   1.669223e+00 1.484163e+01 2.780000e+01
      vertex   1.444099e+01 1.530244e+01 2.780000e+01
      vertex   1.423165e+01 1.502963e+01 2.780000e+01
    endloop
  endfacet
  facet normal 0.000000e+00 0.000000e+00 -1.000000e+00
    outer loop
      vertex   1.669223e+00 1.484163e+01 2.780000e+01
      vertex   1.423165e+01 1.502963e+01 2.780000e+01
      vertex   1.992661e+00 1.450018e+01 2.780000e+01
    endloop
  endfacet
  facet normal 0.000000e+00 0.000000e+00 -1.000000e+00
    outer loop
      vertex   1.992661e+00 1.450018e+01 2.780000e+01
      vertex   1.423165e+01 1.502963e+01 2.780000e+01
      vertex   1.410006e+01 1.471193e+01 2.780000e+01
    endloop
  endfacet
  facet normal 0.000000e+00 0.000000e+00 -1.000000e+00
    outer loop
      vertex   1.992661e+00 1.450018e+01 2.780000e+01
      vertex   1.410006e+01 1.471193e+01 2.780000e+01
      vertex   2.235135e+00 1.409719e+01 2.780000e+01
    endloop
  endfacet
  facet normal 0.000000e+00 0.000000e+00 -1.000000e+00
    outer loop
      vertex   2.235135e+00 1.409719e+01 2.780000e+01
      vertex   1.410006e+01 1.471193e+01 2.780000e+01
      vertex   1.405517e+01 1.437100e+01 2.780000e+01
    endloop
  endfacet
  facet normal 0.000000e+00 0.000000e+00 -1.000000e+00
    outer loop
      vertex   2.235135e+00 1.409719e+01 2.780000e+01
      vertex   1.405517e+01 1.437100e+01 2.780000e+01
      vertex   2.385308e+00 1.365149e+01 2.780000e+01
    endloop
  endfacet
  facet normal 0.000000e+00 0.000000e+00 -1.000000e+00
    outer loop
      vertex   2.385308e+00 1.365149e+01 2.780000e+01
      vertex   1.405517e+01 1.437100e+01 2.780000e+01
      vertex   9.411158e+00 1.048393e+01 2.780000e+01
    endloop
  endfacet
  facet normal 0.000000e+00 0.000000e+00 -1.000000e+00
    outer loop
      vertex   2.385308e+00 1.365149e+01 2.780000e+01
      vertex   9.411158e+00 1.048393e+01 2.780000e+01
      vertex   2.436158e+00 1.318393e+01 2.780000e+01
    endloop
  endfacet
  facet normal 0.000000e+00 -0.000000e+00 -1.000000e+00
    outer loop
      vertex   2.436158e+00 1.318393e+01 2.780000e+01
      vertex   9.411158e+00 1.048393e+01 2.780000e+01
      vertex   2.385308e+00 1.271637e+01 2.780000e+01
    endloop
  endfacet
  facet normal 0.000000e+00 -0.000000e+00 -1.000000e+00
    outer loop
      vertex   2.385308e+00 1.271637e+01 2.780000e+01
      vertex   9.411158e+00 1.048393e+01 2.780000e+01
      vertex   2.235135e+00 1.227067e+01 2.780000e+01
    endloop
  endfacet
  facet normal 0.000000e+00 -0.000000e+00 -1.000000e+00
    outer loop
      vertex   2.235135e+00 1.227067e+01 2.780000e+01
      vertex   9.411158e+00 1.048393e+01 2.780000e+01
      vertex   1.992661e+00 1.186767e+01 2.780000e+01
    endloop
  endfacet
  facet normal 0.000000e+00 -0.000000e+00 -1.000000e+00
    outer loop
      vertex   1.992661e+00 1.186767e+01 2.780000e+01
      vertex   9.411158e+00 1.048393e+01 2.780000e+01
      vertex   1.669223e+00 1.152623e+01 2.780000e+01
    endloop
  endfacet
  facet normal 0.000000e+00 -0.000000e+00 -1.000000e+00
    outer loop
      vertex   1.669223e+00 1.152623e+01 2.780000e+01
      vertex   9.411158e+00 1.048393e+01 2.780000e+01
      vertex   1.279947e+00 1.126229e+01 2.780000e+01
    endloop
  endfacet
  facet normal 0.000000e+00 -0.000000e+00 -1.000000e+00
    outer loop
      vertex   1.279947e+00 1.126229e+01 2.780000e+01
      vertex   9.411158e+00 1.048393e+01 2.780000e+01
      vertex   2.111582e-01 1.048393e+01 2.780000e+01
    endloop
  endfacet
  facet normal 0.000000e+00 0.000000e+00 -1.000000e+00
    outer loop
      vertex   1.279947e+00 1.126229e+01 2.780000e+01
      vertex   2.111582e-01 1.048393e+01 2.780000e+01
      vertex   8.430323e-01 1.108821e+01 2.780000e+01
    endloop
  endfacet
  facet normal 0.000000e+00 0.000000e+00 -1.000000e+00
    outer loop
      vertex   8.430323e-01 1.108821e+01 2.780000e+01
      vertex   2.111582e-01 1.048393e+01 2.780000e+01
      vertex   3.789103e-01 1.101212e+01 2.780000e+01
    endloop
  endfacet
  facet normal -0.000000e+00 0.000000e+00 -1.000000e+00
    outer loop
      vertex   3.789103e-01 1.101212e+01 2.780000e+01
      vertex   2.111582e-01 1.048393e+01 2.780000e+01
      vertex   -9.071767e-02 1.103758e+01 2.780000e+01
    endloop
  endfacet
  facet normal -0.000000e+00 -0.000000e+00 -1.000000e+00
    outer loop
      vertex   -9.071767e-02 1.103758e+01 2.780000e+01
      vertex   2.111582e-01 1.048393e+01 2.780000e+01
      vertex   -5.438923e-01 1.116340e+01 2.780000e+01
    endloop
  endfacet
  facet normal -0.000000e+00 -0.000000e+00 -1.000000e+00
    outer loop
      vertex   -5.438923e-01 1.116340e+01 2.780000e+01
      vertex   2.111582e-01 1.048393e+01 2.780000e+01
      vertex   -9.594237e-01 1.138371e+01 2.780000e+01
    endloop
  endfacet
  facet normal 0.000000e+00 -0.000000e+00 -1.000000e+00
    outer loop
      vertex   -9.594237e-01 1.138371e+01 2.780000e+01
      vertex   2.111582e-01 1.048393e+01 2.780000e+01
      vertex   -6.015482e+00 8.167113e-01 2.780000e+01
    endloop
  endfacet
  facet normal -0.000000e+00 0.000000e+00 -1.000000e+00
    outer loop
      vertex   -9.594237e-01 1.138371e+01 2.780000e+01
      vertex   -6.015482e+00 8.167113e-01 2.780000e+01
      vertex   -1.317882e+00 1.168818e+01 2.780000e+01
    endloop
  endfacet
  facet normal -0.000000e+00 0.000000e+00 -1.000000e+00
    outer loop
      vertex   -1.317882e+00 1.168818e+01 2.780000e+01
      vertex   -6.015482e+00 8.167113e-01 2.780000e+01
      vertex   -1.602506e+00 1.206260e+01 2.780000e+01
    endloop
  endfacet
  facet normal -0.000000e+00 0.000000e+00 -1.000000e+00
    outer loop
      vertex   -1.602506e+00 1.206260e+01 2.780000e+01
      vertex   -6.015482e+00 8.167113e-01 2.780000e+01
      vertex   -1.799987e+00 1.248945e+01 2.780000e+01
    endloop
  endfacet
  facet normal -0.000000e+00 0.000000e+00 -1.000000e+00
    outer loop
      vertex   -1.799987e+00 1.248945e+01 2.780000e+01
      vertex   -6.015482e+00 8.167113e-01 2.780000e+01
      vertex   -1.901092e+00 1.294877e+01 2.780000e+01
    endloop
  endfacet
  facet normal -0.000000e+00 0.000000e+00 -1.000000e+00
    outer loop
      vertex   -1.901092e+00 1.294877e+01 2.780000e+01
      vertex   -6.015482e+00 8.167113e-01 2.780000e+01
      vertex   -6.015482e+00 1.981246e+01 2.780000e+01
    endloop
  endfacet
  facet normal 0.000000e+00 0.000000e+00 -1.000000e+00
    outer loop
      vertex   -1.901092e+00 1.294877e+01 2.780000e+01
      vertex   -6.015482e+00 1.981246e+01 2.780000e+01
      vertex   -1.901092e+00 1.341909e+01 2.780000e+01
    endloop
  endfacet
  facet normal 0.000000e+00 0.000000e+00 -1.000000e+00
    outer loop
      vertex   -1.901092e+00 1.341909e+01 2.780000e+01
      vertex   -6.015482e+00 1.981246e+01 2.780000e+01
      vertex   -1.799987e+00 1.387841e+01 2.780000e+01
    endloop
  endfacet
  facet normal 0.000000e+00 0.000000e+00 -1.000000e+00
    outer loop
      vertex   -1.799987e+00 1.387841e+01 2.780000e+01
      vertex   -6.015482e+00 1.981246e+01 2.780000e+01
      vertex   -1.602506e+00 1.430526e+01 2.780000e+01
    endloop
  endfacet
  facet normal 0.000000e+00 0.000000e+00 -1.000000e+00
    outer loop
      vertex   -1.602506e+00 1.430526e+01 2.780000e+01
      vertex   -6.015482e+00 1.981246e+01 2.780000e+01
      vertex   -1.317882e+00 1.467967e+01 2.780000e+01
    endloop
  endfacet
  facet normal 0.000000e+00 0.000000e+00 -1.000000e+00
    outer loop
      vertex   -1.317882e+00 1.467967e+01 2.780000e+01
      vertex   -6.015482e+00 1.981246e+01 2.780000e+01
      vertex   -9.594237e-01 1.498415e+01 2.780000e+01
    endloop
  endfacet
  facet normal 0.000000e+00 0.000000e+00 -1.000000e+00
    outer loop
      vertex   -9.594237e-01 1.498415e+01 2.780000e+01
      vertex   -6.015482e+00 1.981246e+01 2.780000e+01
      vertex   -5.438923e-01 1.520445e+01 2.780000e+01
    endloop
  endfacet
  facet normal 0.000000e+00 0.000000e+00 -1.000000e+00
    outer loop
      vertex   -5.438923e-01 1.520445e+01 2.780000e+01
      vertex   -6.015482e+00 1.981246e+01 2.780000e+01
      vertex   -9.071767e-02 1.533028e+01 2.780000e+01
    endloop
  endfacet
  facet normal 0.000000e+00 0.000000e+00 -1.000000e+00
    outer loop
      vertex   -9.071767e-02 1.533028e+01 2.780000e+01
      vertex   -6.015482e+00 1.981246e+01 2.780000e+01
      vertex   3.789103e-01 1.535574e+01 2.780000e+01
    endloop
  endfacet
  facet normal 0.000000e+00 0.000000e+00 -1.000000e+00
    outer loop
      vertex   3.789103e-01 1.535574e+01 2.780000e+01
      vertex   -6.015482e+00 1.981246e+01 2.780000e+01
      vertex   8.430323e-01 1.527965e+01 2.780000e+01
    endloop
  endfacet
  facet normal 0.000000e+00 -0.000000e+00 -1.000000e+00
    outer loop
      vertex   1.405517e+01 1.437100e+01 2.780000e+01
      vertex   1.410006e+01 1.403007e+01 2.780000e+01
      vertex   9.411158e+00 1.048393e+01 2.780000e+01
    endloop
  endfacet
  facet normal 0.000000e+00 0.000000e+00 -1.000000e+00
    outer loop
      vertex   9.411158e+00 1.048393e+01 2.780000e+01
      vertex   1.410006e+01 1.403007e+01 2.780000e+01
      vertex   1.423165e+01 1.371238e+01 2.780000e+01
    endloop
  endfacet
  facet normal 0.000000e+00 0.000000e+00 -1.000000e+00
    outer loop
      vertex   9.411158e+00 1.048393e+01 2.780000e+01
      vertex   1.423165e+01 1.371238e+01 2.780000e+01
      vertex   1.444099e+01 1.343957e+01 2.780000e+01
    endloop
  endfacet
  facet normal 0.000000e+00 -0.000000e+00 -1.000000e+00
    outer loop
      vertex   1.444099e+01 1.343957e+01 2.780000e+01
      vertex   1.471380e+01 1.323023e+01 2.780000e+01
      vertex   9.411158e+00 1.048393e+01 2.780000e+01
    endloop
  endfacet
  facet normal 0.000000e+00 0.000000e+00 -1.000000e+00
    outer loop
      vertex   9.411158e+00 1.048393e+01 2.780000e+01
      vertex   1.471380e+01 1.323023e+01 2.780000e+01
      vertex   1.564795e+01 1.051821e+01 2.780000e+01
    endloop
  endfacet
  facet normal 0.000000e+00 0.000000e+00 -1.000000e+00
    outer loop
      vertex   9.411158e+00 1.048393e+01 2.780000e+01
      vertex   1.564795e+01 1.051821e+01 2.780000e+01
      vertex   9.411158e+00 1.283929e+00 2.780000e+01
    endloop
  endfacet
  facet normal 0.000000e+00 0.000000e+00 -1.000000e+00
    outer loop
      vertex   9.411158e+00 1.283929e+00 2.780000e+01
      vertex   1.564795e+01 1.051821e+01 2.780000e+01
      vertex   1.074448e+01 8.167113e-01 2.780000e+01
    endloop
  endfacet
  facet normal -0.000000e+00 -0.000000e+00 -1.000000e+00
    outer loop
      vertex   9.411158e+00 1.283929e+00 2.780000e+01
      vertex   1.074448e+01 8.167113e-01 2.780000e+01
      vertex   2.111582e-01 1.283929e+00 2.780000e+01
    endloop
  endfacet
  facet normal 0.000000e+00 -0.000000e+00 -1.000000e+00
    outer loop
      vertex   2.111582e-01 1.283929e+00 2.780000e+01
      vertex   1.074448e+01 8.167113e-01 2.780000e+01
      vertex   -6.015482e+00 8.167113e-01 2.780000e+01
    endloop
  endfacet
  facet normal -0.000000e+00 0.000000e+00 -1.000000e+00
    outer loop
      vertex   2.111582e-01 1.283929e+00 2.780000e+01
      vertex   -6.015482e+00 8.167113e-01 2.780000e+01
      vertex   2.111582e-01 1.048393e+01 2.780000e+01
    endloop
  endfacet
  facet normal 0.000000e+00 0.000000e+00 -1.000000e+00
    outer loop
      vertex   1.471380e+01 1.323023e+01 2.780000e+01
      vertex   1.503149e+01 1.309864e+01 2.780000e+01
      vertex   1.564795e+01 1.051821e+01 2.780000e+01
    endloop
  endfacet
  facet normal 0.000000e+00 0.000000e+00 -1.000000e+00
    outer loop
      vertex   1.564795e+01 1.051821e+01 2.780000e+01
      vertex   1.503149e+01 1.309864e+01 2.780000e+01
      vertex   1.537242e+01 1.305375e+01 2.780000e+01
    endloop
  endfacet
  facet normal 0.000000e+00 0.000000e+00 -1.000000e+00
    outer loop
      vertex   1.564795e+01 1.051821e+01 2.780000e+01
      vertex   1.537242e+01 1.305375e+01 2.780000e+01
      vertex   1.660199e+01 1.305375e+01 2.780000e+01
    endloop
  endfacet
  facet normal 0.000000e+00 -0.000000e+00 -1.000000e+00
    outer loop
      vertex   1.694292e+01 1.309864e+01 2.780000e+01
      vertex   1.820001e+01 1.248945e+01 2.780000e+01
      vertex   1.660199e+01 1.305375e+01 2.780000e+01
    endloop
  endfacet
  facet normal 0.000000e+00 0.000000e+00 -1.000000e+00
    outer loop
      vertex   1.660199e+01 1.305375e+01 2.780000e+01
      vertex   1.820001e+01 1.248945e+01 2.780000e+01
      vertex   1.839749e+01 1.206260e+01 2.780000e+01
    endloop
  endfacet
  facet normal 0.000000e+00 -0.000000e+00 -1.000000e+00
    outer loop
      vertex   1.660199e+01 1.305375e+01 2.780000e+01
      vertex   1.839749e+01 1.206260e+01 2.780000e+01
      vertex   1.564795e+01 1.051821e+01 2.780000e+01
    endloop
  endfacet
  facet normal 0.000000e+00 0.000000e+00 -1.000000e+00
    outer loop
      vertex   1.564795e+01 1.051821e+01 2.780000e+01
      vertex   1.839749e+01 1.206260e+01 2.780000e+01
      vertex   1.868212e+01 1.168818e+01 2.780000e+01
    endloop
  endfacet
  facet normal 0.000000e+00 0.000000e+00 -1.000000e+00
    outer loop
      vertex   1.564795e+01 1.051821e+01 2.780000e+01
      vertex   1.868212e+01 1.168818e+01 2.780000e+01
      vertex   1.904058e+01 1.138371e+01 2.780000e+01
    endloop
  endfacet
  facet normal 0.000000e+00 0.000000e+00 -1.000000e+00
    outer loop
      vertex   1.820001e+01 1.248945e+01 2.780000e+01
      vertex   1.694292e+01 1.309864e+01 2.780000e+01
      vertex   1.809891e+01 1.294877e+01 2.780000e+01
    endloop
  endfacet
  facet normal 0.000000e+00 0.000000e+00 -1.000000e+00
    outer loop
      vertex   1.809891e+01 1.294877e+01 2.780000e+01
      vertex   1.694292e+01 1.309864e+01 2.780000e+01
      vertex   1.726061e+01 1.323023e+01 2.780000e+01
    endloop
  endfacet
  facet normal 0.000000e+00 0.000000e+00 -1.000000e+00
    outer loop
      vertex   1.809891e+01 1.294877e+01 2.780000e+01
      vertex   1.726061e+01 1.323023e+01 2.780000e+01
      vertex   1.753342e+01 1.343957e+01 2.780000e+01
    endloop
  endfacet
  facet normal 0.000000e+00 0.000000e+00 -1.000000e+00
    outer loop
      vertex   1.809891e+01 1.294877e+01 2.780000e+01
      vertex   1.753342e+01 1.343957e+01 2.780000e+01
      vertex   1.809891e+01 1.341909e+01 2.780000e+01
    endloop
  endfacet
  facet normal 0.000000e+00 0.000000e+00 -1.000000e+00
    outer loop
      vertex   1.809891e+01 1.341909e+01 2.780000e+01
      vertex   1.753342e+01 1.343957e+01 2.780000e+01
      vertex   1.774276e+01 1.371238e+01 2.780000e+01
    endloop
  endfacet
  facet normal 0.000000e+00 0.000000e+00 -1.000000e+00
    outer loop
      vertex   1.809891e+01 1.341909e+01 2.780000e+01
      vertex   1.774276e+01 1.371238e+01 2.780000e+01
      vertex   1.820001e+01 1.387841e+01 2.780000e+01
    endloop
  endfacet
  facet normal -0.000000e+00 0.000000e+00 -1.000000e+00
    outer loop
      vertex   1.820001e+01 1.387841e+01 2.780000e+01
      vertex   1.774276e+01 1.371238e+01 2.780000e+01
      vertex   1.787435e+01 1.403007e+01 2.780000e+01
    endloop
  endfacet
  facet normal 0.000000e+00 0.000000e+00 -1.000000e+00
    outer loop
      vertex   1.820001e+01 1.387841e+01 2.780000e+01
      vertex   1.787435e+01 1.403007e+01 2.780000e+01
      vertex   1.839749e+01 1.430526e+01 2.780000e+01
    endloop
  endfacet
  facet normal -0.000000e+00 0.000000e+00 -1.000000e+00
    outer loop
      vertex   1.839749e+01 1.430526e+01 2.780000e+01
      vertex   1.787435e+01 1.403007e+01 2.780000e+01
      vertex   1.791924e+01 1.437100e+01 2.780000e+01
    endloop
  endfacet
  facet normal 0.000000e+00 0.000000e+00 -1.000000e+00
    outer loop
      vertex   1.839749e+01 1.430526e+01 2.780000e+01
      vertex   1.791924e+01 1.437100e+01 2.780000e+01
      vertex   1.868212e+01 1.467967e+01 2.780000e+01
    endloop
  endfacet
  facet normal -0.000000e+00 0.000000e+00 -1.000000e+00
    outer loop
      vertex   1.868212e+01 1.467967e+01 2.780000e+01
      vertex   1.791924e+01 1.437100e+01 2.780000e+01
      vertex   1.787435e+01 1.471193e+01 2.780000e+01
    endloop
  endfacet
  facet normal 0.000000e+00 0.000000e+00 -1.000000e+00
    outer loop
      vertex   1.868212e+01 1.467967e+01 2.780000e+01
      vertex   1.787435e+01 1.471193e+01 2.780000e+01
      vertex   1.774276e+01 1.502963e+01 2.780000e+01
    endloop
  endfacet
  facet normal 0.000000e+00 0.000000e+00 -1.000000e+00
    outer loop
      vertex   1.868212e+01 1.467967e+01 2.780000e+01
      vertex   1.774276e+01 1.502963e+01 2.780000e+01
      vertex   1.904058e+01 1.498415e+01 2.780000e+01
    endloop
  endfacet
  facet normal 0.000000e+00 0.000000e+00 -1.000000e+00
    outer loop
      vertex   1.904058e+01 1.498415e+01 2.780000e+01
      vertex   1.774276e+01 1.502963e+01 2.780000e+01
      vertex   1.753342e+01 1.530244e+01 2.780000e+01
    endloop
  endfacet
  facet normal 0.000000e+00 0.000000e+00 -1.000000e+00
    outer loop
      vertex   1.904058e+01 1.498415e+01 2.780000e+01
      vertex   1.753342e+01 1.530244e+01 2.780000e+01
      vertex   1.945611e+01 1.520445e+01 2.780000e+01
    endloop
  endfacet
  facet normal 0.000000e+00 0.000000e+00 -1.000000e+00
    outer loop
      vertex   1.945611e+01 1.520445e+01 2.780000e+01
      vertex   1.753342e+01 1.530244e+01 2.780000e+01
      vertex   1.726061e+01 1.551177e+01 2.780000e+01
    endloop
  endfacet
  facet normal 0.000000e+00 0.000000e+00 -1.000000e+00
    outer loop
      vertex   1.945611e+01 1.520445e+01 2.780000e+01
      vertex   1.726061e+01 1.551177e+01 2.780000e+01
      vertex   1.990928e+01 1.533028e+01 2.780000e+01
    endloop
  endfacet
  facet normal 0.000000e+00 0.000000e+00 -1.000000e+00
    outer loop
      vertex   1.990928e+01 1.533028e+01 2.780000e+01
      vertex   1.726061e+01 1.551177e+01 2.780000e+01
      vertex   1.694292e+01 1.564337e+01 2.780000e+01
    endloop
  endfacet
  facet normal 0.000000e+00 0.000000e+00 -1.000000e+00
    outer loop
      vertex   1.990928e+01 1.533028e+01 2.780000e+01
      vertex   1.694292e+01 1.564337e+01 2.780000e+01
      vertex   2.194542e+01 1.981246e+01 2.780000e+01
    endloop
  endfacet
  facet normal 0.000000e+00 0.000000e+00 -1.000000e+00
    outer loop
      vertex   1.990928e+01 1.533028e+01 2.780000e+01
      vertex   2.194542e+01 1.981246e+01 2.780000e+01
      vertex   2.037891e+01 1.535574e+01 2.780000e+01
    endloop
  endfacet
  facet normal 0.000000e+00 0.000000e+00 -1.000000e+00
    outer loop
      vertex   2.037891e+01 1.535574e+01 2.780000e+01
      vertex   2.194542e+01 1.981246e+01 2.780000e+01
      vertex   2.428573e+01 1.756224e+01 2.780000e+01
    endloop
  endfacet
  facet normal 0.000000e+00 0.000000e+00 -1.000000e+00
    outer loop
      vertex   2.037891e+01 1.535574e+01 2.780000e+01
      vertex   2.428573e+01 1.756224e+01 2.780000e+01
      vertex   2.084303e+01 1.527965e+01 2.780000e+01
    endloop
  endfacet
  facet normal 0.000000e+00 0.000000e+00 -1.000000e+00
    outer loop
      vertex   2.084303e+01 1.527965e+01 2.780000e+01
      vertex   2.428573e+01 1.756224e+01 2.780000e+01
      vertex   2.127995e+01 1.510557e+01 2.780000e+01
    endloop
  endfacet
  facet normal 0.000000e+00 0.000000e+00 -1.000000e+00
    outer loop
      vertex   2.127995e+01 1.510557e+01 2.780000e+01
      vertex   2.428573e+01 1.756224e+01 2.780000e+01
      vertex   2.166922e+01 1.484163e+01 2.780000e+01
    endloop
  endfacet
  facet normal 0.000000e+00 0.000000e+00 -1.000000e+00
    outer loop
      vertex   2.166922e+01 1.484163e+01 2.780000e+01
      vertex   2.428573e+01 1.756224e+01 2.780000e+01
      vertex   2.199266e+01 1.450018e+01 2.780000e+01
    endloop
  endfacet
  facet normal 0.000000e+00 0.000000e+00 -1.000000e+00
    outer loop
      vertex   2.199266e+01 1.450018e+01 2.780000e+01
      vertex   2.428573e+01 1.756224e+01 2.780000e+01
      vertex   2.223513e+01 1.409719e+01 2.780000e+01
    endloop
  endfacet
  facet normal 0.000000e+00 0.000000e+00 -1.000000e+00
    outer loop
      vertex   2.223513e+01 1.409719e+01 2.780000e+01
      vertex   2.428573e+01 1.756224e+01 2.780000e+01
      vertex   2.238531e+01 1.365149e+01 2.780000e+01
    endloop
  endfacet
  facet normal 0.000000e+00 0.000000e+00 -1.000000e+00
    outer loop
      vertex   2.238531e+01 1.365149e+01 2.780000e+01
      vertex   2.428573e+01 1.756224e+01 2.780000e+01
      vertex   2.428573e+01 1.051821e+01 2.780000e+01
    endloop
  endfacet
  facet normal 0.000000e+00 0.000000e+00 -1.000000e+00
    outer loop
      vertex   2.238531e+01 1.365149e+01 2.780000e+01
      vertex   2.428573e+01 1.051821e+01 2.780000e+01
      vertex   2.243616e+01 1.318393e+01 2.780000e+01
    endloop
  endfacet
  facet normal 0.000000e+00 -0.000000e+00 -1.000000e+00
    outer loop
      vertex   2.243616e+01 1.318393e+01 2.780000e+01
      vertex   2.428573e+01 1.051821e+01 2.780000e+01
      vertex   2.238531e+01 1.271637e+01 2.780000e+01
    endloop
  endfacet
  facet normal 0.000000e+00 -0.000000e+00 -1.000000e+00
    outer loop
      vertex   2.238531e+01 1.271637e+01 2.780000e+01
      vertex   2.428573e+01 1.051821e+01 2.780000e+01
      vertex   2.223513e+01 1.227067e+01 2.780000e+01
    endloop
  endfacet
  facet normal 0.000000e+00 -0.000000e+00 -1.000000e+00
    outer loop
      vertex   2.223513e+01 1.227067e+01 2.780000e+01
      vertex   2.428573e+01 1.051821e+01 2.780000e+01
      vertex   2.199266e+01 1.186767e+01 2.780000e+01
    endloop
  endfacet
  facet normal 0.000000e+00 -0.000000e+00 -1.000000e+00
    outer loop
      vertex   2.199266e+01 1.186767e+01 2.780000e+01
      vertex   2.428573e+01 1.051821e+01 2.780000e+01
      vertex   2.166922e+01 1.152623e+01 2.780000e+01
    endloop
  endfacet
  facet normal 0.000000e+00 -0.000000e+00 -1.000000e+00
    outer loop
      vertex   2.166922e+01 1.152623e+01 2.780000e+01
      vertex   2.428573e+01 1.051821e+01 2.780000e+01
      vertex   2.127995e+01 1.126229e+01 2.780000e+01
    endloop
  endfacet
  facet normal 0.000000e+00 -0.000000e+00 -1.000000e+00
    outer loop
      vertex   2.127995e+01 1.126229e+01 2.780000e+01
      vertex   2.428573e+01 1.051821e+01 2.780000e+01
      vertex   2.084303e+01 1.108821e+01 2.780000e+01
    endloop
  endfacet
  facet normal 0.000000e+00 -0.000000e+00 -1.000000e+00
    outer loop
      vertex   2.084303e+01 1.108821e+01 2.780000e+01
      vertex   2.428573e+01 1.051821e+01 2.780000e+01
      vertex   2.037891e+01 1.101212e+01 2.780000e+01
    endloop
  endfacet
  facet normal 0.000000e+00 -0.000000e+00 -1.000000e+00
    outer loop
      vertex   2.037891e+01 1.101212e+01 2.780000e+01
      vertex   2.428573e+01 1.051821e+01 2.780000e+01
      vertex   1.564795e+01 1.051821e+01 2.780000e+01
    endloop
  endfacet
  facet normal -0.000000e+00 0.000000e+00 -1.000000e+00
    outer loop
      vertex   2.037891e+01 1.101212e+01 2.780000e+01
      vertex   1.564795e+01 1.051821e+01 2.780000e+01
      vertex   1.990928e+01 1.103758e+01 2.780000e+01
    endloop
  endfacet
  facet normal -0.000000e+00 0.000000e+00 -1.000000e+00
    outer loop
      vertex   1.990928e+01 1.103758e+01 2.780000e+01
      vertex   1.564795e+01 1.051821e+01 2.780000e+01
      vertex   1.945611e+01 1.116340e+01 2.780000e+01
    endloop
  endfacet
  facet normal -0.000000e+00 0.000000e+00 -1.000000e+00
    outer loop
      vertex   1.945611e+01 1.116340e+01 2.780000e+01
      vertex   1.564795e+01 1.051821e+01 2.780000e+01
      vertex   1.904058e+01 1.138371e+01 2.780000e+01
    endloop
  endfacet
  facet normal 1.000000e+00 0.000000e+00 -0.000000e+00
    outer loop
      vertex   2.428573e+01 4.896945e-01 2.780000e+01
      vertex   2.428573e+01 4.896945e-01 2.950000e+01
      vertex   2.428573e+01 -1.127013e+01 2.780000e+01
    endloop
  endfacet
  facet normal 1.000000e+00 0.000000e+00 -0.000000e+00
    outer loop
      vertex   2.428573e+01 -1.127013e+01 2.780000e+01
      vertex   2.428573e+01 4.896945e-01 2.950000e+01
      vertex   2.428573e+01 -1.602035e+01 2.980000e+01
    endloop
  endfacet
  facet normal 1.000000e+00 0.000000e+00 0.000000e+00
    outer loop
      vertex   2.428573e+01 -1.127013e+01 2.780000e+01
      vertex   2.428573e+01 -1.602035e+01 2.980000e+01
      vertex   2.428573e+01 -1.602035e+01 2.210000e+01
    endloop
  endfacet
  facet normal 1.000000e+00 -0.000000e+00 0.000000e+00
    outer loop
      vertex   2.428573e+01 -1.602035e+01 2.980000e+01
      vertex   2.428573e+01 4.896945e-01 2.950000e+01
      vertex   2.428573e+01 2.233725e+01 2.980000e+01
    endloop
  endfacet
  facet normal 1.000000e+00 0.000000e+00 0.000000e+00
    outer loop
      vertex   2.428573e+01 2.233725e+01 2.980000e+01
      vertex   2.428573e+01 4.896945e-01 2.950000e+01
      vertex   2.428573e+01 1.051821e+01 2.950000e+01
    endloop
  endfacet
  facet normal 1.000000e+00 0.000000e+00 0.000000e+00
    outer loop
      vertex   2.428573e+01 2.233725e+01 2.980000e+01
      vertex   2.428573e+01 1.051821e+01 2.950000e+01
      vertex   2.428573e+01 1.756224e+01 2.780000e+01
    endloop
  endfacet
  facet normal 1.000000e+00 0.000000e+00 0.000000e+00
    outer loop
      vertex   2.428573e+01 1.756224e+01 2.780000e+01
      vertex   2.428573e+01 1.051821e+01 2.950000e+01
      vertex   2.428573e+01 1.051821e+01 2.780000e+01
    endloop
  endfacet
  facet normal 1.000000e+00 0.000000e+00 0.000000e+00
    outer loop
      vertex   2.428573e+01 2.233725e+01 2.980000e+01
      vertex   2.428573e+01 1.756224e+01 2.780000e+01
      vertex   2.428573e+01 2.233725e+01 2.210000e+01
    endloop
  endfacet
  facet normal 1.000000e+00 0.000000e+00 0.000000e+00
    outer loop
      vertex   2.428573e+01 2.233725e+01 2.210000e+01
      vertex   2.428573e+01 1.756224e+01 2.780000e+01
      vertex   2.428573e+01 1.756224e+01 2.180000e+01
    endloop
  endfacet
  facet normal 1.000000e+00 0.000000e+00 0.000000e+00
    outer loop
      vertex   2.428573e+01 2.233725e+01 2.210000e+01
      vertex   2.428573e+01 1.756224e+01 2.180000e+01
      vertex   2.428573e+01 2.203725e+01 2.180000e+01
    endloop
  endfacet
  facet normal 1.000000e+00 0.000000e+00 -0.000000e+00
    outer loop
      vertex   2.428573e+01 -1.572035e+01 2.180000e+01
      vertex   2.428573e+01 -1.127013e+01 2.180000e+01
      vertex   2.428573e+01 -1.602035e+01 2.210000e+01
    endloop
  endfacet
  facet normal 1.000000e+00 -0.000000e+00 0.000000e+00
    outer loop
      vertex   2.428573e+01 -1.602035e+01 2.210000e+01
      vertex   2.428573e+01 -1.127013e+01 2.180000e+01
      vertex   2.428573e+01 -1.127013e+01 2.780000e+01
    endloop
  endfacet
  facet normal -7.071068e-01 0.000000e+00 7.071068e-01
    outer loop
      vertex   9.411158e+00 1.283929e+00 3.080000e+01
      vertex   1.041116e+01 2.839286e-01 3.180000e+01
      vertex   9.411158e+00 1.048393e+01 3.080000e+01
    endloop
  endfacet
  facet normal -7.071068e-01 0.000000e+00 7.071068e-01
    outer loop
      vertex   9.411158e+00 1.048393e+01 3.080000e+01
      vertex   1.041116e+01 2.839286e-01 3.180000e+01
      vertex   1.041116e+01 1.148393e+01 3.180000e+01
    endloop
  endfacet
  facet normal -4.906539e-17 7.071068e-01 7.071068e-01
    outer loop
      vertex   -7.888418e-01 2.839286e-01 3.180000e+01
      vertex   1.041116e+01 2.839286e-01 3.180000e+01
      vertex   2.111582e-01 1.283929e+00 3.080000e+01
    endloop
  endfacet
  facet normal -0.000000e+00 7.071068e-01 7.071068e-01
    outer loop
      vertex   2.111582e-01 1.283929e+00 3.080000e+01
      vertex   1.041116e+01 2.839286e-01 3.180000e+01
      vertex   9.411158e+00 1.283929e+00 3.080000e+01
    endloop
  endfacet
  facet normal 7.071068e-01 0.000000e+00 7.071068e-01
    outer loop
      vertex   -7.888418e-01 1.148393e+01 3.180000e+01
      vertex   -7.888418e-01 2.839286e-01 3.180000e+01
      vertex   2.111582e-01 1.048393e+01 3.080000e+01
    endloop
  endfacet
  facet normal 7.071068e-01 0.000000e+00 7.071068e-01
    outer loop
      vertex   2.111582e-01 1.048393e+01 3.080000e+01
      vertex   -7.888418e-01 2.839286e-01 3.180000e+01
      vertex   2.111582e-01 1.283929e+00 3.080000e+01
    endloop
  endfacet
  facet normal 0.000000e+00 -7.071068e-01 7.071068e-01
    outer loop
      vertex   1.041116e+01 1.148393e+01 3.180000e+01
      vertex   -7.888418e-01 1.148393e+01 3.180000e+01
      vertex   9.411158e+00 1.048393e+01 3.080000e+01
    endloop
  endfacet
  facet normal 0.000000e+00 -7.071068e-01 7.071068e-01
    outer loop
      vertex   9.411158e+00 1.048393e+01 3.080000e+01
      vertex   -7.888418e-01 1.148393e+01 3.180000e+01
      vertex   2.111582e-01 1.048393e+01 3.080000e+01
    endloop
  endfacet
  facet normal -0.000000e+00 1.000000e+00 0.000000e+00
    outer loop
      vertex   2.111582e-01 1.283929e+00 3.080000e+01
      vertex   9.411158e+00 1.283929e+00 3.080000e+01
      vertex   2.111582e-01 1.283929e+00 2.780000e+01
    endloop
  endfacet
  facet normal 0.000000e+00 1.000000e+00 0.000000e+00
    outer loop
      vertex   2.111582e-01 1.283929e+00 2.780000e+01
      vertex   9.411158e+00 1.283929e+00 3.080000e+01
      vertex   9.411158e+00 1.283929e+00 2.780000e+01
    endloop
  endfacet
  facet normal -1.000000e+00 0.000000e+00 0.000000e+00
    outer loop
      vertex   9.411158e+00 1.283929e+00 3.080000e+01
      vertex   9.411158e+00 1.048393e+01 3.080000e+01
      vertex   9.411158e+00 1.283929e+00 2.780000e+01
    endloop
  endfacet
  facet normal -1.000000e+00 0.000000e+00 0.000000e+00
    outer loop
      vertex   9.411158e+00 1.283929e+00 2.780000e+01
      vertex   9.411158e+00 1.048393e+01 3.080000e+01
      vertex   9.411158e+00 1.048393e+01 2.780000e+01
    endloop
  endfacet
  facet normal 0.000000e+00 7.071068e-01 -7.071068e-01
    outer loop
      vertex   -1.529463e+01 2.133725e+01 2.480000e+01
      vertex   -2.129463e+01 2.133725e+01 2.480000e+01
      vertex   -1.529463e+01 2.233725e+01 2.580000e+01
    endloop
  endfacet
  facet normal 0.000000e+00 7.071068e-01 -7.071068e-01
    outer loop
      vertex   -1.529463e+01 2.233725e+01 2.580000e+01
      vertex   -2.129463e+01 2.133725e+01 2.480000e+01
      vertex   -2.129463e+01 2.233725e+01 2.580000e+01
    endloop
  endfacet
  facet normal 0.000000e+00 0.000000e+00 -1.000000e+00
    outer loop
      vertex   -2.129463e+01 2.133725e+01 2.480000e+01
      vertex   -1.529463e+01 2.133725e+01 2.480000e+01
      vertex   -2.129463e+01 1.983725e+01 2.480000e+01
    endloop
  endfacet
  facet normal 0.000000e+00 0.000000e+00 -1.000000e+00
    outer loop
      vertex   -2.129463e+01 1.983725e+01 2.480000e+01
      vertex   -1.529463e+01 2.133725e+01 2.480000e+01
      vertex   -1.529463e+01 1.983725e+01 2.480000e+01
    endloop
  endfacet
  facet normal -7.071068e-01 0.000000e+00 7.071068e-01
    outer loop
      vertex   -2.129435e+01 5.326018e+00 3.180000e+01
      vertex   -2.229435e+01 5.326018e+00 3.080000e+01
      vertex   -2.129435e+01 1.526018e+00 3.180000e+01
    endloop
  endfacet
  facet normal -7.071068e-01 0.000000e+00 7.071068e-01
    outer loop
      vertex   -2.129435e+01 1.526018e+00 3.180000e+01
      vertex   -2.229435e+01 5.326018e+00 3.080000e+01
      vertex   -2.229435e+01 1.526018e+00 3.080000e+01
    endloop
  endfacet
  facet normal -1.000000e+00 0.000000e+00 0.000000e+00
    outer loop
      vertex   -2.229435e+01 1.526018e+00 3.080000e+01
      vertex   -2.229435e+01 5.326018e+00 3.080000e+01
      vertex   -2.229435e+01 1.526018e+00 2.980000e+01
    endloop
  endfacet
  facet normal -1.000000e+00 0.000000e+00 0.000000e+00
    outer loop
      vertex   -2.229435e+01 1.526018e+00 2.980000e+01
      vertex   -2.229435e+01 5.326018e+00 3.080000e+01
      vertex   -2.229435e+01 5.326018e+00 2.980000e+01
    endloop
  endfacet
  facet normal 6.610916e-16 7.071068e-01 7.071068e-01
    outer loop
      vertex   -1.649435e+01 1.792045e+01 3.080000e+01
      vertex   -2.029435e+01 1.792045e+01 3.080000e+01
      vertex   -1.649435e+01 1.692045e+01 3.180000e+01
    endloop
  endfacet
  facet normal 1.322183e-15 7.071068e-01 7.071068e-01
    outer loop
      vertex   -1.649435e+01 1.692045e+01 3.180000e+01
      vertex   -2.029435e+01 1.792045e+01 3.080000e+01
      vertex   -2.029435e+01 1.692045e+01 3.180000e+01
    endloop
  endfacet
  facet normal 9.349247e-16 1.000000e+00 0.000000e+00
    outer loop
      vertex   -2.029435e+01 1.792045e+01 3.080000e+01
      vertex   -1.649435e+01 1.792045e+01 3.080000e+01
      vertex   -2.029435e+01 1.792045e+01 2.980000e+01
    endloop
  endfacet
  facet normal 9.349247e-16 1.000000e+00 0.000000e+00
    outer loop
      vertex   -2.029435e+01 1.792045e+01 2.980000e+01
      vertex   -1.649435e+01 1.792045e+01 3.080000e+01
      vertex   -1.649435e+01 1.792045e+01 2.980000e+01
    endloop
  endfacet
  facet normal 0.000000e+00 -7.071068e-01 7.071068e-01
    outer loop
      vertex   -2.029435e+01 1.226109e+01 3.080000e+01
      vertex   -1.649435e+01 1.226109e+01 3.080000e+01
      vertex   -2.029435e+01 1.326109e+01 3.180000e+01
    endloop
  endfacet
  facet normal 0.000000e+00 -7.071068e-01 7.071068e-01
    outer loop
      vertex   -2.029435e+01 1.326109e+01 3.180000e+01
      vertex   -1.649435e+01 1.226109e+01 3.080000e+01
      vertex   -1.649435e+01 1.326109e+01 3.180000e+01
    endloop
  endfacet
  facet normal -0.000000e+00 -1.000000e+00 -0.000000e+00
    outer loop
      vertex   -1.649435e+01 1.226109e+01 3.080000e+01
      vertex   -2.029435e+01 1.226109e+01 3.080000e+01
      vertex   -1.649435e+01 1.226109e+01 2.980000e+01
    endloop
  endfacet
  facet normal 0.000000e+00 -1.000000e+00 0.000000e+00
    outer loop
      vertex   -1.649435e+01 1.226109e+01 2.980000e+01
      vertex   -2.029435e+01 1.226109e+01 3.080000e+01
      vertex   -2.029435e+01 1.226109e+01 2.980000e+01
    endloop
  endfacet
  facet normal 7.071068e-01 -0.000000e+00 7.071068e-01
    outer loop
      vertex   -1.549435e+01 1.526018e+00 3.180000e+01
      vertex   -1.449435e+01 1.526018e+00 3.080000e+01
      vertex   -1.549435e+01 5.326018e+00 3.180000e+01
    endloop
  endfacet
  facet normal 7.071068e-01 0.000000e+00 7.071068e-01
    outer loop
      vertex   -1.549435e+01 5.326018e+00 3.180000e+01
      vertex   -1.449435e+01 1.526018e+00 3.080000e+01
      vertex   -1.449435e+01 5.326018e+00 3.080000e+01
    endloop
  endfacet
  facet normal 1.000000e+00 0.000000e+00 0.000000e+00
    outer loop
      vertex   -1.449435e+01 5.326018e+00 3.080000e+01
      vertex   -1.449435e+01 1.526018e+00 3.080000e+01
      vertex   -1.449435e+01 5.326018e+00 2.980000e+01
    endloop
  endfacet
  facet normal 1.000000e+00 0.000000e+00 0.000000e+00
    outer loop
      vertex   -1.449435e+01 5.326018e+00 2.980000e+01
      vertex   -1.449435e+01 1.526018e+00 3.080000e+01
      vertex   -1.449435e+01 1.526018e+00 2.980000e+01
    endloop
  endfacet
  facet normal 0.000000e+00 -1.000000e+00 0.000000e+00
    outer loop
      vertex   -2.229435e+01 5.326018e+00 2.980000e+01
      vertex   -2.229435e+01 5.326018e+00 3.080000e+01
      vertex   -2.339435e+01 5.326018e+00 2.980000e+01
    endloop
  endfacet
  facet normal 0.000000e+00 -1.000000e+00 0.000000e+00
    outer loop
      vertex   -2.339435e+01 5.326018e+00 2.980000e+01
      vertex   -2.229435e+01 5.326018e+00 3.080000e+01
      vertex   -2.339435e+01 5.326018e+00 3.180000e+01
    endloop
  endfacet
  facet normal 0.000000e+00 -1.000000e+00 0.000000e+00
    outer loop
      vertex   -2.339435e+01 5.326018e+00 3.180000e+01
      vertex   -2.229435e+01 5.326018e+00 3.080000e+01
      vertex   -2.129435e+01 5.326018e+00 3.180000e+01
    endloop
  endfacet
  facet normal 1.000000e+00 0.000000e+00 0.000000e+00
    outer loop
      vertex   -2.339435e+01 1.526018e+00 2.980000e+01
      vertex   -2.339435e+01 5.326018e+00 2.980000e+01
      vertex   -2.339435e+01 1.526018e+00 3.180000e+01
    endloop
  endfacet
  facet normal 1.000000e+00 -0.000000e+00 0.000000e+00
    outer loop
      vertex   -2.339435e+01 1.526018e+00 3.180000e+01
      vertex   -2.339435e+01 5.326018e+00 2.980000e+01
      vertex   -2.339435e+01 5.326018e+00 3.180000e+01
    endloop
  endfacet
  facet normal -2.018587e-16 1.000000e+00 0.000000e+00
    outer loop
      vertex   -2.229435e+01 1.526018e+00 2.980000e+01
      vertex   -2.339435e+01 1.526018e+00 2.980000e+01
      vertex   -2.229435e+01 1.526018e+00 3.080000e+01
    endloop
  endfacet
  facet normal -2.018587e-16 1.000000e+00 0.000000e+00
    outer loop
      vertex   -2.229435e+01 1.526018e+00 3.080000e+01
      vertex   -2.339435e+01 1.526018e+00 2.980000e+01
      vertex   -2.339435e+01 1.526018e+00 3.180000e+01
    endloop
  endfacet
  facet normal -1.057355e-16 1.000000e+00 1.057355e-16
    outer loop
      vertex   -2.229435e+01 1.526018e+00 3.080000e+01
      vertex   -2.339435e+01 1.526018e+00 3.180000e+01
      vertex   -2.129435e+01 1.526018e+00 3.180000e+01
    endloop
  endfacet
  facet normal -1.000000e+00 0.000000e+00 0.000000e+00
    outer loop
      vertex   -1.649435e+01 1.226109e+01 2.980000e+01
      vertex   -1.649435e+01 1.116109e+01 2.980000e+01
      vertex   -1.649435e+01 1.226109e+01 3.080000e+01
    endloop
  endfacet
  facet normal -1.000000e+00 -0.000000e+00 0.000000e+00
    outer loop
      vertex   -1.649435e+01 1.226109e+01 3.080000e+01
      vertex   -1.649435e+01 1.116109e+01 2.980000e+01
      vertex   -1.649435e+01 1.116109e+01 3.180000e+01
    endloop
  endfacet
  facet normal -1.000000e+00 0.000000e+00 0.000000e+00
    outer loop
      vertex   -1.649435e+01 1.226109e+01 3.080000e+01
      vertex   -1.649435e+01 1.116109e+01 3.180000e+01
      vertex   -1.649435e+01 1.326109e+01 3.180000e+01
    endloop
  endfacet
  facet normal 1.000000e+00 0.000000e+00 -0.000000e+00
    outer loop
      vertex   -2.029435e+01 1.226109e+01 2.980000e+01
      vertex   -2.029435e+01 1.226109e+01 3.080000e+01
      vertex   -2.029435e+01 1.116109e+01 2.980000e+01
    endloop
  endfacet
  facet normal 1.000000e+00 0.000000e+00 0.000000e+00
    outer loop
      vertex   -2.029435e+01 1.116109e+01 2.980000e+01
      vertex   -2.029435e+01 1.226109e+01 3.080000e+01
      vertex   -2.029435e+01 1.116109e+01 3.180000e+01
    endloop
  endfacet
  facet normal 1.000000e+00 -0.000000e+00 0.000000e+00
    outer loop
      vertex   -2.029435e+01 1.116109e+01 3.180000e+01
      vertex   -2.029435e+01 1.226109e+01 3.080000e+01
      vertex   -2.029435e+01 1.326109e+01 3.180000e+01
    endloop
  endfacet
  facet normal 0.000000e+00 1.000000e+00 0.000000e+00
    outer loop
      vertex   -1.449435e+01 1.526018e+00 2.980000e+01
      vertex   -1.449435e+01 1.526018e+00 3.080000e+01
      vertex   -1.339435e+01 1.526018e+00 2.980000e+01
    endloop
  endfacet
  facet normal 0.000000e+00 1.000000e+00 -0.000000e+00
    outer loop
      vertex   -1.339435e+01 1.526018e+00 2.980000e+01
      vertex   -1.449435e+01 1.526018e+00 3.080000e+01
      vertex   -1.339435e+01 1.526018e+00 3.180000e+01
    endloop
  endfacet
  facet normal 0.000000e+00 1.000000e+00 0.000000e+00
    outer loop
      vertex   -1.339435e+01 1.526018e+00 3.180000e+01
      vertex   -1.449435e+01 1.526018e+00 3.080000e+01
      vertex   -1.549435e+01 1.526018e+00 3.180000e+01
    endloop
  endfacet
  facet normal -1.000000e+00 0.000000e+00 0.000000e+00
    outer loop
      vertex   -1.339435e+01 5.326018e+00 2.980000e+01
      vertex   -1.339435e+01 1.526018e+00 2.980000e+01
      vertex   -1.339435e+01 5.326018e+00 3.180000e+01
    endloop
  endfacet
  facet normal -1.000000e+00 -0.000000e+00 0.000000e+00
    outer loop
      vertex   -1.339435e+01 5.326018e+00 3.180000e+01
      vertex   -1.339435e+01 1.526018e+00 2.980000e+01
      vertex   -1.339435e+01 1.526018e+00 3.180000e+01
    endloop
  endfacet
  facet normal 0.000000e+00 -1.000000e+00 0.000000e+00
    outer loop
      vertex   -1.449435e+01 5.326018e+00 2.980000e+01
      vertex   -1.339435e+01 5.326018e+00 2.980000e+01
      vertex   -1.449435e+01 5.326018e+00 3.080000e+01
    endloop
  endfacet
  facet normal 0.000000e+00 -1.000000e+00 0.000000e+00
    outer loop
      vertex   -1.449435e+01 5.326018e+00 3.080000e+01
      vertex   -1.339435e+01 5.326018e+00 2.980000e+01
      vertex   -1.339435e+01 5.326018e+00 3.180000e+01
    endloop
  endfacet
  facet normal 0.000000e+00 -1.000000e+00 0.000000e+00
    outer loop
      vertex   -1.449435e+01 5.326018e+00 3.080000e+01
      vertex   -1.339435e+01 5.326018e+00 3.180000e+01
      vertex   -1.549435e+01 5.326018e+00 3.180000e+01
    endloop
  endfacet
  facet normal -1.000000e+00 0.000000e+00 0.000000e+00
    outer loop
      vertex   -1.649435e+01 1.792045e+01 2.980000e+01
      vertex   -1.649435e+01 1.792045e+01 3.080000e+01
      vertex   -1.649435e+01 1.902045e+01 2.980000e+01
    endloop
  endfacet
  facet normal -1.000000e+00 0.000000e+00 0.000000e+00
    outer loop
      vertex   -1.649435e+01 1.902045e+01 2.980000e+01
      vertex   -1.649435e+01 1.792045e+01 3.080000e+01
      vertex   -1.649435e+01 1.902045e+01 3.180000e+01
    endloop
  endfacet
  facet normal -1.000000e+00 -0.000000e+00 0.000000e+00
    outer loop
      vertex   -1.649435e+01 1.902045e+01 3.180000e+01
      vertex   -1.649435e+01 1.792045e+01 3.080000e+01
      vertex   -1.649435e+01 1.692045e+01 3.180000e+01
    endloop
  endfacet
  facet normal 0.000000e+00 -1.000000e+00 0.000000e+00
    outer loop
      vertex   -2.029435e+01 1.902045e+01 2.980000e+01
      vertex   -1.649435e+01 1.902045e+01 2.980000e+01
      vertex   -2.029435e+01 1.902045e+01 3.180000e+01
    endloop
  endfacet
  facet normal 0.000000e+00 -1.000000e+00 0.000000e+00
    outer loop
      vertex   -2.029435e+01 1.902045e+01 3.180000e+01
      vertex   -1.649435e+01 1.902045e+01 2.980000e+01
      vertex   -1.649435e+01 1.902045e+01 3.180000e+01
    endloop
  endfacet
  facet normal 1.000000e+00 0.000000e+00 0.000000e+00
    outer loop
      vertex   -2.029435e+01 1.792045e+01 2.980000e+01
      vertex   -2.029435e+01 1.902045e+01 2.980000e+01
      vertex   -2.029435e+01 1.792045e+01 3.080000e+01
    endloop
  endfacet
  facet normal 1.000000e+00 -0.000000e+00 0.000000e+00
    outer loop
      vertex   -2.029435e+01 1.792045e+01 3.080000e+01
      vertex   -2.029435e+01 1.902045e+01 2.980000e+01
      vertex   -2.029435e+01 1.902045e+01 3.180000e+01
    endloop
  endfacet
  facet normal 1.000000e+00 0.000000e+00 -0.000000e+00
    outer loop
      vertex   -2.029435e+01 1.792045e+01 3.080000e+01
      vertex   -2.029435e+01 1.902045e+01 3.180000e+01
      vertex   -2.029435e+01 1.692045e+01 3.180000e+01
    endloop
  endfacet
  facet normal -2.198546e-01 2.548052e-02 9.751998e-01
    outer loop
      vertex   -2.930696e+00 1.499783e+01 3.180000e+01
      vertex   -2.893690e+00 1.531713e+01 3.180000e+01
      vertex   -3.380224e+00 1.518104e+01 3.169387e+01
    endloop
  endfacet
  facet normal -2.164229e-01 1.241588e-02 9.762208e-01
    outer loop
      vertex   -3.380224e+00 1.518104e+01 3.169387e+01
      vertex   -2.893690e+00 1.531713e+01 3.180000e+01
      vertex   -3.846844e+00 1.531713e+01 3.158869e+01
    endloop
  endfacet
  facet normal -2.195285e-01 1.291948e-03 9.756052e-01
    outer loop
      vertex   -3.380224e+00 1.518104e+01 3.169387e+01
      vertex   -3.846844e+00 1.531713e+01 3.158869e+01
      vertex   -3.857850e+00 1.521387e+01 3.158635e+01
    endloop
  endfacet
  facet normal -2.170448e-01 3.695187e-02 9.754620e-01
    outer loop
      vertex   -3.380224e+00 1.518104e+01 3.169387e+01
      vertex   -3.857850e+00 1.521387e+01 3.158635e+01
      vertex   -3.409991e+00 1.504546e+01 3.169238e+01
    endloop
  endfacet
  facet normal -2.269421e-01 9.623286e-03 9.738607e-01
    outer loop
      vertex   -3.409991e+00 1.504546e+01 3.169238e+01
      vertex   -3.857850e+00 1.521387e+01 3.158635e+01
      vertex   -3.895018e+00 1.509816e+01 3.157883e+01
    endloop
  endfacet
  facet normal -2.197323e-01 7.364565e-02 9.727765e-01
    outer loop
      vertex   -3.409991e+00 1.504546e+01 3.169238e+01
      vertex   -3.895018e+00 1.509816e+01 3.157883e+01
      vertex   -3.528072e+00 1.477770e+01 3.168598e+01
    endloop
  endfacet
  facet normal -2.491998e-01 3.820578e-02 9.676982e-01
    outer loop
      vertex   -3.528072e+00 1.477770e+01 3.168598e+01
      vertex   -3.895018e+00 1.509816e+01 3.157883e+01
      vertex   -3.966536e+00 1.496500e+01 3.156567e+01
    endloop
  endfacet
  facet normal -2.150637e-01 1.191468e-01 9.693047e-01
    outer loop
      vertex   -3.528072e+00 1.477770e+01 3.168598e+01
      vertex   -3.966536e+00 1.496500e+01 3.156567e+01
      vertex   -3.722115e+00 1.451698e+01 3.167497e+01
    endloop
  endfacet
  facet normal -2.705418e-01 8.632474e-02 9.588301e-01
    outer loop
      vertex   -3.722115e+00 1.451698e+01 3.167497e+01
      vertex   -3.966536e+00 1.496500e+01 3.156567e+01
      vertex   -4.080154e+00 1.481542e+01 3.154708e+01
    endloop
  endfacet
  facet normal -2.507061e-01 1.113261e-01 9.616408e-01
    outer loop
      vertex   -3.722115e+00 1.451698e+01 3.167497e+01
      vertex   -4.080154e+00 1.481542e+01 3.154708e+01
      vertex   -4.239378e+00 1.465441e+01 3.152421e+01
    endloop
  endfacet
  facet normal -2.286046e-01 1.875410e-01 9.552844e-01
    outer loop
      vertex   -3.722115e+00 1.451698e+01 3.167497e+01
      vertex   -4.239378e+00 1.465441e+01 3.152421e+01
      vertex   -3.989165e+00 1.426636e+01 3.166027e+01
    endloop
  endfacet
  facet normal -2.563576e-01 1.684226e-01 9.517955e-01
    outer loop
      vertex   -3.989165e+00 1.426636e+01 3.166027e+01
      vertex   -4.239378e+00 1.465441e+01 3.152421e+01
      vertex   -4.444349e+00 1.448755e+01 3.149853e+01
    endloop
  endfacet
  facet normal -2.213497e-01 2.363204e-01 9.461274e-01
    outer loop
      vertex   -3.989165e+00 1.426636e+01 3.166027e+01
      vertex   -4.444349e+00 1.448755e+01 3.149853e+01
      vertex   -4.224501e+00 1.409400e+01 3.164826e+01
    endloop
  endfacet
  facet normal -2.491518e-01 2.196828e-01 9.432194e-01
    outer loop
      vertex   -4.224501e+00 1.409400e+01 3.164826e+01
      vertex   -4.444349e+00 1.448755e+01 3.149853e+01
      vertex   -4.694277e+00 1.432014e+01 3.147150e+01
    endloop
  endfacet
  facet normal -2.156011e-01 2.826941e-01 9.346658e-01
    outer loop
      vertex   -4.224501e+00 1.409400e+01 3.164826e+01
      vertex   -4.694277e+00 1.432014e+01 3.147150e+01
      vertex   -4.493566e+00 1.393017e+01 3.163575e+01
    endloop
  endfacet
  facet normal -1.909480e-01 2.959167e-01 9.359339e-01
    outer loop
      vertex   -4.493566e+00 1.393017e+01 3.163575e+01
      vertex   -4.694277e+00 1.432014e+01 3.147150e+01
      vertex   -4.795787e+00 1.377521e+01 3.162309e+01
    endloop
  endfacet
  facet normal -1.909493e-01 2.959194e-01 9.359327e-01
    outer loop
      vertex   -4.493566e+00 1.393017e+01 3.163575e+01
      vertex   -4.795787e+00 1.377521e+01 3.162309e+01
      vertex   -4.292757e+00 1.354026e+01 3.180000e+01
    endloop
  endfacet
  facet normal -1.622825e-01 3.478556e-01 9.233964e-01
    outer loop
      vertex   -4.292757e+00 1.354026e+01 3.180000e+01
      vertex   -4.795787e+00 1.377521e+01 3.162309e+01
      vertex   -4.654549e+00 1.337147e+01 3.180000e+01
    endloop
  endfacet
  facet normal -1.823737e-01 3.404013e-01 9.224244e-01
    outer loop
      vertex   -4.654549e+00 1.337147e+01 3.180000e+01
      vertex   -4.795787e+00 1.377521e+01 3.162309e+01
      vertex   -5.127090e+00 1.363124e+01 3.161071e+01
    endloop
  endfacet
  facet normal -1.494109e-01 3.902283e-01 9.085143e-01
    outer loop
      vertex   -4.654549e+00 1.337147e+01 3.180000e+01
      vertex   -5.127090e+00 1.363124e+01 3.161071e+01
      vertex   -5.046588e+00 1.322137e+01 3.180000e+01
    endloop
  endfacet
  facet normal -1.715611e-01 3.850838e-01 9.067950e-01
    outer loop
      vertex   -5.046588e+00 1.322137e+01 3.180000e+01
      vertex   -5.127090e+00 1.363124e+01 3.161071e+01
      vertex   -5.485599e+00 1.349917e+01 3.159897e+01
    endloop
  endfacet
  facet normal -1.352632e-01 4.316311e-01 8.918512e-01
    outer loop
      vertex   -5.046588e+00 1.322137e+01 3.180000e+01
      vertex   -5.485599e+00 1.349917e+01 3.159897e+01
      vertex   -5.466233e+00 1.308986e+01 3.180000e+01
    endloop
  endfacet
  facet normal -1.584792e-01 4.292235e-01 8.891859e-01
    outer loop
      vertex   -5.466233e+00 1.308986e+01 3.180000e+01
      vertex   -5.485599e+00 1.349917e+01 3.159897e+01
      vertex   -5.868612e+00 1.338019e+01 3.158814e+01
    endloop
  endfacet
  facet normal -1.194693e-01 4.718689e-01 8.735370e-01
    outer loop
      vertex   -5.466233e+00 1.308986e+01 3.180000e+01
      vertex   -5.868612e+00 1.338019e+01 3.158814e+01
      vertex   -5.910374e+00 1.297741e+01 3.180000e+01
    endloop
  endfacet
  facet normal -9.414285e-02 4.710894e-01 8.770473e-01
    outer loop
      vertex   -5.910374e+00 1.297741e+01 3.180000e+01
      vertex   -5.868612e+00 1.338019e+01 3.158814e+01
      vertex   -6.375197e+00 1.288452e+01 3.180000e+01
    endloop
  endfacet
  facet normal -1.382262e-01 5.053419e-01 8.517764e-01
    outer loop
      vertex   -6.375197e+00 1.288452e+01 3.180000e+01
      vertex   -5.868612e+00 1.338019e+01 3.158814e+01
      vertex   -6.695143e+00 1.318493e+01 3.156985e+01
    endloop
  endfacet
  facet normal -7.154368e-02 5.574656e-01 8.271116e-01
    outer loop
      vertex   -6.375197e+00 1.288452e+01 3.180000e+01
      vertex   -6.695143e+00 1.318493e+01 3.156985e+01
      vertex   -7.351422e+00 1.275923e+01 3.180000e+01
    endloop
  endfacet
  facet normal -9.892652e-02 5.869473e-01 8.035586e-01
    outer loop
      vertex   -7.351422e+00 1.275923e+01 3.180000e+01
      vertex   -6.695143e+00 1.318493e+01 3.156985e+01
      vertex   -7.607142e+00 1.304908e+01 3.155680e+01
    endloop
  endfacet
  facet normal -2.598990e-02 6.289928e-01 7.769766e-01
    outer loop
      vertex   -7.351422e+00 1.275923e+01 3.180000e+01
      vertex   -7.607142e+00 1.304908e+01 3.155680e+01
      vertex   -8.362597e+00 1.271745e+01 3.180000e+01
    endloop
  endfacet
  facet normal -4.975331e-02 6.618587e-01 7.479757e-01
    outer loop
      vertex   -8.362597e+00 1.271745e+01 3.180000e+01
      vertex   -7.607142e+00 1.304908e+01 3.155680e+01
      vertex   -8.550970e+00 1.298514e+01 3.155060e+01
    endloop
  endfacet
  facet normal 2.882231e-02 6.921688e-01 7.211599e-01
    outer loop
      vertex   -8.362597e+00 1.271745e+01 3.180000e+01
      vertex   -8.550970e+00 1.298514e+01 3.155060e+01
      vertex   -9.373827e+00 1.275956e+01 3.180000e+01
    endloop
  endfacet
  facet normal 8.221619e-03 7.279632e-01 6.855669e-01
    outer loop
      vertex   -9.373827e+00 1.275956e+01 3.180000e+01
      vertex   -8.550970e+00 1.298514e+01 3.155060e+01
      vertex   -9.495461e+00 1.299500e+01 3.155146e+01
    endloop
  endfacet
  facet normal 9.534972e-02 7.455534e-01 6.595897e-01
    outer loop
      vertex   -9.373827e+00 1.275956e+01 3.180000e+01
      vertex   -9.495461e+00 1.299500e+01 3.155146e+01
      vertex   -1.035049e+01 1.288447e+01 3.180000e+01
    endloop
  endfacet
  facet normal 7.806385e-02 7.831914e-01 6.168608e-01
    outer loop
      vertex   -1.035049e+01 1.288447e+01 3.180000e+01
      vertex   -9.495461e+00 1.299500e+01 3.155146e+01
      vertex   -1.040972e+01 1.307980e+01 3.155949e+01
    endloop
  endfacet
  facet normal 1.565273e-01 7.851828e-01 5.991554e-01
    outer loop
      vertex   -1.035049e+01 1.288447e+01 3.180000e+01
      vertex   -1.040972e+01 1.307980e+01 3.155949e+01
      vertex   -1.081483e+01 1.297703e+01 3.180000e+01
    endloop
  endfacet
  facet normal 1.563292e-01 7.854045e-01 5.989165e-01
    outer loop
      vertex   -1.081483e+01 1.297703e+01 3.180000e+01
      vertex   -1.040972e+01 1.307980e+01 3.155949e+01
      vertex   -1.126327e+01 1.323815e+01 3.157463e+01
    endloop
  endfacet
  facet normal 2.062668e-01 8.178693e-01 5.371627e-01
    outer loop
      vertex   -1.081483e+01 1.297703e+01 3.180000e+01
      vertex   -1.126327e+01 1.323815e+01 3.157463e+01
      vertex   -1.125808e+01 1.308882e+01 3.180000e+01
    endloop
  endfacet
  facet normal 2.528164e-01 8.092052e-01 5.303497e-01
    outer loop
      vertex   -1.125808e+01 1.308882e+01 3.180000e+01
      vertex   -1.126327e+01 1.323815e+01 3.157463e+01
      vertex   -1.167731e+01 1.321980e+01 3.180000e+01
    endloop
  endfacet
  facet normal 2.360871e-01 8.323239e-01 5.014976e-01
    outer loop
      vertex   -1.167731e+01 1.321980e+01 3.180000e+01
      vertex   -1.126327e+01 1.323815e+01 3.157463e+01
      vertex   -1.165982e+01 1.334465e+01 3.158456e+01
    endloop
  endfacet
  facet normal 3.105146e-01 8.112978e-01 4.953551e-01
    outer loop
      vertex   -1.167731e+01 1.321980e+01 3.180000e+01
      vertex   -1.165982e+01 1.334465e+01 3.158456e+01
      vertex   -1.206956e+01 1.336993e+01 3.180000e+01
    endloop
  endfacet
  facet normal 2.943195e-01 8.368659e-01 4.615533e-01
    outer loop
      vertex   -1.206956e+01 1.336993e+01 3.180000e+01
      vertex   -1.165982e+01 1.334465e+01 3.158456e+01
      vertex   -1.203269e+01 1.346957e+01 3.159583e+01
    endloop
  endfacet
  facet normal 3.535580e-01 8.139011e-01 4.610441e-01
    outer loop
      vertex   -1.206956e+01 1.336993e+01 3.180000e+01
      vertex   -1.203269e+01 1.346957e+01 3.159583e+01
      vertex   -1.237925e+01 1.361306e+01 3.160828e+01
    endloop
  endfacet
  facet normal 3.594178e-01 8.312627e-01 4.240533e-01
    outer loop
      vertex   -1.237925e+01 1.361306e+01 3.160828e+01
      vertex   -1.203269e+01 1.346957e+01 3.159583e+01
      vertex   -1.235025e+01 1.369785e+01 3.141749e+01
    endloop
  endfacet
  facet normal 4.267285e-01 8.005943e-01 4.206560e-01
    outer loop
      vertex   -1.237925e+01 1.361306e+01 3.160828e+01
      vertex   -1.235025e+01 1.369785e+01 3.141749e+01
      vertex   -1.269688e+01 1.377529e+01 3.162174e+01
    endloop
  endfacet
  facet normal 4.141501e-01 8.218235e-01 3.912617e-01
    outer loop
      vertex   -1.269688e+01 1.377529e+01 3.162174e+01
      vertex   -1.235025e+01 1.369785e+01 3.141749e+01
      vertex   -1.268273e+01 1.385191e+01 3.144582e+01
    endloop
  endfacet
  facet normal 5.087072e-01 7.735899e-01 3.778566e-01
    outer loop
      vertex   -1.269688e+01 1.377529e+01 3.162174e+01
      vertex   -1.268273e+01 1.385191e+01 3.144582e+01
      vertex   -1.298295e+01 1.395642e+01 3.163605e+01
    endloop
  endfacet
  facet normal 5.017601e-01 7.866684e-01 3.597076e-01
    outer loop
      vertex   -1.298295e+01 1.395642e+01 3.163605e+01
      vertex   -1.268273e+01 1.385191e+01 3.144582e+01
      vertex   -1.298125e+01 1.402853e+01 3.147598e+01
    endloop
  endfacet
  facet normal 6.000490e-01 7.269671e-01 3.338562e-01
    outer loop
      vertex   -1.298295e+01 1.395642e+01 3.163605e+01
      vertex   -1.298125e+01 1.402853e+01 3.147598e+01
      vertex   -1.323589e+01 1.415837e+01 3.165091e+01
    endloop
  endfacet
  facet normal 5.994948e-01 7.282181e-01 3.321211e-01
    outer loop
      vertex   -1.323589e+01 1.415837e+01 3.165091e+01
      vertex   -1.298125e+01 1.402853e+01 3.147598e+01
      vertex   -1.324371e+01 1.423037e+01 3.150716e+01
    endloop
  endfacet
  facet normal 6.909870e-01 6.606813e-01 2.933208e-01
    outer loop
      vertex   -1.323589e+01 1.415837e+01 3.165091e+01
      vertex   -1.324371e+01 1.423037e+01 3.150716e+01
      vertex   -1.341299e+01 1.433837e+01 3.166270e+01
    endloop
  endfacet
  facet normal 7.031314e-01 6.315186e-01 3.267882e-01
    outer loop
      vertex   -1.341299e+01 1.433837e+01 3.166270e+01
      vertex   -1.324371e+01 1.423037e+01 3.150716e+01
      vertex   -1.346395e+01 1.446012e+01 3.153706e+01
    endloop
  endfacet
  facet normal 7.776594e-01 5.787865e-01 2.454631e-01
    outer loop
      vertex   -1.341299e+01 1.433837e+01 3.166270e+01
      vertex   -1.346395e+01 1.446012e+01 3.153706e+01
      vertex   -1.356236e+01 1.453442e+01 3.167364e+01
    endloop
  endfacet
  facet normal 8.084342e-01 5.000361e-01 3.104803e-01
    outer loop
      vertex   -1.356236e+01 1.453442e+01 3.167364e+01
      vertex   -1.346395e+01 1.446012e+01 3.153706e+01
      vertex   -1.363465e+01 1.471993e+01 3.156308e+01
    endloop
  endfacet
  facet normal 8.563597e-01 4.661154e-01 2.222262e-01
    outer loop
      vertex   -1.356236e+01 1.453442e+01 3.167364e+01
      vertex   -1.363465e+01 1.471993e+01 3.156308e+01
      vertex   -1.368079e+01 1.474747e+01 3.168313e+01
    endloop
  endfacet
  facet normal 9.056217e-01 3.238585e-01 2.737975e-01
    outer loop
      vertex   -1.368079e+01 1.474747e+01 3.168313e+01
      vertex   -1.363465e+01 1.471993e+01 3.156308e+01
      vertex   -1.374387e+01 1.501015e+01 3.158108e+01
    endloop
  endfacet
  facet normal 9.165115e-01 3.155896e-01 2.457841e-01
    outer loop
      vertex   -1.368079e+01 1.474747e+01 3.168313e+01
      vertex   -1.374387e+01 1.501015e+01 3.158108e+01
      vertex   -1.376174e+01 1.497725e+01 3.168997e+01
    endloop
  endfacet
  facet normal 9.659535e-01 1.566715e-01 2.058833e-01
    outer loop
      vertex   -1.376174e+01 1.497725e+01 3.168997e+01
      vertex   -1.374387e+01 1.501015e+01 3.158108e+01
      vertex   -1.380146e+01 1.521755e+01 3.169343e+01
    endloop
  endfacet
  facet normal 9.579429e-01 1.548325e-01 2.416037e-01
    outer loop
      vertex   -1.376174e+01 1.497725e+01 3.168997e+01
      vertex   -1.380146e+01 1.521755e+01 3.169343e+01
      vertex   -1.379295e+01 1.499865e+01 3.180000e+01
    endloop
  endfacet
  facet normal 9.823482e-01 1.113391e-01 1.503182e-01
    outer loop
      vertex   -1.379295e+01 1.499865e+01 3.180000e+01
      vertex   -1.380146e+01 1.521755e+01 3.169343e+01
      vertex   -1.382912e+01 1.531776e+01 3.180000e+01
    endloop
  endfacet
  facet normal 9.652272e-01 -1.127153e-02 2.611694e-01
    outer loop
      vertex   -1.382912e+01 1.531776e+01 3.180000e+01
      vertex   -1.380146e+01 1.521755e+01 3.169343e+01
      vertex   -1.379857e+01 1.546073e+01 3.169327e+01
    endloop
  endfacet
  facet normal 9.845895e-01 -1.072627e-01 1.381240e-01
    outer loop
      vertex   -1.382912e+01 1.531776e+01 3.180000e+01
      vertex   -1.379857e+01 1.546073e+01 3.169327e+01
      vertex   -1.379440e+01 1.563646e+01 3.180000e+01
    endloop
  endfacet
  facet normal 9.477522e-01 -1.817314e-01 2.621822e-01
    outer loop
      vertex   -1.379440e+01 1.563646e+01 3.180000e+01
      vertex   -1.379857e+01 1.546073e+01 3.169327e+01
      vertex   -1.375174e+01 1.569915e+01 3.168924e+01
    endloop
  endfacet
  facet normal 9.299876e-01 -3.230812e-01 1.753328e-01
    outer loop
      vertex   -1.379440e+01 1.563646e+01 3.180000e+01
      vertex   -1.375174e+01 1.569915e+01 3.168924e+01
      vertex   -1.368930e+01 1.593901e+01 3.180000e+01
    endloop
  endfacet
  facet normal 9.054181e-01 -3.479955e-01 2.431403e-01
    outer loop
      vertex   -1.368930e+01 1.593901e+01 3.180000e+01
      vertex   -1.375174e+01 1.569915e+01 3.168924e+01
      vertex   -1.366279e+01 1.592532e+01 3.168171e+01
    endloop
  endfacet
  facet normal 8.400408e-01 -4.844167e-01 2.442784e-01
    outer loop
      vertex   -1.368930e+01 1.593901e+01 3.180000e+01
      vertex   -1.366279e+01 1.592532e+01 3.168171e+01
      vertex   -1.353958e+01 1.613411e+01 3.167205e+01
    endloop
  endfacet
  facet normal 8.402725e-01 -4.846079e-01 2.430994e-01
    outer loop
      vertex   -1.353958e+01 1.613411e+01 3.167205e+01
      vertex   -1.366279e+01 1.592532e+01 3.168171e+01
      vertex   -1.363539e+01 1.591346e+01 3.156334e+01
    endloop
  endfacet
  facet normal 8.103473e-01 -5.013063e-01 3.033633e-01
    outer loop
      vertex   -1.353958e+01 1.613411e+01 3.167205e+01
      vertex   -1.363539e+01 1.591346e+01 3.156334e+01
      vertex   -1.346546e+01 1.617255e+01 3.153758e+01
    endloop
  endfacet
  facet normal -2.563298e-01 3.030652e-01 9.178488e-01
    outer loop
      vertex   -4.694277e+00 1.432014e+01 3.147150e+01
      vertex   -4.985982e+00 1.415598e+01 3.144424e+01
      vertex   -4.795787e+00 1.377521e+01 3.162309e+01
    endloop
  endfacet
  facet normal -1.828890e-01 3.416351e-01 9.218661e-01
    outer loop
      vertex   -4.795787e+00 1.377521e+01 3.162309e+01
      vertex   -4.985982e+00 1.415598e+01 3.144424e+01
      vertex   -5.127090e+00 1.363124e+01 3.161071e+01
    endloop
  endfacet
  facet normal -2.409591e-01 3.517562e-01 9.045476e-01
    outer loop
      vertex   -4.985982e+00 1.415598e+01 3.144424e+01
      vertex   -5.316014e+00 1.399826e+01 3.141766e+01
      vertex   -5.127090e+00 1.363124e+01 3.161071e+01
    endloop
  endfacet
  facet normal -1.724356e-01 3.875665e-01 9.055706e-01
    outer loop
      vertex   -5.127090e+00 1.363124e+01 3.161071e+01
      vertex   -5.316014e+00 1.399826e+01 3.141766e+01
      vertex   -5.485599e+00 1.349917e+01 3.159897e+01
    endloop
  endfacet
  facet normal -2.228841e-01 3.988730e-01 8.895072e-01
    outer loop
      vertex   -5.316014e+00 1.399826e+01 3.141766e+01
      vertex   -5.680888e+00 1.385011e+01 3.139267e+01
      vertex   -5.485599e+00 1.349917e+01 3.159897e+01
    endloop
  endfacet
  facet normal -1.595366e-01 4.328028e-01 8.872597e-01
    outer loop
      vertex   -5.485599e+00 1.349917e+01 3.159897e+01
      vertex   -5.680888e+00 1.385011e+01 3.139267e+01
      vertex   -5.868612e+00 1.338019e+01 3.158814e+01
    endloop
  endfacet
  facet normal -2.030804e-01 4.441201e-01 8.726487e-01
    outer loop
      vertex   -5.680888e+00 1.385011e+01 3.139267e+01
      vertex   -6.076603e+00 1.371390e+01 3.136990e+01
      vertex   -5.868612e+00 1.338019e+01 3.158814e+01
    endloop
  endfacet
  facet normal -1.752236e-01 4.600369e-01 8.704383e-01
    outer loop
      vertex   -5.868612e+00 1.338019e+01 3.158814e+01
      vertex   -6.076603e+00 1.371390e+01 3.136990e+01
      vertex   -6.498752e+00 1.359124e+01 3.134975e+01
    endloop
  endfacet
  facet normal -1.423178e-01 5.237746e-01 8.398844e-01
    outer loop
      vertex   -5.868612e+00 1.338019e+01 3.158814e+01
      vertex   -6.498752e+00 1.359124e+01 3.134975e+01
      vertex   -6.695143e+00 1.318493e+01 3.156985e+01
    endloop
  endfacet
  facet normal -1.434182e-01 5.240963e-01 8.394964e-01
    outer loop
      vertex   -6.695143e+00 1.318493e+01 3.156985e+01
      vertex   -6.498752e+00 1.359124e+01 3.134975e+01
      vertex   -7.404688e+00 1.339287e+01 3.131882e+01
    endloop
  endfacet
  facet normal -1.015512e-01 6.059684e-01 7.889801e-01
    outer loop
      vertex   -6.695143e+00 1.318493e+01 3.156985e+01
      vertex   -7.404688e+00 1.339287e+01 3.131882e+01
      vertex   -7.607142e+00 1.304908e+01 3.155680e+01
    endloop
  endfacet
  facet normal -9.300020e-02 6.031521e-01 7.921859e-01
    outer loop
      vertex   -7.607142e+00 1.304908e+01 3.155680e+01
      vertex   -7.404688e+00 1.339287e+01 3.131882e+01
      vertex   -8.362532e+00 1.326655e+01 3.130255e+01
    endloop
  endfacet
  facet normal -5.083255e-02 6.793335e-01 7.320670e-01
    outer loop
      vertex   -7.607142e+00 1.304908e+01 3.155680e+01
      vertex   -8.362532e+00 1.326655e+01 3.130255e+01
      vertex   -8.550970e+00 1.298514e+01 3.155060e+01
    endloop
  endfacet
  facet normal -3.426606e-02 6.736752e-01 7.382328e-01
    outer loop
      vertex   -8.550970e+00 1.298514e+01 3.155060e+01
      vertex   -8.362532e+00 1.326655e+01 3.130255e+01
      vertex   -9.335245e+00 1.321795e+01 3.130175e+01
    endloop
  endfacet
  facet normal 8.366002e-03 7.432501e-01 6.689614e-01
    outer loop
      vertex   -8.550970e+00 1.298514e+01 3.155060e+01
      vertex   -9.335245e+00 1.321795e+01 3.130175e+01
      vertex   -9.495461e+00 1.299500e+01 3.155146e+01
    endloop
  endfacet
  facet normal 3.603938e-02 7.338655e-01 6.783381e-01
    outer loop
      vertex   -9.495461e+00 1.299500e+01 3.155146e+01
      vertex   -9.335245e+00 1.321795e+01 3.130175e+01
      vertex   -1.028635e+01 1.325086e+01 3.131667e+01
    endloop
  endfacet
  facet normal 7.907170e-02 7.955917e-01 6.006509e-01
    outer loop
      vertex   -9.495461e+00 1.299500e+01 3.155146e+01
      vertex   -1.028635e+01 1.325086e+01 3.131667e+01
      vertex   -1.040972e+01 1.307980e+01 3.155949e+01
    endloop
  endfacet
  facet normal 1.001900e-01 7.887170e-01 6.065373e-01
    outer loop
      vertex   -1.040972e+01 1.307980e+01 3.155949e+01
      vertex   -1.028635e+01 1.325086e+01 3.131667e+01
      vertex   -1.074224e+01 1.329845e+01 3.133010e+01
    endloop
  endfacet
  facet normal 1.488295e-01 8.145599e-01 5.606620e-01
    outer loop
      vertex   -1.040972e+01 1.307980e+01 3.155949e+01
      vertex   -1.074224e+01 1.329845e+01 3.133010e+01
      vertex   -1.117970e+01 1.336655e+01 3.134729e+01
    endloop
  endfacet
  facet normal 1.637500e-01 8.319895e-01 5.300748e-01
    outer loop
      vertex   -1.040972e+01 1.307980e+01 3.155949e+01
      vertex   -1.117970e+01 1.336655e+01 3.134729e+01
      vertex   -1.126327e+01 1.323815e+01 3.157463e+01
    endloop
  endfacet
  facet normal 2.018404e-01 8.191820e-01 5.368438e-01
    outer loop
      vertex   -1.126327e+01 1.323815e+01 3.157463e+01
      vertex   -1.117970e+01 1.336655e+01 3.134729e+01
      vertex   -1.159561e+01 1.345556e+01 3.136784e+01
    endloop
  endfacet
  facet normal 2.366209e-01 8.347058e-01 4.972693e-01
    outer loop
      vertex   -1.126327e+01 1.323815e+01 3.157463e+01
      vertex   -1.159561e+01 1.345556e+01 3.136784e+01
      vertex   -1.165982e+01 1.334465e+01 3.158456e+01
    endloop
  endfacet
  facet normal 2.627260e-01 8.251451e-01 5.001106e-01
    outer loop
      vertex   -1.165982e+01 1.334465e+01 3.158456e+01
      vertex   -1.159561e+01 1.345556e+01 3.136784e+01
      vertex   -1.198684e+01 1.356586e+01 3.139137e+01
    endloop
  endfacet
  facet normal 2.944739e-01 8.374277e-01 4.604346e-01
    outer loop
      vertex   -1.165982e+01 1.334465e+01 3.158456e+01
      vertex   -1.198684e+01 1.356586e+01 3.139137e+01
      vertex   -1.203269e+01 1.346957e+01 3.159583e+01
    endloop
  endfacet
  facet normal 3.319295e-01 8.225257e-01 4.618162e-01
    outer loop
      vertex   -1.203269e+01 1.346957e+01 3.159583e+01
      vertex   -1.198684e+01 1.356586e+01 3.139137e+01
      vertex   -1.235025e+01 1.369785e+01 3.141749e+01
    endloop
  endfacet
  facet normal 9.528429e-01 1.117130e-01 2.821535e-01
    outer loop
      vertex   -1.374387e+01 1.501015e+01 3.158108e+01
      vertex   -1.378189e+01 1.531786e+01 3.158764e+01
      vertex   -1.380146e+01 1.521755e+01 3.169343e+01
    endloop
  endfacet
  facet normal 9.851610e-01 -1.156550e-02 1.712427e-01
    outer loop
      vertex   -1.380146e+01 1.521755e+01 3.169343e+01
      vertex   -1.378189e+01 1.531786e+01 3.158764e+01
      vertex   -1.379857e+01 1.546073e+01 3.169327e+01
    endloop
  endfacet
  facet normal 9.497545e-01 -1.066589e-01 2.942622e-01
    outer loop
      vertex   -1.378189e+01 1.531786e+01 3.158764e+01
      vertex   -1.374553e+01 1.562509e+01 3.158166e+01
      vertex   -1.379857e+01 1.546073e+01 3.169327e+01
    endloop
  endfacet
  facet normal 9.650723e-01 -1.864547e-01 1.840384e-01
    outer loop
      vertex   -1.379857e+01 1.546073e+01 3.169327e+01
      vertex   -1.374553e+01 1.562509e+01 3.158166e+01
      vertex   -1.375174e+01 1.569915e+01 3.168924e+01
    endloop
  endfacet
  facet normal 9.032318e-01 -3.273750e-01 2.774852e-01
    outer loop
      vertex   -1.374553e+01 1.562509e+01 3.158166e+01
      vertex   -1.363539e+01 1.591346e+01 3.156334e+01
      vertex   -1.375174e+01 1.569915e+01 3.168924e+01
    endloop
  endfacet
  facet normal 9.051359e-01 -3.478424e-01 2.444068e-01
    outer loop
      vertex   -1.375174e+01 1.569915e+01 3.168924e+01
      vertex   -1.363539e+01 1.591346e+01 3.156334e+01
      vertex   -1.366279e+01 1.592532e+01 3.168171e+01
    endloop
  endfacet
  facet normal 7.631624e-01 -5.957365e-01 2.503623e-01
    outer loop
      vertex   -1.353958e+01 1.613411e+01 3.167205e+01
      vertex   -1.346546e+01 1.617255e+01 3.153758e+01
      vertex   -1.338497e+01 1.632749e+01 3.166090e+01
    endloop
  endfacet
  facet normal 7.022568e-01 -6.294922e-01 3.325282e-01
    outer loop
      vertex   -1.338497e+01 1.632749e+01 3.166090e+01
      vertex   -1.346546e+01 1.617255e+01 3.153758e+01
      vertex   -1.324471e+01 1.640293e+01 3.150751e+01
    endloop
  endfacet
  facet normal 6.785548e-01 -6.756760e-01 2.881413e-01
    outer loop
      vertex   -1.338497e+01 1.632749e+01 3.166090e+01
      vertex   -1.324471e+01 1.640293e+01 3.150751e+01
      vertex   -1.320275e+01 1.650538e+01 3.164892e+01
    endloop
  endfacet
  facet normal 5.978873e-01 -7.229156e-01 3.463002e-01
    outer loop
      vertex   -1.320275e+01 1.650538e+01 3.164892e+01
      vertex   -1.324471e+01 1.640293e+01 3.150751e+01
      vertex   -1.298143e+01 1.660560e+01 3.147604e+01
    endloop
  endfacet
  facet normal 5.950443e-01 -7.285015e-01 3.394228e-01
    outer loop
      vertex   -1.320275e+01 1.650538e+01 3.164892e+01
      vertex   -1.298143e+01 1.660560e+01 3.147604e+01
      vertex   -1.299648e+01 1.666821e+01 3.163680e+01
    endloop
  endfacet
  facet normal 5.023366e-01 -7.887860e-01 3.542240e-01
    outer loop
      vertex   -1.299648e+01 1.666821e+01 3.163680e+01
      vertex   -1.298143e+01 1.660560e+01 3.147604e+01
      vertex   -1.268288e+01 1.678213e+01 3.144575e+01
    endloop
  endfacet
  facet normal 4.955106e-01 -8.011238e-01 3.356634e-01
    outer loop
      vertex   -1.299648e+01 1.666821e+01 3.163680e+01
      vertex   -1.268288e+01 1.678213e+01 3.144575e+01
      vertex   -1.252131e+01 1.695253e+01 3.161392e+01
    endloop
  endfacet
  facet normal 4.098475e-01 -8.074317e-01 4.243573e-01
    outer loop
      vertex   -1.252131e+01 1.695253e+01 3.161392e+01
      vertex   -1.268288e+01 1.678213e+01 3.144575e+01
      vertex   -1.235093e+01 1.693564e+01 3.141724e+01
    endloop
  endfacet
  facet normal 3.714927e-01 -8.406943e-01 3.939877e-01
    outer loop
      vertex   -1.252131e+01 1.695253e+01 3.161392e+01
      vertex   -1.235093e+01 1.693564e+01 3.141724e+01
      vertex   -1.196817e+01 1.718737e+01 3.159346e+01
    endloop
  endfacet
  facet normal 3.320585e-01 -8.250211e-01 4.572497e-01
    outer loop
      vertex   -1.196817e+01 1.718737e+01 3.159346e+01
      vertex   -1.235093e+01 1.693564e+01 3.141724e+01
      vertex   -1.198807e+01 1.706711e+01 3.139093e+01
    endloop
  endfacet
  facet normal 2.652626e-01 -8.402602e-01 4.728621e-01
    outer loop
      vertex   -1.196817e+01 1.718737e+01 3.159346e+01
      vertex   -1.198807e+01 1.706711e+01 3.139093e+01
      vertex   -1.159710e+01 1.717726e+01 3.136734e+01
    endloop
  endfacet
  facet normal 2.673530e-01 -8.377207e-01 4.761789e-01
    outer loop
      vertex   -1.196817e+01 1.718737e+01 3.159346e+01
      vertex   -1.159710e+01 1.717726e+01 3.136734e+01
      vertex   -1.136857e+01 1.736927e+01 3.157683e+01
    endloop
  endfacet
  facet normal 2.027042e-01 -8.219589e-01 5.322543e-01
    outer loop
      vertex   -1.136857e+01 1.736927e+01 3.157683e+01
      vertex   -1.159710e+01 1.717726e+01 3.136734e+01
      vertex   -1.118077e+01 1.726673e+01 3.134695e+01
    endloop
  endfacet
  facet normal 1.857082e-01 -8.319613e-01 5.228316e-01
    outer loop
      vertex   -1.136857e+01 1.736927e+01 3.157683e+01
      vertex   -1.118077e+01 1.726673e+01 3.134695e+01
      vertex   -1.071456e+01 1.750719e+01 3.156399e+01
    endloop
  endfacet
  facet normal 1.480435e-01 -8.052565e-01 5.741473e-01
    outer loop
      vertex   -1.071456e+01 1.750719e+01 3.156399e+01
      vertex   -1.118077e+01 1.726673e+01 3.134695e+01
      vertex   -1.074225e+01 1.733532e+01 3.133008e+01
    endloop
  endfacet
  facet normal 1.012540e-01 -8.073954e-01 5.812575e-01
    outer loop
      vertex   -1.071456e+01 1.750719e+01 3.156399e+01
      vertex   -1.074225e+01 1.733532e+01 3.133008e+01
      vertex   -1.028566e+01 1.738305e+01 3.131685e+01
    endloop
  endfacet
  facet normal 1.137267e-01 -7.945513e-01 5.964515e-01
    outer loop
      vertex   -1.071456e+01 1.750719e+01 3.156399e+01
      vertex   -1.028566e+01 1.738305e+01 3.131685e+01
      vertex   -1.001878e+01 1.760019e+01 3.155521e+01
    endloop
  endfacet
  facet normal 3.703808e-02 -7.590501e-01 6.499778e-01
    outer loop
      vertex   -1.001878e+01 1.760019e+01 3.155521e+01
      vertex   -1.028566e+01 1.738305e+01 3.131685e+01
      vertex   -9.335081e+00 1.741649e+01 3.130173e+01
    endloop
  endfacet
  facet normal 5.266745e-02 -7.357247e-01 6.752298e-01
    outer loop
      vertex   -1.001878e+01 1.760019e+01 3.155521e+01
      vertex   -9.335081e+00 1.741649e+01 3.130173e+01
      vertex   -9.294807e+00 1.764783e+01 3.155066e+01
    endloop
  endfacet
  facet normal 1.990964e-03 -7.326657e-01 6.805858e-01
    outer loop
      vertex   -9.294807e+00 1.764783e+01 3.155066e+01
      vertex   -9.335081e+00 1.741649e+01 3.130173e+01
      vertex   -8.556234e+00 1.764970e+01 3.155050e+01
    endloop
  endfacet
  facet normal 2.005879e-03 -7.391354e-01 6.735539e-01
    outer loop
      vertex   -9.294807e+00 1.764783e+01 3.155066e+01
      vertex   -8.556234e+00 1.764970e+01 3.155050e+01
      vertex   -9.373627e+00 1.787484e+01 3.180000e+01
    endloop
  endfacet
  facet normal 2.897177e-02 -6.930472e-01 7.203098e-01
    outer loop
      vertex   -9.373627e+00 1.787484e+01 3.180000e+01
      vertex   -8.556234e+00 1.764970e+01 3.155050e+01
      vertex   -8.362750e+00 1.791710e+01 3.180000e+01
    endloop
  endfacet
  facet normal -4.407374e-02 -6.643097e-01 7.461569e-01
    outer loop
      vertex   -8.362750e+00 1.791710e+01 3.180000e+01
      vertex   -8.556234e+00 1.764970e+01 3.155050e+01
      vertex   -7.817761e+00 1.760560e+01 3.155487e+01
    endloop
  endfacet
  facet normal -2.721328e-02 -6.471689e-01 7.618608e-01
    outer loop
      vertex   -8.362750e+00 1.791710e+01 3.180000e+01
      vertex   -7.817761e+00 1.760560e+01 3.155487e+01
      vertex   -7.352083e+00 1.787460e+01 3.180000e+01
    endloop
  endfacet
  facet normal -8.148431e-02 -5.905759e-01 8.028576e-01
    outer loop
      vertex   -7.352083e+00 1.787460e+01 3.180000e+01
      vertex   -7.817761e+00 1.760560e+01 3.155487e+01
      vertex   -7.094487e+00 1.751745e+01 3.156343e+01
    endloop
  endfacet
  facet normal -7.534116e-02 -5.878601e-01 8.054466e-01
    outer loop
      vertex   -7.352083e+00 1.787460e+01 3.180000e+01
      vertex   -7.094487e+00 1.751745e+01 3.156343e+01
      vertex   -6.375620e+00 1.774945e+01 3.180000e+01
    endloop
  endfacet
  facet normal -1.117982e-01 -5.182051e-01 8.479178e-01
    outer loop
      vertex   -6.375620e+00 1.774945e+01 3.180000e+01
      vertex   -7.094487e+00 1.751745e+01 3.156343e+01
      vertex   -6.400706e+00 1.738789e+01 3.157572e+01
    endloop
  endfacet
  facet normal -1.034665e-01 -5.190997e-01 8.484281e-01
    outer loop
      vertex   -6.375620e+00 1.774945e+01 3.180000e+01
      vertex   -6.400706e+00 1.738789e+01 3.157572e+01
      vertex   -5.910478e+00 1.765674e+01 3.180000e+01
    endloop
  endfacet
  facet normal -1.421422e-01 -4.682943e-01 8.720642e-01
    outer loop
      vertex   -5.910478e+00 1.765674e+01 3.180000e+01
      vertex   -6.400706e+00 1.738789e+01 3.157572e+01
      vertex   -5.750712e+00 1.721960e+01 3.159130e+01
    endloop
  endfacet
  facet normal -1.169235e-01 -4.623637e-01 8.789475e-01
    outer loop
      vertex   -5.910478e+00 1.765674e+01 3.180000e+01
      vertex   -5.750712e+00 1.721960e+01 3.159130e+01
      vertex   -5.466203e+00 1.754439e+01 3.180000e+01
    endloop
  endfacet
  facet normal -1.391707e-01 -4.461637e-01 8.840642e-01
    outer loop
      vertex   -5.466203e+00 1.754439e+01 3.180000e+01
      vertex   -5.750712e+00 1.721960e+01 3.159130e+01
      vertex   -5.046448e+00 1.741346e+01 3.180000e+01
    endloop
  endfacet
  facet normal -1.620635e-01 -3.880081e-01 9.072955e-01
    outer loop
      vertex   -5.046448e+00 1.741346e+01 3.180000e+01
      vertex   -5.750712e+00 1.721960e+01 3.159130e+01
      vertex   -5.158921e+00 1.701547e+01 3.160971e+01
    endloop
  endfacet
  facet normal -1.484921e-01 -3.921106e-01 9.078543e-01
    outer loop
      vertex   -5.046448e+00 1.741346e+01 3.180000e+01
      vertex   -5.158921e+00 1.701547e+01 3.160971e+01
      vertex   -4.653852e+00 1.726478e+01 3.180000e+01
    endloop
  endfacet
  facet normal -1.852803e-01 -3.308978e-01 9.252988e-01
    outer loop
      vertex   -4.653852e+00 1.726478e+01 3.180000e+01
      vertex   -5.158921e+00 1.701547e+01 3.160971e+01
      vertex   -4.637587e+00 1.678025e+01 3.162998e+01
    endloop
  endfacet
  facet normal -1.532595e-01 -3.317637e-01 9.308299e-01
    outer loop
      vertex   -4.653852e+00 1.726478e+01 3.180000e+01
      vertex   -4.637587e+00 1.678025e+01 3.162998e+01
      vertex   -4.291356e+00 1.709733e+01 3.180000e+01
    endloop
  endfacet
  facet normal -1.757919e-01 -3.091878e-01 9.346123e-01
    outer loop
      vertex   -4.291356e+00 1.709733e+01 3.180000e+01
      vertex   -4.637587e+00 1.678025e+01 3.162998e+01
      vertex   -3.961914e+00 1.691002e+01 3.180000e+01
    endloop
  endfacet
  facet normal -1.909122e-01 -2.497195e-01 9.493117e-01
    outer loop
      vertex   -3.961914e+00 1.691002e+01 3.180000e+01
      vertex   -4.637587e+00 1.678025e+01 3.162998e+01
      vertex   -4.195276e+00 1.651911e+01 3.165024e+01
    endloop
  endfacet
  facet normal -1.813478e-01 -2.555528e-01 9.496345e-01
    outer loop
      vertex   -3.961914e+00 1.691002e+01 3.180000e+01
      vertex   -4.195276e+00 1.651911e+01 3.165024e+01
      vertex   -3.668481e+00 1.670179e+01 3.180000e+01
    endloop
  endfacet
  facet normal -2.048308e-01 -1.955644e-01 9.590615e-01
    outer loop
      vertex   -3.668481e+00 1.670179e+01 3.180000e+01
      vertex   -4.195276e+00 1.651911e+01 3.165024e+01
      vertex   -3.840342e+00 1.623718e+01 3.166856e+01
    endloop
  endfacet
  facet normal -1.843899e-01 -2.038123e-01 9.614889e-01
    outer loop
      vertex   -3.668481e+00 1.670179e+01 3.180000e+01
      vertex   -3.840342e+00 1.623718e+01 3.166856e+01
      vertex   -3.414010e+00 1.647157e+01 3.180000e+01
    endloop
  endfacet
  facet normal -2.127609e-01 -1.541066e-01 9.648751e-01
    outer loop
      vertex   -3.414010e+00 1.647157e+01 3.180000e+01
      vertex   -3.840342e+00 1.623718e+01 3.166856e+01
      vertex   -3.698253e+00 1.609003e+01 3.167638e+01
    endloop
  endfacet
  facet normal -1.976025e-01 -1.658148e-01 9.661567e-01
    outer loop
      vertex   -3.414010e+00 1.647157e+01 3.180000e+01
      vertex   -3.698253e+00 1.609003e+01 3.167638e+01
      vertex   -3.201461e+00 1.621827e+01 3.180000e+01
    endloop
  endfacet
  facet normal -2.101806e-01 -1.209413e-01 9.701532e-01
    outer loop
      vertex   -3.201461e+00 1.621827e+01 3.180000e+01
      vertex   -3.698253e+00 1.609003e+01 3.167638e+01
      vertex   -3.581139e+00 1.593961e+01 3.168301e+01
    endloop
  endfacet
  facet normal -2.239757e-01 -1.017732e-01 9.692663e-01
    outer loop
      vertex   -3.201461e+00 1.621827e+01 3.180000e+01
      vertex   -3.581139e+00 1.593961e+01 3.168301e+01
      vertex   -3.489494e+00 1.578649e+01 3.168810e+01
    endloop
  endfacet
  facet normal -2.237678e-01 -1.016467e-01 9.693275e-01
    outer loop
      vertex   -3.489494e+00 1.578649e+01 3.168810e+01
      vertex   -3.581139e+00 1.593961e+01 3.168301e+01
      vertex   -3.966487e+00 1.566917e+01 3.156569e+01
    endloop
  endfacet
  facet normal -2.404471e-01 -3.458064e-02 9.700461e-01
    outer loop
      vertex   -3.489494e+00 1.578649e+01 3.168810e+01
      vertex   -3.966487e+00 1.566917e+01 3.156569e+01
      vertex   -3.894769e+00 1.553727e+01 3.157876e+01
    endloop
  endfacet
  facet normal -3.407629e-02 -6.736965e-01 7.382220e-01
    outer loop
      vertex   -9.335081e+00 1.741649e+01 3.130173e+01
      vertex   -8.362730e+00 1.736807e+01 3.130243e+01
      vertex   -8.556234e+00 1.764970e+01 3.155050e+01
    endloop
  endfacet
  facet normal -4.478975e-02 -6.774876e-01 7.341692e-01
    outer loop
      vertex   -8.556234e+00 1.764970e+01 3.155050e+01
      vertex   -8.362730e+00 1.736807e+01 3.130243e+01
      vertex   -7.817761e+00 1.760560e+01 3.155487e+01
    endloop
  endfacet
  facet normal -9.547697e-02 -6.138005e-01 7.836664e-01
    outer loop
      vertex   -8.362730e+00 1.736807e+01 3.130243e+01
      vertex   -7.405016e+00 1.724041e+01 3.131912e+01
      vertex   -7.817761e+00 1.760560e+01 3.155487e+01
    endloop
  endfacet
  facet normal -8.312267e-02 -6.050913e-01 7.918050e-01
    outer loop
      vertex   -7.817761e+00 1.760560e+01 3.155487e+01
      vertex   -7.405016e+00 1.724041e+01 3.131912e+01
      vertex   -7.094487e+00 1.751745e+01 3.156343e+01
    endloop
  endfacet
  facet normal -1.490816e-01 -5.547466e-01 8.185541e-01
    outer loop
      vertex   -7.405016e+00 1.724041e+01 3.131912e+01
      vertex   -6.498961e+00 1.704240e+01 3.134994e+01
      vertex   -7.094487e+00 1.751745e+01 3.156343e+01
    endloop
  endfacet
  facet normal -1.122917e-01 -5.210178e-01 8.461271e-01
    outer loop
      vertex   -7.094487e+00 1.751745e+01 3.156343e+01
      vertex   -6.498961e+00 1.704240e+01 3.134994e+01
      vertex   -6.400706e+00 1.738789e+01 3.157572e+01
    endloop
  endfacet
  facet normal -1.848582e-01 -5.002456e-01 8.459207e-01
    outer loop
      vertex   -6.498961e+00 1.704240e+01 3.134994e+01
      vertex   -6.076652e+00 1.692018e+01 3.136995e+01
      vertex   -6.400706e+00 1.738789e+01 3.157572e+01
    endloop
  endfacet
  facet normal -1.452589e-01 -4.810232e-01 8.645904e-01
    outer loop
      vertex   -6.400706e+00 1.738789e+01 3.157572e+01
      vertex   -6.076652e+00 1.692018e+01 3.136995e+01
      vertex   -5.750712e+00 1.721960e+01 3.159130e+01
    endloop
  endfacet
  facet normal -1.992279e-01 -4.330010e-01 8.791009e-01
    outer loop
      vertex   -6.076652e+00 1.692018e+01 3.136995e+01
      vertex   -5.680871e+00 1.678417e+01 3.139265e+01
      vertex   -5.750712e+00 1.721960e+01 3.159130e+01
    endloop
  endfacet
  facet normal -1.764689e-01 -4.318253e-01 8.845256e-01
    outer loop
      vertex   -5.750712e+00 1.721960e+01 3.159130e+01
      vertex   -5.680871e+00 1.678417e+01 3.139265e+01
      vertex   -5.158921e+00 1.701547e+01 3.160971e+01
    endloop
  endfacet
  facet normal -2.131306e-01 -3.682708e-01 9.049596e-01
    outer loop
      vertex   -5.680871e+00 1.678417e+01 3.139265e+01
      vertex   -5.316849e+00 1.663535e+01 3.141783e+01
      vertex   -5.158921e+00 1.701547e+01 3.160971e+01
    endloop
  endfacet
  facet normal -2.459002e-01 -3.534436e-01 9.025579e-01
    outer loop
      vertex   -5.158921e+00 1.701547e+01 3.160971e+01
      vertex   -5.316849e+00 1.663535e+01 3.141783e+01
      vertex   -4.989007e+00 1.647610e+01 3.144478e+01
    endloop
  endfacet
  facet normal -1.897834e-01 -3.412830e-01 9.206021e-01
    outer loop
      vertex   -5.158921e+00 1.701547e+01 3.160971e+01
      vertex   -4.989007e+00 1.647610e+01 3.144478e+01
      vertex   -4.637587e+00 1.678025e+01 3.162998e+01
    endloop
  endfacet
  facet normal -2.477552e-01 -2.787225e-01 9.278637e-01
    outer loop
      vertex   -4.637587e+00 1.678025e+01 3.162998e+01
      vertex   -4.989007e+00 1.647610e+01 3.144478e+01
      vertex   -4.699480e+00 1.631057e+01 3.147237e+01
    endloop
  endfacet
  facet normal -2.115294e-01 -2.857766e-01 9.346588e-01
    outer loop
      vertex   -4.637587e+00 1.678025e+01 3.162998e+01
      vertex   -4.699480e+00 1.631057e+01 3.147237e+01
      vertex   -4.195276e+00 1.651911e+01 3.165024e+01
    endloop
  endfacet
  facet normal -2.457226e-01 -2.125616e-01 9.457473e-01
    outer loop
      vertex   -4.195276e+00 1.651911e+01 3.165024e+01
      vertex   -4.699480e+00 1.631057e+01 3.147237e+01
      vertex   -4.450367e+00 1.614293e+01 3.149941e+01
    endloop
  endfacet
  facet normal -2.711941e-01 -1.940883e-01 9.427531e-01
    outer loop
      vertex   -4.195276e+00 1.651911e+01 3.165024e+01
      vertex   -4.450367e+00 1.614293e+01 3.149941e+01
      vertex   -4.243766e+00 1.597737e+01 3.152476e+01
    endloop
  endfacet
  facet normal -2.103533e-01 -2.026911e-01 9.563827e-01
    outer loop
      vertex   -4.195276e+00 1.651911e+01 3.165024e+01
      vertex   -4.243766e+00 1.597737e+01 3.152476e+01
      vertex   -3.840342e+00 1.623718e+01 3.166856e+01
    endloop
  endfacet
  facet normal -2.587942e-01 -1.280427e-01 9.574083e-01
    outer loop
      vertex   -3.840342e+00 1.623718e+01 3.166856e+01
      vertex   -4.243766e+00 1.597737e+01 3.152476e+01
      vertex   -4.081777e+00 1.581805e+01 3.154724e+01
    endloop
  endfacet
  facet normal -2.143246e-01 -1.556481e-01 9.642814e-01
    outer loop
      vertex   -3.840342e+00 1.623718e+01 3.166856e+01
      vertex   -4.081777e+00 1.581805e+01 3.154724e+01
      vertex   -3.698253e+00 1.609003e+01 3.167638e+01
    endloop
  endfacet
  facet normal -2.633874e-01 -8.488169e-02 9.609486e-01
    outer loop
      vertex   -3.698253e+00 1.609003e+01 3.167638e+01
      vertex   -4.081777e+00 1.581805e+01 3.154724e+01
      vertex   -3.966487e+00 1.566917e+01 3.156569e+01
    endloop
  endfacet
  facet normal -2.103607e-01 -1.210840e-01 9.700964e-01
    outer loop
      vertex   -3.698253e+00 1.609003e+01 3.167638e+01
      vertex   -3.966487e+00 1.566917e+01 3.156569e+01
      vertex   -3.581139e+00 1.593961e+01 3.168301e+01
    endloop
  endfacet
  facet normal -2.189399e-01 -7.092024e-02 9.731576e-01
    outer loop
      vertex   -3.489494e+00 1.578649e+01 3.168810e+01
      vertex   -3.894769e+00 1.553727e+01 3.157876e+01
      vertex   -3.423529e+00 1.563126e+01 3.169163e+01
    endloop
  endfacet
  facet normal -2.308166e-01 -1.110751e-02 9.729339e-01
    outer loop
      vertex   -3.423529e+00 1.563126e+01 3.169163e+01
      vertex   -3.894769e+00 1.553727e+01 3.157876e+01
      vertex   -3.857513e+00 1.542171e+01 3.158628e+01
    endloop
  endfacet
  facet normal -2.163505e-01 -4.230685e-02 9.753987e-01
    outer loop
      vertex   -3.423529e+00 1.563126e+01 3.169163e+01
      vertex   -3.857513e+00 1.542171e+01 3.158628e+01
      vertex   -3.383651e+00 1.547459e+01 3.169368e+01
    endloop
  endfacet
  facet normal -2.210308e-01 -9.439934e-05 9.752668e-01
    outer loop
      vertex   -3.383651e+00 1.547459e+01 3.169368e+01
      vertex   -3.857513e+00 1.542171e+01 3.158628e+01
      vertex   -3.846844e+00 1.531713e+01 3.158869e+01
    endloop
  endfacet
  facet normal -2.164175e-01 -1.428467e-02 9.761964e-01
    outer loop
      vertex   -3.383651e+00 1.547459e+01 3.169368e+01
      vertex   -3.846844e+00 1.531713e+01 3.158869e+01
      vertex   -2.893690e+00 1.531713e+01 3.180000e+01
    endloop
  endfacet
  facet normal -2.199382e-01 -2.593338e-02 9.751690e-01
    outer loop
      vertex   -2.893690e+00 1.531713e+01 3.180000e+01
      vertex   -2.931169e+00 1.563498e+01 3.180000e+01
      vertex   -3.383651e+00 1.547459e+01 3.169368e+01
    endloop
  endfacet
  facet normal -2.144633e-01 -4.182076e-02 9.758363e-01
    outer loop
      vertex   -3.383651e+00 1.547459e+01 3.169368e+01
      vertex   -2.931169e+00 1.563498e+01 3.180000e+01
      vertex   -3.423529e+00 1.563126e+01 3.169163e+01
    endloop
  endfacet
  facet normal -2.138147e-01 -7.465231e-02 9.740176e-01
    outer loop
      vertex   -2.931169e+00 1.563498e+01 3.180000e+01
      vertex   -3.037042e+00 1.593822e+01 3.180000e+01
      vertex   -3.423529e+00 1.563126e+01 3.169163e+01
    endloop
  endfacet
  facet normal -2.172406e-01 -7.018823e-02 9.735914e-01
    outer loop
      vertex   -3.423529e+00 1.563126e+01 3.169163e+01
      vertex   -3.037042e+00 1.593822e+01 3.180000e+01
      vertex   -3.489494e+00 1.578649e+01 3.168810e+01
    endloop
  endfacet
  facet normal -2.009402e-01 -1.179708e-01 9.724741e-01
    outer loop
      vertex   -3.037042e+00 1.593822e+01 3.180000e+01
      vertex   -3.201461e+00 1.621827e+01 3.180000e+01
      vertex   -3.489494e+00 1.578649e+01 3.168810e+01
    endloop
  endfacet
  facet normal 5.233850e-02 -7.301477e-01 6.812819e-01
    outer loop
      vertex   -9.294807e+00 1.764783e+01 3.155066e+01
      vertex   -9.373627e+00 1.787484e+01 3.180000e+01
      vertex   -1.001878e+01 1.760019e+01 3.155521e+01
    endloop
  endfacet
  facet normal 1.005005e-01 -7.830834e-01 6.137426e-01
    outer loop
      vertex   -1.001878e+01 1.760019e+01 3.155521e+01
      vertex   -9.373627e+00 1.787484e+01 3.180000e+01
      vertex   -1.034983e+01 1.774955e+01 3.180000e+01
    endloop
  endfacet
  facet normal 1.113477e-01 -7.742423e-01 6.230173e-01
    outer loop
      vertex   -1.001878e+01 1.760019e+01 3.155521e+01
      vertex   -1.034983e+01 1.774955e+01 3.180000e+01
      vertex   -1.071456e+01 1.750719e+01 3.156399e+01
    endloop
  endfacet
  facet normal 1.599635e-01 -8.016350e-01 5.760147e-01
    outer loop
      vertex   -1.071456e+01 1.750719e+01 3.156399e+01
      vertex   -1.034983e+01 1.774955e+01 3.180000e+01
      vertex   -1.081487e+01 1.765676e+01 3.180000e+01
    endloop
  endfacet
  facet normal 1.790003e-01 -7.948492e-01 5.798048e-01
    outer loop
      vertex   -1.071456e+01 1.750719e+01 3.156399e+01
      vertex   -1.081487e+01 1.765676e+01 3.180000e+01
      vertex   -1.136857e+01 1.736927e+01 3.157683e+01
    endloop
  endfacet
  facet normal 2.064783e-01 -8.163720e-01 5.393547e-01
    outer loop
      vertex   -1.136857e+01 1.736927e+01 3.157683e+01
      vertex   -1.081487e+01 1.765676e+01 3.180000e+01
      vertex   -1.125917e+01 1.754438e+01 3.180000e+01
    endloop
  endfacet
  facet normal 2.560838e-01 -8.174745e-01 5.159037e-01
    outer loop
      vertex   -1.136857e+01 1.736927e+01 3.157683e+01
      vertex   -1.125917e+01 1.754438e+01 3.180000e+01
      vertex   -1.167883e+01 1.741292e+01 3.180000e+01
    endloop
  endfacet
  facet normal 2.609064e-01 -8.123185e-01 5.215999e-01
    outer loop
      vertex   -1.136857e+01 1.736927e+01 3.157683e+01
      vertex   -1.167883e+01 1.741292e+01 3.180000e+01
      vertex   -1.196817e+01 1.718737e+01 3.159346e+01
    endloop
  endfacet
  facet normal 3.170649e-01 -8.288405e-01 4.609699e-01
    outer loop
      vertex   -1.196817e+01 1.718737e+01 3.159346e+01
      vertex   -1.167883e+01 1.741292e+01 3.180000e+01
      vertex   -1.207083e+01 1.726296e+01 3.180000e+01
    endloop
  endfacet
  facet normal 3.590829e-01 -8.045825e-01 4.729762e-01
    outer loop
      vertex   -1.196817e+01 1.718737e+01 3.159346e+01
      vertex   -1.207083e+01 1.726296e+01 3.180000e+01
      vertex   -1.252131e+01 1.695253e+01 3.161392e+01
    endloop
  endfacet
  facet normal 3.796611e-01 -8.142118e-01 4.392227e-01
    outer loop
      vertex   -1.252131e+01 1.695253e+01 3.161392e+01
      vertex   -1.207083e+01 1.726296e+01 3.180000e+01
      vertex   -1.243260e+01 1.709427e+01 3.180000e+01
    endloop
  endfacet
  facet normal 4.561771e-01 -7.992268e-01 3.913297e-01
    outer loop
      vertex   -1.252131e+01 1.695253e+01 3.161392e+01
      vertex   -1.243260e+01 1.709427e+01 3.180000e+01
      vertex   -1.276155e+01 1.690652e+01 3.180000e+01
    endloop
  endfacet
  facet normal 4.789347e-01 -7.659137e-01 4.289496e-01
    outer loop
      vertex   -1.252131e+01 1.695253e+01 3.161392e+01
      vertex   -1.276155e+01 1.690652e+01 3.180000e+01
      vertex   -1.299648e+01 1.666821e+01 3.163680e+01
    endloop
  endfacet
  facet normal 5.420651e-01 -7.679921e-01 3.411064e-01
    outer loop
      vertex   -1.299648e+01 1.666821e+01 3.163680e+01
      vertex   -1.276155e+01 1.690652e+01 3.180000e+01
      vertex   -1.305534e+01 1.669915e+01 3.180000e+01
    endloop
  endfacet
  facet normal 5.927793e-01 -7.247555e-01 3.512010e-01
    outer loop
      vertex   -1.299648e+01 1.666821e+01 3.163680e+01
      vertex   -1.305534e+01 1.669915e+01 3.180000e+01
      vertex   -1.320275e+01 1.650538e+01 3.164892e+01
    endloop
  endfacet
  facet normal 6.369893e-01 -7.130158e-01 2.930070e-01
    outer loop
      vertex   -1.320275e+01 1.650538e+01 3.164892e+01
      vertex   -1.305534e+01 1.669915e+01 3.180000e+01
      vertex   -1.331226e+01 1.646963e+01 3.180000e+01
    endloop
  endfacet
  facet normal 6.706834e-01 -6.648752e-01 3.288233e-01
    outer loop
      vertex   -1.320275e+01 1.650538e+01 3.164892e+01
      vertex   -1.331226e+01 1.646963e+01 3.180000e+01
      vertex   -1.338497e+01 1.632749e+01 3.166090e+01
    endloop
  endfacet
  facet normal 7.394361e-01 -6.244523e-01 2.515819e-01
    outer loop
      vertex   -1.338497e+01 1.632749e+01 3.166090e+01
      vertex   -1.331226e+01 1.646963e+01 3.180000e+01
      vertex   -1.352598e+01 1.621655e+01 3.180000e+01
    endloop
  endfacet
  facet normal 7.540288e-01 -5.857284e-01 2.972590e-01
    outer loop
      vertex   -1.338497e+01 1.632749e+01 3.166090e+01
      vertex   -1.352598e+01 1.621655e+01 3.180000e+01
      vertex   -1.353958e+01 1.613411e+01 3.167205e+01
    endloop
  endfacet
  facet normal 8.389769e-01 -4.936758e-01 2.289149e-01
    outer loop
      vertex   -1.353958e+01 1.613411e+01 3.167205e+01
      vertex   -1.352598e+01 1.621655e+01 3.180000e+01
      vertex   -1.368930e+01 1.593901e+01 3.180000e+01
    endloop
  endfacet
  facet normal 9.266122e-01 3.177651e-01 2.010351e-01
    outer loop
      vertex   -1.379295e+01 1.499865e+01 3.180000e+01
      vertex   -1.368866e+01 1.469451e+01 3.180000e+01
      vertex   -1.376174e+01 1.497725e+01 3.168997e+01
    endloop
  endfacet
  facet normal 9.246472e-01 3.196068e-01 2.070726e-01
    outer loop
      vertex   -1.376174e+01 1.497725e+01 3.168997e+01
      vertex   -1.368866e+01 1.469451e+01 3.180000e+01
      vertex   -1.368079e+01 1.474747e+01 3.168313e+01
    endloop
  endfacet
  facet normal 8.477079e-01 4.593889e-01 2.652416e-01
    outer loop
      vertex   -1.368079e+01 1.474747e+01 3.168313e+01
      vertex   -1.368866e+01 1.469451e+01 3.180000e+01
      vertex   -1.356236e+01 1.453442e+01 3.167364e+01
    endloop
  endfacet
  facet normal 8.417531e-01 4.962342e-01 2.126108e-01
    outer loop
      vertex   -1.356236e+01 1.453442e+01 3.167364e+01
      vertex   -1.368866e+01 1.469451e+01 3.180000e+01
      vertex   -1.352468e+01 1.441636e+01 3.180000e+01
    endloop
  endfacet
  facet normal 7.665010e-01 5.671678e-01 3.013252e-01
    outer loop
      vertex   -1.356236e+01 1.453442e+01 3.167364e+01
      vertex   -1.352468e+01 1.441636e+01 3.180000e+01
      vertex   -1.341299e+01 1.433837e+01 3.166270e+01
    endloop
  endfacet
  facet normal 7.403061e-01 6.252379e-01 2.470313e-01
    outer loop
      vertex   -1.341299e+01 1.433837e+01 3.166270e+01
      vertex   -1.352468e+01 1.441636e+01 3.180000e+01
      vertex   -1.331139e+01 1.416382e+01 3.180000e+01
    endloop
  endfacet
  facet normal 6.850710e-01 6.529122e-01 3.230842e-01
    outer loop
      vertex   -1.341299e+01 1.433837e+01 3.166270e+01
      vertex   -1.331139e+01 1.416382e+01 3.180000e+01
      vertex   -1.323589e+01 1.415837e+01 3.165091e+01
    endloop
  endfacet
  facet normal 6.362357e-01 7.123785e-01 2.961773e-01
    outer loop
      vertex   -1.323589e+01 1.415837e+01 3.165091e+01
      vertex   -1.331139e+01 1.416382e+01 3.180000e+01
      vertex   -1.305519e+01 1.393500e+01 3.180000e+01
    endloop
  endfacet
  facet normal 5.956572e-01 7.198007e-01 3.564821e-01
    outer loop
      vertex   -1.323589e+01 1.415837e+01 3.165091e+01
      vertex   -1.305519e+01 1.393500e+01 3.180000e+01
      vertex   -1.298295e+01 1.395642e+01 3.163605e+01
    endloop
  endfacet
  facet normal 5.426080e-01 7.683419e-01 3.394515e-01
    outer loop
      vertex   -1.298295e+01 1.395642e+01 3.163605e+01
      vertex   -1.305519e+01 1.393500e+01 3.180000e+01
      vertex   -1.276139e+01 1.372752e+01 3.180000e+01
    endloop
  endfacet
  facet normal 5.065376e-01 7.692471e-01 3.894593e-01
    outer loop
      vertex   -1.298295e+01 1.395642e+01 3.163605e+01
      vertex   -1.276139e+01 1.372752e+01 3.180000e+01
      vertex   -1.269688e+01 1.377529e+01 3.162174e+01
    endloop
  endfacet
  facet normal 4.587985e-01 8.026470e-01 3.811321e-01
    outer loop
      vertex   -1.269688e+01 1.377529e+01 3.162174e+01
      vertex   -1.276139e+01 1.372752e+01 3.180000e+01
      vertex   -1.243190e+01 1.353918e+01 3.180000e+01
    endloop
  endfacet
  facet normal 4.259861e-01 7.987963e-01 4.248063e-01
    outer loop
      vertex   -1.269688e+01 1.377529e+01 3.162174e+01
      vertex   -1.243190e+01 1.353918e+01 3.180000e+01
      vertex   -1.237925e+01 1.361306e+01 3.160828e+01
    endloop
  endfacet
  facet normal 3.836964e-01 8.214388e-01 4.219188e-01
    outer loop
      vertex   -1.237925e+01 1.361306e+01 3.160828e+01
      vertex   -1.243190e+01 1.353918e+01 3.180000e+01
      vertex   -1.206956e+01 1.336993e+01 3.180000e+01
    endloop
  endfacet
  facet normal -1.739007e-01 3.048869e-01 9.363774e-01
    outer loop
      vertex   -4.292757e+00 1.354026e+01 3.180000e+01
      vertex   -3.963848e+00 1.372786e+01 3.180000e+01
      vertex   -4.493566e+00 1.393017e+01 3.163575e+01
    endloop
  endfacet
  facet normal -1.975035e-01 2.520024e-01 9.473580e-01
    outer loop
      vertex   -4.493566e+00 1.393017e+01 3.163575e+01
      vertex   -3.963848e+00 1.372786e+01 3.180000e+01
      vertex   -4.224501e+00 1.409400e+01 3.164826e+01
    endloop
  endfacet
  facet normal -2.205854e-01 2.352457e-01 9.465736e-01
    outer loop
      vertex   -4.224501e+00 1.409400e+01 3.164826e+01
      vertex   -3.963848e+00 1.372786e+01 3.180000e+01
      vertex   -3.989165e+00 1.426636e+01 3.166027e+01
    endloop
  endfacet
  facet normal -1.692261e-01 2.400776e-01 9.558898e-01
    outer loop
      vertex   -3.989165e+00 1.426636e+01 3.166027e+01
      vertex   -3.963848e+00 1.372786e+01 3.180000e+01
      vertex   -3.670128e+00 1.393490e+01 3.180000e+01
    endloop
  endfacet
  facet normal -2.264345e-01 1.851713e-01 9.562630e-01
    outer loop
      vertex   -3.989165e+00 1.426636e+01 3.166027e+01
      vertex   -3.670128e+00 1.393490e+01 3.180000e+01
      vertex   -3.722115e+00 1.451698e+01 3.167497e+01
    endloop
  endfacet
  facet normal -1.719733e-01 1.921647e-01 9.661769e-01
    outer loop
      vertex   -3.722115e+00 1.451698e+01 3.167497e+01
      vertex   -3.670128e+00 1.393490e+01 3.180000e+01
      vertex   -3.414717e+00 1.416347e+01 3.180000e+01
    endloop
  endfacet
  facet normal -1.992021e-01 1.682176e-01 9.654125e-01
    outer loop
      vertex   -3.722115e+00 1.451698e+01 3.167497e+01
      vertex   -3.414717e+00 1.416347e+01 3.180000e+01
      vertex   -3.201415e+00 1.441606e+01 3.180000e+01
    endloop
  endfacet
  facet normal -2.106298e-01 1.157885e-01 9.706844e-01
    outer loop
      vertex   -3.722115e+00 1.451698e+01 3.167497e+01
      vertex   -3.201415e+00 1.441606e+01 3.180000e+01
      vertex   -3.528072e+00 1.477770e+01 3.168598e+01
    endloop
  endfacet
  facet normal -2.049250e-01 1.211213e-01 9.712545e-01
    outer loop
      vertex   -3.528072e+00 1.477770e+01 3.168598e+01
      vertex   -3.201415e+00 1.441606e+01 3.180000e+01
      vertex   -3.036684e+00 1.469477e+01 3.180000e+01
    endloop
  endfacet
  facet normal -2.140558e-01 7.110763e-02 9.742299e-01
    outer loop
      vertex   -3.528072e+00 1.477770e+01 3.168598e+01
      vertex   -3.036684e+00 1.469477e+01 3.180000e+01
      vertex   -3.409991e+00 1.504546e+01 3.169238e+01
    endloop
  endfacet
  facet normal -2.114779e-01 7.395935e-02 9.745805e-01
    outer loop
      vertex   -3.409991e+00 1.504546e+01 3.169238e+01
      vertex   -3.036684e+00 1.469477e+01 3.180000e+01
      vertex   -2.930696e+00 1.499783e+01 3.180000e+01
    endloop
  endfacet
  facet normal -2.154695e-01 3.660203e-02 9.758244e-01
    outer loop
      vertex   -3.409991e+00 1.504546e+01 3.169238e+01
      vertex   -2.930696e+00 1.499783e+01 3.180000e+01
      vertex   -3.380224e+00 1.518104e+01 3.169387e+01
    endloop
  endfacet
  facet normal -4.215668e-01 4.900462e-02 9.054723e-01
    outer loop
      vertex   -7.706631e+00 1.511129e+01 2.980000e+01
      vertex   -3.857850e+00 1.521387e+01 3.158635e+01
      vertex   -7.682704e+00 1.531713e+01 2.980000e+01
    endloop
  endfacet
  facet normal -4.224914e-01 2.450239e-02 9.060357e-01
    outer loop
      vertex   -7.682704e+00 1.531713e+01 2.980000e+01
      vertex   -3.857850e+00 1.521387e+01 3.158635e+01
      vertex   -3.846844e+00 1.531713e+01 3.158869e+01
    endloop
  endfacet
  facet normal -4.225137e-01 -2.224061e-02 9.060836e-01
    outer loop
      vertex   -7.682704e+00 1.531713e+01 2.980000e+01
      vertex   -3.846844e+00 1.531713e+01 3.158869e+01
      vertex   -3.857513e+00 1.542171e+01 3.158628e+01
    endloop
  endfacet
  facet normal -4.176059e-01 1.465767e-01 8.967277e-01
    outer loop
      vertex   -7.778182e+00 1.490744e+01 2.980000e+01
      vertex   -3.966536e+00 1.496500e+01 3.156567e+01
      vertex   -7.706631e+00 1.511129e+01 2.980000e+01
    endloop
  endfacet
  facet normal -4.185825e-01 1.360762e-01 8.979265e-01
    outer loop
      vertex   -7.706631e+00 1.511129e+01 2.980000e+01
      vertex   -3.966536e+00 1.496500e+01 3.156567e+01
      vertex   -3.895018e+00 1.509816e+01 3.157883e+01
    endloop
  endfacet
  facet normal -4.214397e-01 7.666307e-02 9.036102e-01
    outer loop
      vertex   -7.706631e+00 1.511129e+01 2.980000e+01
      vertex   -3.895018e+00 1.509816e+01 3.157883e+01
      vertex   -3.857850e+00 1.521387e+01 3.158635e+01
    endloop
  endfacet
  facet normal -4.140036e-01 2.042151e-01 8.870723e-01
    outer loop
      vertex   -3.966536e+00 1.496500e+01 3.156567e+01
      vertex   -7.778182e+00 1.490744e+01 2.980000e+01
      vertex   -4.080154e+00 1.481542e+01 3.154708e+01
    endloop
  endfacet
  facet normal -4.094514e-01 2.426829e-01 8.794626e-01
    outer loop
      vertex   -4.080154e+00 1.481542e+01 3.154708e+01
      vertex   -7.778182e+00 1.490744e+01 2.980000e+01
      vertex   -7.896668e+00 1.470753e+01 2.980000e+01
    endloop
  endfacet
  facet normal -4.062951e-01 2.781506e-01 8.703772e-01
    outer loop
      vertex   -4.080154e+00 1.481542e+01 3.154708e+01
      vertex   -7.896668e+00 1.470753e+01 2.980000e+01
      vertex   -4.239378e+00 1.465441e+01 3.152421e+01
    endloop
  endfacet
  facet normal -3.975473e-01 3.365796e-01 8.536219e-01
    outer loop
      vertex   -4.239378e+00 1.465441e+01 3.152421e+01
      vertex   -7.896668e+00 1.470753e+01 2.980000e+01
      vertex   -8.060948e+00 1.451349e+01 2.980000e+01
    endloop
  endfacet
  facet normal -3.952911e-01 3.552006e-01 8.470994e-01
    outer loop
      vertex   -4.239378e+00 1.465441e+01 3.152421e+01
      vertex   -8.060948e+00 1.451349e+01 2.980000e+01
      vertex   -4.444349e+00 1.448755e+01 3.149853e+01
    endloop
  endfacet
  facet normal -3.818227e-01 4.273093e-01 8.195231e-01
    outer loop
      vertex   -4.444349e+00 1.448755e+01 3.149853e+01
      vertex   -8.060948e+00 1.451349e+01 2.980000e+01
      vertex   -8.269440e+00 1.432719e+01 2.980000e+01
    endloop
  endfacet
  facet normal -3.803962e-01 4.362486e-01 8.154667e-01
    outer loop
      vertex   -4.444349e+00 1.448755e+01 3.149853e+01
      vertex   -8.269440e+00 1.432719e+01 2.980000e+01
      vertex   -4.694277e+00 1.432014e+01 3.147150e+01
    endloop
  endfacet
  facet normal -3.624542e-01 5.140495e-01 7.774188e-01
    outer loop
      vertex   -4.694277e+00 1.432014e+01 3.147150e+01
      vertex   -8.269440e+00 1.432719e+01 2.980000e+01
      vertex   -8.520135e+00 1.415043e+01 2.980000e+01
    endloop
  endfacet
  facet normal -3.623070e-01 5.147734e-01 7.770084e-01
    outer loop
      vertex   -4.694277e+00 1.432014e+01 3.147150e+01
      vertex   -8.520135e+00 1.415043e+01 2.980000e+01
      vertex   -4.985982e+00 1.415598e+01 3.144424e+01
    endloop
  endfacet
  facet normal -3.411575e-01 5.906116e-01 7.312931e-01
    outer loop
      vertex   -4.985982e+00 1.415598e+01 3.144424e+01
      vertex   -8.520135e+00 1.415043e+01 2.980000e+01
      vertex   -5.316014e+00 1.399826e+01 3.141766e+01
    endloop
  endfacet
  facet normal -3.393423e-01 5.955100e-01 7.281584e-01
    outer loop
      vertex   -5.316014e+00 1.399826e+01 3.141766e+01
      vertex   -8.520135e+00 1.415043e+01 2.980000e+01
      vertex   -8.810620e+00 1.398490e+01 2.980000e+01
    endloop
  endfacet
  facet normal -3.161017e-01 6.642514e-01 6.773845e-01
    outer loop
      vertex   -5.316014e+00 1.399826e+01 3.141766e+01
      vertex   -8.810620e+00 1.398490e+01 2.980000e+01
      vertex   -5.680888e+00 1.385011e+01 3.139267e+01
    endloop
  endfacet
  facet normal -3.130024e-01 6.712649e-01 6.718876e-01
    outer loop
      vertex   -5.680888e+00 1.385011e+01 3.139267e+01
      vertex   -8.810620e+00 1.398490e+01 2.980000e+01
      vertex   -9.138097e+00 1.383220e+01 2.980000e+01
    endloop
  endfacet
  facet normal -2.877619e-01 7.329660e-01 6.164040e-01
    outer loop
      vertex   -5.680888e+00 1.385011e+01 3.139267e+01
      vertex   -9.138097e+00 1.383220e+01 2.980000e+01
      vertex   -6.076603e+00 1.371390e+01 3.136990e+01
    endloop
  endfacet
  facet normal -2.836981e-01 7.406508e-01 6.090581e-01
    outer loop
      vertex   -6.076603e+00 1.371390e+01 3.136990e+01
      vertex   -9.138097e+00 1.383220e+01 2.980000e+01
      vertex   -9.499412e+00 1.369380e+01 2.980000e+01
    endloop
  endfacet
  facet normal -2.570908e-01 7.943607e-01 5.503593e-01
    outer loop
      vertex   -6.076603e+00 1.371390e+01 3.136990e+01
      vertex   -9.499412e+00 1.369380e+01 2.980000e+01
      vertex   -6.498752e+00 1.359124e+01 3.134975e+01
    endloop
  endfacet
  facet normal -2.516551e-01 8.028938e-01 5.403992e-01
    outer loop
      vertex   -6.498752e+00 1.359124e+01 3.134975e+01
      vertex   -9.499412e+00 1.369380e+01 2.980000e+01
      vertex   -9.891086e+00 1.357104e+01 2.980000e+01
    endloop
  endfacet
  facet normal -2.174230e-01 8.583357e-01 4.647441e-01
    outer loop
      vertex   -6.498752e+00 1.359124e+01 3.134975e+01
      vertex   -9.891086e+00 1.357104e+01 2.980000e+01
      vertex   -1.030935e+01 1.346509e+01 2.980000e+01
    endloop
  endfacet
  facet normal -1.781007e-01 8.910225e-01 4.175632e-01
    outer loop
      vertex   -1.075016e+01 1.337698e+01 2.980000e+01
      vertex   -1.034873e+01 1.342509e+01 2.986856e+01
      vertex   -1.030935e+01 1.346509e+01 2.980000e+01
    endloop
  endfacet
  facet normal -1.921493e-01 8.916739e-01 4.098736e-01
    outer loop
      vertex   -1.030935e+01 1.346509e+01 2.980000e+01
      vertex   -1.034873e+01 1.342509e+01 2.986856e+01
      vertex   -7.404688e+00 1.339287e+01 3.131882e+01
    endloop
  endfacet
  facet normal -2.066163e-01 8.755222e-01 4.367730e-01
    outer loop
      vertex   -1.030935e+01 1.346509e+01 2.980000e+01
      vertex   -7.404688e+00 1.339287e+01 3.131882e+01
      vertex   -6.498752e+00 1.359124e+01 3.134975e+01
    endloop
  endfacet
  facet normal -1.223349e-01 9.542516e-01 2.728335e-01
    outer loop
      vertex   -1.168232e+01 1.325748e+01 2.980000e+01
      vertex   -1.053631e+01 1.326978e+01 3.027083e+01
      vertex   -1.075016e+01 1.337698e+01 2.980000e+01
    endloop
  endfacet
  facet normal -1.294164e-01 9.525057e-01 2.756525e-01
    outer loop
      vertex   -1.075016e+01 1.337698e+01 2.980000e+01
      vertex   -1.053631e+01 1.326978e+01 3.027083e+01
      vertex   -8.362532e+00 1.326655e+01 3.130255e+01
    endloop
  endfacet
  facet normal -1.302565e-01 9.520143e-01 2.769513e-01
    outer loop
      vertex   -1.075016e+01 1.337698e+01 2.980000e+01
      vertex   -8.362532e+00 1.326655e+01 3.130255e+01
      vertex   -7.404688e+00 1.339287e+01 3.131882e+01
    endloop
  endfacet
  facet normal -4.142383e-02 9.951847e-01 8.883370e-02
    outer loop
      vertex   -1.265173e+01 1.321713e+01 2.980000e+01
      vertex   -1.073380e+01 1.321713e+01 3.069435e+01
      vertex   -1.168232e+01 1.325748e+01 2.980000e+01
    endloop
  endfacet
  facet normal -3.725596e-02 9.957320e-01 8.443804e-02
    outer loop
      vertex   -1.168232e+01 1.325748e+01 2.980000e+01
      vertex   -1.073380e+01 1.321713e+01 3.069435e+01
      vertex   -9.335245e+00 1.321795e+01 3.130175e+01
    endloop
  endfacet
  facet normal -5.967017e-02 9.910580e-01 1.193460e-01
    outer loop
      vertex   -1.168232e+01 1.325748e+01 2.980000e+01
      vertex   -9.335245e+00 1.321795e+01 3.130175e+01
      vertex   -1.053631e+01 1.326978e+01 3.027083e+01
    endloop
  endfacet
  facet normal -4.970505e-02 9.929260e-01 1.078301e-01
    outer loop
      vertex   -1.053631e+01 1.326978e+01 3.027083e+01
      vertex   -9.335245e+00 1.321795e+01 3.130175e+01
      vertex   -8.362532e+00 1.326655e+01 3.130255e+01
    endloop
  endfacet
  facet normal 3.787792e-02 9.959754e-01 -8.122946e-02
    outer loop
      vertex   -1.073380e+01 1.321713e+01 3.069435e+01
      vertex   -1.265173e+01 1.321713e+01 2.980000e+01
      vertex   -1.028635e+01 1.325086e+01 3.131667e+01
    endloop
  endfacet
  facet normal 4.143144e-02 9.953675e-01 -8.675795e-02
    outer loop
      vertex   -1.028635e+01 1.325086e+01 3.131667e+01
      vertex   -1.265173e+01 1.321713e+01 2.980000e+01
      vertex   -1.362114e+01 1.325748e+01 2.980000e+01
    endloop
  endfacet
  facet normal 8.506359e-02 9.794701e-01 -1.827636e-01
    outer loop
      vertex   -1.028635e+01 1.325086e+01 3.131667e+01
      vertex   -1.362114e+01 1.325748e+01 2.980000e+01
      vertex   -1.093128e+01 1.326978e+01 3.111786e+01
    endloop
  endfacet
  facet normal 1.058600e-01 9.685658e-01 -2.251089e-01
    outer loop
      vertex   -1.093128e+01 1.326978e+01 3.111786e+01
      vertex   -1.362114e+01 1.325748e+01 2.980000e+01
      vertex   -1.074224e+01 1.329845e+01 3.133010e+01
    endloop
  endfacet
  facet normal 9.505965e-02 9.717722e-01 -2.159223e-01
    outer loop
      vertex   -1.093128e+01 1.326978e+01 3.111786e+01
      vertex   -1.074224e+01 1.329845e+01 3.133010e+01
      vertex   -1.028635e+01 1.325086e+01 3.131667e+01
    endloop
  endfacet
  facet normal 1.228919e-01 9.585961e-01 -2.568875e-01
    outer loop
      vertex   -1.362114e+01 1.325748e+01 2.980000e+01
      vertex   -1.455329e+01 1.337698e+01 2.980000e+01
      vertex   -1.074224e+01 1.329845e+01 3.133010e+01
    endloop
  endfacet
  facet normal 1.360552e-01 9.472275e-01 -2.902570e-01
    outer loop
      vertex   -1.074224e+01 1.329845e+01 3.133010e+01
      vertex   -1.455329e+01 1.337698e+01 2.980000e+01
      vertex   -1.117970e+01 1.336655e+01 3.134729e+01
    endloop
  endfacet
  facet normal 1.759238e-01 9.091698e-01 -3.774401e-01
    outer loop
      vertex   -1.117970e+01 1.336655e+01 3.134729e+01
      vertex   -1.455329e+01 1.337698e+01 2.980000e+01
      vertex   -1.159561e+01 1.345556e+01 3.136784e+01
    endloop
  endfacet
  facet normal 1.807849e-01 9.044512e-01 -3.863740e-01
    outer loop
      vertex   -1.159561e+01 1.345556e+01 3.136784e+01
      vertex   -1.455329e+01 1.337698e+01 2.980000e+01
      vertex   -1.499411e+01 1.346509e+01 2.980000e+01
    endloop
  endfacet
  facet normal 2.150410e-01 8.610082e-01 -4.608929e-01
    outer loop
      vertex   -1.159561e+01 1.345556e+01 3.136784e+01
      vertex   -1.499411e+01 1.346509e+01 2.980000e+01
      vertex   -1.198684e+01 1.356586e+01 3.139137e+01
    endloop
  endfacet
  facet normal 2.173744e-01 8.581438e-01 -4.651210e-01
    outer loop
      vertex   -1.198684e+01 1.356586e+01 3.139137e+01
      vertex   -1.499411e+01 1.346509e+01 2.980000e+01
      vertex   -1.541237e+01 1.357104e+01 2.980000e+01
    endloop
  endfacet
  facet normal 2.525016e-01 8.022794e-01 -5.409165e-01
    outer loop
      vertex   -1.198684e+01 1.356586e+01 3.139137e+01
      vertex   -1.541237e+01 1.357104e+01 2.980000e+01
      vertex   -1.235025e+01 1.369785e+01 3.141749e+01
    endloop
  endfacet
  facet normal 2.517961e-01 8.033437e-01 -5.396644e-01
    outer loop
      vertex   -1.235025e+01 1.369785e+01 3.141749e+01
      vertex   -1.541237e+01 1.357104e+01 2.980000e+01
      vertex   -1.580404e+01 1.369380e+01 2.980000e+01
    endloop
  endfacet
  facet normal 2.839453e-01 7.412964e-01 -6.081568e-01
    outer loop
      vertex   -1.235025e+01 1.369785e+01 3.141749e+01
      vertex   -1.580404e+01 1.369380e+01 2.980000e+01
      vertex   -1.616536e+01 1.383220e+01 2.980000e+01
    endloop
  endfacet
  facet normal 2.871871e-01 7.331263e-01 -6.164815e-01
    outer loop
      vertex   -1.235025e+01 1.369785e+01 3.141749e+01
      vertex   -1.616536e+01 1.383220e+01 2.980000e+01
      vertex   -1.268273e+01 1.385191e+01 3.144582e+01
    endloop
  endfacet
  facet normal 3.133223e-01 6.719510e-01 -6.710522e-01
    outer loop
      vertex   -1.268273e+01 1.385191e+01 3.144582e+01
      vertex   -1.616536e+01 1.383220e+01 2.980000e+01
      vertex   -1.649283e+01 1.398490e+01 2.980000e+01
    endloop
  endfacet
  facet normal 3.186403e-01 6.554865e-01 -6.846939e-01
    outer loop
      vertex   -1.268273e+01 1.385191e+01 3.144582e+01
      vertex   -1.649283e+01 1.398490e+01 2.980000e+01
      vertex   -1.298125e+01 1.402853e+01 3.147598e+01
    endloop
  endfacet
  facet normal 3.397503e-01 5.962260e-01 -7.273819e-01
    outer loop
      vertex   -1.298125e+01 1.402853e+01 3.147598e+01
      vertex   -1.649283e+01 1.398490e+01 2.980000e+01
      vertex   -1.678332e+01 1.415043e+01 2.980000e+01
    endloop
  endfacet
  facet normal 3.473824e-01 5.670918e-01 -7.468148e-01
    outer loop
      vertex   -1.298125e+01 1.402853e+01 3.147598e+01
      vertex   -1.678332e+01 1.415043e+01 2.980000e+01
      vertex   -1.324371e+01 1.423037e+01 3.150716e+01
    endloop
  endfacet
  facet normal 3.629726e-01 5.147847e-01 -7.766902e-01
    outer loop
      vertex   -1.324371e+01 1.423037e+01 3.150716e+01
      vertex   -1.678332e+01 1.415043e+01 2.980000e+01
      vertex   -1.703401e+01 1.432719e+01 2.980000e+01
    endloop
  endfacet
  facet normal 3.738186e-01 4.629332e-01 -8.037117e-01
    outer loop
      vertex   -1.324371e+01 1.423037e+01 3.150716e+01
      vertex   -1.703401e+01 1.432719e+01 2.980000e+01
      vertex   -1.346395e+01 1.446012e+01 3.153706e+01
    endloop
  endfacet
  facet normal 3.824766e-01 4.280411e-01 -8.188361e-01
    outer loop
      vertex   -1.346395e+01 1.446012e+01 3.153706e+01
      vertex   -1.703401e+01 1.432719e+01 2.980000e+01
      vertex   -1.724251e+01 1.451349e+01 2.980000e+01
    endloop
  endfacet
  facet normal 3.960065e-01 3.454098e-01 -8.508061e-01
    outer loop
      vertex   -1.346395e+01 1.446012e+01 3.153706e+01
      vertex   -1.724251e+01 1.451349e+01 2.980000e+01
      vertex   -1.363465e+01 1.471993e+01 3.156308e+01
    endloop
  endfacet
  facet normal 3.977838e-01 3.367799e-01 -8.534327e-01
    outer loop
      vertex   -1.363465e+01 1.471993e+01 3.156308e+01
      vertex   -1.724251e+01 1.451349e+01 2.980000e+01
      vertex   -1.740679e+01 1.470753e+01 2.980000e+01
    endloop
  endfacet
  facet normal 4.100748e-01 2.430524e-01 -8.790701e-01
    outer loop
      vertex   -1.363465e+01 1.471993e+01 3.156308e+01
      vertex   -1.740679e+01 1.470753e+01 2.980000e+01
      vertex   -1.752527e+01 1.490744e+01 2.980000e+01
    endloop
  endfacet
  facet normal 4.119329e-01 2.100005e-01 -8.866854e-01
    outer loop
      vertex   -1.363465e+01 1.471993e+01 3.156308e+01
      vertex   -1.752527e+01 1.490744e+01 2.980000e+01
      vertex   -1.374387e+01 1.501015e+01 3.158108e+01
    endloop
  endfacet
  facet normal 4.182266e-01 1.467946e-01 -8.964027e-01
    outer loop
      vertex   -1.374387e+01 1.501015e+01 3.158108e+01
      vertex   -1.752527e+01 1.490744e+01 2.980000e+01
      vertex   -1.759682e+01 1.511129e+01 2.980000e+01
    endloop
  endfacet
  facet normal 4.200743e-01 7.119460e-02 -9.046927e-01
    outer loop
      vertex   -1.374387e+01 1.501015e+01 3.158108e+01
      vertex   -1.759682e+01 1.511129e+01 2.980000e+01
      vertex   -1.378189e+01 1.531786e+01 3.158764e+01
    endloop
  endfacet
  facet normal 4.216273e-01 4.901166e-02 -9.054437e-01
    outer loop
      vertex   -1.378189e+01 1.531786e+01 3.158764e+01
      vertex   -1.759682e+01 1.511129e+01 2.980000e+01
      vertex   -1.762075e+01 1.531713e+01 2.980000e+01
    endloop
  endfacet
  facet normal 4.216426e-01 -4.901343e-02 -9.054365e-01
    outer loop
      vertex   -1.378189e+01 1.531786e+01 3.158764e+01
      vertex   -1.762075e+01 1.531713e+01 2.980000e+01
      vertex   -1.759682e+01 1.552296e+01 2.980000e+01
    endloop
  endfacet
  facet normal 4.203795e-01 -6.735232e-02 -9.048451e-01
    outer loop
      vertex   -1.378189e+01 1.531786e+01 3.158764e+01
      vertex   -1.759682e+01 1.552296e+01 2.980000e+01
      vertex   -1.374553e+01 1.562509e+01 3.158166e+01
    endloop
  endfacet
  facet normal 4.185136e-01 -1.468953e-01 -8.962523e-01
    outer loop
      vertex   -1.374553e+01 1.562509e+01 3.158166e+01
      vertex   -1.759682e+01 1.552296e+01 2.980000e+01
      vertex   -1.752527e+01 1.572682e+01 2.980000e+01
    endloop
  endfacet
  facet normal 4.118287e-01 -2.135812e-01 -8.858782e-01
    outer loop
      vertex   -1.374553e+01 1.562509e+01 3.158166e+01
      vertex   -1.752527e+01 1.572682e+01 2.980000e+01
      vertex   -1.363539e+01 1.591346e+01 3.156334e+01
    endloop
  endfacet
  facet normal 4.101398e-01 -2.430909e-01 -8.790291e-01
    outer loop
      vertex   -1.363539e+01 1.591346e+01 3.156334e+01
      vertex   -1.752527e+01 1.572682e+01 2.980000e+01
      vertex   -1.740679e+01 1.592672e+01 2.980000e+01
    endloop
  endfacet
  facet normal 3.978264e-01 -3.368159e-01 -8.533986e-01
    outer loop
      vertex   -1.363539e+01 1.591346e+01 3.156334e+01
      vertex   -1.740679e+01 1.592672e+01 2.980000e+01
      vertex   -1.724251e+01 1.612076e+01 2.980000e+01
    endloop
  endfacet
  facet normal 3.962428e-01 -3.445043e-01 -8.510631e-01
    outer loop
      vertex   -1.363539e+01 1.591346e+01 3.156334e+01
      vertex   -1.724251e+01 1.612076e+01 2.980000e+01
      vertex   -1.346546e+01 1.617255e+01 3.153758e+01
    endloop
  endfacet
  facet normal 3.825352e-01 -4.281066e-01 -8.187745e-01
    outer loop
      vertex   -1.346546e+01 1.617255e+01 3.153758e+01
      vertex   -1.724251e+01 1.612076e+01 2.980000e+01
      vertex   -1.703401e+01 1.630706e+01 2.980000e+01
    endloop
  endfacet
  facet normal 3.738348e-01 -4.630892e-01 -8.036143e-01
    outer loop
      vertex   -1.346546e+01 1.617255e+01 3.153758e+01
      vertex   -1.703401e+01 1.630706e+01 2.980000e+01
      vertex   -1.324471e+01 1.640293e+01 3.150751e+01
    endloop
  endfacet
  facet normal 3.629963e-01 -5.148183e-01 -7.766568e-01
    outer loop
      vertex   -1.324471e+01 1.640293e+01 3.150751e+01
      vertex   -1.703401e+01 1.630706e+01 2.980000e+01
      vertex   -1.678332e+01 1.648382e+01 2.980000e+01
    endloop
  endfacet
  facet normal 3.473653e-01 -5.671944e-01 -7.467448e-01
    outer loop
      vertex   -1.324471e+01 1.640293e+01 3.150751e+01
      vertex   -1.678332e+01 1.648382e+01 2.980000e+01
      vertex   -1.298143e+01 1.660560e+01 3.147604e+01
    endloop
  endfacet
  facet normal 3.397553e-01 -5.962348e-01 -7.273723e-01
    outer loop
      vertex   -1.298143e+01 1.660560e+01 3.147604e+01
      vertex   -1.678332e+01 1.648382e+01 2.980000e+01
      vertex   -1.649283e+01 1.664935e+01 2.980000e+01
    endloop
  endfacet
  facet normal 3.184533e-01 -6.559855e-01 -6.843030e-01
    outer loop
      vertex   -1.298143e+01 1.660560e+01 3.147604e+01
      vertex   -1.649283e+01 1.664935e+01 2.980000e+01
      vertex   -1.268288e+01 1.678213e+01 3.144575e+01
    endloop
  endfacet
  facet normal 3.133046e-01 -6.719130e-01 -6.710985e-01
    outer loop
      vertex   -1.268288e+01 1.678213e+01 3.144575e+01
      vertex   -1.649283e+01 1.664935e+01 2.980000e+01
      vertex   -1.616536e+01 1.680205e+01 2.980000e+01
    endloop
  endfacet
  facet normal 2.866582e-01 -7.341845e-01 -6.154674e-01
    outer loop
      vertex   -1.268288e+01 1.678213e+01 3.144575e+01
      vertex   -1.616536e+01 1.680205e+01 2.980000e+01
      vertex   -1.235093e+01 1.693564e+01 3.141724e+01
    endloop
  endfacet
  facet normal 2.838893e-01 -7.411501e-01 -6.083613e-01
    outer loop
      vertex   -1.235093e+01 1.693564e+01 3.141724e+01
      vertex   -1.616536e+01 1.680205e+01 2.980000e+01
      vertex   -1.580404e+01 1.694045e+01 2.980000e+01
    endloop
  endfacet
  facet normal 2.517477e-01 -8.031892e-01 -5.399169e-01
    outer loop
      vertex   -1.235093e+01 1.693564e+01 3.141724e+01
      vertex   -1.580404e+01 1.694045e+01 2.980000e+01
      vertex   -1.541237e+01 1.706321e+01 2.980000e+01
    endloop
  endfacet
  facet normal 2.518143e-01 -8.030889e-01 -5.400351e-01
    outer loop
      vertex   -1.235093e+01 1.693564e+01 3.141724e+01
      vertex   -1.541237e+01 1.706321e+01 2.980000e+01
      vertex   -1.198807e+01 1.706711e+01 3.139093e+01
    endloop
  endfacet
  facet normal 2.173085e-01 -8.578838e-01 -4.656312e-01
    outer loop
      vertex   -1.198807e+01 1.706711e+01 3.139093e+01
      vertex   -1.541237e+01 1.706321e+01 2.980000e+01
      vertex   -1.499411e+01 1.716916e+01 2.980000e+01
    endloop
  endfacet
  facet normal 2.147537e-01 -8.610198e-01 -4.610052e-01
    outer loop
      vertex   -1.198807e+01 1.706711e+01 3.139093e+01
      vertex   -1.499411e+01 1.716916e+01 2.980000e+01
      vertex   -1.159710e+01 1.717726e+01 3.136734e+01
    endloop
  endfacet
  facet normal 1.807302e-01 -9.041772e-01 -3.870402e-01
    outer loop
      vertex   -1.159710e+01 1.717726e+01 3.136734e+01
      vertex   -1.499411e+01 1.716916e+01 2.980000e+01
      vertex   -1.455329e+01 1.725727e+01 2.980000e+01
    endloop
  endfacet
  facet normal 1.765911e-01 -9.082078e-01 -3.794392e-01
    outer loop
      vertex   -1.159710e+01 1.717726e+01 3.136734e+01
      vertex   -1.455329e+01 1.725727e+01 2.980000e+01
      vertex   -1.118077e+01 1.726673e+01 3.134695e+01
    endloop
  endfacet
  facet normal 1.367952e-01 -9.464473e-01 -2.924460e-01
    outer loop
      vertex   -1.118077e+01 1.726673e+01 3.134695e+01
      vertex   -1.455329e+01 1.725727e+01 2.980000e+01
      vertex   -1.074225e+01 1.733532e+01 3.133008e+01
    endloop
  endfacet
  facet normal 1.228821e-01 -9.585199e-01 -2.571762e-01
    outer loop
      vertex   -1.074225e+01 1.733532e+01 3.133008e+01
      vertex   -1.455329e+01 1.725727e+01 2.980000e+01
      vertex   -1.362114e+01 1.737678e+01 2.980000e+01
    endloop
  endfacet
  facet normal 1.076953e-01 -9.674873e-01 -2.288449e-01
    outer loop
      vertex   -1.074225e+01 1.733532e+01 3.133008e+01
      vertex   -1.362114e+01 1.737678e+01 2.980000e+01
      vertex   -1.093128e+01 1.736447e+01 3.111786e+01
    endloop
  endfacet
  facet normal 8.364827e-02 -9.801254e-01 -1.798809e-01
    outer loop
      vertex   -1.093128e+01 1.736447e+01 3.111786e+01
      vertex   -1.362114e+01 1.737678e+01 2.980000e+01
      vertex   -1.028566e+01 1.738305e+01 3.131685e+01
    endloop
  endfacet
  facet normal 9.521726e-02 -9.712376e-01 -2.182457e-01
    outer loop
      vertex   -1.093128e+01 1.736447e+01 3.111786e+01
      vertex   -1.028566e+01 1.738305e+01 3.131685e+01
      vertex   -1.074225e+01 1.733532e+01 3.133008e+01
    endloop
  endfacet
  facet normal 4.143062e-02 -9.953479e-01 -8.698357e-02
    outer loop
      vertex   -1.362114e+01 1.737678e+01 2.980000e+01
      vertex   -1.265173e+01 1.741713e+01 2.980000e+01
      vertex   -1.028566e+01 1.738305e+01 3.131685e+01
    endloop
  endfacet
  facet normal 3.826219e-02 -9.958932e-01 -8.205353e-02
    outer loop
      vertex   -1.028566e+01 1.738305e+01 3.131685e+01
      vertex   -1.265173e+01 1.741713e+01 2.980000e+01
      vertex   -1.073380e+01 1.741713e+01 3.069435e+01
    endloop
  endfacet
  facet normal 3.378696e-02 -9.963134e-01 -7.885487e-02
    outer loop
      vertex   -1.028566e+01 1.738305e+01 3.131685e+01
      vertex   -1.073380e+01 1.741713e+01 3.069435e+01
      vertex   -9.335081e+00 1.741649e+01 3.130173e+01
    endloop
  endfacet
  facet normal -3.700753e-02 -9.957634e-01 8.417598e-02
    outer loop
      vertex   -9.335081e+00 1.741649e+01 3.130173e+01
      vertex   -1.073380e+01 1.741713e+01 3.069435e+01
      vertex   -1.168232e+01 1.737678e+01 2.980000e+01
    endloop
  endfacet
  facet normal -5.981396e-02 -9.910070e-01 1.196973e-01
    outer loop
      vertex   -9.335081e+00 1.741649e+01 3.130173e+01
      vertex   -1.168232e+01 1.737678e+01 2.980000e+01
      vertex   -1.053631e+01 1.736447e+01 3.027083e+01
    endloop
  endfacet
  facet normal -1.223349e-01 -9.542516e-01 2.728335e-01
    outer loop
      vertex   -1.053631e+01 1.736447e+01 3.027083e+01
      vertex   -1.168232e+01 1.737678e+01 2.980000e+01
      vertex   -1.075016e+01 1.725727e+01 2.980000e+01
    endloop
  endfacet
  facet normal -1.292114e-01 -9.525571e-01 2.755711e-01
    outer loop
      vertex   -1.053631e+01 1.736447e+01 3.027083e+01
      vertex   -1.075016e+01 1.725727e+01 2.980000e+01
      vertex   -8.362730e+00 1.736807e+01 3.130243e+01
    endloop
  endfacet
  facet normal -1.316477e-01 -9.511255e-01 2.793368e-01
    outer loop
      vertex   -8.362730e+00 1.736807e+01 3.130243e+01
      vertex   -1.075016e+01 1.725727e+01 2.980000e+01
      vertex   -7.405016e+00 1.724041e+01 3.131912e+01
    endloop
  endfacet
  facet normal -1.725833e-01 -9.129005e-01 3.699023e-01
    outer loop
      vertex   -7.405016e+00 1.724041e+01 3.131912e+01
      vertex   -1.075016e+01 1.725727e+01 2.980000e+01
      vertex   -1.034873e+01 1.720916e+01 2.986856e+01
    endloop
  endfacet
  facet normal -1.924290e-01 -8.916845e-01 4.097192e-01
    outer loop
      vertex   -7.405016e+00 1.724041e+01 3.131912e+01
      vertex   -1.034873e+01 1.720916e+01 2.986856e+01
      vertex   -1.030935e+01 1.716916e+01 2.980000e+01
    endloop
  endfacet
  facet normal -1.781007e-01 -8.910225e-01 4.175632e-01
    outer loop
      vertex   -1.030935e+01 1.716916e+01 2.980000e+01
      vertex   -1.034873e+01 1.720916e+01 2.986856e+01
      vertex   -1.075016e+01 1.725727e+01 2.980000e+01
    endloop
  endfacet
  facet normal -4.142383e-02 -9.951847e-01 8.883370e-02
    outer loop
      vertex   -1.265173e+01 1.741713e+01 2.980000e+01
      vertex   -1.168232e+01 1.737678e+01 2.980000e+01
      vertex   -1.073380e+01 1.741713e+01 3.069435e+01
    endloop
  endfacet
  facet normal -2.063084e-01 -8.762143e-01 4.355289e-01
    outer loop
      vertex   -7.405016e+00 1.724041e+01 3.131912e+01
      vertex   -1.030935e+01 1.716916e+01 2.980000e+01
      vertex   -6.498961e+00 1.704240e+01 3.134994e+01
    endloop
  endfacet
  facet normal -2.174663e-01 -8.585067e-01 4.644078e-01
    outer loop
      vertex   -6.498961e+00 1.704240e+01 3.134994e+01
      vertex   -1.030935e+01 1.716916e+01 2.980000e+01
      vertex   -9.891086e+00 1.706321e+01 2.980000e+01
    endloop
  endfacet
  facet normal -2.517123e-01 -8.030764e-01 5.401012e-01
    outer loop
      vertex   -6.498961e+00 1.704240e+01 3.134994e+01
      vertex   -9.891086e+00 1.706321e+01 2.980000e+01
      vertex   -9.499412e+00 1.694045e+01 2.980000e+01
    endloop
  endfacet
  facet normal -2.563228e-01 -7.958579e-01 5.485515e-01
    outer loop
      vertex   -6.498961e+00 1.704240e+01 3.134994e+01
      vertex   -9.499412e+00 1.694045e+01 2.980000e+01
      vertex   -6.076652e+00 1.692018e+01 3.136995e+01
    endloop
  endfacet
  facet normal -2.837172e-01 -7.407009e-01 6.089883e-01
    outer loop
      vertex   -6.076652e+00 1.692018e+01 3.136995e+01
      vertex   -9.499412e+00 1.694045e+01 2.980000e+01
      vertex   -9.138097e+00 1.680205e+01 2.980000e+01
    endloop
  endfacet
  facet normal -2.874410e-01 -7.336662e-01 6.157203e-01
    outer loop
      vertex   -6.076652e+00 1.692018e+01 3.136995e+01
      vertex   -9.138097e+00 1.680205e+01 2.980000e+01
      vertex   -5.680871e+00 1.678417e+01 3.139265e+01
    endloop
  endfacet
  facet normal -3.129981e-01 -6.712558e-01 6.718987e-01
    outer loop
      vertex   -5.680871e+00 1.678417e+01 3.139265e+01
      vertex   -9.138097e+00 1.680205e+01 2.980000e+01
      vertex   -8.810620e+00 1.664935e+01 2.980000e+01
    endloop
  endfacet
  facet normal -3.173621e-01 -6.613447e-01 6.796355e-01
    outer loop
      vertex   -5.680871e+00 1.678417e+01 3.139265e+01
      vertex   -8.810620e+00 1.664935e+01 2.980000e+01
      vertex   -5.316849e+00 1.663535e+01 3.141783e+01
    endloop
  endfacet
  facet normal -3.394624e-01 -5.957208e-01 7.279300e-01
    outer loop
      vertex   -5.316849e+00 1.663535e+01 3.141783e+01
      vertex   -8.810620e+00 1.664935e+01 2.980000e+01
      vertex   -8.520135e+00 1.648382e+01 2.980000e+01
    endloop
  endfacet
  facet normal -3.439429e-01 -5.835307e-01 7.356597e-01
    outer loop
      vertex   -5.316849e+00 1.663535e+01 3.141783e+01
      vertex   -8.520135e+00 1.648382e+01 2.980000e+01
      vertex   -4.989007e+00 1.647610e+01 3.144478e+01
    endloop
  endfacet
  facet normal -3.629313e-01 -5.147262e-01 7.767482e-01
    outer loop
      vertex   -4.989007e+00 1.647610e+01 3.144478e+01
      vertex   -8.520135e+00 1.648382e+01 2.980000e+01
      vertex   -8.269440e+00 1.630706e+01 2.980000e+01
    endloop
  endfacet
  facet normal -3.649202e-01 -5.082826e-01 7.800526e-01
    outer loop
      vertex   -4.989007e+00 1.647610e+01 3.144478e+01
      vertex   -8.269440e+00 1.630706e+01 2.980000e+01
      vertex   -4.699480e+00 1.631057e+01 3.147237e+01
    endloop
  endfacet
  facet normal -3.829389e-01 -4.285584e-01 8.183493e-01
    outer loop
      vertex   -4.699480e+00 1.631057e+01 3.147237e+01
      vertex   -8.269440e+00 1.630706e+01 2.980000e+01
      vertex   -8.060948e+00 1.612076e+01 2.980000e+01
    endloop
  endfacet
  facet normal -3.812765e-01 -4.349743e-01 8.157362e-01
    outer loop
      vertex   -4.699480e+00 1.631057e+01 3.147237e+01
      vertex   -8.060948e+00 1.612076e+01 2.980000e+01
      vertex   -4.450367e+00 1.614293e+01 3.149941e+01
    endloop
  endfacet
  facet normal -3.948858e-01 -3.635974e-01 8.437192e-01
    outer loop
      vertex   -4.450367e+00 1.614293e+01 3.149941e+01
      vertex   -8.060948e+00 1.612076e+01 2.980000e+01
      vertex   -4.243766e+00 1.597737e+01 3.152476e+01
    endloop
  endfacet
  facet normal -3.981473e-01 -3.370876e-01 8.531416e-01
    outer loop
      vertex   -4.243766e+00 1.597737e+01 3.152476e+01
      vertex   -8.060948e+00 1.612076e+01 2.980000e+01
      vertex   -7.896668e+00 1.592672e+01 2.980000e+01
    endloop
  endfacet
  facet normal -4.053493e-01 -2.898126e-01 8.670067e-01
    outer loop
      vertex   -4.243766e+00 1.597737e+01 3.152476e+01
      vertex   -7.896668e+00 1.592672e+01 2.980000e+01
      vertex   -4.081777e+00 1.581805e+01 3.154724e+01
    endloop
  endfacet
  facet normal -4.096561e-01 -2.428042e-01 8.793338e-01
    outer loop
      vertex   -4.081777e+00 1.581805e+01 3.154724e+01
      vertex   -7.896668e+00 1.592672e+01 2.980000e+01
      vertex   -7.778182e+00 1.572682e+01 2.980000e+01
    endloop
  endfacet
  facet normal -4.135275e-01 -2.104555e-01 8.858349e-01
    outer loop
      vertex   -4.081777e+00 1.581805e+01 3.154724e+01
      vertex   -7.778182e+00 1.572682e+01 2.980000e+01
      vertex   -3.966487e+00 1.566917e+01 3.156569e+01
    endloop
  endfacet
  facet normal -4.176070e-01 -1.465771e-01 8.967271e-01
    outer loop
      vertex   -3.966487e+00 1.566917e+01 3.156569e+01
      vertex   -7.778182e+00 1.572682e+01 2.980000e+01
      vertex   -7.706631e+00 1.552296e+01 2.980000e+01
    endloop
  endfacet
  facet normal -4.183632e-01 -1.384911e-01 8.976594e-01
    outer loop
      vertex   -3.966487e+00 1.566917e+01 3.156569e+01
      vertex   -7.706631e+00 1.552296e+01 2.980000e+01
      vertex   -3.894769e+00 1.553727e+01 3.157876e+01
    endloop
  endfacet
  facet normal -4.213702e-01 -7.705627e-02 9.036092e-01
    outer loop
      vertex   -3.894769e+00 1.553727e+01 3.157876e+01
      vertex   -7.706631e+00 1.552296e+01 2.980000e+01
      vertex   -3.857513e+00 1.542171e+01 3.158628e+01
    endloop
  endfacet
  facet normal -4.215093e-01 -4.899794e-02 9.054994e-01
    outer loop
      vertex   -3.857513e+00 1.542171e+01 3.158628e+01
      vertex   -7.706631e+00 1.552296e+01 2.980000e+01
      vertex   -7.682704e+00 1.531713e+01 2.980000e+01
    endloop
  endfacet
  facet normal -4.951904e-02 -9.929387e-01 1.077988e-01
    outer loop
      vertex   -8.362730e+00 1.736807e+01 3.130243e+01
      vertex   -9.335081e+00 1.741649e+01 3.130173e+01
      vertex   -1.053631e+01 1.736447e+01 3.027083e+01
    endloop
  endfacet
  facet normal 3.326432e-02 9.964033e-01 -7.793553e-02
    outer loop
      vertex   -1.028635e+01 1.325086e+01 3.131667e+01
      vertex   -9.335245e+00 1.321795e+01 3.130175e+01
      vertex   -1.073380e+01 1.321713e+01 3.069435e+01
    endloop
  endfacet
  facet normal -1.726960e-01 9.124963e-01 3.708458e-01
    outer loop
      vertex   -1.075016e+01 1.337698e+01 2.980000e+01
      vertex   -7.404688e+00 1.339287e+01 3.131882e+01
      vertex   -1.034873e+01 1.342509e+01 2.986856e+01
    endloop
  endfacet
  facet normal -0.000000e+00 -7.071068e-01 -7.071068e-01
    outer loop
      vertex   2.428573e+01 -1.602035e+01 2.210000e+01
      vertex   -5.071427e+01 -1.602035e+01 2.210000e+01
      vertex   2.428573e+01 -1.572035e+01 2.180000e+01
    endloop
  endfacet
  facet normal -0.000000e+00 -7.071068e-01 -7.071068e-01
    outer loop
      vertex   2.428573e+01 -1.572035e+01 2.180000e+01
      vertex   -5.071427e+01 -1.602035e+01 2.210000e+01
      vertex   -5.071427e+01 -1.572035e+01 2.180000e+01
    endloop
  endfacet
  facet normal 0.000000e+00 -1.000000e+00 0.000000e+00
    outer loop
      vertex   -5.071427e+01 -1.602035e+01 2.210000e+01
      vertex   2.428573e+01 -1.602035e+01 2.210000e+01
      vertex   -5.071427e+01 -1.602035e+01 2.980000e+01
    endloop
  endfacet
  facet normal 0.000000e+00 -1.000000e+00 0.000000e+00
    outer loop
      vertex   -5.071427e+01 -1.602035e+01 2.980000e+01
      vertex   2.428573e+01 -1.602035e+01 2.210000e+01
      vertex   2.428573e+01 -1.602035e+01 2.980000e+01
    endloop
  endfacet
  facet normal 0.000000e+00 7.071068e-01 -7.071068e-01
    outer loop
      vertex   -5.071427e+01 2.233725e+01 2.210000e+01
      vertex   -2.129463e+01 2.233725e+01 2.210000e+01
      vertex   -5.071427e+01 2.203725e+01 2.180000e+01
    endloop
  endfacet
  facet normal 0.000000e+00 7.071068e-01 -7.071068e-01
    outer loop
      vertex   -5.071427e+01 2.203725e+01 2.180000e+01
      vertex   -2.129463e+01 2.233725e+01 2.210000e+01
      vertex   -2.129463e+01 2.203725e+01 2.180000e+01
    endloop
  endfacet
  facet normal 1.000000e+00 0.000000e+00 0.000000e+00
    outer loop
      vertex   -2.129463e+01 2.083725e+01 2.180000e+01
      vertex   -2.129463e+01 2.203725e+01 2.180000e+01
      vertex   -2.129463e+01 2.133725e+01 2.480000e+01
    endloop
  endfacet
  facet normal 1.000000e+00 9.601929e-15 2.240450e-15
    outer loop
      vertex   -2.129463e+01 2.133725e+01 2.480000e+01
      vertex   -2.129463e+01 2.203725e+01 2.180000e+01
      vertex   -2.129463e+01 2.233725e+01 2.210000e+01
    endloop
  endfacet
  facet normal 1.000000e+00 9.601929e-16 -9.601929e-16
    outer loop
      vertex   -2.129463e+01 2.133725e+01 2.480000e+01
      vertex   -2.129463e+01 2.233725e+01 2.210000e+01
      vertex   -2.129463e+01 2.233725e+01 2.580000e+01
    endloop
  endfacet
  facet normal 1.000000e+00 -0.000000e+00 0.000000e+00
    outer loop
      vertex   -2.129463e+01 1.983725e+01 2.480000e+01
      vertex   -2.129463e+01 1.983725e+01 2.280000e+01
      vertex   -2.129463e+01 2.133725e+01 2.480000e+01
    endloop
  endfacet
  facet normal 1.000000e+00 0.000000e+00 0.000000e+00
    outer loop
      vertex   -2.129463e+01 2.133725e+01 2.480000e+01
      vertex   -2.129463e+01 1.983725e+01 2.280000e+01
      vertex   -2.129463e+01 2.083725e+01 2.180000e+01
    endloop
  endfacet
  facet normal 0.000000e+00 1.000000e+00 -0.000000e+00
    outer loop
      vertex   -2.129463e+01 2.233725e+01 2.210000e+01
      vertex   -5.071427e+01 2.233725e+01 2.210000e+01
      vertex   -2.129463e+01 2.233725e+01 2.580000e+01
    endloop
  endfacet
  facet normal 0.000000e+00 1.000000e+00 0.000000e+00
    outer loop
      vertex   -2.129463e+01 2.233725e+01 2.580000e+01
      vertex   -5.071427e+01 2.233725e+01 2.210000e+01
      vertex   -5.071427e+01 2.233725e+01 2.980000e+01
    endloop
  endfacet
  facet normal 0.000000e+00 1.000000e+00 -0.000000e+00
    outer loop
      vertex   -2.129463e+01 2.233725e+01 2.580000e+01
      vertex   -5.071427e+01 2.233725e+01 2.980000e+01
      vertex   -1.529463e+01 2.233725e+01 2.580000e+01
    endloop
  endfacet
  facet normal -4.736952e-17 1.000000e+00 -4.194528e-16
    outer loop
      vertex   -1.529463e+01 2.233725e+01 2.580000e+01
      vertex   -5.071427e+01 2.233725e+01 2.980000e+01
      vertex   2.428573e+01 2.233725e+01 2.980000e+01
    endloop
  endfacet
  facet normal -8.975951e-17 1.000000e+00 0.000000e+00
    outer loop
      vertex   -1.529463e+01 2.233725e+01 2.580000e+01
      vertex   2.428573e+01 2.233725e+01 2.980000e+01
      vertex   2.428573e+01 2.233725e+01 2.210000e+01
    endloop
  endfacet
  facet normal -8.975951e-17 1.000000e+00 0.000000e+00
    outer loop
      vertex   2.428573e+01 2.233725e+01 2.210000e+01
      vertex   -1.529463e+01 2.233725e+01 2.210000e+01
      vertex   -1.529463e+01 2.233725e+01 2.580000e+01
    endloop
  endfacet
  facet normal 0.000000e+00 7.071068e-01 -7.071068e-01
    outer loop
      vertex   2.428573e+01 2.203725e+01 2.180000e+01
      vertex   -1.529463e+01 2.203725e+01 2.180000e+01
      vertex   2.428573e+01 2.233725e+01 2.210000e+01
    endloop
  endfacet
  facet normal -6.346955e-17 7.071068e-01 -7.071068e-01
    outer loop
      vertex   2.428573e+01 2.233725e+01 2.210000e+01
      vertex   -1.529463e+01 2.203725e+01 2.180000e+01
      vertex   -1.529463e+01 2.233725e+01 2.210000e+01
    endloop
  endfacet
  facet normal -7.071068e-01 0.000000e+00 7.071068e-01
    outer loop
      vertex   -4.971427e+01 -1.402035e+01 3.180000e+01
      vertex   -4.971427e+01 2.033725e+01 3.180000e+01
      vertex   -5.071427e+01 -1.502035e+01 3.080000e+01
    endloop
  endfacet
  facet normal -7.071068e-01 0.000000e+00 7.071068e-01
    outer loop
      vertex   -5.071427e+01 -1.502035e+01 3.080000e+01
      vertex   -4.971427e+01 2.033725e+01 3.180000e+01
      vertex   -5.071427e+01 2.133725e+01 3.080000e+01
    endloop
  endfacet
  facet normal 0.000000e+00 -7.071068e-01 7.071068e-01
    outer loop
      vertex   -4.971427e+01 -1.402035e+01 3.180000e+01
      vertex   -5.071427e+01 -1.502035e+01 3.080000e+01
      vertex   2.228573e+01 -1.402035e+01 3.180000e+01
    endloop
  endfacet
  facet normal 5.092192e-17 -7.071068e-01 7.071068e-01
    outer loop
      vertex   2.228573e+01 -1.402035e+01 3.180000e+01
      vertex   -5.071427e+01 -1.502035e+01 3.080000e+01
      vertex   2.428573e+01 -1.602035e+01 2.980000e+01
    endloop
  endfacet
  facet normal 0.000000e+00 -7.071068e-01 7.071068e-01
    outer loop
      vertex   2.428573e+01 -1.602035e+01 2.980000e+01
      vertex   -5.071427e+01 -1.502035e+01 3.080000e+01
      vertex   -5.071427e+01 -1.602035e+01 2.980000e+01
    endloop
  endfacet
  facet normal 3.489094e-17 7.071068e-01 7.071068e-01
    outer loop
      vertex   -4.971427e+01 2.033725e+01 3.180000e+01
      vertex   2.228573e+01 2.033725e+01 3.180000e+01
      vertex   -5.071427e+01 2.133725e+01 3.080000e+01
    endloop
  endfacet
  facet normal -6.789589e-17 7.071068e-01 7.071068e-01
    outer loop
      vertex   -5.071427e+01 2.133725e+01 3.080000e+01
      vertex   2.228573e+01 2.033725e+01 3.180000e+01
      vertex   2.428573e+01 2.233725e+01 2.980000e+01
    endloop
  endfacet
  facet normal -3.349531e-17 7.071068e-01 7.071068e-01
    outer loop
      vertex   -5.071427e+01 2.133725e+01 3.080000e+01
      vertex   2.428573e+01 2.233725e+01 2.980000e+01
      vertex   -5.071427e+01 2.233725e+01 2.980000e+01
    endloop
  endfacet
  facet normal 7.071068e-01 -0.000000e+00 7.071068e-01
    outer loop
      vertex   2.228573e+01 -1.402035e+01 3.180000e+01
      vertex   2.428573e+01 -1.602035e+01 2.980000e+01
      vertex   2.228573e+01 2.033725e+01 3.180000e+01
    endloop
  endfacet
  facet normal 7.071068e-01 0.000000e+00 7.071068e-01
    outer loop
      vertex   2.228573e+01 2.033725e+01 3.180000e+01
      vertex   2.428573e+01 -1.602035e+01 2.980000e+01
      vertex   2.428573e+01 2.233725e+01 2.980000e+01
    endloop
  endfacet
  facet normal -1.000000e+00 0.000000e+00 -0.000000e+00
    outer loop
      vertex   -1.529463e+01 2.233725e+01 2.580000e+01
      vertex   -1.529463e+01 2.233725e+01 2.210000e+01
      vertex   -1.529463e+01 2.133725e+01 2.480000e+01
    endloop
  endfacet
  facet normal -1.000000e+00 0.000000e+00 0.000000e+00
    outer loop
      vertex   -1.529463e+01 2.133725e+01 2.480000e+01
      vertex   -1.529463e+01 2.233725e+01 2.210000e+01
      vertex   -1.529463e+01 2.203725e+01 2.180000e+01
    endloop
  endfacet
  facet normal -1.000000e+00 0.000000e+00 -0.000000e+00
    outer loop
      vertex   -1.529463e+01 2.133725e+01 2.480000e+01
      vertex   -1.529463e+01 2.203725e+01 2.180000e+01
      vertex   -1.529463e+01 2.083725e+01 2.180000e+01
    endloop
  endfacet
  facet normal -1.000000e+00 0.000000e+00 0.000000e+00
    outer loop
      vertex   -1.529463e+01 2.083725e+01 2.180000e+01
      vertex   -1.529463e+01 1.983725e+01 2.280000e+01
      vertex   -1.529463e+01 2.133725e+01 2.480000e+01
    endloop
  endfacet
  facet normal -1.000000e+00 -0.000000e+00 0.000000e+00
    outer loop
      vertex   -1.529463e+01 2.133725e+01 2.480000e+01
      vertex   -1.529463e+01 1.983725e+01 2.280000e+01
      vertex   -1.529463e+01 1.983725e+01 2.480000e+01
    endloop
  endfacet
  facet normal 0.000000e+00 -1.000000e+00 0.000000e+00
    outer loop
      vertex   -2.271427e+01 1.983725e+01 2.292887e+01
      vertex   -2.129463e+01 1.983725e+01 2.480000e+01
      vertex   -2.271427e+01 1.983725e+01 2.487449e+01
    endloop
  endfacet
  facet normal 0.000000e+00 -1.000000e+00 0.000000e+00
    outer loop
      vertex   -2.271427e+01 1.983725e+01 2.487449e+01
      vertex   -2.129463e+01 1.983725e+01 2.480000e+01
      vertex   -2.411752e+01 1.983725e+01 2.730000e+01
    endloop
  endfacet
  facet normal 0.000000e+00 -1.000000e+00 0.000000e+00
    outer loop
      vertex   -2.271427e+01 1.983725e+01 2.487449e+01
      vertex   -2.411752e+01 1.983725e+01 2.730000e+01
      vertex   -3.871427e+01 1.983725e+01 2.487449e+01
    endloop
  endfacet
  facet normal 0.000000e+00 -1.000000e+00 0.000000e+00
    outer loop
      vertex   -3.871427e+01 1.983725e+01 2.487449e+01
      vertex   -2.411752e+01 1.983725e+01 2.730000e+01
      vertex   -4.809666e+01 1.983725e+01 2.730000e+01
    endloop
  endfacet
  facet normal -0.000000e+00 -1.000000e+00 0.000000e+00
    outer loop
      vertex   -3.871427e+01 1.983725e+01 2.487449e+01
      vertex   -4.809666e+01 1.983725e+01 2.730000e+01
      vertex   -4.809666e+01 1.983725e+01 2.280000e+01
    endloop
  endfacet
  facet normal 0.000000e+00 -1.000000e+00 -0.000000e+00
    outer loop
      vertex   -2.129463e+01 1.983725e+01 2.480000e+01
      vertex   -2.271427e+01 1.983725e+01 2.292887e+01
      vertex   -2.129463e+01 1.983725e+01 2.280000e+01
    endloop
  endfacet
  facet normal 0.000000e+00 -1.000000e+00 0.000000e+00
    outer loop
      vertex   -2.129463e+01 1.983725e+01 2.280000e+01
      vertex   -2.271427e+01 1.983725e+01 2.292887e+01
      vertex   -3.871427e+01 1.983725e+01 2.292887e+01
    endloop
  endfacet
  facet normal 0.000000e+00 -1.000000e+00 0.000000e+00
    outer loop
      vertex   -2.129463e+01 1.983725e+01 2.280000e+01
      vertex   -3.871427e+01 1.983725e+01 2.292887e+01
      vertex   -4.809666e+01 1.983725e+01 2.280000e+01
    endloop
  endfacet
  facet normal 0.000000e+00 -1.000000e+00 0.000000e+00
    outer loop
      vertex   -4.809666e+01 1.983725e+01 2.280000e+01
      vertex   -3.871427e+01 1.983725e+01 2.292887e+01
      vertex   -3.871427e+01 1.983725e+01 2.487449e+01
    endloop
  endfacet
  facet normal 0.000000e+00 -1.000000e+00 0.000000e+00
    outer loop
      vertex   -2.129463e+01 1.983725e+01 2.480000e+01
      vertex   -1.529463e+01 1.983725e+01 2.480000e+01
      vertex   -2.411752e+01 1.983725e+01 2.730000e+01
    endloop
  endfacet
  facet normal 2.638978e-16 -1.000000e+00 9.313358e-16
    outer loop
      vertex   -2.411752e+01 1.983725e+01 2.730000e+01
      vertex   -1.529463e+01 1.983725e+01 2.480000e+01
      vertex   -6.015479e+00 1.983725e+01 2.980000e+01
    endloop
  endfacet
  facet normal 3.925208e-16 -1.000000e+00 0.000000e+00
    outer loop
      vertex   -2.411752e+01 1.983725e+01 2.730000e+01
      vertex   -6.015479e+00 1.983725e+01 2.980000e+01
      vertex   -2.411752e+01 1.983725e+01 2.980000e+01
    endloop
  endfacet
  facet normal 7.657408e-16 -1.000000e+00 0.000000e+00
    outer loop
      vertex   -1.529463e+01 1.983725e+01 2.280000e+01
      vertex   -6.015479e+00 1.983725e+01 2.280000e+01
      vertex   -1.529463e+01 1.983725e+01 2.480000e+01
    endloop
  endfacet
  facet normal 7.657408e-16 -1.000000e+00 0.000000e+00
    outer loop
      vertex   -1.529463e+01 1.983725e+01 2.480000e+01
      vertex   -6.015479e+00 1.983725e+01 2.280000e+01
      vertex   -6.015479e+00 1.983725e+01 2.980000e+01
    endloop
  endfacet
  facet normal 0.000000e+00 0.000000e+00 -1.000000e+00
    outer loop
      vertex   -1.529463e+01 2.083725e+01 2.180000e+01
      vertex   -1.529463e+01 2.203725e+01 2.180000e+01
      vertex   -6.015482e+00 2.083725e+01 2.180000e+01
    endloop
  endfacet
  facet normal 0.000000e+00 0.000000e+00 -1.000000e+00
    outer loop
      vertex   -6.015482e+00 2.083725e+01 2.180000e+01
      vertex   -1.529463e+01 2.203725e+01 2.180000e+01
      vertex   2.428573e+01 2.203725e+01 2.180000e+01
    endloop
  endfacet
  facet normal 0.000000e+00 0.000000e+00 -1.000000e+00
    outer loop
      vertex   -6.015482e+00 2.083725e+01 2.180000e+01
      vertex   2.428573e+01 2.203725e+01 2.180000e+01
      vertex   2.090538e+01 2.081246e+01 2.180000e+01
    endloop
  endfacet
  facet normal 0.000000e+00 0.000000e+00 -1.000000e+00
    outer loop
      vertex   2.090538e+01 2.081246e+01 2.180000e+01
      vertex   2.428573e+01 2.203725e+01 2.180000e+01
      vertex   2.428573e+01 1.756224e+01 2.180000e+01
    endloop
  endfacet
  facet normal 0.000000e+00 0.000000e+00 -1.000000e+00
    outer loop
      vertex   2.090538e+01 2.081246e+01 2.180000e+01
      vertex   -6.015479e+00 2.081246e+01 2.180000e+01
      vertex   -6.015482e+00 2.083725e+01 2.180000e+01
    endloop
  endfacet
  facet normal 0.000000e+00 0.000000e+00 -1.000000e+00
    outer loop
      vertex   -5.071427e+01 -1.572035e+01 2.180000e+01
      vertex   -3.923276e+01 -1.452035e+01 2.180000e+01
      vertex   2.428573e+01 -1.572035e+01 2.180000e+01
    endloop
  endfacet
  facet normal 0.000000e+00 0.000000e+00 -1.000000e+00
    outer loop
      vertex   2.428573e+01 -1.572035e+01 2.180000e+01
      vertex   -3.923276e+01 -1.452035e+01 2.180000e+01
      vertex   2.090538e+01 -1.452035e+01 2.180000e+01
    endloop
  endfacet
  facet normal 0.000000e+00 0.000000e+00 -1.000000e+00
    outer loop
      vertex   2.428573e+01 -1.572035e+01 2.180000e+01
      vertex   2.090538e+01 -1.452035e+01 2.180000e+01
      vertex   2.428573e+01 -1.127013e+01 2.180000e+01
    endloop
  endfacet
  facet normal 0.000000e+00 0.000000e+00 -1.000000e+00
    outer loop
      vertex   -5.071427e+01 2.203725e+01 2.180000e+01
      vertex   -4.809666e+01 -5.032194e+00 2.180000e+01
      vertex   -5.071427e+01 -1.572035e+01 2.180000e+01
    endloop
  endfacet
  facet normal 0.000000e+00 0.000000e+00 -1.000000e+00
    outer loop
      vertex   -5.071427e+01 -1.572035e+01 2.180000e+01
      vertex   -4.809666e+01 -5.032194e+00 2.180000e+01
      vertex   -4.810388e+01 -6.354831e+00 2.180000e+01
    endloop
  endfacet
  facet normal 0.000000e+00 0.000000e+00 -1.000000e+00
    outer loop
      vertex   -5.071427e+01 -1.572035e+01 2.180000e+01
      vertex   -4.810388e+01 -6.354831e+00 2.180000e+01
      vertex   -4.810388e+01 -9.830550e+00 2.180000e+01
    endloop
  endfacet
  facet normal 0.000000e+00 0.000000e+00 -1.000000e+00
    outer loop
      vertex   -4.809666e+01 -5.032194e+00 2.180000e+01
      vertex   -5.071427e+01 2.203725e+01 2.180000e+01
      vertex   -4.809666e+01 2.083725e+01 2.180000e+01
    endloop
  endfacet
  facet normal 0.000000e+00 0.000000e+00 -1.000000e+00
    outer loop
      vertex   -4.809666e+01 2.083725e+01 2.180000e+01
      vertex   -5.071427e+01 2.203725e+01 2.180000e+01
      vertex   -2.129463e+01 2.203725e+01 2.180000e+01
    endloop
  endfacet
  facet normal 0.000000e+00 0.000000e+00 -1.000000e+00
    outer loop
      vertex   -4.809666e+01 2.083725e+01 2.180000e+01
      vertex   -2.129463e+01 2.203725e+01 2.180000e+01
      vertex   -2.129463e+01 2.083725e+01 2.180000e+01
    endloop
  endfacet
  facet normal -0.000000e+00 -0.000000e+00 -1.000000e+00
    outer loop
      vertex   -4.691427e+01 -5.032194e+00 2.180000e+01
      vertex   -4.691427e+01 -6.354831e+00 2.180000e+01
      vertex   -4.809666e+01 -5.032194e+00 2.180000e+01
    endloop
  endfacet
  facet normal 0.000000e+00 -0.000000e+00 -1.000000e+00
    outer loop
      vertex   -4.809666e+01 -5.032194e+00 2.180000e+01
      vertex   -4.691427e+01 -6.354831e+00 2.180000e+01
      vertex   -4.810388e+01 -6.354831e+00 2.180000e+01
    endloop
  endfacet
  facet normal -0.000000e+00 -0.000000e+00 -1.000000e+00
    outer loop
      vertex   -4.691427e+01 -9.830550e+00 2.180000e+01
      vertex   -4.691427e+01 -1.113219e+01 2.180000e+01
      vertex   -4.810388e+01 -9.830550e+00 2.180000e+01
    endloop
  endfacet
  facet normal 0.000000e+00 -0.000000e+00 -1.000000e+00
    outer loop
      vertex   -4.810388e+01 -9.830550e+00 2.180000e+01
      vertex   -4.691427e+01 -1.113219e+01 2.180000e+01
      vertex   -5.071427e+01 -1.572035e+01 2.180000e+01
    endloop
  endfacet
  facet normal -0.000000e+00 -0.000000e+00 -1.000000e+00
    outer loop
      vertex   -4.325515e+01 -1.113219e+01 2.180000e+01
      vertex   -4.325515e+01 -1.204571e+01 2.180000e+01
      vertex   -4.691427e+01 -1.113219e+01 2.180000e+01
    endloop
  endfacet
  facet normal 0.000000e+00 -0.000000e+00 -1.000000e+00
    outer loop
      vertex   -4.691427e+01 -1.113219e+01 2.180000e+01
      vertex   -4.325515e+01 -1.204571e+01 2.180000e+01
      vertex   -5.071427e+01 -1.572035e+01 2.180000e+01
    endloop
  endfacet
  facet normal -0.000000e+00 -0.000000e+00 -1.000000e+00
    outer loop
      vertex   -3.923276e+01 -1.204571e+01 2.180000e+01
      vertex   -3.923276e+01 -1.452035e+01 2.180000e+01
      vertex   -4.325515e+01 -1.204571e+01 2.180000e+01
    endloop
  endfacet
  facet normal 0.000000e+00 -0.000000e+00 -1.000000e+00
    outer loop
      vertex   -4.325515e+01 -1.204571e+01 2.180000e+01
      vertex   -3.923276e+01 -1.452035e+01 2.180000e+01
      vertex   -5.071427e+01 -1.572035e+01 2.180000e+01
    endloop
  endfacet
  facet normal -2.707303e-16 -7.071068e-01 -7.071068e-01
    outer loop
      vertex   -1.529463e+01 2.083725e+01 2.180000e+01
      vertex   -6.015482e+00 2.083725e+01 2.180000e+01
      vertex   -1.529463e+01 1.983725e+01 2.280000e+01
    endloop
  endfacet
  facet normal 5.414605e-16 -7.071068e-01 -7.071068e-01
    outer loop
      vertex   -1.529463e+01 1.983725e+01 2.280000e+01
      vertex   -6.015482e+00 2.083725e+01 2.180000e+01
      vertex   -6.015479e+00 1.983725e+01 2.280000e+01
    endloop
  endfacet
  facet normal -1.000000e+00 0.000000e+00 0.000000e+00
    outer loop
      vertex   -6.015482e+00 -1.352035e+01 2.950000e+01
      vertex   -6.015482e+00 -1.352035e+01 2.980000e+01
      vertex   -6.015482e+00 -9.460343e+00 2.950000e+01
    endloop
  endfacet
  facet normal -1.000000e+00 0.000000e+00 0.000000e+00
    outer loop
      vertex   -6.015482e+00 -9.460343e+00 2.950000e+01
      vertex   -6.015482e+00 -1.352035e+01 2.980000e+01
      vertex   -6.015482e+00 -3.939099e+00 2.950000e+01
    endloop
  endfacet
  facet normal -1.000000e+00 0.000000e+00 0.000000e+00
    outer loop
      vertex   -6.015482e+00 -9.460343e+00 2.950000e+01
      vertex   -6.015482e+00 -3.939099e+00 2.950000e+01
      vertex   -6.015482e+00 -3.939099e+00 2.780000e+01
    endloop
  endfacet
  facet normal -1.000000e+00 1.471511e-07 4.699640e-06
    outer loop
      vertex   -6.015482e+00 -1.352035e+01 2.980000e+01
      vertex   -6.015479e+00 6.398410e+00 2.980000e+01
      vertex   -6.015482e+00 -3.939099e+00 2.950000e+01
    endloop
  endfacet
  facet normal -1.000000e+00 0.000000e+00 9.770225e-06
    outer loop
      vertex   -6.015482e+00 -3.939099e+00 2.950000e+01
      vertex   -6.015479e+00 6.398410e+00 2.980000e+01
      vertex   -6.015482e+00 8.167113e-01 2.950000e+01
    endloop
  endfacet
  facet normal -1.000000e+00 5.251210e-07 1.371768e-22
    outer loop
      vertex   -6.015482e+00 8.167113e-01 2.950000e+01
      vertex   -6.015479e+00 6.398410e+00 2.980000e+01
      vertex   -6.015482e+00 8.167113e-01 2.780000e+01
    endloop
  endfacet
  facet normal -1.000000e+00 0.000000e+00 1.465534e-06
    outer loop
      vertex   -6.015482e+00 8.167113e-01 2.780000e+01
      vertex   -6.015479e+00 6.398410e+00 2.980000e+01
      vertex   -6.015482e+00 1.981246e+01 2.780000e+01
    endloop
  endfacet
  facet normal -1.000000e+00 0.000000e+00 1.465534e-06
    outer loop
      vertex   -6.015482e+00 1.981246e+01 2.780000e+01
      vertex   -6.015479e+00 6.398410e+00 2.980000e+01
      vertex   -6.015479e+00 1.983725e+01 2.980000e+01
    endloop
  endfacet
  facet normal -1.000000e+00 1.182296e-04 -4.602452e-25
    outer loop
      vertex   -6.015482e+00 1.981246e+01 2.780000e+01
      vertex   -6.015479e+00 1.983725e+01 2.980000e+01
      vertex   -6.015479e+00 1.983725e+01 2.280000e+01
    endloop
  endfacet
  facet normal -1.000000e+00 -1.182296e-04 -1.152986e-04
    outer loop
      vertex   -6.015482e+00 2.083725e+01 2.180000e+01
      vertex   -6.015479e+00 2.081246e+01 2.180000e+01
      vertex   -6.015479e+00 1.983725e+01 2.280000e+01
    endloop
  endfacet
  facet normal -1.000000e+00 1.182296e-04 1.152986e-04
    outer loop
      vertex   -6.015479e+00 1.983725e+01 2.280000e+01
      vertex   -6.015479e+00 2.081246e+01 2.180000e+01
      vertex   -6.015482e+00 1.981246e+01 2.280000e+01
    endloop
  endfacet
  facet normal -1.000000e+00 1.182296e-04 1.776357e-16
    outer loop
      vertex   -6.015479e+00 1.983725e+01 2.280000e+01
      vertex   -6.015482e+00 1.981246e+01 2.280000e+01
      vertex   -6.015482e+00 1.981246e+01 2.780000e+01
    endloop
  endfacet
  facet normal -1.000000e+00 0.000000e+00 0.000000e+00
    outer loop
      vertex   -6.015482e+00 -3.939099e+00 2.780000e+01
      vertex   -6.015482e+00 -9.460343e+00 2.780000e+01
      vertex   -6.015482e+00 -9.460343e+00 2.950000e+01
    endloop
  endfacet
  facet normal 0.000000e+00 0.000000e+00 -1.000000e+00
    outer loop
      vertex   -6.015482e+00 -9.460343e+00 2.780000e+01
      vertex   3.789103e-01 -8.987882e+00 2.780000e+01
      vertex   5.550098e+00 -9.460343e+00 2.780000e+01
    endloop
  endfacet
  facet normal 0.000000e+00 0.000000e+00 -1.000000e+00
    outer loop
      vertex   5.550098e+00 -9.460343e+00 2.780000e+01
      vertex   3.789103e-01 -8.987882e+00 2.780000e+01
      vertex   8.430323e-01 -8.911793e+00 2.780000e+01
    endloop
  endfacet
  facet normal 0.000000e+00 0.000000e+00 -1.000000e+00
    outer loop
      vertex   5.550098e+00 -9.460343e+00 2.780000e+01
      vertex   8.430323e-01 -8.911793e+00 2.780000e+01
      vertex   1.279947e+00 -8.737710e+00 2.780000e+01
    endloop
  endfacet
  facet normal 0.000000e+00 0.000000e+00 -1.000000e+00
    outer loop
      vertex   -6.015482e+00 -3.939099e+00 2.780000e+01
      vertex   -1.901092e+00 -6.580912e+00 2.780000e+01
      vertex   -6.015482e+00 -9.460343e+00 2.780000e+01
    endloop
  endfacet
  facet normal 0.000000e+00 0.000000e+00 -1.000000e+00
    outer loop
      vertex   -6.015482e+00 -9.460343e+00 2.780000e+01
      vertex   -1.901092e+00 -6.580912e+00 2.780000e+01
      vertex   -1.901092e+00 -7.051230e+00 2.780000e+01
    endloop
  endfacet
  facet normal 0.000000e+00 0.000000e+00 -1.000000e+00
    outer loop
      vertex   -6.015482e+00 -9.460343e+00 2.780000e+01
      vertex   -1.901092e+00 -7.051230e+00 2.780000e+01
      vertex   -1.799987e+00 -7.510552e+00 2.780000e+01
    endloop
  endfacet
  facet normal -0.000000e+00 0.000000e+00 -1.000000e+00
    outer loop
      vertex   8.340727e+00 -3.939099e+00 2.780000e+01
      vertex   3.789103e-01 -4.644261e+00 2.780000e+01
      vertex   -6.015482e+00 -3.939099e+00 2.780000e+01
    endloop
  endfacet
  facet normal 0.000000e+00 0.000000e+00 -1.000000e+00
    outer loop
      vertex   -6.015482e+00 -3.939099e+00 2.780000e+01
      vertex   3.789103e-01 -4.644261e+00 2.780000e+01
      vertex   -9.071767e-02 -4.669724e+00 2.780000e+01
    endloop
  endfacet
  facet normal 0.000000e+00 0.000000e+00 -1.000000e+00
    outer loop
      vertex   -6.015482e+00 -3.939099e+00 2.780000e+01
      vertex   -9.071767e-02 -4.669724e+00 2.780000e+01
      vertex   -5.438923e-01 -4.795547e+00 2.780000e+01
    endloop
  endfacet
  facet normal 0.000000e+00 0.000000e+00 -1.000000e+00
    outer loop
      vertex   5.550098e+00 -9.460343e+00 2.780000e+01
      vertex   2.436158e+00 -6.816071e+00 2.780000e+01
      vertex   8.340727e+00 -3.939099e+00 2.780000e+01
    endloop
  endfacet
  facet normal 0.000000e+00 0.000000e+00 -1.000000e+00
    outer loop
      vertex   8.340727e+00 -3.939099e+00 2.780000e+01
      vertex   2.436158e+00 -6.816071e+00 2.780000e+01
      vertex   2.385308e+00 -6.348511e+00 2.780000e+01
    endloop
  endfacet
  facet normal 0.000000e+00 0.000000e+00 -1.000000e+00
    outer loop
      vertex   8.340727e+00 -3.939099e+00 2.780000e+01
      vertex   2.385308e+00 -6.348511e+00 2.780000e+01
      vertex   2.235135e+00 -5.902813e+00 2.780000e+01
    endloop
  endfacet
  facet normal 0.000000e+00 0.000000e+00 -1.000000e+00
    outer loop
      vertex   2.235135e+00 -5.902813e+00 2.780000e+01
      vertex   1.992661e+00 -5.499817e+00 2.780000e+01
      vertex   8.340727e+00 -3.939099e+00 2.780000e+01
    endloop
  endfacet
  facet normal 0.000000e+00 0.000000e+00 -1.000000e+00
    outer loop
      vertex   8.340727e+00 -3.939099e+00 2.780000e+01
      vertex   1.992661e+00 -5.499817e+00 2.780000e+01
      vertex   1.669223e+00 -5.158369e+00 2.780000e+01
    endloop
  endfacet
  facet normal 0.000000e+00 0.000000e+00 -1.000000e+00
    outer loop
      vertex   8.340727e+00 -3.939099e+00 2.780000e+01
      vertex   1.669223e+00 -5.158369e+00 2.780000e+01
      vertex   1.279947e+00 -4.894433e+00 2.780000e+01
    endloop
  endfacet
  facet normal 0.000000e+00 0.000000e+00 -1.000000e+00
    outer loop
      vertex   1.279947e+00 -4.894433e+00 2.780000e+01
      vertex   8.430323e-01 -4.720350e+00 2.780000e+01
      vertex   8.340727e+00 -3.939099e+00 2.780000e+01
    endloop
  endfacet
  facet normal 0.000000e+00 0.000000e+00 -1.000000e+00
    outer loop
      vertex   8.340727e+00 -3.939099e+00 2.780000e+01
      vertex   8.430323e-01 -4.720350e+00 2.780000e+01
      vertex   3.789103e-01 -4.644261e+00 2.780000e+01
    endloop
  endfacet
  facet normal -0.000000e+00 0.000000e+00 -1.000000e+00
    outer loop
      vertex   -5.438923e-01 -4.795547e+00 2.780000e+01
      vertex   -9.594237e-01 -5.015848e+00 2.780000e+01
      vertex   -6.015482e+00 -3.939099e+00 2.780000e+01
    endloop
  endfacet
  facet normal 0.000000e+00 0.000000e+00 -1.000000e+00
    outer loop
      vertex   -6.015482e+00 -3.939099e+00 2.780000e+01
      vertex   -9.594237e-01 -5.015848e+00 2.780000e+01
      vertex   -1.317882e+00 -5.320325e+00 2.780000e+01
    endloop
  endfacet
  facet normal 0.000000e+00 0.000000e+00 -1.000000e+00
    outer loop
      vertex   -6.015482e+00 -3.939099e+00 2.780000e+01
      vertex   -1.317882e+00 -5.320325e+00 2.780000e+01
      vertex   -1.602506e+00 -5.694742e+00 2.780000e+01
    endloop
  endfacet
  facet normal -0.000000e+00 0.000000e+00 -1.000000e+00
    outer loop
      vertex   -1.602506e+00 -5.694742e+00 2.780000e+01
      vertex   -1.799987e+00 -6.121591e+00 2.780000e+01
      vertex   -6.015482e+00 -3.939099e+00 2.780000e+01
    endloop
  endfacet
  facet normal 0.000000e+00 0.000000e+00 -1.000000e+00
    outer loop
      vertex   -6.015482e+00 -3.939099e+00 2.780000e+01
      vertex   -1.799987e+00 -6.121591e+00 2.780000e+01
      vertex   -1.901092e+00 -6.580912e+00 2.780000e+01
    endloop
  endfacet
  facet normal 0.000000e+00 -0.000000e+00 -1.000000e+00
    outer loop
      vertex   -1.799987e+00 -7.510552e+00 2.780000e+01
      vertex   -1.602506e+00 -7.937401e+00 2.780000e+01
      vertex   -6.015482e+00 -9.460343e+00 2.780000e+01
    endloop
  endfacet
  facet normal 0.000000e+00 0.000000e+00 -1.000000e+00
    outer loop
      vertex   -6.015482e+00 -9.460343e+00 2.780000e+01
      vertex   -1.602506e+00 -7.937401e+00 2.780000e+01
      vertex   -1.317882e+00 -8.311818e+00 2.780000e+01
    endloop
  endfacet
  facet normal 0.000000e+00 0.000000e+00 -1.000000e+00
    outer loop
      vertex   -6.015482e+00 -9.460343e+00 2.780000e+01
      vertex   -1.317882e+00 -8.311818e+00 2.780000e+01
      vertex   -9.594237e-01 -8.616295e+00 2.780000e+01
    endloop
  endfacet
  facet normal 0.000000e+00 -0.000000e+00 -1.000000e+00
    outer loop
      vertex   -9.594237e-01 -8.616295e+00 2.780000e+01
      vertex   -5.438923e-01 -8.836596e+00 2.780000e+01
      vertex   -6.015482e+00 -9.460343e+00 2.780000e+01
    endloop
  endfacet
  facet normal 0.000000e+00 0.000000e+00 -1.000000e+00
    outer loop
      vertex   -6.015482e+00 -9.460343e+00 2.780000e+01
      vertex   -5.438923e-01 -8.836596e+00 2.780000e+01
      vertex   -9.071767e-02 -8.962419e+00 2.780000e+01
    endloop
  endfacet
  facet normal 0.000000e+00 0.000000e+00 -1.000000e+00
    outer loop
      vertex   -6.015482e+00 -9.460343e+00 2.780000e+01
      vertex   -9.071767e-02 -8.962419e+00 2.780000e+01
      vertex   3.789103e-01 -8.987882e+00 2.780000e+01
    endloop
  endfacet
  facet normal 0.000000e+00 0.000000e+00 -1.000000e+00
    outer loop
      vertex   1.279947e+00 -8.737710e+00 2.780000e+01
      vertex   1.669223e+00 -8.473774e+00 2.780000e+01
      vertex   5.550098e+00 -9.460343e+00 2.780000e+01
    endloop
  endfacet
  facet normal 0.000000e+00 0.000000e+00 -1.000000e+00
    outer loop
      vertex   5.550098e+00 -9.460343e+00 2.780000e+01
      vertex   1.669223e+00 -8.473774e+00 2.780000e+01
      vertex   1.992661e+00 -8.132325e+00 2.780000e+01
    endloop
  endfacet
  facet normal 0.000000e+00 0.000000e+00 -1.000000e+00
    outer loop
      vertex   5.550098e+00 -9.460343e+00 2.780000e+01
      vertex   1.992661e+00 -8.132325e+00 2.780000e+01
      vertex   2.235135e+00 -7.729330e+00 2.780000e+01
    endloop
  endfacet
  facet normal 0.000000e+00 0.000000e+00 -1.000000e+00
    outer loop
      vertex   2.235135e+00 -7.729330e+00 2.780000e+01
      vertex   2.385308e+00 -7.283632e+00 2.780000e+01
      vertex   5.550098e+00 -9.460343e+00 2.780000e+01
    endloop
  endfacet
  facet normal 0.000000e+00 0.000000e+00 -1.000000e+00
    outer loop
      vertex   5.550098e+00 -9.460343e+00 2.780000e+01
      vertex   2.385308e+00 -7.283632e+00 2.780000e+01
      vertex   2.436158e+00 -6.816071e+00 2.780000e+01
    endloop
  endfacet
  facet normal 0.000000e+00 -1.000000e+00 0.000000e+00
    outer loop
      vertex   2.128573e+01 1.981246e+01 2.292860e+01
      vertex   2.194542e+01 1.981246e+01 2.280000e+01
      vertex   2.128573e+01 1.981246e+01 2.487476e+01
    endloop
  endfacet
  facet normal -2.234692e-15 -1.000000e+00 -7.105427e-16
    outer loop
      vertex   2.128573e+01 1.981246e+01 2.487476e+01
      vertex   2.194542e+01 1.981246e+01 2.280000e+01
      vertex   2.194542e+01 1.981246e+01 2.780000e+01
    endloop
  endfacet
  facet normal -2.541201e-16 -1.000000e+00 -1.157195e-15
    outer loop
      vertex   2.128573e+01 1.981246e+01 2.487476e+01
      vertex   2.194542e+01 1.981246e+01 2.780000e+01
      vertex   -6.015482e+00 1.981246e+01 2.780000e+01
    endloop
  endfacet
  facet normal -1.270601e-16 -1.000000e+00 -6.517797e-16
    outer loop
      vertex   2.194542e+01 1.981246e+01 2.280000e+01
      vertex   2.128573e+01 1.981246e+01 2.292860e+01
      vertex   -6.015482e+00 1.981246e+01 2.280000e+01
    endloop
  endfacet
  facet normal -1.315820e-16 -1.000000e+00 3.081889e-16
    outer loop
      vertex   -6.015482e+00 1.981246e+01 2.280000e+01
      vertex   2.128573e+01 1.981246e+01 2.292860e+01
      vertex   -5.714272e+00 1.981246e+01 2.292860e+01
    endloop
  endfacet
  facet normal 0.000000e+00 -1.000000e+00 0.000000e+00
    outer loop
      vertex   -6.015482e+00 1.981246e+01 2.280000e+01
      vertex   -5.714272e+00 1.981246e+01 2.292860e+01
      vertex   -5.714272e+00 1.981246e+01 2.487476e+01
    endloop
  endfacet
  facet normal 0.000000e+00 -1.000000e+00 0.000000e+00
    outer loop
      vertex   -6.015482e+00 1.981246e+01 2.280000e+01
      vertex   -5.714272e+00 1.981246e+01 2.487476e+01
      vertex   -6.015482e+00 1.981246e+01 2.780000e+01
    endloop
  endfacet
  facet normal -1.315820e-16 -1.000000e+00 -1.354889e-17
    outer loop
      vertex   -6.015482e+00 1.981246e+01 2.780000e+01
      vertex   -5.714272e+00 1.981246e+01 2.487476e+01
      vertex   2.128573e+01 1.981246e+01 2.487476e+01
    endloop
  endfacet
  facet normal -2.799481e-16 -7.071068e-01 -7.071068e-01
    outer loop
      vertex   -6.015479e+00 2.081246e+01 2.180000e+01
      vertex   2.090538e+01 2.081246e+01 2.180000e+01
      vertex   -6.015482e+00 1.981246e+01 2.280000e+01
    endloop
  endfacet
  facet normal -8.984503e-17 -7.071068e-01 -7.071068e-01
    outer loop
      vertex   -6.015482e+00 1.981246e+01 2.280000e+01
      vertex   2.090538e+01 2.081246e+01 2.180000e+01
      vertex   2.194542e+01 1.981246e+01 2.280000e+01
    endloop
  endfacet
  facet normal -7.071068e-01 -0.000000e+00 -7.071068e-01
    outer loop
      vertex   -4.251427e+01 5.097750e+00 2.740000e+01
      vertex   -4.191427e+01 5.097750e+00 2.680000e+01
      vertex   -4.251427e+01 -3.502250e+00 2.740000e+01
    endloop
  endfacet
  facet normal -7.071068e-01 -2.738533e-18 -7.071068e-01
    outer loop
      vertex   -4.251427e+01 -3.502250e+00 2.740000e+01
      vertex   -4.191427e+01 5.097750e+00 2.680000e+01
      vertex   -4.191427e+01 -3.502250e+00 2.680000e+01
    endloop
  endfacet
  facet normal 0.000000e+00 0.000000e+00 -1.000000e+00
    outer loop
      vertex   -4.191427e+01 5.097750e+00 2.680000e+01
      vertex   -3.923276e+01 5.097750e+00 2.680000e+01
      vertex   -4.191427e+01 -3.502250e+00 2.680000e+01
    endloop
  endfacet
  facet normal 0.000000e+00 0.000000e+00 -1.000000e+00
    outer loop
      vertex   -4.191427e+01 -3.502250e+00 2.680000e+01
      vertex   -3.923276e+01 5.097750e+00 2.680000e+01
      vertex   -3.923276e+01 -3.502250e+00 2.680000e+01
    endloop
  endfacet
  facet normal -0.000000e+00 -7.071068e-01 -7.071068e-01
    outer loop
      vertex   -2.129463e+01 1.983725e+01 2.280000e+01
      vertex   -4.809666e+01 1.983725e+01 2.280000e+01
      vertex   -2.129463e+01 2.083725e+01 2.180000e+01
    endloop
  endfacet
  facet normal 9.372977e-17 -7.071068e-01 -7.071068e-01
    outer loop
      vertex   -2.129463e+01 2.083725e+01 2.180000e+01
      vertex   -4.809666e+01 1.983725e+01 2.280000e+01
      vertex   -4.809666e+01 2.083725e+01 2.180000e+01
    endloop
  endfacet
  facet normal 0.000000e+00 7.071068e-01 -7.071068e-01
    outer loop
      vertex   -3.923276e+01 -1.452035e+01 2.180000e+01
      vertex   -3.923276e+01 -1.352035e+01 2.280000e+01
      vertex   2.090538e+01 -1.452035e+01 2.180000e+01
    endloop
  endfacet
  facet normal 2.053141e-17 7.071068e-01 -7.071068e-01
    outer loop
      vertex   2.090538e+01 -1.452035e+01 2.180000e+01
      vertex   -3.923276e+01 -1.352035e+01 2.280000e+01
      vertex   2.194542e+01 -1.352035e+01 2.280000e+01
    endloop
  endfacet
  facet normal 1.973730e-16 1.000000e+00 1.010358e-15
    outer loop
      vertex   -5.714272e+00 -1.352035e+01 2.292887e+01
      vertex   2.128573e+01 -1.352035e+01 2.292887e+01
      vertex   2.194542e+01 -1.352035e+01 2.280000e+01
    endloop
  endfacet
  facet normal 0.000000e+00 1.000000e+00 0.000000e+00
    outer loop
      vertex   2.194542e+01 -1.352035e+01 2.280000e+01
      vertex   2.128573e+01 -1.352035e+01 2.292887e+01
      vertex   2.128573e+01 -1.352035e+01 2.487449e+01
    endloop
  endfacet
  facet normal 0.000000e+00 1.000000e+00 -0.000000e+00
    outer loop
      vertex   2.194542e+01 -1.352035e+01 2.280000e+01
      vertex   2.128573e+01 -1.352035e+01 2.487449e+01
      vertex   2.194542e+01 -1.352035e+01 2.780000e+01
    endloop
  endfacet
  facet normal 0.000000e+00 1.000000e+00 0.000000e+00
    outer loop
      vertex   2.194542e+01 -1.352035e+01 2.780000e+01
      vertex   2.128573e+01 -1.352035e+01 2.487449e+01
      vertex   1.439906e+01 -1.352035e+01 2.780000e+01
    endloop
  endfacet
  facet normal 1.973730e-16 1.000000e+00 4.646173e-16
    outer loop
      vertex   1.439906e+01 -1.352035e+01 2.780000e+01
      vertex   2.128573e+01 -1.352035e+01 2.487449e+01
      vertex   -5.714272e+00 -1.352035e+01 2.487449e+01
    endloop
  endfacet
  facet normal 9.646342e-17 1.000000e+00 1.158386e-15
    outer loop
      vertex   1.439906e+01 -1.352035e+01 2.780000e+01
      vertex   -5.714272e+00 -1.352035e+01 2.487449e+01
      vertex   -6.015482e+00 -1.352035e+01 2.950000e+01
    endloop
  endfacet
  facet normal -2.089832e-16 1.000000e+00 1.138496e-15
    outer loop
      vertex   -6.015482e+00 -1.352035e+01 2.950000e+01
      vertex   -5.714272e+00 -1.352035e+01 2.487449e+01
      vertex   -2.271427e+01 -1.352035e+01 2.487449e+01
    endloop
  endfacet
  facet normal 5.514722e-17 1.000000e+00 1.849450e-16
    outer loop
      vertex   -6.015482e+00 -1.352035e+01 2.950000e+01
      vertex   -2.271427e+01 -1.352035e+01 2.487449e+01
      vertex   -3.923276e+01 -1.352035e+01 2.980000e+01
    endloop
  endfacet
  facet normal 0.000000e+00 1.000000e+00 0.000000e+00
    outer loop
      vertex   -3.923276e+01 -1.352035e+01 2.980000e+01
      vertex   -2.271427e+01 -1.352035e+01 2.487449e+01
      vertex   -3.871427e+01 -1.352035e+01 2.487449e+01
    endloop
  endfacet
  facet normal 0.000000e+00 1.000000e+00 0.000000e+00
    outer loop
      vertex   -3.923276e+01 -1.352035e+01 2.980000e+01
      vertex   -3.871427e+01 -1.352035e+01 2.487449e+01
      vertex   -3.923276e+01 -1.352035e+01 2.280000e+01
    endloop
  endfacet
  facet normal 0.000000e+00 1.000000e+00 0.000000e+00
    outer loop
      vertex   -3.923276e+01 -1.352035e+01 2.280000e+01
      vertex   -3.871427e+01 -1.352035e+01 2.487449e+01
      vertex   -3.871427e+01 -1.352035e+01 2.292887e+01
    endloop
  endfacet
  facet normal 0.000000e+00 1.000000e+00 0.000000e+00
    outer loop
      vertex   -3.923276e+01 -1.352035e+01 2.280000e+01
      vertex   -3.871427e+01 -1.352035e+01 2.292887e+01
      vertex   -2.271427e+01 -1.352035e+01 2.292887e+01
    endloop
  endfacet
  facet normal -2.089832e-16 1.000000e+00 0.000000e+00
    outer loop
      vertex   -2.271427e+01 -1.352035e+01 2.487449e+01
      vertex   -5.714272e+00 -1.352035e+01 2.487449e+01
      vertex   -2.271427e+01 -1.352035e+01 2.292887e+01
    endloop
  endfacet
  facet normal -2.089832e-16 1.000000e+00 0.000000e+00
    outer loop
      vertex   -2.271427e+01 -1.352035e+01 2.292887e+01
      vertex   -5.714272e+00 -1.352035e+01 2.487449e+01
      vertex   -5.714272e+00 -1.352035e+01 2.292887e+01
    endloop
  endfacet
  facet normal -2.089832e-16 1.000000e+00 2.678729e-14
    outer loop
      vertex   -2.271427e+01 -1.352035e+01 2.292887e+01
      vertex   -5.714272e+00 -1.352035e+01 2.292887e+01
      vertex   -3.923276e+01 -1.352035e+01 2.280000e+01
    endloop
  endfacet
  facet normal 2.903579e-17 1.000000e+00 -3.512021e-14
    outer loop
      vertex   -3.923276e+01 -1.352035e+01 2.280000e+01
      vertex   -5.714272e+00 -1.352035e+01 2.292887e+01
      vertex   2.194542e+01 -1.352035e+01 2.280000e+01
    endloop
  endfacet
  facet normal 0.000000e+00 1.000000e+00 -5.921189e-15
    outer loop
      vertex   -3.923276e+01 -1.352035e+01 2.980000e+01
      vertex   -6.015482e+00 -1.352035e+01 2.980000e+01
      vertex   -6.015482e+00 -1.352035e+01 2.950000e+01
    endloop
  endfacet
  facet normal -0.000000e+00 1.000000e+00 0.000000e+00
    outer loop
      vertex   -6.015482e+00 -1.352035e+01 2.950000e+01
      vertex   1.439906e+01 -1.352035e+01 2.950000e+01
      vertex   1.439906e+01 -1.352035e+01 2.780000e+01
    endloop
  endfacet
  facet normal 1.000000e+00 0.000000e+00 0.000000e+00
    outer loop
      vertex   -3.871427e+01 -1.352035e+01 2.487449e+01
      vertex   -3.871427e+01 -1.376769e+01 2.483648e+01
      vertex   -3.871427e+01 -1.352035e+01 2.292887e+01
    endloop
  endfacet
  facet normal 1.000000e+00 0.000000e+00 0.000000e+00
    outer loop
      vertex   -3.871427e+01 -1.352035e+01 2.292887e+01
      vertex   -3.871427e+01 -1.376769e+01 2.483648e+01
      vertex   -3.871427e+01 -1.376769e+01 2.296688e+01
    endloop
  endfacet
  facet normal 1.000000e+00 0.000000e+00 -0.000000e+00
    outer loop
      vertex   -3.871427e+01 -1.376769e+01 2.296688e+01
      vertex   -3.871427e+01 -1.376769e+01 2.483648e+01
      vertex   -3.871427e+01 -1.399715e+01 2.306671e+01
    endloop
  endfacet
  facet normal 1.000000e+00 0.000000e+00 0.000000e+00
    outer loop
      vertex   -3.871427e+01 -1.399715e+01 2.306671e+01
      vertex   -3.871427e+01 -1.376769e+01 2.483648e+01
      vertex   -3.871427e+01 -1.399715e+01 2.473665e+01
    endloop
  endfacet
  facet normal 1.000000e+00 0.000000e+00 -0.000000e+00
    outer loop
      vertex   -3.871427e+01 -1.399715e+01 2.306671e+01
      vertex   -3.871427e+01 -1.399715e+01 2.473665e+01
      vertex   -3.871427e+01 -1.419356e+01 2.322176e+01
    endloop
  endfacet
  facet normal 1.000000e+00 0.000000e+00 0.000000e+00
    outer loop
      vertex   -3.871427e+01 -1.419356e+01 2.322176e+01
      vertex   -3.871427e+01 -1.399715e+01 2.473665e+01
      vertex   -3.871427e+01 -1.419356e+01 2.458160e+01
    endloop
  endfacet
  facet normal 1.000000e+00 0.000000e+00 -0.000000e+00
    outer loop
      vertex   -3.871427e+01 -1.419356e+01 2.322176e+01
      vertex   -3.871427e+01 -1.419356e+01 2.458160e+01
      vertex   -3.871427e+01 -1.434394e+01 2.342177e+01
    endloop
  endfacet
  facet normal 1.000000e+00 0.000000e+00 0.000000e+00
    outer loop
      vertex   -3.871427e+01 -1.434394e+01 2.342177e+01
      vertex   -3.871427e+01 -1.419356e+01 2.458160e+01
      vertex   -3.871427e+01 -1.434394e+01 2.438159e+01
    endloop
  endfacet
  facet normal 1.000000e+00 0.000000e+00 -0.000000e+00
    outer loop
      vertex   -3.871427e+01 -1.434394e+01 2.342177e+01
      vertex   -3.871427e+01 -1.434394e+01 2.438159e+01
      vertex   -3.871427e+01 -1.443834e+01 2.365352e+01
    endloop
  endfacet
  facet normal 1.000000e+00 0.000000e+00 0.000000e+00
    outer loop
      vertex   -3.871427e+01 -1.443834e+01 2.365352e+01
      vertex   -3.871427e+01 -1.434394e+01 2.438159e+01
      vertex   -3.871427e+01 -1.443834e+01 2.414984e+01
    endloop
  endfacet
  facet normal 1.000000e+00 0.000000e+00 -0.000000e+00
    outer loop
      vertex   -3.871427e+01 -1.443834e+01 2.365352e+01
      vertex   -3.871427e+01 -1.443834e+01 2.414984e+01
      vertex   -3.871427e+01 -1.447052e+01 2.390168e+01
    endloop
  endfacet
  facet normal -1.000000e+00 0.000000e+00 -0.000000e+00
    outer loop
      vertex   -2.271427e+01 -1.352035e+01 2.487449e+01
      vertex   -2.271427e+01 -1.352035e+01 2.292887e+01
      vertex   -2.271427e+01 -1.376769e+01 2.483648e+01
    endloop
  endfacet
  facet normal -1.000000e+00 0.000000e+00 0.000000e+00
    outer loop
      vertex   -2.271427e+01 -1.376769e+01 2.483648e+01
      vertex   -2.271427e+01 -1.352035e+01 2.292887e+01
      vertex   -2.271427e+01 -1.376769e+01 2.296688e+01
    endloop
  endfacet
  facet normal -1.000000e+00 0.000000e+00 -0.000000e+00
    outer loop
      vertex   -2.271427e+01 -1.376769e+01 2.483648e+01
      vertex   -2.271427e+01 -1.376769e+01 2.296688e+01
      vertex   -2.271427e+01 -1.399715e+01 2.306671e+01
    endloop
  endfacet
  facet normal -1.000000e+00 0.000000e+00 0.000000e+00
    outer loop
      vertex   -2.271427e+01 -1.376769e+01 2.483648e+01
      vertex   -2.271427e+01 -1.399715e+01 2.306671e+01
      vertex   -2.271427e+01 -1.399715e+01 2.473665e+01
    endloop
  endfacet
  facet normal -1.000000e+00 0.000000e+00 -0.000000e+00
    outer loop
      vertex   -2.271427e+01 -1.399715e+01 2.473665e+01
      vertex   -2.271427e+01 -1.399715e+01 2.306671e+01
      vertex   -2.271427e+01 -1.419356e+01 2.322176e+01
    endloop
  endfacet
  facet normal -1.000000e+00 0.000000e+00 0.000000e+00
    outer loop
      vertex   -2.271427e+01 -1.399715e+01 2.473665e+01
      vertex   -2.271427e+01 -1.419356e+01 2.322176e+01
      vertex   -2.271427e+01 -1.419356e+01 2.458160e+01
    endloop
  endfacet
  facet normal -1.000000e+00 0.000000e+00 -0.000000e+00
    outer loop
      vertex   -2.271427e+01 -1.419356e+01 2.458160e+01
      vertex   -2.271427e+01 -1.419356e+01 2.322176e+01
      vertex   -2.271427e+01 -1.434394e+01 2.342177e+01
    endloop
  endfacet
  facet normal -1.000000e+00 0.000000e+00 0.000000e+00
    outer loop
      vertex   -2.271427e+01 -1.419356e+01 2.458160e+01
      vertex   -2.271427e+01 -1.434394e+01 2.342177e+01
      vertex   -2.271427e+01 -1.434394e+01 2.438159e+01
    endloop
  endfacet
  facet normal -1.000000e+00 0.000000e+00 -0.000000e+00
    outer loop
      vertex   -2.271427e+01 -1.434394e+01 2.438159e+01
      vertex   -2.271427e+01 -1.434394e+01 2.342177e+01
      vertex   -2.271427e+01 -1.443834e+01 2.365352e+01
    endloop
  endfacet
  facet normal -1.000000e+00 0.000000e+00 0.000000e+00
    outer loop
      vertex   -2.271427e+01 -1.434394e+01 2.438159e+01
      vertex   -2.271427e+01 -1.443834e+01 2.365352e+01
      vertex   -2.271427e+01 -1.443834e+01 2.414984e+01
    endloop
  endfacet
  facet normal -1.000000e+00 0.000000e+00 -0.000000e+00
    outer loop
      vertex   -2.271427e+01 -1.443834e+01 2.414984e+01
      vertex   -2.271427e+01 -1.443834e+01 2.365352e+01
      vertex   -2.271427e+01 -1.447052e+01 2.390168e+01
    endloop
  endfacet
  facet normal 0.000000e+00 1.518987e-01 -9.883961e-01
    outer loop
      vertex   -3.871427e+01 -1.376769e+01 2.483648e+01
      vertex   -3.871427e+01 -1.352035e+01 2.487449e+01
      vertex   -3.338094e+01 -1.376769e+01 2.483648e+01
    endloop
  endfacet
  facet normal 6.438755e-21 1.518987e-01 -9.883961e-01
    outer loop
      vertex   -3.338094e+01 -1.376769e+01 2.483648e+01
      vertex   -3.871427e+01 -1.352035e+01 2.487449e+01
      vertex   -2.271427e+01 -1.352035e+01 2.487449e+01
    endloop
  endfacet
  facet normal 0.000000e+00 1.518987e-01 -9.883961e-01
    outer loop
      vertex   -3.338094e+01 -1.376769e+01 2.483648e+01
      vertex   -2.271427e+01 -1.352035e+01 2.487449e+01
      vertex   -2.804761e+01 -1.376769e+01 2.483648e+01
    endloop
  endfacet
  facet normal 0.000000e+00 1.518987e-01 -9.883961e-01
    outer loop
      vertex   -2.804761e+01 -1.376769e+01 2.483648e+01
      vertex   -2.271427e+01 -1.352035e+01 2.487449e+01
      vertex   -2.271427e+01 -1.376769e+01 2.483648e+01
    endloop
  endfacet
  facet normal 0.000000e+00 3.989423e-01 -9.169760e-01
    outer loop
      vertex   -2.804761e+01 -1.376769e+01 2.483648e+01
      vertex   -2.271427e+01 -1.376769e+01 2.483648e+01
      vertex   -2.804761e+01 -1.399715e+01 2.473665e+01
    endloop
  endfacet
  facet normal 0.000000e+00 3.989423e-01 -9.169760e-01
    outer loop
      vertex   -2.804761e+01 -1.399715e+01 2.473665e+01
      vertex   -2.271427e+01 -1.376769e+01 2.483648e+01
      vertex   -2.271427e+01 -1.399715e+01 2.473665e+01
    endloop
  endfacet
  facet normal 0.000000e+00 6.196032e-01 -7.849152e-01
    outer loop
      vertex   -2.804761e+01 -1.399715e+01 2.473665e+01
      vertex   -2.271427e+01 -1.399715e+01 2.473665e+01
      vertex   -2.804761e+01 -1.419356e+01 2.458160e+01
    endloop
  endfacet
  facet normal 0.000000e+00 6.196032e-01 -7.849152e-01
    outer loop
      vertex   -2.804761e+01 -1.419356e+01 2.458160e+01
      vertex   -2.271427e+01 -1.399715e+01 2.473665e+01
      vertex   -2.271427e+01 -1.419356e+01 2.458160e+01
    endloop
  endfacet
  facet normal 0.000000e+00 7.992890e-01 -6.009468e-01
    outer loop
      vertex   -2.804761e+01 -1.419356e+01 2.458160e+01
      vertex   -2.271427e+01 -1.419356e+01 2.458160e+01
      vertex   -2.804761e+01 -1.434394e+01 2.438159e+01
    endloop
  endfacet
  facet normal 0.000000e+00 7.992890e-01 -6.009468e-01
    outer loop
      vertex   -2.804761e+01 -1.434394e+01 2.438159e+01
      vertex   -2.271427e+01 -1.419356e+01 2.458160e+01
      vertex   -2.271427e+01 -1.434394e+01 2.438159e+01
    endloop
  endfacet
  facet normal 0.000000e+00 9.261167e-01 -3.772370e-01
    outer loop
      vertex   -2.804761e+01 -1.434394e+01 2.438159e+01
      vertex   -2.271427e+01 -1.434394e+01 2.438159e+01
      vertex   -2.804761e+01 -1.443834e+01 2.414984e+01
    endloop
  endfacet
  facet normal 0.000000e+00 9.261167e-01 -3.772370e-01
    outer loop
      vertex   -2.804761e+01 -1.443834e+01 2.414984e+01
      vertex   -2.271427e+01 -1.434394e+01 2.438159e+01
      vertex   -2.271427e+01 -1.443834e+01 2.414984e+01
    endloop
  endfacet
  facet normal 0.000000e+00 9.916991e-01 -1.285801e-01
    outer loop
      vertex   -2.804761e+01 -1.443834e+01 2.414984e+01
      vertex   -2.271427e+01 -1.443834e+01 2.414984e+01
      vertex   -2.804761e+01 -1.447052e+01 2.390168e+01
    endloop
  endfacet
  facet normal 0.000000e+00 9.916991e-01 -1.285801e-01
    outer loop
      vertex   -2.804761e+01 -1.447052e+01 2.390168e+01
      vertex   -2.271427e+01 -1.443834e+01 2.414984e+01
      vertex   -2.271427e+01 -1.447052e+01 2.390168e+01
    endloop
  endfacet
  facet normal -0.000000e+00 9.916991e-01 1.285801e-01
    outer loop
      vertex   -2.804761e+01 -1.447052e+01 2.390168e+01
      vertex   -2.271427e+01 -1.447052e+01 2.390168e+01
      vertex   -2.804761e+01 -1.443834e+01 2.365352e+01
    endloop
  endfacet
  facet normal -0.000000e+00 9.916991e-01 1.285801e-01
    outer loop
      vertex   -2.804761e+01 -1.443834e+01 2.365352e+01
      vertex   -2.271427e+01 -1.447052e+01 2.390168e+01
      vertex   -2.271427e+01 -1.443834e+01 2.365352e+01
    endloop
  endfacet
  facet normal -0.000000e+00 9.261167e-01 3.772370e-01
    outer loop
      vertex   -2.804761e+01 -1.443834e+01 2.365352e+01
      vertex   -2.271427e+01 -1.443834e+01 2.365352e+01
      vertex   -2.804761e+01 -1.434394e+01 2.342177e+01
    endloop
  endfacet
  facet normal -0.000000e+00 9.261167e-01 3.772370e-01
    outer loop
      vertex   -2.804761e+01 -1.434394e+01 2.342177e+01
      vertex   -2.271427e+01 -1.443834e+01 2.365352e+01
      vertex   -2.271427e+01 -1.434394e+01 2.342177e+01
    endloop
  endfacet
  facet normal -0.000000e+00 7.992890e-01 6.009468e-01
    outer loop
      vertex   -2.804761e+01 -1.434394e+01 2.342177e+01
      vertex   -2.271427e+01 -1.434394e+01 2.342177e+01
      vertex   -2.804761e+01 -1.419356e+01 2.322176e+01
    endloop
  endfacet
  facet normal -0.000000e+00 7.992890e-01 6.009468e-01
    outer loop
      vertex   -2.804761e+01 -1.419356e+01 2.322176e+01
      vertex   -2.271427e+01 -1.434394e+01 2.342177e+01
      vertex   -2.271427e+01 -1.419356e+01 2.322176e+01
    endloop
  endfacet
  facet normal -0.000000e+00 6.196032e-01 7.849152e-01
    outer loop
      vertex   -2.804761e+01 -1.419356e+01 2.322176e+01
      vertex   -2.271427e+01 -1.419356e+01 2.322176e+01
      vertex   -2.804761e+01 -1.399715e+01 2.306671e+01
    endloop
  endfacet
  facet normal -0.000000e+00 6.196032e-01 7.849152e-01
    outer loop
      vertex   -2.804761e+01 -1.399715e+01 2.306671e+01
      vertex   -2.271427e+01 -1.419356e+01 2.322176e+01
      vertex   -2.271427e+01 -1.399715e+01 2.306671e+01
    endloop
  endfacet
  facet normal -0.000000e+00 3.989423e-01 9.169760e-01
    outer loop
      vertex   -2.804761e+01 -1.399715e+01 2.306671e+01
      vertex   -2.271427e+01 -1.399715e+01 2.306671e+01
      vertex   -2.804761e+01 -1.376769e+01 2.296688e+01
    endloop
  endfacet
  facet normal -0.000000e+00 3.989423e-01 9.169760e-01
    outer loop
      vertex   -2.804761e+01 -1.376769e+01 2.296688e+01
      vertex   -2.271427e+01 -1.399715e+01 2.306671e+01
      vertex   -2.271427e+01 -1.376769e+01 2.296688e+01
    endloop
  endfacet
  facet normal -0.000000e+00 1.518987e-01 9.883961e-01
    outer loop
      vertex   -2.804761e+01 -1.376769e+01 2.296688e+01
      vertex   -2.271427e+01 -1.376769e+01 2.296688e+01
      vertex   -2.271427e+01 -1.352035e+01 2.292887e+01
    endloop
  endfacet
  facet normal 0.000000e+00 1.518987e-01 9.883961e-01
    outer loop
      vertex   -2.271427e+01 -1.352035e+01 2.292887e+01
      vertex   -3.871427e+01 -1.352035e+01 2.292887e+01
      vertex   -2.804761e+01 -1.376769e+01 2.296688e+01
    endloop
  endfacet
  facet normal 0.000000e+00 1.518987e-01 9.883961e-01
    outer loop
      vertex   -2.804761e+01 -1.376769e+01 2.296688e+01
      vertex   -3.871427e+01 -1.352035e+01 2.292887e+01
      vertex   -3.338094e+01 -1.376769e+01 2.296688e+01
    endloop
  endfacet
  facet normal 0.000000e+00 3.989423e-01 9.169760e-01
    outer loop
      vertex   -2.804761e+01 -1.376769e+01 2.296688e+01
      vertex   -3.338094e+01 -1.376769e+01 2.296688e+01
      vertex   -2.804761e+01 -1.399715e+01 2.306671e+01
    endloop
  endfacet
  facet normal 0.000000e+00 3.989423e-01 9.169760e-01
    outer loop
      vertex   -2.804761e+01 -1.399715e+01 2.306671e+01
      vertex   -3.338094e+01 -1.376769e+01 2.296688e+01
      vertex   -3.338094e+01 -1.399715e+01 2.306671e+01
    endloop
  endfacet
  facet normal 0.000000e+00 6.196032e-01 7.849152e-01
    outer loop
      vertex   -2.804761e+01 -1.399715e+01 2.306671e+01
      vertex   -3.338094e+01 -1.399715e+01 2.306671e+01
      vertex   -2.804761e+01 -1.419356e+01 2.322176e+01
    endloop
  endfacet
  facet normal 0.000000e+00 6.196032e-01 7.849152e-01
    outer loop
      vertex   -2.804761e+01 -1.419356e+01 2.322176e+01
      vertex   -3.338094e+01 -1.399715e+01 2.306671e+01
      vertex   -3.338094e+01 -1.419356e+01 2.322176e+01
    endloop
  endfacet
  facet normal 0.000000e+00 7.992890e-01 6.009468e-01
    outer loop
      vertex   -2.804761e+01 -1.419356e+01 2.322176e+01
      vertex   -3.338094e+01 -1.419356e+01 2.322176e+01
      vertex   -2.804761e+01 -1.434394e+01 2.342177e+01
    endloop
  endfacet
  facet normal 0.000000e+00 7.992890e-01 6.009468e-01
    outer loop
      vertex   -2.804761e+01 -1.434394e+01 2.342177e+01
      vertex   -3.338094e+01 -1.419356e+01 2.322176e+01
      vertex   -3.338094e+01 -1.434394e+01 2.342177e+01
    endloop
  endfacet
  facet normal 0.000000e+00 9.261167e-01 3.772370e-01
    outer loop
      vertex   -2.804761e+01 -1.434394e+01 2.342177e+01
      vertex   -3.338094e+01 -1.434394e+01 2.342177e+01
      vertex   -2.804761e+01 -1.443834e+01 2.365352e+01
    endloop
  endfacet
  facet normal 0.000000e+00 9.261167e-01 3.772370e-01
    outer loop
      vertex   -2.804761e+01 -1.443834e+01 2.365352e+01
      vertex   -3.338094e+01 -1.434394e+01 2.342177e+01
      vertex   -3.338094e+01 -1.443834e+01 2.365352e+01
    endloop
  endfacet
  facet normal 0.000000e+00 9.916991e-01 1.285801e-01
    outer loop
      vertex   -2.804761e+01 -1.443834e+01 2.365352e+01
      vertex   -3.338094e+01 -1.443834e+01 2.365352e+01
      vertex   -2.804761e+01 -1.447052e+01 2.390168e+01
    endloop
  endfacet
  facet normal 0.000000e+00 9.916991e-01 1.285801e-01
    outer loop
      vertex   -2.804761e+01 -1.447052e+01 2.390168e+01
      vertex   -3.338094e+01 -1.443834e+01 2.365352e+01
      vertex   -3.338094e+01 -1.447052e+01 2.390168e+01
    endloop
  endfacet
  facet normal 0.000000e+00 9.916991e-01 -1.285801e-01
    outer loop
      vertex   -2.804761e+01 -1.447052e+01 2.390168e+01
      vertex   -3.338094e+01 -1.447052e+01 2.390168e+01
      vertex   -2.804761e+01 -1.443834e+01 2.414984e+01
    endloop
  endfacet
  facet normal 0.000000e+00 9.916991e-01 -1.285801e-01
    outer loop
      vertex   -2.804761e+01 -1.443834e+01 2.414984e+01
      vertex   -3.338094e+01 -1.447052e+01 2.390168e+01
      vertex   -3.338094e+01 -1.443834e+01 2.414984e+01
    endloop
  endfacet
  facet normal 0.000000e+00 9.261167e-01 -3.772370e-01
    outer loop
      vertex   -2.804761e+01 -1.443834e+01 2.414984e+01
      vertex   -3.338094e+01 -1.443834e+01 2.414984e+01
      vertex   -2.804761e+01 -1.434394e+01 2.438159e+01
    endloop
  endfacet
  facet normal 0.000000e+00 9.261167e-01 -3.772370e-01
    outer loop
      vertex   -2.804761e+01 -1.434394e+01 2.438159e+01
      vertex   -3.338094e+01 -1.443834e+01 2.414984e+01
      vertex   -3.338094e+01 -1.434394e+01 2.438159e+01
    endloop
  endfacet
  facet normal 0.000000e+00 7.992890e-01 -6.009468e-01
    outer loop
      vertex   -2.804761e+01 -1.434394e+01 2.438159e+01
      vertex   -3.338094e+01 -1.434394e+01 2.438159e+01
      vertex   -2.804761e+01 -1.419356e+01 2.458160e+01
    endloop
  endfacet
  facet normal 0.000000e+00 7.992890e-01 -6.009468e-01
    outer loop
      vertex   -2.804761e+01 -1.419356e+01 2.458160e+01
      vertex   -3.338094e+01 -1.434394e+01 2.438159e+01
      vertex   -3.338094e+01 -1.419356e+01 2.458160e+01
    endloop
  endfacet
  facet normal 0.000000e+00 6.196032e-01 -7.849152e-01
    outer loop
      vertex   -2.804761e+01 -1.419356e+01 2.458160e+01
      vertex   -3.338094e+01 -1.419356e+01 2.458160e+01
      vertex   -2.804761e+01 -1.399715e+01 2.473665e+01
    endloop
  endfacet
  facet normal 0.000000e+00 6.196032e-01 -7.849152e-01
    outer loop
      vertex   -2.804761e+01 -1.399715e+01 2.473665e+01
      vertex   -3.338094e+01 -1.419356e+01 2.458160e+01
      vertex   -3.338094e+01 -1.399715e+01 2.473665e+01
    endloop
  endfacet
  facet normal 0.000000e+00 3.989423e-01 -9.169760e-01
    outer loop
      vertex   -2.804761e+01 -1.399715e+01 2.473665e+01
      vertex   -3.338094e+01 -1.399715e+01 2.473665e+01
      vertex   -2.804761e+01 -1.376769e+01 2.483648e+01
    endloop
  endfacet
  facet normal 0.000000e+00 3.989423e-01 -9.169760e-01
    outer loop
      vertex   -2.804761e+01 -1.376769e+01 2.483648e+01
      vertex   -3.338094e+01 -1.399715e+01 2.473665e+01
      vertex   -3.338094e+01 -1.376769e+01 2.483648e+01
    endloop
  endfacet
  facet normal 5.793809e-19 1.518987e-01 9.883961e-01
    outer loop
      vertex   -3.871427e+01 -1.352035e+01 2.292887e+01
      vertex   -3.871427e+01 -1.376769e+01 2.296688e+01
      vertex   -3.338094e+01 -1.376769e+01 2.296688e+01
    endloop
  endfacet
  facet normal 0.000000e+00 3.989423e-01 9.169760e-01
    outer loop
      vertex   -3.338094e+01 -1.376769e+01 2.296688e+01
      vertex   -3.871427e+01 -1.376769e+01 2.296688e+01
      vertex   -3.338094e+01 -1.399715e+01 2.306671e+01
    endloop
  endfacet
  facet normal 1.175946e-18 3.989423e-01 9.169760e-01
    outer loop
      vertex   -3.871427e+01 -1.376769e+01 2.296688e+01
      vertex   -3.871427e+01 -1.399715e+01 2.306671e+01
      vertex   -3.338094e+01 -1.399715e+01 2.306671e+01
    endloop
  endfacet
  facet normal 0.000000e+00 6.196032e-01 7.849152e-01
    outer loop
      vertex   -3.338094e+01 -1.399715e+01 2.306671e+01
      vertex   -3.871427e+01 -1.399715e+01 2.306671e+01
      vertex   -3.338094e+01 -1.419356e+01 2.322176e+01
    endloop
  endfacet
  facet normal 8.986470e-19 6.196032e-01 7.849152e-01
    outer loop
      vertex   -3.871427e+01 -1.399715e+01 2.306671e+01
      vertex   -3.871427e+01 -1.419356e+01 2.322176e+01
      vertex   -3.338094e+01 -1.419356e+01 2.322176e+01
    endloop
  endfacet
  facet normal 0.000000e+00 7.992890e-01 6.009468e-01
    outer loop
      vertex   -3.338094e+01 -1.419356e+01 2.322176e+01
      vertex   -3.871427e+01 -1.419356e+01 2.322176e+01
      vertex   -3.338094e+01 -1.434394e+01 2.342177e+01
    endloop
  endfacet
  facet normal 1.422630e-19 7.992890e-01 6.009468e-01
    outer loop
      vertex   -3.871427e+01 -1.419356e+01 2.322176e+01
      vertex   -3.871427e+01 -1.434394e+01 2.342177e+01
      vertex   -3.338094e+01 -1.434394e+01 2.342177e+01
    endloop
  endfacet
  facet normal 0.000000e+00 9.261167e-01 3.772370e-01
    outer loop
      vertex   -3.338094e+01 -1.434394e+01 2.342177e+01
      vertex   -3.871427e+01 -1.434394e+01 2.342177e+01
      vertex   -3.338094e+01 -1.443834e+01 2.365352e+01
    endloop
  endfacet
  facet normal 4.039869e-19 9.261167e-01 3.772370e-01
    outer loop
      vertex   -3.871427e+01 -1.434394e+01 2.342177e+01
      vertex   -3.871427e+01 -1.443834e+01 2.365352e+01
      vertex   -3.338094e+01 -1.443834e+01 2.365352e+01
    endloop
  endfacet
  facet normal 0.000000e+00 9.916991e-01 1.285801e-01
    outer loop
      vertex   -3.338094e+01 -1.443834e+01 2.365352e+01
      vertex   -3.871427e+01 -1.443834e+01 2.365352e+01
      vertex   -3.338094e+01 -1.447052e+01 2.390168e+01
    endloop
  endfacet
  facet normal 4.556876e-20 9.916991e-01 1.285801e-01
    outer loop
      vertex   -3.871427e+01 -1.443834e+01 2.365352e+01
      vertex   -3.871427e+01 -1.447052e+01 2.390168e+01
      vertex   -3.338094e+01 -1.447052e+01 2.390168e+01
    endloop
  endfacet
  facet normal 0.000000e+00 9.916991e-01 -1.285801e-01
    outer loop
      vertex   -3.338094e+01 -1.447052e+01 2.390168e+01
      vertex   -3.871427e+01 -1.447052e+01 2.390168e+01
      vertex   -3.338094e+01 -1.443834e+01 2.414984e+01
    endloop
  endfacet
  facet normal -4.556876e-20 9.916991e-01 -1.285801e-01
    outer loop
      vertex   -3.871427e+01 -1.447052e+01 2.390168e+01
      vertex   -3.871427e+01 -1.443834e+01 2.414984e+01
      vertex   -3.338094e+01 -1.443834e+01 2.414984e+01
    endloop
  endfacet
  facet normal 0.000000e+00 9.261167e-01 -3.772370e-01
    outer loop
      vertex   -3.338094e+01 -1.443834e+01 2.414984e+01
      vertex   -3.871427e+01 -1.443834e+01 2.414984e+01
      vertex   -3.338094e+01 -1.434394e+01 2.438159e+01
    endloop
  endfacet
  facet normal 4.684535e-19 9.261167e-01 -3.772370e-01
    outer loop
      vertex   -3.871427e+01 -1.443834e+01 2.414984e+01
      vertex   -3.871427e+01 -1.434394e+01 2.438159e+01
      vertex   -3.338094e+01 -1.434394e+01 2.438159e+01
    endloop
  endfacet
  facet normal 0.000000e+00 7.992890e-01 -6.009468e-01
    outer loop
      vertex   -3.338094e+01 -1.434394e+01 2.438159e+01
      vertex   -3.871427e+01 -1.434394e+01 2.438159e+01
      vertex   -3.338094e+01 -1.419356e+01 2.458160e+01
    endloop
  endfacet
  facet normal -1.422630e-19 7.992890e-01 -6.009468e-01
    outer loop
      vertex   -3.871427e+01 -1.434394e+01 2.438159e+01
      vertex   -3.871427e+01 -1.419356e+01 2.458160e+01
      vertex   -3.338094e+01 -1.419356e+01 2.458160e+01
    endloop
  endfacet
  facet normal 0.000000e+00 6.196032e-01 -7.849152e-01
    outer loop
      vertex   -3.338094e+01 -1.419356e+01 2.458160e+01
      vertex   -3.871427e+01 -1.419356e+01 2.458160e+01
      vertex   -3.338094e+01 -1.399715e+01 2.473665e+01
    endloop
  endfacet
  facet normal -5.629929e-19 6.196032e-01 -7.849152e-01
    outer loop
      vertex   -3.871427e+01 -1.419356e+01 2.458160e+01
      vertex   -3.871427e+01 -1.399715e+01 2.473665e+01
      vertex   -3.338094e+01 -1.399715e+01 2.473665e+01
    endloop
  endfacet
  facet normal 0.000000e+00 3.989423e-01 -9.169760e-01
    outer loop
      vertex   -3.338094e+01 -1.399715e+01 2.473665e+01
      vertex   -3.871427e+01 -1.399715e+01 2.473665e+01
      vertex   -3.338094e+01 -1.376769e+01 2.483648e+01
    endloop
  endfacet
  facet normal -1.175946e-18 3.989423e-01 -9.169760e-01
    outer loop
      vertex   -3.871427e+01 -1.399715e+01 2.473665e+01
      vertex   -3.871427e+01 -1.376769e+01 2.483648e+01
      vertex   -3.338094e+01 -1.376769e+01 2.483648e+01
    endloop
  endfacet
  facet normal 1.000000e+00 0.000000e+00 0.000000e+00
    outer loop
      vertex   -3.871427e+01 1.983725e+01 2.487449e+01
      vertex   -3.871427e+01 1.983725e+01 2.292887e+01
      vertex   -3.871427e+01 2.008459e+01 2.483648e+01
    endloop
  endfacet
  facet normal 1.000000e+00 0.000000e+00 0.000000e+00
    outer loop
      vertex   -3.871427e+01 2.008459e+01 2.483648e+01
      vertex   -3.871427e+01 1.983725e+01 2.292887e+01
      vertex   -3.871427e+01 2.008459e+01 2.296688e+01
    endloop
  endfacet
  facet normal 1.000000e+00 0.000000e+00 0.000000e+00
    outer loop
      vertex   -3.871427e+01 2.008459e+01 2.483648e+01
      vertex   -3.871427e+01 2.008459e+01 2.296688e+01
      vertex   -3.871427e+01 2.031405e+01 2.306671e+01
    endloop
  endfacet
  facet normal 1.000000e+00 0.000000e+00 0.000000e+00
    outer loop
      vertex   -3.871427e+01 2.008459e+01 2.483648e+01
      vertex   -3.871427e+01 2.031405e+01 2.306671e+01
      vertex   -3.871427e+01 2.031405e+01 2.473665e+01
    endloop
  endfacet
  facet normal 1.000000e+00 0.000000e+00 0.000000e+00
    outer loop
      vertex   -3.871427e+01 2.031405e+01 2.473665e+01
      vertex   -3.871427e+01 2.031405e+01 2.306671e+01
      vertex   -3.871427e+01 2.051046e+01 2.322176e+01
    endloop
  endfacet
  facet normal 1.000000e+00 0.000000e+00 0.000000e+00
    outer loop
      vertex   -3.871427e+01 2.031405e+01 2.473665e+01
      vertex   -3.871427e+01 2.051046e+01 2.322176e+01
      vertex   -3.871427e+01 2.051046e+01 2.458160e+01
    endloop
  endfacet
  facet normal 1.000000e+00 0.000000e+00 0.000000e+00
    outer loop
      vertex   -3.871427e+01 2.051046e+01 2.458160e+01
      vertex   -3.871427e+01 2.051046e+01 2.322176e+01
      vertex   -3.871427e+01 2.066084e+01 2.342177e+01
    endloop
  endfacet
  facet normal 1.000000e+00 0.000000e+00 0.000000e+00
    outer loop
      vertex   -3.871427e+01 2.051046e+01 2.458160e+01
      vertex   -3.871427e+01 2.066084e+01 2.342177e+01
      vertex   -3.871427e+01 2.066084e+01 2.438159e+01
    endloop
  endfacet
  facet normal 1.000000e+00 0.000000e+00 0.000000e+00
    outer loop
      vertex   -3.871427e+01 2.066084e+01 2.438159e+01
      vertex   -3.871427e+01 2.066084e+01 2.342177e+01
      vertex   -3.871427e+01 2.075524e+01 2.365352e+01
    endloop
  endfacet
  facet normal 1.000000e+00 0.000000e+00 0.000000e+00
    outer loop
      vertex   -3.871427e+01 2.066084e+01 2.438159e+01
      vertex   -3.871427e+01 2.075524e+01 2.365352e+01
      vertex   -3.871427e+01 2.075524e+01 2.414984e+01
    endloop
  endfacet
  facet normal 1.000000e+00 0.000000e+00 0.000000e+00
    outer loop
      vertex   -3.871427e+01 2.075524e+01 2.414984e+01
      vertex   -3.871427e+01 2.075524e+01 2.365352e+01
      vertex   -3.871427e+01 2.078742e+01 2.390168e+01
    endloop
  endfacet
  facet normal -1.000000e+00 0.000000e+00 0.000000e+00
    outer loop
      vertex   -2.271427e+01 1.983725e+01 2.487449e+01
      vertex   -2.271427e+01 2.008459e+01 2.483648e+01
      vertex   -2.271427e+01 1.983725e+01 2.292887e+01
    endloop
  endfacet
  facet normal -1.000000e+00 0.000000e+00 0.000000e+00
    outer loop
      vertex   -2.271427e+01 1.983725e+01 2.292887e+01
      vertex   -2.271427e+01 2.008459e+01 2.483648e+01
      vertex   -2.271427e+01 2.008459e+01 2.296688e+01
    endloop
  endfacet
  facet normal -1.000000e+00 0.000000e+00 0.000000e+00
    outer loop
      vertex   -2.271427e+01 2.008459e+01 2.296688e+01
      vertex   -2.271427e+01 2.008459e+01 2.483648e+01
      vertex   -2.271427e+01 2.031405e+01 2.306671e+01
    endloop
  endfacet
  facet normal -1.000000e+00 0.000000e+00 0.000000e+00
    outer loop
      vertex   -2.271427e+01 2.031405e+01 2.306671e+01
      vertex   -2.271427e+01 2.008459e+01 2.483648e+01
      vertex   -2.271427e+01 2.031405e+01 2.473665e+01
    endloop
  endfacet
  facet normal -1.000000e+00 0.000000e+00 0.000000e+00
    outer loop
      vertex   -2.271427e+01 2.031405e+01 2.306671e+01
      vertex   -2.271427e+01 2.031405e+01 2.473665e+01
      vertex   -2.271427e+01 2.051046e+01 2.322176e+01
    endloop
  endfacet
  facet normal -1.000000e+00 0.000000e+00 0.000000e+00
    outer loop
      vertex   -2.271427e+01 2.051046e+01 2.322176e+01
      vertex   -2.271427e+01 2.031405e+01 2.473665e+01
      vertex   -2.271427e+01 2.051046e+01 2.458160e+01
    endloop
  endfacet
  facet normal -1.000000e+00 0.000000e+00 0.000000e+00
    outer loop
      vertex   -2.271427e+01 2.051046e+01 2.322176e+01
      vertex   -2.271427e+01 2.051046e+01 2.458160e+01
      vertex   -2.271427e+01 2.066084e+01 2.342177e+01
    endloop
  endfacet
  facet normal -1.000000e+00 0.000000e+00 0.000000e+00
    outer loop
      vertex   -2.271427e+01 2.066084e+01 2.342177e+01
      vertex   -2.271427e+01 2.051046e+01 2.458160e+01
      vertex   -2.271427e+01 2.066084e+01 2.438159e+01
    endloop
  endfacet
  facet normal -1.000000e+00 0.000000e+00 0.000000e+00
    outer loop
      vertex   -2.271427e+01 2.066084e+01 2.342177e+01
      vertex   -2.271427e+01 2.066084e+01 2.438159e+01
      vertex   -2.271427e+01 2.075524e+01 2.365352e+01
    endloop
  endfacet
  facet normal -1.000000e+00 0.000000e+00 0.000000e+00
    outer loop
      vertex   -2.271427e+01 2.075524e+01 2.365352e+01
      vertex   -2.271427e+01 2.066084e+01 2.438159e+01
      vertex   -2.271427e+01 2.075524e+01 2.414984e+01
    endloop
  endfacet
  facet normal -1.000000e+00 0.000000e+00 0.000000e+00
    outer loop
      vertex   -2.271427e+01 2.075524e+01 2.365352e+01
      vertex   -2.271427e+01 2.075524e+01 2.414984e+01
      vertex   -2.271427e+01 2.078742e+01 2.390168e+01
    endloop
  endfacet
  facet normal 0.000000e+00 -1.518987e-01 9.883961e-01
    outer loop
      vertex   -3.871427e+01 2.008459e+01 2.296688e+01
      vertex   -3.871427e+01 1.983725e+01 2.292887e+01
      vertex   -3.338094e+01 2.008459e+01 2.296688e+01
    endloop
  endfacet
  facet normal -1.931270e-19 -1.518987e-01 9.883961e-01
    outer loop
      vertex   -3.338094e+01 2.008459e+01 2.296688e+01
      vertex   -3.871427e+01 1.983725e+01 2.292887e+01
      vertex   -2.271427e+01 1.983725e+01 2.292887e+01
    endloop
  endfacet
  facet normal 0.000000e+00 -1.518987e-01 9.883961e-01
    outer loop
      vertex   -3.338094e+01 2.008459e+01 2.296688e+01
      vertex   -2.271427e+01 1.983725e+01 2.292887e+01
      vertex   -2.804761e+01 2.008459e+01 2.296688e+01
    endloop
  endfacet
  facet normal 0.000000e+00 -1.518987e-01 9.883961e-01
    outer loop
      vertex   -2.804761e+01 2.008459e+01 2.296688e+01
      vertex   -2.271427e+01 1.983725e+01 2.292887e+01
      vertex   -2.271427e+01 2.008459e+01 2.296688e+01
    endloop
  endfacet
  facet normal 0.000000e+00 -3.989423e-01 9.169760e-01
    outer loop
      vertex   -2.804761e+01 2.008459e+01 2.296688e+01
      vertex   -2.271427e+01 2.008459e+01 2.296688e+01
      vertex   -2.804761e+01 2.031405e+01 2.306671e+01
    endloop
  endfacet
  facet normal 0.000000e+00 -3.989423e-01 9.169760e-01
    outer loop
      vertex   -2.804761e+01 2.031405e+01 2.306671e+01
      vertex   -2.271427e+01 2.008459e+01 2.296688e+01
      vertex   -2.271427e+01 2.031405e+01 2.306671e+01
    endloop
  endfacet
  facet normal 0.000000e+00 -6.196032e-01 7.849152e-01
    outer loop
      vertex   -2.804761e+01 2.031405e+01 2.306671e+01
      vertex   -2.271427e+01 2.031405e+01 2.306671e+01
      vertex   -2.804761e+01 2.051046e+01 2.322176e+01
    endloop
  endfacet
  facet normal 0.000000e+00 -6.196032e-01 7.849152e-01
    outer loop
      vertex   -2.804761e+01 2.051046e+01 2.322176e+01
      vertex   -2.271427e+01 2.031405e+01 2.306671e+01
      vertex   -2.271427e+01 2.051046e+01 2.322176e+01
    endloop
  endfacet
  facet normal 0.000000e+00 -7.992890e-01 6.009468e-01
    outer loop
      vertex   -2.804761e+01 2.051046e+01 2.322176e+01
      vertex   -2.271427e+01 2.051046e+01 2.322176e+01
      vertex   -2.804761e+01 2.066084e+01 2.342177e+01
    endloop
  endfacet
  facet normal 0.000000e+00 -7.992890e-01 6.009468e-01
    outer loop
      vertex   -2.804761e+01 2.066084e+01 2.342177e+01
      vertex   -2.271427e+01 2.051046e+01 2.322176e+01
      vertex   -2.271427e+01 2.066084e+01 2.342177e+01
    endloop
  endfacet
  facet normal 0.000000e+00 -9.261167e-01 3.772370e-01
    outer loop
      vertex   -2.804761e+01 2.066084e+01 2.342177e+01
      vertex   -2.271427e+01 2.066084e+01 2.342177e+01
      vertex   -2.804761e+01 2.075524e+01 2.365352e+01
    endloop
  endfacet
  facet normal 0.000000e+00 -9.261167e-01 3.772370e-01
    outer loop
      vertex   -2.804761e+01 2.075524e+01 2.365352e+01
      vertex   -2.271427e+01 2.066084e+01 2.342177e+01
      vertex   -2.271427e+01 2.075524e+01 2.365352e+01
    endloop
  endfacet
  facet normal 0.000000e+00 -9.916991e-01 1.285801e-01
    outer loop
      vertex   -2.804761e+01 2.075524e+01 2.365352e+01
      vertex   -2.271427e+01 2.075524e+01 2.365352e+01
      vertex   -2.804761e+01 2.078742e+01 2.390168e+01
    endloop
  endfacet
  facet normal 0.000000e+00 -9.916991e-01 1.285801e-01
    outer loop
      vertex   -2.804761e+01 2.078742e+01 2.390168e+01
      vertex   -2.271427e+01 2.075524e+01 2.365352e+01
      vertex   -2.271427e+01 2.078742e+01 2.390168e+01
    endloop
  endfacet
  facet normal 0.000000e+00 -9.916991e-01 -1.285801e-01
    outer loop
      vertex   -2.804761e+01 2.078742e+01 2.390168e+01
      vertex   -2.271427e+01 2.078742e+01 2.390168e+01
      vertex   -2.804761e+01 2.075524e+01 2.414984e+01
    endloop
  endfacet
  facet normal 0.000000e+00 -9.916991e-01 -1.285801e-01
    outer loop
      vertex   -2.804761e+01 2.075524e+01 2.414984e+01
      vertex   -2.271427e+01 2.078742e+01 2.390168e+01
      vertex   -2.271427e+01 2.075524e+01 2.414984e+01
    endloop
  endfacet
  facet normal 0.000000e+00 -9.261167e-01 -3.772370e-01
    outer loop
      vertex   -2.804761e+01 2.075524e+01 2.414984e+01
      vertex   -2.271427e+01 2.075524e+01 2.414984e+01
      vertex   -2.804761e+01 2.066084e+01 2.438159e+01
    endloop
  endfacet
  facet normal 0.000000e+00 -9.261167e-01 -3.772370e-01
    outer loop
      vertex   -2.804761e+01 2.066084e+01 2.438159e+01
      vertex   -2.271427e+01 2.075524e+01 2.414984e+01
      vertex   -2.271427e+01 2.066084e+01 2.438159e+01
    endloop
  endfacet
  facet normal 0.000000e+00 -7.992890e-01 -6.009468e-01
    outer loop
      vertex   -2.804761e+01 2.066084e+01 2.438159e+01
      vertex   -2.271427e+01 2.066084e+01 2.438159e+01
      vertex   -2.804761e+01 2.051046e+01 2.458160e+01
    endloop
  endfacet
  facet normal 0.000000e+00 -7.992890e-01 -6.009468e-01
    outer loop
      vertex   -2.804761e+01 2.051046e+01 2.458160e+01
      vertex   -2.271427e+01 2.066084e+01 2.438159e+01
      vertex   -2.271427e+01 2.051046e+01 2.458160e+01
    endloop
  endfacet
  facet normal 0.000000e+00 -6.196032e-01 -7.849152e-01
    outer loop
      vertex   -2.804761e+01 2.051046e+01 2.458160e+01
      vertex   -2.271427e+01 2.051046e+01 2.458160e+01
      vertex   -2.804761e+01 2.031405e+01 2.473665e+01
    endloop
  endfacet
  facet normal 0.000000e+00 -6.196032e-01 -7.849152e-01
    outer loop
      vertex   -2.804761e+01 2.031405e+01 2.473665e+01
      vertex   -2.271427e+01 2.051046e+01 2.458160e+01
      vertex   -2.271427e+01 2.031405e+01 2.473665e+01
    endloop
  endfacet
  facet normal 0.000000e+00 -3.989423e-01 -9.169760e-01
    outer loop
      vertex   -2.804761e+01 2.031405e+01 2.473665e+01
      vertex   -2.271427e+01 2.031405e+01 2.473665e+01
      vertex   -2.804761e+01 2.008459e+01 2.483648e+01
    endloop
  endfacet
  facet normal 0.000000e+00 -3.989423e-01 -9.169760e-01
    outer loop
      vertex   -2.804761e+01 2.008459e+01 2.483648e+01
      vertex   -2.271427e+01 2.031405e+01 2.473665e+01
      vertex   -2.271427e+01 2.008459e+01 2.483648e+01
    endloop
  endfacet
  facet normal 0.000000e+00 -1.518987e-01 -9.883961e-01
    outer loop
      vertex   -2.804761e+01 2.008459e+01 2.483648e+01
      vertex   -2.271427e+01 2.008459e+01 2.483648e+01
      vertex   -2.271427e+01 1.983725e+01 2.487449e+01
    endloop
  endfacet
  facet normal -0.000000e+00 -1.518987e-01 -9.883961e-01
    outer loop
      vertex   -2.271427e+01 1.983725e+01 2.487449e+01
      vertex   -3.871427e+01 1.983725e+01 2.487449e+01
      vertex   -2.804761e+01 2.008459e+01 2.483648e+01
    endloop
  endfacet
  facet normal -0.000000e+00 -1.518987e-01 -9.883961e-01
    outer loop
      vertex   -2.804761e+01 2.008459e+01 2.483648e+01
      vertex   -3.871427e+01 1.983725e+01 2.487449e+01
      vertex   -3.338094e+01 2.008459e+01 2.483648e+01
    endloop
  endfacet
  facet normal -0.000000e+00 -3.989423e-01 -9.169760e-01
    outer loop
      vertex   -2.804761e+01 2.008459e+01 2.483648e+01
      vertex   -3.338094e+01 2.008459e+01 2.483648e+01
      vertex   -2.804761e+01 2.031405e+01 2.473665e+01
    endloop
  endfacet
  facet normal -0.000000e+00 -3.989423e-01 -9.169760e-01
    outer loop
      vertex   -2.804761e+01 2.031405e+01 2.473665e+01
      vertex   -3.338094e+01 2.008459e+01 2.483648e+01
      vertex   -3.338094e+01 2.031405e+01 2.473665e+01
    endloop
  endfacet
  facet normal -0.000000e+00 -6.196032e-01 -7.849152e-01
    outer loop
      vertex   -2.804761e+01 2.031405e+01 2.473665e+01
      vertex   -3.338094e+01 2.031405e+01 2.473665e+01
      vertex   -2.804761e+01 2.051046e+01 2.458160e+01
    endloop
  endfacet
  facet normal -0.000000e+00 -6.196032e-01 -7.849152e-01
    outer loop
      vertex   -2.804761e+01 2.051046e+01 2.458160e+01
      vertex   -3.338094e+01 2.031405e+01 2.473665e+01
      vertex   -3.338094e+01 2.051046e+01 2.458160e+01
    endloop
  endfacet
  facet normal -0.000000e+00 -7.992890e-01 -6.009468e-01
    outer loop
      vertex   -2.804761e+01 2.051046e+01 2.458160e+01
      vertex   -3.338094e+01 2.051046e+01 2.458160e+01
      vertex   -2.804761e+01 2.066084e+01 2.438159e+01
    endloop
  endfacet
  facet normal -0.000000e+00 -7.992890e-01 -6.009468e-01
    outer loop
      vertex   -2.804761e+01 2.066084e+01 2.438159e+01
      vertex   -3.338094e+01 2.051046e+01 2.458160e+01
      vertex   -3.338094e+01 2.066084e+01 2.438159e+01
    endloop
  endfacet
  facet normal -0.000000e+00 -9.261167e-01 -3.772370e-01
    outer loop
      vertex   -2.804761e+01 2.066084e+01 2.438159e+01
      vertex   -3.338094e+01 2.066084e+01 2.438159e+01
      vertex   -2.804761e+01 2.075524e+01 2.414984e+01
    endloop
  endfacet
  facet normal -0.000000e+00 -9.261167e-01 -3.772370e-01
    outer loop
      vertex   -2.804761e+01 2.075524e+01 2.414984e+01
      vertex   -3.338094e+01 2.066084e+01 2.438159e+01
      vertex   -3.338094e+01 2.075524e+01 2.414984e+01
    endloop
  endfacet
  facet normal -0.000000e+00 -9.916991e-01 -1.285801e-01
    outer loop
      vertex   -2.804761e+01 2.075524e+01 2.414984e+01
      vertex   -3.338094e+01 2.075524e+01 2.414984e+01
      vertex   -2.804761e+01 2.078742e+01 2.390168e+01
    endloop
  endfacet
  facet normal -0.000000e+00 -9.916991e-01 -1.285801e-01
    outer loop
      vertex   -2.804761e+01 2.078742e+01 2.390168e+01
      vertex   -3.338094e+01 2.075524e+01 2.414984e+01
      vertex   -3.338094e+01 2.078742e+01 2.390168e+01
    endloop
  endfacet
  facet normal 0.000000e+00 -9.916991e-01 1.285801e-01
    outer loop
      vertex   -2.804761e+01 2.078742e+01 2.390168e+01
      vertex   -3.338094e+01 2.078742e+01 2.390168e+01
      vertex   -2.804761e+01 2.075524e+01 2.365352e+01
    endloop
  endfacet
  facet normal 0.000000e+00 -9.916991e-01 1.285801e-01
    outer loop
      vertex   -2.804761e+01 2.075524e+01 2.365352e+01
      vertex   -3.338094e+01 2.078742e+01 2.390168e+01
      vertex   -3.338094e+01 2.075524e+01 2.365352e+01
    endloop
  endfacet
  facet normal 0.000000e+00 -9.261167e-01 3.772370e-01
    outer loop
      vertex   -2.804761e+01 2.075524e+01 2.365352e+01
      vertex   -3.338094e+01 2.075524e+01 2.365352e+01
      vertex   -2.804761e+01 2.066084e+01 2.342177e+01
    endloop
  endfacet
  facet normal 0.000000e+00 -9.261167e-01 3.772370e-01
    outer loop
      vertex   -2.804761e+01 2.066084e+01 2.342177e+01
      vertex   -3.338094e+01 2.075524e+01 2.365352e+01
      vertex   -3.338094e+01 2.066084e+01 2.342177e+01
    endloop
  endfacet
  facet normal 0.000000e+00 -7.992890e-01 6.009468e-01
    outer loop
      vertex   -2.804761e+01 2.066084e+01 2.342177e+01
      vertex   -3.338094e+01 2.066084e+01 2.342177e+01
      vertex   -2.804761e+01 2.051046e+01 2.322176e+01
    endloop
  endfacet
  facet normal 0.000000e+00 -7.992890e-01 6.009468e-01
    outer loop
      vertex   -2.804761e+01 2.051046e+01 2.322176e+01
      vertex   -3.338094e+01 2.066084e+01 2.342177e+01
      vertex   -3.338094e+01 2.051046e+01 2.322176e+01
    endloop
  endfacet
  facet normal 0.000000e+00 -6.196032e-01 7.849152e-01
    outer loop
      vertex   -2.804761e+01 2.051046e+01 2.322176e+01
      vertex   -3.338094e+01 2.051046e+01 2.322176e+01
      vertex   -2.804761e+01 2.031405e+01 2.306671e+01
    endloop
  endfacet
  facet normal 0.000000e+00 -6.196032e-01 7.849152e-01
    outer loop
      vertex   -2.804761e+01 2.031405e+01 2.306671e+01
      vertex   -3.338094e+01 2.051046e+01 2.322176e+01
      vertex   -3.338094e+01 2.031405e+01 2.306671e+01
    endloop
  endfacet
  facet normal 0.000000e+00 -3.989423e-01 9.169760e-01
    outer loop
      vertex   -2.804761e+01 2.031405e+01 2.306671e+01
      vertex   -3.338094e+01 2.031405e+01 2.306671e+01
      vertex   -2.804761e+01 2.008459e+01 2.296688e+01
    endloop
  endfacet
  facet normal 0.000000e+00 -3.989423e-01 9.169760e-01
    outer loop
      vertex   -2.804761e+01 2.008459e+01 2.296688e+01
      vertex   -3.338094e+01 2.031405e+01 2.306671e+01
      vertex   -3.338094e+01 2.008459e+01 2.296688e+01
    endloop
  endfacet
  facet normal -1.931627e-20 -1.518987e-01 -9.883961e-01
    outer loop
      vertex   -3.871427e+01 1.983725e+01 2.487449e+01
      vertex   -3.871427e+01 2.008459e+01 2.483648e+01
      vertex   -3.338094e+01 2.008459e+01 2.483648e+01
    endloop
  endfacet
  facet normal -0.000000e+00 -3.989423e-01 -9.169760e-01
    outer loop
      vertex   -3.338094e+01 2.008459e+01 2.483648e+01
      vertex   -3.871427e+01 2.008459e+01 2.483648e+01
      vertex   -3.338094e+01 2.031405e+01 2.473665e+01
    endloop
  endfacet
  facet normal -1.129630e-18 -3.989423e-01 -9.169760e-01
    outer loop
      vertex   -3.871427e+01 2.008459e+01 2.483648e+01
      vertex   -3.871427e+01 2.031405e+01 2.473665e+01
      vertex   -3.338094e+01 2.031405e+01 2.473665e+01
    endloop
  endfacet
  facet normal -0.000000e+00 -6.196032e-01 -7.849152e-01
    outer loop
      vertex   -3.338094e+01 2.031405e+01 2.473665e+01
      vertex   -3.871427e+01 2.031405e+01 2.473665e+01
      vertex   -3.338094e+01 2.051046e+01 2.458160e+01
    endloop
  endfacet
  facet normal 1.163314e-18 -6.196032e-01 -7.849152e-01
    outer loop
      vertex   -3.871427e+01 2.031405e+01 2.473665e+01
      vertex   -3.871427e+01 2.051046e+01 2.458160e+01
      vertex   -3.338094e+01 2.051046e+01 2.458160e+01
    endloop
  endfacet
  facet normal -0.000000e+00 -7.992890e-01 -6.009468e-01
    outer loop
      vertex   -3.338094e+01 2.051046e+01 2.458160e+01
      vertex   -3.871427e+01 2.051046e+01 2.458160e+01
      vertex   -3.338094e+01 2.066084e+01 2.438159e+01
    endloop
  endfacet
  facet normal 1.422630e-19 -7.992890e-01 -6.009468e-01
    outer loop
      vertex   -3.871427e+01 2.051046e+01 2.458160e+01
      vertex   -3.871427e+01 2.066084e+01 2.438159e+01
      vertex   -3.338094e+01 2.066084e+01 2.438159e+01
    endloop
  endfacet
  facet normal -0.000000e+00 -9.261167e-01 -3.772370e-01
    outer loop
      vertex   -3.338094e+01 2.066084e+01 2.438159e+01
      vertex   -3.871427e+01 2.066084e+01 2.438159e+01
      vertex   -3.338094e+01 2.075524e+01 2.414984e+01
    endloop
  endfacet
  facet normal -4.684535e-19 -9.261167e-01 -3.772370e-01
    outer loop
      vertex   -3.871427e+01 2.066084e+01 2.438159e+01
      vertex   -3.871427e+01 2.075524e+01 2.414984e+01
      vertex   -3.338094e+01 2.075524e+01 2.414984e+01
    endloop
  endfacet
  facet normal -0.000000e+00 -9.916991e-01 -1.285801e-01
    outer loop
      vertex   -3.338094e+01 2.075524e+01 2.414984e+01
      vertex   -3.871427e+01 2.075524e+01 2.414984e+01
      vertex   -3.338094e+01 2.078742e+01 2.390168e+01
    endloop
  endfacet
  facet normal 1.964591e-19 -9.916991e-01 -1.285801e-01
    outer loop
      vertex   -3.871427e+01 2.075524e+01 2.414984e+01
      vertex   -3.871427e+01 2.078742e+01 2.390168e+01
      vertex   -3.338094e+01 2.078742e+01 2.390168e+01
    endloop
  endfacet
  facet normal 0.000000e+00 -9.916991e-01 1.285801e-01
    outer loop
      vertex   -3.338094e+01 2.078742e+01 2.390168e+01
      vertex   -3.871427e+01 2.078742e+01 2.390168e+01
      vertex   -3.338094e+01 2.075524e+01 2.365352e+01
    endloop
  endfacet
  facet normal -1.964591e-19 -9.916991e-01 1.285801e-01
    outer loop
      vertex   -3.871427e+01 2.078742e+01 2.390168e+01
      vertex   -3.871427e+01 2.075524e+01 2.365352e+01
      vertex   -3.338094e+01 2.075524e+01 2.365352e+01
    endloop
  endfacet
  facet normal 0.000000e+00 -9.261167e-01 3.772370e-01
    outer loop
      vertex   -3.338094e+01 2.075524e+01 2.365352e+01
      vertex   -3.871427e+01 2.075524e+01 2.365352e+01
      vertex   -3.338094e+01 2.066084e+01 2.342177e+01
    endloop
  endfacet
  facet normal -4.039869e-19 -9.261167e-01 3.772370e-01
    outer loop
      vertex   -3.871427e+01 2.075524e+01 2.365352e+01
      vertex   -3.871427e+01 2.066084e+01 2.342177e+01
      vertex   -3.338094e+01 2.066084e+01 2.342177e+01
    endloop
  endfacet
  facet normal 0.000000e+00 -7.992890e-01 6.009468e-01
    outer loop
      vertex   -3.338094e+01 2.066084e+01 2.342177e+01
      vertex   -3.871427e+01 2.066084e+01 2.342177e+01
      vertex   -3.338094e+01 2.051046e+01 2.322176e+01
    endloop
  endfacet
  facet normal -1.422630e-19 -7.992890e-01 6.009468e-01
    outer loop
      vertex   -3.871427e+01 2.066084e+01 2.342177e+01
      vertex   -3.871427e+01 2.051046e+01 2.322176e+01
      vertex   -3.338094e+01 2.051046e+01 2.322176e+01
    endloop
  endfacet
  facet normal 0.000000e+00 -6.196032e-01 7.849152e-01
    outer loop
      vertex   -3.338094e+01 2.051046e+01 2.322176e+01
      vertex   -3.871427e+01 2.051046e+01 2.322176e+01
      vertex   -3.338094e+01 2.031405e+01 2.306671e+01
    endloop
  endfacet
  facet normal 1.100648e-18 -6.196032e-01 7.849152e-01
    outer loop
      vertex   -3.871427e+01 2.051046e+01 2.322176e+01
      vertex   -3.871427e+01 2.031405e+01 2.306671e+01
      vertex   -3.338094e+01 2.031405e+01 2.306671e+01
    endloop
  endfacet
  facet normal 0.000000e+00 -3.989423e-01 9.169760e-01
    outer loop
      vertex   -3.338094e+01 2.031405e+01 2.306671e+01
      vertex   -3.871427e+01 2.031405e+01 2.306671e+01
      vertex   -3.338094e+01 2.008459e+01 2.296688e+01
    endloop
  endfacet
  facet normal 1.129630e-18 -3.989423e-01 9.169760e-01
    outer loop
      vertex   -3.871427e+01 2.031405e+01 2.306671e+01
      vertex   -3.871427e+01 2.008459e+01 2.296688e+01
      vertex   -3.338094e+01 2.008459e+01 2.296688e+01
    endloop
  endfacet
  facet normal 1.000000e+00 0.000000e+00 0.000000e+00
    outer loop
      vertex   -5.714272e+00 -1.352035e+01 2.487449e+01
      vertex   -5.714272e+00 -1.376769e+01 2.483648e+01
      vertex   -5.714272e+00 -1.352035e+01 2.292887e+01
    endloop
  endfacet
  facet normal 1.000000e+00 0.000000e+00 0.000000e+00
    outer loop
      vertex   -5.714272e+00 -1.352035e+01 2.292887e+01
      vertex   -5.714272e+00 -1.376769e+01 2.483648e+01
      vertex   -5.714272e+00 -1.376769e+01 2.296688e+01
    endloop
  endfacet
  facet normal 1.000000e+00 0.000000e+00 -0.000000e+00
    outer loop
      vertex   -5.714272e+00 -1.376769e+01 2.296688e+01
      vertex   -5.714272e+00 -1.376769e+01 2.483648e+01
      vertex   -5.714272e+00 -1.399715e+01 2.306671e+01
    endloop
  endfacet
  facet normal 1.000000e+00 0.000000e+00 0.000000e+00
    outer loop
      vertex   -5.714272e+00 -1.399715e+01 2.306671e+01
      vertex   -5.714272e+00 -1.376769e+01 2.483648e+01
      vertex   -5.714272e+00 -1.399715e+01 2.473665e+01
    endloop
  endfacet
  facet normal 1.000000e+00 0.000000e+00 -0.000000e+00
    outer loop
      vertex   -5.714272e+00 -1.399715e+01 2.306671e+01
      vertex   -5.714272e+00 -1.399715e+01 2.473665e+01
      vertex   -5.714272e+00 -1.419356e+01 2.322176e+01
    endloop
  endfacet
  facet normal 1.000000e+00 0.000000e+00 0.000000e+00
    outer loop
      vertex   -5.714272e+00 -1.419356e+01 2.322176e+01
      vertex   -5.714272e+00 -1.399715e+01 2.473665e+01
      vertex   -5.714272e+00 -1.419356e+01 2.458160e+01
    endloop
  endfacet
  facet normal 1.000000e+00 0.000000e+00 -0.000000e+00
    outer loop
      vertex   -5.714272e+00 -1.419356e+01 2.322176e+01
      vertex   -5.714272e+00 -1.419356e+01 2.458160e+01
      vertex   -5.714272e+00 -1.434394e+01 2.342177e+01
    endloop
  endfacet
  facet normal 1.000000e+00 0.000000e+00 0.000000e+00
    outer loop
      vertex   -5.714272e+00 -1.434394e+01 2.342177e+01
      vertex   -5.714272e+00 -1.419356e+01 2.458160e+01
      vertex   -5.714272e+00 -1.434394e+01 2.438159e+01
    endloop
  endfacet
  facet normal 1.000000e+00 0.000000e+00 -0.000000e+00
    outer loop
      vertex   -5.714272e+00 -1.434394e+01 2.342177e+01
      vertex   -5.714272e+00 -1.434394e+01 2.438159e+01
      vertex   -5.714272e+00 -1.443834e+01 2.365352e+01
    endloop
  endfacet
  facet normal 1.000000e+00 0.000000e+00 0.000000e+00
    outer loop
      vertex   -5.714272e+00 -1.443834e+01 2.365352e+01
      vertex   -5.714272e+00 -1.434394e+01 2.438159e+01
      vertex   -5.714272e+00 -1.443834e+01 2.414984e+01
    endloop
  endfacet
  facet normal 1.000000e+00 0.000000e+00 -0.000000e+00
    outer loop
      vertex   -5.714272e+00 -1.443834e+01 2.365352e+01
      vertex   -5.714272e+00 -1.443834e+01 2.414984e+01
      vertex   -5.714272e+00 -1.447052e+01 2.390168e+01
    endloop
  endfacet
  facet normal -1.000000e+00 0.000000e+00 -0.000000e+00
    outer loop
      vertex   2.128573e+01 -1.352035e+01 2.487449e+01
      vertex   2.128573e+01 -1.352035e+01 2.292887e+01
      vertex   2.128573e+01 -1.376769e+01 2.483648e+01
    endloop
  endfacet
  facet normal -1.000000e+00 0.000000e+00 -0.000000e+00
    outer loop
      vertex   2.128573e+01 -1.376769e+01 2.483648e+01
      vertex   2.128573e+01 -1.352035e+01 2.292887e+01
      vertex   2.128573e+01 -1.376769e+01 2.296688e+01
    endloop
  endfacet
  facet normal -1.000000e+00 0.000000e+00 0.000000e+00
    outer loop
      vertex   2.128573e+01 -1.376769e+01 2.483648e+01
      vertex   2.128573e+01 -1.376769e+01 2.296688e+01
      vertex   2.128573e+01 -1.399715e+01 2.306671e+01
    endloop
  endfacet
  facet normal -1.000000e+00 0.000000e+00 0.000000e+00
    outer loop
      vertex   2.128573e+01 -1.376769e+01 2.483648e+01
      vertex   2.128573e+01 -1.399715e+01 2.306671e+01
      vertex   2.128573e+01 -1.399715e+01 2.473665e+01
    endloop
  endfacet
  facet normal -1.000000e+00 0.000000e+00 -0.000000e+00
    outer loop
      vertex   2.128573e+01 -1.399715e+01 2.473665e+01
      vertex   2.128573e+01 -1.399715e+01 2.306671e+01
      vertex   2.128573e+01 -1.419356e+01 2.322176e+01
    endloop
  endfacet
  facet normal -1.000000e+00 0.000000e+00 0.000000e+00
    outer loop
      vertex   2.128573e+01 -1.399715e+01 2.473665e+01
      vertex   2.128573e+01 -1.419356e+01 2.322176e+01
      vertex   2.128573e+01 -1.419356e+01 2.458160e+01
    endloop
  endfacet
  facet normal -1.000000e+00 0.000000e+00 -0.000000e+00
    outer loop
      vertex   2.128573e+01 -1.419356e+01 2.458160e+01
      vertex   2.128573e+01 -1.419356e+01 2.322176e+01
      vertex   2.128573e+01 -1.434394e+01 2.342177e+01
    endloop
  endfacet
  facet normal -1.000000e+00 0.000000e+00 0.000000e+00
    outer loop
      vertex   2.128573e+01 -1.419356e+01 2.458160e+01
      vertex   2.128573e+01 -1.434394e+01 2.342177e+01
      vertex   2.128573e+01 -1.434394e+01 2.438159e+01
    endloop
  endfacet
  facet normal -1.000000e+00 0.000000e+00 -0.000000e+00
    outer loop
      vertex   2.128573e+01 -1.434394e+01 2.438159e+01
      vertex   2.128573e+01 -1.434394e+01 2.342177e+01
      vertex   2.128573e+01 -1.443834e+01 2.365352e+01
    endloop
  endfacet
  facet normal -1.000000e+00 0.000000e+00 0.000000e+00
    outer loop
      vertex   2.128573e+01 -1.434394e+01 2.438159e+01
      vertex   2.128573e+01 -1.443834e+01 2.365352e+01
      vertex   2.128573e+01 -1.443834e+01 2.414984e+01
    endloop
  endfacet
  facet normal -1.000000e+00 0.000000e+00 -0.000000e+00
    outer loop
      vertex   2.128573e+01 -1.443834e+01 2.414984e+01
      vertex   2.128573e+01 -1.443834e+01 2.365352e+01
      vertex   2.128573e+01 -1.447052e+01 2.390168e+01
    endloop
  endfacet
  facet normal 2.998071e-17 1.518987e-01 -9.883961e-01
    outer loop
      vertex   2.128573e+01 -1.352035e+01 2.487449e+01
      vertex   5.085728e+00 -1.376769e+01 2.483648e+01
      vertex   -5.714272e+00 -1.352035e+01 2.487449e+01
    endloop
  endfacet
  facet normal -7.976379e-20 1.518987e-01 -9.883961e-01
    outer loop
      vertex   -5.714272e+00 -1.352035e+01 2.487449e+01
      vertex   5.085728e+00 -1.376769e+01 2.483648e+01
      vertex   -3.142723e-01 -1.376769e+01 2.483648e+01
    endloop
  endfacet
  facet normal 4.998692e-17 1.518987e-01 -9.883961e-01
    outer loop
      vertex   -5.714272e+00 -1.352035e+01 2.487449e+01
      vertex   -3.142723e-01 -1.376769e+01 2.483648e+01
      vertex   -5.714272e+00 -1.376769e+01 2.483648e+01
    endloop
  endfacet
  facet normal 1.312340e-16 3.989423e-01 -9.169760e-01
    outer loop
      vertex   -5.714272e+00 -1.376769e+01 2.483648e+01
      vertex   -3.142723e-01 -1.376769e+01 2.483648e+01
      vertex   -5.714272e+00 -1.399715e+01 2.473665e+01
    endloop
  endfacet
  facet normal 0.000000e+00 3.989423e-01 -9.169760e-01
    outer loop
      vertex   -5.714272e+00 -1.399715e+01 2.473665e+01
      vertex   -3.142723e-01 -1.376769e+01 2.483648e+01
      vertex   -3.142723e-01 -1.399715e+01 2.473665e+01
    endloop
  endfacet
  facet normal 0.000000e+00 6.196032e-01 -7.849152e-01
    outer loop
      vertex   -5.714272e+00 -1.399715e+01 2.473665e+01
      vertex   -3.142723e-01 -1.399715e+01 2.473665e+01
      vertex   -5.714272e+00 -1.419356e+01 2.458160e+01
    endloop
  endfacet
  facet normal 0.000000e+00 6.196032e-01 -7.849152e-01
    outer loop
      vertex   -5.714272e+00 -1.419356e+01 2.458160e+01
      vertex   -3.142723e-01 -1.399715e+01 2.473665e+01
      vertex   -3.142723e-01 -1.419356e+01 2.458160e+01
    endloop
  endfacet
  facet normal 0.000000e+00 7.992890e-01 -6.009468e-01
    outer loop
      vertex   -5.714272e+00 -1.419356e+01 2.458160e+01
      vertex   -3.142723e-01 -1.419356e+01 2.458160e+01
      vertex   -5.714272e+00 -1.434394e+01 2.438159e+01
    endloop
  endfacet
  facet normal 0.000000e+00 7.992890e-01 -6.009468e-01
    outer loop
      vertex   -5.714272e+00 -1.434394e+01 2.438159e+01
      vertex   -3.142723e-01 -1.419356e+01 2.458160e+01
      vertex   -3.142723e-01 -1.434394e+01 2.438159e+01
    endloop
  endfacet
  facet normal 0.000000e+00 9.261167e-01 -3.772370e-01
    outer loop
      vertex   -5.714272e+00 -1.434394e+01 2.438159e+01
      vertex   -3.142723e-01 -1.434394e+01 2.438159e+01
      vertex   -5.714272e+00 -1.443834e+01 2.414984e+01
    endloop
  endfacet
  facet normal 0.000000e+00 9.261167e-01 -3.772370e-01
    outer loop
      vertex   -5.714272e+00 -1.443834e+01 2.414984e+01
      vertex   -3.142723e-01 -1.434394e+01 2.438159e+01
      vertex   -3.142723e-01 -1.443834e+01 2.414984e+01
    endloop
  endfacet
  facet normal 0.000000e+00 9.916991e-01 -1.285801e-01
    outer loop
      vertex   -5.714272e+00 -1.443834e+01 2.414984e+01
      vertex   -3.142723e-01 -1.443834e+01 2.414984e+01
      vertex   -5.714272e+00 -1.447052e+01 2.390168e+01
    endloop
  endfacet
  facet normal 0.000000e+00 9.916991e-01 -1.285801e-01
    outer loop
      vertex   -5.714272e+00 -1.447052e+01 2.390168e+01
      vertex   -3.142723e-01 -1.443834e+01 2.414984e+01
      vertex   -3.142723e-01 -1.447052e+01 2.390168e+01
    endloop
  endfacet
  facet normal -0.000000e+00 9.916991e-01 1.285801e-01
    outer loop
      vertex   -5.714272e+00 -1.447052e+01 2.390168e+01
      vertex   -3.142723e-01 -1.447052e+01 2.390168e+01
      vertex   -5.714272e+00 -1.443834e+01 2.365352e+01
    endloop
  endfacet
  facet normal -0.000000e+00 9.916991e-01 1.285801e-01
    outer loop
      vertex   -5.714272e+00 -1.443834e+01 2.365352e+01
      vertex   -3.142723e-01 -1.447052e+01 2.390168e+01
      vertex   -3.142723e-01 -1.443834e+01 2.365352e+01
    endloop
  endfacet
  facet normal -0.000000e+00 9.261167e-01 3.772370e-01
    outer loop
      vertex   -5.714272e+00 -1.443834e+01 2.365352e+01
      vertex   -3.142723e-01 -1.443834e+01 2.365352e+01
      vertex   -5.714272e+00 -1.434394e+01 2.342177e+01
    endloop
  endfacet
  facet normal 3.046507e-16 9.261167e-01 3.772370e-01
    outer loop
      vertex   -5.714272e+00 -1.434394e+01 2.342177e+01
      vertex   -3.142723e-01 -1.443834e+01 2.365352e+01
      vertex   -3.142723e-01 -1.434394e+01 2.342177e+01
    endloop
  endfacet
  facet normal 2.629301e-16 7.992890e-01 6.009468e-01
    outer loop
      vertex   -5.714272e+00 -1.434394e+01 2.342177e+01
      vertex   -3.142723e-01 -1.434394e+01 2.342177e+01
      vertex   -5.714272e+00 -1.419356e+01 2.322176e+01
    endloop
  endfacet
  facet normal -0.000000e+00 7.992890e-01 6.009468e-01
    outer loop
      vertex   -5.714272e+00 -1.419356e+01 2.322176e+01
      vertex   -3.142723e-01 -1.434394e+01 2.342177e+01
      vertex   -3.142723e-01 -1.419356e+01 2.322176e+01
    endloop
  endfacet
  facet normal -0.000000e+00 6.196032e-01 7.849152e-01
    outer loop
      vertex   -5.714272e+00 -1.419356e+01 2.322176e+01
      vertex   -3.142723e-01 -1.419356e+01 2.322176e+01
      vertex   -5.714272e+00 -1.399715e+01 2.306671e+01
    endloop
  endfacet
  facet normal -0.000000e+00 6.196032e-01 7.849152e-01
    outer loop
      vertex   -5.714272e+00 -1.399715e+01 2.306671e+01
      vertex   -3.142723e-01 -1.419356e+01 2.322176e+01
      vertex   -3.142723e-01 -1.399715e+01 2.306671e+01
    endloop
  endfacet
  facet normal -0.000000e+00 3.989423e-01 9.169760e-01
    outer loop
      vertex   -5.714272e+00 -1.399715e+01 2.306671e+01
      vertex   -3.142723e-01 -1.399715e+01 2.306671e+01
      vertex   -5.714272e+00 -1.376769e+01 2.296688e+01
    endloop
  endfacet
  facet normal 1.312340e-16 3.989423e-01 9.169760e-01
    outer loop
      vertex   -5.714272e+00 -1.376769e+01 2.296688e+01
      vertex   -3.142723e-01 -1.399715e+01 2.306671e+01
      vertex   -3.142723e-01 -1.376769e+01 2.296688e+01
    endloop
  endfacet
  facet normal 4.996784e-17 1.518987e-01 9.883961e-01
    outer loop
      vertex   -5.714272e+00 -1.376769e+01 2.296688e+01
      vertex   -3.142723e-01 -1.376769e+01 2.296688e+01
      vertex   -5.714272e+00 -1.352035e+01 2.292887e+01
    endloop
  endfacet
  facet normal -5.138499e-19 1.518987e-01 9.883961e-01
    outer loop
      vertex   -5.714272e+00 -1.352035e+01 2.292887e+01
      vertex   -3.142723e-01 -1.376769e+01 2.296688e+01
      vertex   5.085728e+00 -1.376769e+01 2.296688e+01
    endloop
  endfacet
  facet normal -5.138499e-19 1.518987e-01 9.883961e-01
    outer loop
      vertex   -5.714272e+00 -1.352035e+01 2.292887e+01
      vertex   5.085728e+00 -1.376769e+01 2.296688e+01
      vertex   1.048573e+01 -1.376769e+01 2.296688e+01
    endloop
  endfacet
  facet normal 0.000000e+00 3.989423e-01 9.169760e-01
    outer loop
      vertex   1.048573e+01 -1.376769e+01 2.296688e+01
      vertex   5.085728e+00 -1.376769e+01 2.296688e+01
      vertex   1.048573e+01 -1.399715e+01 2.306671e+01
    endloop
  endfacet
  facet normal 1.323955e-16 3.989423e-01 9.169760e-01
    outer loop
      vertex   1.048573e+01 -1.376769e+01 2.296688e+01
      vertex   1.048573e+01 -1.399715e+01 2.306671e+01
      vertex   1.588573e+01 -1.399715e+01 2.306671e+01
    endloop
  endfacet
  facet normal 2.038216e-16 6.196032e-01 7.849152e-01
    outer loop
      vertex   1.588573e+01 -1.399715e+01 2.306671e+01
      vertex   1.048573e+01 -1.399715e+01 2.306671e+01
      vertex   1.588573e+01 -1.419356e+01 2.322176e+01
    endloop
  endfacet
  facet normal 8.875526e-19 6.196032e-01 7.849152e-01
    outer loop
      vertex   1.588573e+01 -1.399715e+01 2.306671e+01
      vertex   1.588573e+01 -1.419356e+01 2.322176e+01
      vertex   2.128573e+01 -1.419356e+01 2.322176e+01
    endloop
  endfacet
  facet normal 0.000000e+00 7.992890e-01 6.009468e-01
    outer loop
      vertex   2.128573e+01 -1.419356e+01 2.322176e+01
      vertex   1.588573e+01 -1.419356e+01 2.322176e+01
      vertex   2.128573e+01 -1.434394e+01 2.342177e+01
    endloop
  endfacet
  facet normal 0.000000e+00 7.992890e-01 6.009468e-01
    outer loop
      vertex   2.128573e+01 -1.434394e+01 2.342177e+01
      vertex   1.588573e+01 -1.419356e+01 2.322176e+01
      vertex   1.588573e+01 -1.434394e+01 2.342177e+01
    endloop
  endfacet
  facet normal 0.000000e+00 9.261167e-01 3.772370e-01
    outer loop
      vertex   2.128573e+01 -1.434394e+01 2.342177e+01
      vertex   1.588573e+01 -1.434394e+01 2.342177e+01
      vertex   2.128573e+01 -1.443834e+01 2.365352e+01
    endloop
  endfacet
  facet normal 0.000000e+00 9.261167e-01 3.772370e-01
    outer loop
      vertex   2.128573e+01 -1.443834e+01 2.365352e+01
      vertex   1.588573e+01 -1.434394e+01 2.342177e+01
      vertex   1.588573e+01 -1.443834e+01 2.365352e+01
    endloop
  endfacet
  facet normal 0.000000e+00 9.916991e-01 1.285801e-01
    outer loop
      vertex   2.128573e+01 -1.443834e+01 2.365352e+01
      vertex   1.588573e+01 -1.443834e+01 2.365352e+01
      vertex   2.128573e+01 -1.447052e+01 2.390168e+01
    endloop
  endfacet
  facet normal 0.000000e+00 9.916991e-01 1.285801e-01
    outer loop
      vertex   2.128573e+01 -1.447052e+01 2.390168e+01
      vertex   1.588573e+01 -1.443834e+01 2.365352e+01
      vertex   1.588573e+01 -1.447052e+01 2.390168e+01
    endloop
  endfacet
  facet normal 0.000000e+00 9.916991e-01 -1.285801e-01
    outer loop
      vertex   2.128573e+01 -1.447052e+01 2.390168e+01
      vertex   1.588573e+01 -1.447052e+01 2.390168e+01
      vertex   2.128573e+01 -1.443834e+01 2.414984e+01
    endloop
  endfacet
  facet normal 0.000000e+00 9.916991e-01 -1.285801e-01
    outer loop
      vertex   2.128573e+01 -1.443834e+01 2.414984e+01
      vertex   1.588573e+01 -1.447052e+01 2.390168e+01
      vertex   1.588573e+01 -1.443834e+01 2.414984e+01
    endloop
  endfacet
  facet normal 0.000000e+00 9.261167e-01 -3.772370e-01
    outer loop
      vertex   2.128573e+01 -1.443834e+01 2.414984e+01
      vertex   1.588573e+01 -1.443834e+01 2.414984e+01
      vertex   2.128573e+01 -1.434394e+01 2.438159e+01
    endloop
  endfacet
  facet normal 0.000000e+00 9.261167e-01 -3.772370e-01
    outer loop
      vertex   2.128573e+01 -1.434394e+01 2.438159e+01
      vertex   1.588573e+01 -1.443834e+01 2.414984e+01
      vertex   1.588573e+01 -1.434394e+01 2.438159e+01
    endloop
  endfacet
  facet normal 0.000000e+00 7.992890e-01 -6.009468e-01
    outer loop
      vertex   2.128573e+01 -1.434394e+01 2.438159e+01
      vertex   1.588573e+01 -1.434394e+01 2.438159e+01
      vertex   2.128573e+01 -1.419356e+01 2.458160e+01
    endloop
  endfacet
  facet normal 0.000000e+00 7.992890e-01 -6.009468e-01
    outer loop
      vertex   2.128573e+01 -1.419356e+01 2.458160e+01
      vertex   1.588573e+01 -1.434394e+01 2.438159e+01
      vertex   1.588573e+01 -1.419356e+01 2.458160e+01
    endloop
  endfacet
  facet normal 0.000000e+00 6.196032e-01 -7.849152e-01
    outer loop
      vertex   2.128573e+01 -1.419356e+01 2.458160e+01
      vertex   1.588573e+01 -1.419356e+01 2.458160e+01
      vertex   2.128573e+01 -1.399715e+01 2.473665e+01
    endloop
  endfacet
  facet normal 0.000000e+00 6.196032e-01 -7.849152e-01
    outer loop
      vertex   2.128573e+01 -1.399715e+01 2.473665e+01
      vertex   1.588573e+01 -1.419356e+01 2.458160e+01
      vertex   1.588573e+01 -1.399715e+01 2.473665e+01
    endloop
  endfacet
  facet normal 0.000000e+00 3.989423e-01 -9.169760e-01
    outer loop
      vertex   2.128573e+01 -1.399715e+01 2.473665e+01
      vertex   1.588573e+01 -1.399715e+01 2.473665e+01
      vertex   2.128573e+01 -1.376769e+01 2.483648e+01
    endloop
  endfacet
  facet normal 0.000000e+00 3.989423e-01 -9.169760e-01
    outer loop
      vertex   2.128573e+01 -1.376769e+01 2.483648e+01
      vertex   1.588573e+01 -1.399715e+01 2.473665e+01
      vertex   1.588573e+01 -1.376769e+01 2.483648e+01
    endloop
  endfacet
  facet normal 0.000000e+00 1.518987e-01 -9.883961e-01
    outer loop
      vertex   2.128573e+01 -1.376769e+01 2.483648e+01
      vertex   1.588573e+01 -1.376769e+01 2.483648e+01
      vertex   2.128573e+01 -1.352035e+01 2.487449e+01
    endloop
  endfacet
  facet normal 5.018460e-17 1.518987e-01 -9.883961e-01
    outer loop
      vertex   2.128573e+01 -1.352035e+01 2.487449e+01
      vertex   1.588573e+01 -1.376769e+01 2.483648e+01
      vertex   1.048573e+01 -1.376769e+01 2.483648e+01
    endloop
  endfacet
  facet normal 2.167610e-19 1.518987e-01 -9.883961e-01
    outer loop
      vertex   2.128573e+01 -1.352035e+01 2.487449e+01
      vertex   1.048573e+01 -1.376769e+01 2.483648e+01
      vertex   5.085728e+00 -1.376769e+01 2.483648e+01
    endloop
  endfacet
  facet normal 0.000000e+00 3.989423e-01 -9.169760e-01
    outer loop
      vertex   5.085728e+00 -1.376769e+01 2.483648e+01
      vertex   1.048573e+01 -1.376769e+01 2.483648e+01
      vertex   5.085728e+00 -1.399715e+01 2.473665e+01
    endloop
  endfacet
  facet normal 1.300726e-16 3.989423e-01 -9.169760e-01
    outer loop
      vertex   5.085728e+00 -1.376769e+01 2.483648e+01
      vertex   5.085728e+00 -1.399715e+01 2.473665e+01
      vertex   -3.142723e-01 -1.399715e+01 2.473665e+01
    endloop
  endfacet
  facet normal 2.038216e-16 6.196032e-01 -7.849152e-01
    outer loop
      vertex   -3.142723e-01 -1.399715e+01 2.473665e+01
      vertex   5.085728e+00 -1.399715e+01 2.473665e+01
      vertex   -3.142723e-01 -1.419356e+01 2.458160e+01
    endloop
  endfacet
  facet normal 8.875526e-19 6.196032e-01 7.849152e-01
    outer loop
      vertex   2.128573e+01 -1.419356e+01 2.322176e+01
      vertex   2.128573e+01 -1.399715e+01 2.306671e+01
      vertex   1.588573e+01 -1.399715e+01 2.306671e+01
    endloop
  endfacet
  facet normal -0.000000e+00 3.989423e-01 9.169760e-01
    outer loop
      vertex   1.588573e+01 -1.399715e+01 2.306671e+01
      vertex   2.128573e+01 -1.399715e+01 2.306671e+01
      vertex   1.588573e+01 -1.376769e+01 2.296688e+01
    endloop
  endfacet
  facet normal 1.323955e-16 3.989423e-01 9.169760e-01
    outer loop
      vertex   1.588573e+01 -1.399715e+01 2.306671e+01
      vertex   1.588573e+01 -1.376769e+01 2.296688e+01
      vertex   1.048573e+01 -1.376769e+01 2.296688e+01
    endloop
  endfacet
  facet normal 4.996784e-17 1.518987e-01 9.883961e-01
    outer loop
      vertex   1.048573e+01 -1.376769e+01 2.296688e+01
      vertex   1.588573e+01 -1.376769e+01 2.296688e+01
      vertex   2.128573e+01 -1.352035e+01 2.292887e+01
    endloop
  endfacet
  facet normal 2.987794e-17 1.518987e-01 9.883961e-01
    outer loop
      vertex   1.048573e+01 -1.376769e+01 2.296688e+01
      vertex   2.128573e+01 -1.352035e+01 2.292887e+01
      vertex   -5.714272e+00 -1.352035e+01 2.292887e+01
    endloop
  endfacet
  facet normal -1.115684e-18 3.989423e-01 9.169760e-01
    outer loop
      vertex   2.128573e+01 -1.399715e+01 2.306671e+01
      vertex   2.128573e+01 -1.376769e+01 2.296688e+01
      vertex   1.588573e+01 -1.376769e+01 2.296688e+01
    endloop
  endfacet
  facet normal -0.000000e+00 1.518987e-01 9.883961e-01
    outer loop
      vertex   1.588573e+01 -1.376769e+01 2.296688e+01
      vertex   2.128573e+01 -1.376769e+01 2.296688e+01
      vertex   2.128573e+01 -1.352035e+01 2.292887e+01
    endloop
  endfacet
  facet normal 1.312340e-16 3.989423e-01 -9.169760e-01
    outer loop
      vertex   1.048573e+01 -1.376769e+01 2.483648e+01
      vertex   1.588573e+01 -1.376769e+01 2.483648e+01
      vertex   1.048573e+01 -1.399715e+01 2.473665e+01
    endloop
  endfacet
  facet normal 0.000000e+00 3.989423e-01 -9.169760e-01
    outer loop
      vertex   1.048573e+01 -1.399715e+01 2.473665e+01
      vertex   1.588573e+01 -1.376769e+01 2.483648e+01
      vertex   1.588573e+01 -1.399715e+01 2.473665e+01
    endloop
  endfacet
  facet normal 0.000000e+00 6.196032e-01 -7.849152e-01
    outer loop
      vertex   1.048573e+01 -1.399715e+01 2.473665e+01
      vertex   1.588573e+01 -1.399715e+01 2.473665e+01
      vertex   1.048573e+01 -1.419356e+01 2.458160e+01
    endloop
  endfacet
  facet normal 2.038216e-16 6.196032e-01 -7.849152e-01
    outer loop
      vertex   1.048573e+01 -1.419356e+01 2.458160e+01
      vertex   1.588573e+01 -1.399715e+01 2.473665e+01
      vertex   1.588573e+01 -1.419356e+01 2.458160e+01
    endloop
  endfacet
  facet normal 2.629301e-16 7.992890e-01 -6.009468e-01
    outer loop
      vertex   1.048573e+01 -1.419356e+01 2.458160e+01
      vertex   1.588573e+01 -1.419356e+01 2.458160e+01
      vertex   1.048573e+01 -1.434394e+01 2.438159e+01
    endloop
  endfacet
  facet normal 0.000000e+00 7.992890e-01 -6.009468e-01
    outer loop
      vertex   1.048573e+01 -1.434394e+01 2.438159e+01
      vertex   1.588573e+01 -1.419356e+01 2.458160e+01
      vertex   1.588573e+01 -1.434394e+01 2.438159e+01
    endloop
  endfacet
  facet normal 0.000000e+00 9.261167e-01 -3.772370e-01
    outer loop
      vertex   1.048573e+01 -1.434394e+01 2.438159e+01
      vertex   1.588573e+01 -1.434394e+01 2.438159e+01
      vertex   1.048573e+01 -1.443834e+01 2.414984e+01
    endloop
  endfacet
  facet normal 0.000000e+00 9.261167e-01 -3.772370e-01
    outer loop
      vertex   1.048573e+01 -1.443834e+01 2.414984e+01
      vertex   1.588573e+01 -1.434394e+01 2.438159e+01
      vertex   1.588573e+01 -1.443834e+01 2.414984e+01
    endloop
  endfacet
  facet normal 0.000000e+00 9.916991e-01 -1.285801e-01
    outer loop
      vertex   1.048573e+01 -1.443834e+01 2.414984e+01
      vertex   1.588573e+01 -1.443834e+01 2.414984e+01
      vertex   1.048573e+01 -1.447052e+01 2.390168e+01
    endloop
  endfacet
  facet normal 0.000000e+00 9.916991e-01 -1.285801e-01
    outer loop
      vertex   1.048573e+01 -1.447052e+01 2.390168e+01
      vertex   1.588573e+01 -1.443834e+01 2.414984e+01
      vertex   1.588573e+01 -1.447052e+01 2.390168e+01
    endloop
  endfacet
  facet normal -0.000000e+00 9.916991e-01 1.285801e-01
    outer loop
      vertex   1.048573e+01 -1.447052e+01 2.390168e+01
      vertex   1.588573e+01 -1.447052e+01 2.390168e+01
      vertex   1.048573e+01 -1.443834e+01 2.365352e+01
    endloop
  endfacet
  facet normal -0.000000e+00 9.916991e-01 1.285801e-01
    outer loop
      vertex   1.048573e+01 -1.443834e+01 2.365352e+01
      vertex   1.588573e+01 -1.447052e+01 2.390168e+01
      vertex   1.588573e+01 -1.443834e+01 2.365352e+01
    endloop
  endfacet
  facet normal -0.000000e+00 9.261167e-01 3.772370e-01
    outer loop
      vertex   1.048573e+01 -1.443834e+01 2.365352e+01
      vertex   1.588573e+01 -1.443834e+01 2.365352e+01
      vertex   1.048573e+01 -1.434394e+01 2.342177e+01
    endloop
  endfacet
  facet normal -0.000000e+00 9.261167e-01 3.772370e-01
    outer loop
      vertex   1.048573e+01 -1.434394e+01 2.342177e+01
      vertex   1.588573e+01 -1.443834e+01 2.365352e+01
      vertex   1.588573e+01 -1.434394e+01 2.342177e+01
    endloop
  endfacet
  facet normal -0.000000e+00 7.992890e-01 6.009468e-01
    outer loop
      vertex   1.048573e+01 -1.434394e+01 2.342177e+01
      vertex   1.588573e+01 -1.434394e+01 2.342177e+01
      vertex   1.048573e+01 -1.419356e+01 2.322176e+01
    endloop
  endfacet
  facet normal -0.000000e+00 7.992890e-01 6.009468e-01
    outer loop
      vertex   1.048573e+01 -1.419356e+01 2.322176e+01
      vertex   1.588573e+01 -1.434394e+01 2.342177e+01
      vertex   1.588573e+01 -1.419356e+01 2.322176e+01
    endloop
  endfacet
  facet normal -0.000000e+00 6.196032e-01 7.849152e-01
    outer loop
      vertex   1.048573e+01 -1.419356e+01 2.322176e+01
      vertex   1.588573e+01 -1.419356e+01 2.322176e+01
      vertex   1.048573e+01 -1.399715e+01 2.306671e+01
    endloop
  endfacet
  facet normal -1.161428e-18 3.989423e-01 -9.169760e-01
    outer loop
      vertex   -3.142723e-01 -1.399715e+01 2.473665e+01
      vertex   -3.142723e-01 -1.376769e+01 2.483648e+01
      vertex   5.085728e+00 -1.376769e+01 2.483648e+01
    endloop
  endfacet
  facet normal -8.710185e-19 3.989423e-01 -9.169760e-01
    outer loop
      vertex   1.048573e+01 -1.376769e+01 2.483648e+01
      vertex   1.048573e+01 -1.399715e+01 2.473665e+01
      vertex   5.085728e+00 -1.399715e+01 2.473665e+01
    endloop
  endfacet
  facet normal 0.000000e+00 6.196032e-01 -7.849152e-01
    outer loop
      vertex   5.085728e+00 -1.399715e+01 2.473665e+01
      vertex   1.048573e+01 -1.399715e+01 2.473665e+01
      vertex   5.085728e+00 -1.419356e+01 2.458160e+01
    endloop
  endfacet
  facet normal -5.560423e-19 6.196032e-01 -7.849152e-01
    outer loop
      vertex   5.085728e+00 -1.399715e+01 2.473665e+01
      vertex   5.085728e+00 -1.419356e+01 2.458160e+01
      vertex   -3.142723e-01 -1.419356e+01 2.458160e+01
    endloop
  endfacet
  facet normal 0.000000e+00 7.992890e-01 -6.009468e-01
    outer loop
      vertex   -3.142723e-01 -1.419356e+01 2.458160e+01
      vertex   5.085728e+00 -1.419356e+01 2.458160e+01
      vertex   -3.142723e-01 -1.434394e+01 2.438159e+01
    endloop
  endfacet
  facet normal 0.000000e+00 6.196032e-01 -7.849152e-01
    outer loop
      vertex   5.085728e+00 -1.419356e+01 2.458160e+01
      vertex   1.048573e+01 -1.399715e+01 2.473665e+01
      vertex   1.048573e+01 -1.419356e+01 2.458160e+01
    endloop
  endfacet
  facet normal 0.000000e+00 7.992890e-01 -6.009468e-01
    outer loop
      vertex   5.085728e+00 -1.419356e+01 2.458160e+01
      vertex   1.048573e+01 -1.419356e+01 2.458160e+01
      vertex   5.085728e+00 -1.434394e+01 2.438159e+01
    endloop
  endfacet
  facet normal -1.324388e-16 7.992890e-01 -6.009468e-01
    outer loop
      vertex   5.085728e+00 -1.434394e+01 2.438159e+01
      vertex   1.048573e+01 -1.419356e+01 2.458160e+01
      vertex   1.048573e+01 -1.434394e+01 2.438159e+01
    endloop
  endfacet
  facet normal 5.646271e-17 9.261167e-01 -3.772370e-01
    outer loop
      vertex   5.085728e+00 -1.434394e+01 2.438159e+01
      vertex   1.048573e+01 -1.434394e+01 2.438159e+01
      vertex   5.085728e+00 -1.443834e+01 2.414984e+01
    endloop
  endfacet
  facet normal 0.000000e+00 9.261167e-01 -3.772370e-01
    outer loop
      vertex   5.085728e+00 -1.443834e+01 2.414984e+01
      vertex   1.048573e+01 -1.434394e+01 2.438159e+01
      vertex   1.048573e+01 -1.443834e+01 2.414984e+01
    endloop
  endfacet
  facet normal 0.000000e+00 9.916991e-01 -1.285801e-01
    outer loop
      vertex   5.085728e+00 -1.443834e+01 2.414984e+01
      vertex   1.048573e+01 -1.443834e+01 2.414984e+01
      vertex   5.085728e+00 -1.447052e+01 2.390168e+01
    endloop
  endfacet
  facet normal 0.000000e+00 9.916991e-01 -1.285801e-01
    outer loop
      vertex   5.085728e+00 -1.447052e+01 2.390168e+01
      vertex   1.048573e+01 -1.443834e+01 2.414984e+01
      vertex   1.048573e+01 -1.447052e+01 2.390168e+01
    endloop
  endfacet
  facet normal -0.000000e+00 9.916991e-01 1.285801e-01
    outer loop
      vertex   5.085728e+00 -1.447052e+01 2.390168e+01
      vertex   1.048573e+01 -1.447052e+01 2.390168e+01
      vertex   5.085728e+00 -1.443834e+01 2.365352e+01
    endloop
  endfacet
  facet normal -0.000000e+00 9.916991e-01 1.285801e-01
    outer loop
      vertex   5.085728e+00 -1.443834e+01 2.365352e+01
      vertex   1.048573e+01 -1.447052e+01 2.390168e+01
      vertex   1.048573e+01 -1.443834e+01 2.365352e+01
    endloop
  endfacet
  facet normal -0.000000e+00 9.261167e-01 3.772370e-01
    outer loop
      vertex   5.085728e+00 -1.443834e+01 2.365352e+01
      vertex   1.048573e+01 -1.443834e+01 2.365352e+01
      vertex   5.085728e+00 -1.434394e+01 2.342177e+01
    endloop
  endfacet
  facet normal -0.000000e+00 9.261167e-01 3.772370e-01
    outer loop
      vertex   5.085728e+00 -1.434394e+01 2.342177e+01
      vertex   1.048573e+01 -1.443834e+01 2.365352e+01
      vertex   1.048573e+01 -1.434394e+01 2.342177e+01
    endloop
  endfacet
  facet normal -0.000000e+00 7.992890e-01 6.009468e-01
    outer loop
      vertex   5.085728e+00 -1.434394e+01 2.342177e+01
      vertex   1.048573e+01 -1.434394e+01 2.342177e+01
      vertex   5.085728e+00 -1.419356e+01 2.322176e+01
    endloop
  endfacet
  facet normal -0.000000e+00 7.992890e-01 6.009468e-01
    outer loop
      vertex   5.085728e+00 -1.419356e+01 2.322176e+01
      vertex   1.048573e+01 -1.434394e+01 2.342177e+01
      vertex   1.048573e+01 -1.419356e+01 2.322176e+01
    endloop
  endfacet
  facet normal -0.000000e+00 6.196032e-01 7.849152e-01
    outer loop
      vertex   5.085728e+00 -1.419356e+01 2.322176e+01
      vertex   1.048573e+01 -1.419356e+01 2.322176e+01
      vertex   5.085728e+00 -1.399715e+01 2.306671e+01
    endloop
  endfacet
  facet normal -0.000000e+00 6.196032e-01 7.849152e-01
    outer loop
      vertex   5.085728e+00 -1.399715e+01 2.306671e+01
      vertex   1.048573e+01 -1.419356e+01 2.322176e+01
      vertex   1.048573e+01 -1.399715e+01 2.306671e+01
    endloop
  endfacet
  facet normal -0.000000e+00 3.989423e-01 9.169760e-01
    outer loop
      vertex   5.085728e+00 -1.399715e+01 2.306671e+01
      vertex   1.048573e+01 -1.399715e+01 2.306671e+01
      vertex   5.085728e+00 -1.376769e+01 2.296688e+01
    endloop
  endfacet
  facet normal -1.283446e-18 9.261167e-01 -3.772370e-01
    outer loop
      vertex   -3.142723e-01 -1.443834e+01 2.414984e+01
      vertex   -3.142723e-01 -1.434394e+01 2.438159e+01
      vertex   5.085728e+00 -1.434394e+01 2.438159e+01
    endloop
  endfacet
  facet normal 0.000000e+00 7.992890e-01 -6.009468e-01
    outer loop
      vertex   5.085728e+00 -1.434394e+01 2.438159e+01
      vertex   -3.142723e-01 -1.434394e+01 2.438159e+01
      vertex   5.085728e+00 -1.419356e+01 2.458160e+01
    endloop
  endfacet
  facet normal 0.000000e+00 9.261167e-01 -3.772370e-01
    outer loop
      vertex   -3.142723e-01 -1.443834e+01 2.414984e+01
      vertex   5.085728e+00 -1.434394e+01 2.438159e+01
      vertex   5.085728e+00 -1.443834e+01 2.414984e+01
    endloop
  endfacet
  facet normal -4.500618e-20 9.916991e-01 -1.285801e-01
    outer loop
      vertex   -3.142723e-01 -1.447052e+01 2.390168e+01
      vertex   -3.142723e-01 -1.443834e+01 2.414984e+01
      vertex   5.085728e+00 -1.443834e+01 2.414984e+01
    endloop
  endfacet
  facet normal 0.000000e+00 9.916991e-01 -1.285801e-01
    outer loop
      vertex   -3.142723e-01 -1.447052e+01 2.390168e+01
      vertex   5.085728e+00 -1.443834e+01 2.414984e+01
      vertex   5.085728e+00 -1.447052e+01 2.390168e+01
    endloop
  endfacet
  facet normal 4.500618e-20 9.916991e-01 1.285801e-01
    outer loop
      vertex   -3.142723e-01 -1.443834e+01 2.365352e+01
      vertex   -3.142723e-01 -1.447052e+01 2.390168e+01
      vertex   5.085728e+00 -1.447052e+01 2.390168e+01
    endloop
  endfacet
  facet normal -0.000000e+00 9.916991e-01 1.285801e-01
    outer loop
      vertex   -3.142723e-01 -1.443834e+01 2.365352e+01
      vertex   5.085728e+00 -1.447052e+01 2.390168e+01
      vertex   5.085728e+00 -1.443834e+01 2.365352e+01
    endloop
  endfacet
  facet normal 3.989994e-19 9.261167e-01 3.772370e-01
    outer loop
      vertex   -3.142723e-01 -1.434394e+01 2.342177e+01
      vertex   -3.142723e-01 -1.443834e+01 2.365352e+01
      vertex   5.085728e+00 -1.443834e+01 2.365352e+01
    endloop
  endfacet
  facet normal -0.000000e+00 9.261167e-01 3.772370e-01
    outer loop
      vertex   -3.142723e-01 -1.434394e+01 2.342177e+01
      vertex   5.085728e+00 -1.443834e+01 2.365352e+01
      vertex   5.085728e+00 -1.434394e+01 2.342177e+01
    endloop
  endfacet
  facet normal 1.405066e-19 7.992890e-01 6.009468e-01
    outer loop
      vertex   -3.142723e-01 -1.419356e+01 2.322176e+01
      vertex   -3.142723e-01 -1.434394e+01 2.342177e+01
      vertex   5.085728e+00 -1.434394e+01 2.342177e+01
    endloop
  endfacet
  facet normal -0.000000e+00 7.992890e-01 6.009468e-01
    outer loop
      vertex   -3.142723e-01 -1.419356e+01 2.322176e+01
      vertex   5.085728e+00 -1.434394e+01 2.342177e+01
      vertex   5.085728e+00 -1.419356e+01 2.322176e+01
    endloop
  endfacet
  facet normal -9.975380e-20 6.196032e-01 7.849152e-01
    outer loop
      vertex   -3.142723e-01 -1.399715e+01 2.306671e+01
      vertex   -3.142723e-01 -1.419356e+01 2.322176e+01
      vertex   5.085728e+00 -1.419356e+01 2.322176e+01
    endloop
  endfacet
  facet normal -0.000000e+00 6.196032e-01 7.849152e-01
    outer loop
      vertex   -3.142723e-01 -1.399715e+01 2.306671e+01
      vertex   5.085728e+00 -1.419356e+01 2.322176e+01
      vertex   5.085728e+00 -1.399715e+01 2.306671e+01
    endloop
  endfacet
  facet normal -1.115684e-18 3.989423e-01 9.169760e-01
    outer loop
      vertex   -3.142723e-01 -1.376769e+01 2.296688e+01
      vertex   -3.142723e-01 -1.399715e+01 2.306671e+01
      vertex   5.085728e+00 -1.399715e+01 2.306671e+01
    endloop
  endfacet
  facet normal -0.000000e+00 3.989423e-01 9.169760e-01
    outer loop
      vertex   -3.142723e-01 -1.376769e+01 2.296688e+01
      vertex   5.085728e+00 -1.399715e+01 2.306671e+01
      vertex   5.085728e+00 -1.376769e+01 2.296688e+01
    endloop
  endfacet
  facet normal 1.000000e+00 0.000000e+00 0.000000e+00
    outer loop
      vertex   -5.714272e+00 1.981246e+01 2.487476e+01
      vertex   -5.714272e+00 1.981246e+01 2.292860e+01
      vertex   -5.714272e+00 2.004567e+01 2.484686e+01
    endloop
  endfacet
  facet normal 1.000000e+00 0.000000e+00 0.000000e+00
    outer loop
      vertex   -5.714272e+00 2.004567e+01 2.484686e+01
      vertex   -5.714272e+00 1.981246e+01 2.292860e+01
      vertex   -5.714272e+00 2.004567e+01 2.295650e+01
    endloop
  endfacet
  facet normal 1.000000e+00 0.000000e+00 0.000000e+00
    outer loop
      vertex   -5.714272e+00 2.004567e+01 2.484686e+01
      vertex   -5.714272e+00 2.004567e+01 2.295650e+01
      vertex   -5.714272e+00 2.026540e+01 2.303946e+01
    endloop
  endfacet
  facet normal 1.000000e+00 0.000000e+00 0.000000e+00
    outer loop
      vertex   -5.714272e+00 2.004567e+01 2.484686e+01
      vertex   -5.714272e+00 2.026540e+01 2.303946e+01
      vertex   -5.714272e+00 2.026540e+01 2.476390e+01
    endloop
  endfacet
  facet normal 1.000000e+00 0.000000e+00 0.000000e+00
    outer loop
      vertex   -5.714272e+00 2.026540e+01 2.476390e+01
      vertex   -5.714272e+00 2.026540e+01 2.303946e+01
      vertex   -5.714272e+00 2.045885e+01 2.317265e+01
    endloop
  endfacet
  facet normal 1.000000e+00 0.000000e+00 0.000000e+00
    outer loop
      vertex   -5.714272e+00 2.026540e+01 2.476390e+01
      vertex   -5.714272e+00 2.045885e+01 2.317265e+01
      vertex   -5.714272e+00 2.045885e+01 2.463071e+01
    endloop
  endfacet
  facet normal 1.000000e+00 0.000000e+00 0.000000e+00
    outer loop
      vertex   -5.714272e+00 2.045885e+01 2.463071e+01
      vertex   -5.714272e+00 2.045885e+01 2.317265e+01
      vertex   -5.714272e+00 2.061476e+01 2.334831e+01
    endloop
  endfacet
  facet normal 1.000000e+00 0.000000e+00 0.000000e+00
    outer loop
      vertex   -5.714272e+00 2.045885e+01 2.463071e+01
      vertex   -5.714272e+00 2.061476e+01 2.334831e+01
      vertex   -5.714272e+00 2.061476e+01 2.445505e+01
    endloop
  endfacet
  facet normal 1.000000e+00 0.000000e+00 0.000000e+00
    outer loop
      vertex   -5.714272e+00 2.061476e+01 2.445505e+01
      vertex   -5.714272e+00 2.061476e+01 2.334831e+01
      vertex   -5.714272e+00 2.072403e+01 2.355622e+01
    endloop
  endfacet
  facet normal 1.000000e+00 0.000000e+00 0.000000e+00
    outer loop
      vertex   -5.714272e+00 2.061476e+01 2.445505e+01
      vertex   -5.714272e+00 2.072403e+01 2.355622e+01
      vertex   -5.714272e+00 2.072403e+01 2.424714e+01
    endloop
  endfacet
  facet normal 1.000000e+00 0.000000e+00 0.000000e+00
    outer loop
      vertex   -5.714272e+00 2.072403e+01 2.424714e+01
      vertex   -5.714272e+00 2.072403e+01 2.355622e+01
      vertex   -5.714272e+00 2.078031e+01 2.378425e+01
    endloop
  endfacet
  facet normal 1.000000e+00 0.000000e+00 0.000000e+00
    outer loop
      vertex   -5.714272e+00 2.072403e+01 2.424714e+01
      vertex   -5.714272e+00 2.078031e+01 2.378425e+01
      vertex   -5.714272e+00 2.078031e+01 2.401912e+01
    endloop
  endfacet
  facet normal -1.000000e+00 0.000000e+00 0.000000e+00
    outer loop
      vertex   2.128573e+01 1.981246e+01 2.487476e+01
      vertex   2.128573e+01 2.004567e+01 2.484686e+01
      vertex   2.128573e+01 1.981246e+01 2.292860e+01
    endloop
  endfacet
  facet normal -1.000000e+00 0.000000e+00 0.000000e+00
    outer loop
      vertex   2.128573e+01 1.981246e+01 2.292860e+01
      vertex   2.128573e+01 2.004567e+01 2.484686e+01
      vertex   2.128573e+01 2.004567e+01 2.295650e+01
    endloop
  endfacet
  facet normal -1.000000e+00 0.000000e+00 0.000000e+00
    outer loop
      vertex   2.128573e+01 2.004567e+01 2.295650e+01
      vertex   2.128573e+01 2.004567e+01 2.484686e+01
      vertex   2.128573e+01 2.026540e+01 2.303946e+01
    endloop
  endfacet
  facet normal -1.000000e+00 0.000000e+00 0.000000e+00
    outer loop
      vertex   2.128573e+01 2.026540e+01 2.303946e+01
      vertex   2.128573e+01 2.004567e+01 2.484686e+01
      vertex   2.128573e+01 2.026540e+01 2.476390e+01
    endloop
  endfacet
  facet normal -1.000000e+00 0.000000e+00 0.000000e+00
    outer loop
      vertex   2.128573e+01 2.026540e+01 2.303946e+01
      vertex   2.128573e+01 2.026540e+01 2.476390e+01
      vertex   2.128573e+01 2.045885e+01 2.317265e+01
    endloop
  endfacet
  facet normal -1.000000e+00 0.000000e+00 0.000000e+00
    outer loop
      vertex   2.128573e+01 2.045885e+01 2.317265e+01
      vertex   2.128573e+01 2.026540e+01 2.476390e+01
      vertex   2.128573e+01 2.045885e+01 2.463071e+01
    endloop
  endfacet
  facet normal -1.000000e+00 0.000000e+00 0.000000e+00
    outer loop
      vertex   2.128573e+01 2.045885e+01 2.317265e+01
      vertex   2.128573e+01 2.045885e+01 2.463071e+01
      vertex   2.128573e+01 2.061476e+01 2.334831e+01
    endloop
  endfacet
  facet normal -1.000000e+00 0.000000e+00 0.000000e+00
    outer loop
      vertex   2.128573e+01 2.061476e+01 2.334831e+01
      vertex   2.128573e+01 2.045885e+01 2.463071e+01
      vertex   2.128573e+01 2.061476e+01 2.445505e+01
    endloop
  endfacet
  facet normal -1.000000e+00 0.000000e+00 0.000000e+00
    outer loop
      vertex   2.128573e+01 2.061476e+01 2.334831e+01
      vertex   2.128573e+01 2.061476e+01 2.445505e+01
      vertex   2.128573e+01 2.072403e+01 2.355622e+01
    endloop
  endfacet
  facet normal -1.000000e+00 0.000000e+00 0.000000e+00
    outer loop
      vertex   2.128573e+01 2.072403e+01 2.355622e+01
      vertex   2.128573e+01 2.061476e+01 2.445505e+01
      vertex   2.128573e+01 2.072403e+01 2.424714e+01
    endloop
  endfacet
  facet normal -1.000000e+00 0.000000e+00 0.000000e+00
    outer loop
      vertex   2.128573e+01 2.072403e+01 2.355622e+01
      vertex   2.128573e+01 2.072403e+01 2.424714e+01
      vertex   2.128573e+01 2.078031e+01 2.378425e+01
    endloop
  endfacet
  facet normal -1.000000e+00 0.000000e+00 0.000000e+00
    outer loop
      vertex   2.128573e+01 2.078031e+01 2.378425e+01
      vertex   2.128573e+01 2.072403e+01 2.424714e+01
      vertex   2.128573e+01 2.078031e+01 2.401912e+01
    endloop
  endfacet
  facet normal -1.562804e-17 -1.187704e-01 9.929217e-01
    outer loop
      vertex   -5.714272e+00 1.981246e+01 2.292860e+01
      vertex   2.128573e+01 1.981246e+01 2.292860e+01
      vertex   -5.714272e+00 2.004567e+01 2.295650e+01
    endloop
  endfacet
  facet normal -3.355292e-04 -1.569804e-01 9.876017e-01
    outer loop
      vertex   -5.714272e+00 2.004567e+01 2.295650e+01
      vertex   2.128573e+01 1.981246e+01 2.292860e+01
      vertex   -3.142723e-01 2.006468e+01 2.296135e+01
    endloop
  endfacet
  facet normal 4.021011e-04 -3.532182e-01 9.355409e-01
    outer loop
      vertex   -5.714272e+00 2.004567e+01 2.295650e+01
      vertex   -3.142723e-01 2.006468e+01 2.296135e+01
      vertex   -5.714272e+00 2.026540e+01 2.303946e+01
    endloop
  endfacet
  facet normal -8.041611e-04 -3.813474e-01 9.244314e-01
    outer loop
      vertex   -5.714272e+00 2.026540e+01 2.303946e+01
      vertex   -3.142723e-01 2.006468e+01 2.296135e+01
      vertex   -3.142723e-01 2.029980e+01 2.305834e+01
    endloop
  endfacet
  facet normal 7.313159e-04 -5.670881e-01 8.236568e-01
    outer loop
      vertex   -5.714272e+00 2.026540e+01 2.303946e+01
      vertex   -3.142723e-01 2.029980e+01 2.305834e+01
      vertex   -5.714272e+00 2.045885e+01 2.317265e+01
    endloop
  endfacet
  facet normal -1.096881e-03 -6.078687e-01 7.940368e-01
    outer loop
      vertex   -5.714272e+00 2.045885e+01 2.317265e+01
      vertex   -3.142723e-01 2.029980e+01 2.305834e+01
      vertex   -3.142723e-01 2.050175e+01 2.321295e+01
    endloop
  endfacet
  facet normal 9.875106e-04 -7.479202e-01 6.637879e-01
    outer loop
      vertex   -5.714272e+00 2.045885e+01 2.317265e+01
      vertex   -3.142723e-01 2.050175e+01 2.321295e+01
      vertex   -5.714272e+00 2.061476e+01 2.334831e+01
    endloop
  endfacet
  facet normal -1.316524e-03 -7.928635e-01 6.093978e-01
    outer loop
      vertex   -5.714272e+00 2.061476e+01 2.334831e+01
      vertex   -3.142723e-01 2.050175e+01 2.321295e+01
      vertex   -3.142723e-01 2.065674e+01 2.341460e+01
    endloop
  endfacet
  facet normal 1.170581e-03 -8.851797e-01 4.652479e-01
    outer loop
      vertex   -5.714272e+00 2.061476e+01 2.334831e+01
      vertex   -3.142723e-01 2.065674e+01 2.341460e+01
      vertex   -5.714272e+00 2.072403e+01 2.355622e+01
    endloop
  endfacet
  facet normal -1.463003e-03 -9.236940e-01 3.831281e-01
    outer loop
      vertex   -5.714272e+00 2.072403e+01 2.355622e+01
      vertex   -3.142723e-01 2.065674e+01 2.341460e+01
      vertex   -3.142723e-01 2.075418e+01 2.364953e+01
    endloop
  endfacet
  facet normal 1.280453e-03 -9.708700e-01 2.396034e-01
    outer loop
      vertex   -5.714272e+00 2.072403e+01 2.355622e+01
      vertex   -3.142723e-01 2.075418e+01 2.364953e+01
      vertex   -5.714272e+00 2.078031e+01 2.378425e+01
    endloop
  endfacet
  facet normal -1.536257e-03 -9.914227e-01 1.306853e-01
    outer loop
      vertex   -5.714272e+00 2.078031e+01 2.378425e+01
      vertex   -3.142723e-01 2.075418e+01 2.364953e+01
      vertex   -3.142723e-01 2.078742e+01 2.390168e+01
    endloop
  endfacet
  facet normal 1.317082e-03 -9.999991e-01 0.000000e+00
    outer loop
      vertex   -5.714272e+00 2.078031e+01 2.378425e+01
      vertex   -3.142723e-01 2.078742e+01 2.390168e+01
      vertex   -5.714272e+00 2.078031e+01 2.401912e+01
    endloop
  endfacet
  facet normal -1.536257e-03 -9.914227e-01 -1.306853e-01
    outer loop
      vertex   -5.714272e+00 2.078031e+01 2.401912e+01
      vertex   -3.142723e-01 2.078742e+01 2.390168e+01
      vertex   -3.142723e-01 2.075418e+01 2.415383e+01
    endloop
  endfacet
  facet normal 1.280453e-03 -9.708700e-01 -2.396034e-01
    outer loop
      vertex   -5.714272e+00 2.078031e+01 2.401912e+01
      vertex   -3.142723e-01 2.075418e+01 2.415383e+01
      vertex   -5.714272e+00 2.072403e+01 2.424714e+01
    endloop
  endfacet
  facet normal -1.463003e-03 -9.236940e-01 -3.831281e-01
    outer loop
      vertex   -5.714272e+00 2.072403e+01 2.424714e+01
      vertex   -3.142723e-01 2.075418e+01 2.415383e+01
      vertex   -3.142723e-01 2.065674e+01 2.438876e+01
    endloop
  endfacet
  facet normal 1.170581e-03 -8.851797e-01 -4.652479e-01
    outer loop
      vertex   -5.714272e+00 2.072403e+01 2.424714e+01
      vertex   -3.142723e-01 2.065674e+01 2.438876e+01
      vertex   -5.714272e+00 2.061476e+01 2.445505e+01
    endloop
  endfacet
  facet normal -1.316524e-03 -7.928635e-01 -6.093978e-01
    outer loop
      vertex   -5.714272e+00 2.061476e+01 2.445505e+01
      vertex   -3.142723e-01 2.065674e+01 2.438876e+01
      vertex   -3.142723e-01 2.050175e+01 2.459041e+01
    endloop
  endfacet
  facet normal 9.875106e-04 -7.479202e-01 -6.637879e-01
    outer loop
      vertex   -5.714272e+00 2.061476e+01 2.445505e+01
      vertex   -3.142723e-01 2.050175e+01 2.459041e+01
      vertex   -5.714272e+00 2.045885e+01 2.463071e+01
    endloop
  endfacet
  facet normal -1.096881e-03 -6.078687e-01 -7.940368e-01
    outer loop
      vertex   -5.714272e+00 2.045885e+01 2.463071e+01
      vertex   -3.142723e-01 2.050175e+01 2.459041e+01
      vertex   -3.142723e-01 2.029980e+01 2.474502e+01
    endloop
  endfacet
  facet normal 7.313159e-04 -5.670881e-01 -8.236568e-01
    outer loop
      vertex   -5.714272e+00 2.045885e+01 2.463071e+01
      vertex   -3.142723e-01 2.029980e+01 2.474502e+01
      vertex   -5.714272e+00 2.026540e+01 2.476390e+01
    endloop
  endfacet
  facet normal -8.041611e-04 -3.813474e-01 -9.244314e-01
    outer loop
      vertex   -5.714272e+00 2.026540e+01 2.476390e+01
      vertex   -3.142723e-01 2.029980e+01 2.474502e+01
      vertex   -3.142723e-01 2.006468e+01 2.484201e+01
    endloop
  endfacet
  facet normal 4.021011e-04 -3.532182e-01 -9.355409e-01
    outer loop
      vertex   -5.714272e+00 2.026540e+01 2.476390e+01
      vertex   -3.142723e-01 2.006468e+01 2.484201e+01
      vertex   -5.714272e+00 2.004567e+01 2.484686e+01
    endloop
  endfacet
  facet normal -4.748238e-04 -1.187704e-01 -9.929216e-01
    outer loop
      vertex   -5.714272e+00 2.004567e+01 2.484686e+01
      vertex   -3.142723e-01 2.006468e+01 2.484201e+01
      vertex   -5.714272e+00 1.981246e+01 2.487476e+01
    endloop
  endfacet
  facet normal 1.883409e-19 -1.287744e-01 -9.916739e-01
    outer loop
      vertex   -5.714272e+00 1.981246e+01 2.487476e+01
      vertex   -3.142723e-01 2.006468e+01 2.484201e+01
      vertex   5.085728e+00 2.006468e+01 2.484201e+01
    endloop
  endfacet
  facet normal 1.883409e-19 -1.287744e-01 -9.916739e-01
    outer loop
      vertex   -5.714272e+00 1.981246e+01 2.487476e+01
      vertex   5.085728e+00 2.006468e+01 2.484201e+01
      vertex   1.048573e+01 2.006468e+01 2.484201e+01
    endloop
  endfacet
  facet normal -0.000000e+00 -3.813476e-01 -9.244317e-01
    outer loop
      vertex   1.048573e+01 2.006468e+01 2.484201e+01
      vertex   5.085728e+00 2.006468e+01 2.484201e+01
      vertex   1.048573e+01 2.029980e+01 2.474502e+01
    endloop
  endfacet
  facet normal 5.552970e-19 -3.813476e-01 -9.244317e-01
    outer loop
      vertex   1.048573e+01 2.006468e+01 2.484201e+01
      vertex   1.048573e+01 2.029980e+01 2.474502e+01
      vertex   1.588573e+01 2.029980e+01 2.474502e+01
    endloop
  endfacet
  facet normal -0.000000e+00 -6.078691e-01 -7.940373e-01
    outer loop
      vertex   1.588573e+01 2.029980e+01 2.474502e+01
      vertex   1.048573e+01 2.029980e+01 2.474502e+01
      vertex   1.588573e+01 2.050175e+01 2.459041e+01
    endloop
  endfacet
  facet normal 1.096881e-03 -6.078687e-01 -7.940368e-01
    outer loop
      vertex   1.588573e+01 2.029980e+01 2.474502e+01
      vertex   1.588573e+01 2.050175e+01 2.459041e+01
      vertex   2.128573e+01 2.045885e+01 2.463071e+01
    endloop
  endfacet
  facet normal -9.875106e-04 -7.479202e-01 -6.637879e-01
    outer loop
      vertex   2.128573e+01 2.045885e+01 2.463071e+01
      vertex   1.588573e+01 2.050175e+01 2.459041e+01
      vertex   2.128573e+01 2.061476e+01 2.445505e+01
    endloop
  endfacet
  facet normal 1.316524e-03 -7.928635e-01 -6.093978e-01
    outer loop
      vertex   2.128573e+01 2.061476e+01 2.445505e+01
      vertex   1.588573e+01 2.050175e+01 2.459041e+01
      vertex   1.588573e+01 2.065674e+01 2.438876e+01
    endloop
  endfacet
  facet normal -1.170581e-03 -8.851797e-01 -4.652479e-01
    outer loop
      vertex   2.128573e+01 2.061476e+01 2.445505e+01
      vertex   1.588573e+01 2.065674e+01 2.438876e+01
      vertex   2.128573e+01 2.072403e+01 2.424714e+01
    endloop
  endfacet
  facet normal 1.463003e-03 -9.236940e-01 -3.831281e-01
    outer loop
      vertex   2.128573e+01 2.072403e+01 2.424714e+01
      vertex   1.588573e+01 2.065674e+01 2.438876e+01
      vertex   1.588573e+01 2.075418e+01 2.415383e+01
    endloop
  endfacet
  facet normal -1.280453e-03 -9.708700e-01 -2.396034e-01
    outer loop
      vertex   2.128573e+01 2.072403e+01 2.424714e+01
      vertex   1.588573e+01 2.075418e+01 2.415383e+01
      vertex   2.128573e+01 2.078031e+01 2.401912e+01
    endloop
  endfacet
  facet normal 1.536257e-03 -9.914227e-01 -1.306853e-01
    outer loop
      vertex   2.128573e+01 2.078031e+01 2.401912e+01
      vertex   1.588573e+01 2.075418e+01 2.415383e+01
      vertex   1.588573e+01 2.078742e+01 2.390168e+01
    endloop
  endfacet
  facet normal -1.317082e-03 -9.999991e-01 -0.000000e+00
    outer loop
      vertex   2.128573e+01 2.078031e+01 2.401912e+01
      vertex   1.588573e+01 2.078742e+01 2.390168e+01
      vertex   2.128573e+01 2.078031e+01 2.378425e+01
    endloop
  endfacet
  facet normal 1.536257e-03 -9.914227e-01 1.306853e-01
    outer loop
      vertex   2.128573e+01 2.078031e+01 2.378425e+01
      vertex   1.588573e+01 2.078742e+01 2.390168e+01
      vertex   1.588573e+01 2.075418e+01 2.364953e+01
    endloop
  endfacet
  facet normal -1.280453e-03 -9.708700e-01 2.396034e-01
    outer loop
      vertex   2.128573e+01 2.078031e+01 2.378425e+01
      vertex   1.588573e+01 2.075418e+01 2.364953e+01
      vertex   2.128573e+01 2.072403e+01 2.355622e+01
    endloop
  endfacet
  facet normal 1.463003e-03 -9.236940e-01 3.831281e-01
    outer loop
      vertex   2.128573e+01 2.072403e+01 2.355622e+01
      vertex   1.588573e+01 2.075418e+01 2.364953e+01
      vertex   1.588573e+01 2.065674e+01 2.341460e+01
    endloop
  endfacet
  facet normal -1.170581e-03 -8.851797e-01 4.652479e-01
    outer loop
      vertex   2.128573e+01 2.072403e+01 2.355622e+01
      vertex   1.588573e+01 2.065674e+01 2.341460e+01
      vertex   2.128573e+01 2.061476e+01 2.334831e+01
    endloop
  endfacet
  facet normal 1.316524e-03 -7.928635e-01 6.093978e-01
    outer loop
      vertex   2.128573e+01 2.061476e+01 2.334831e+01
      vertex   1.588573e+01 2.065674e+01 2.341460e+01
      vertex   1.588573e+01 2.050175e+01 2.321295e+01
    endloop
  endfacet
  facet normal -9.875106e-04 -7.479202e-01 6.637879e-01
    outer loop
      vertex   2.128573e+01 2.061476e+01 2.334831e+01
      vertex   1.588573e+01 2.050175e+01 2.321295e+01
      vertex   2.128573e+01 2.045885e+01 2.317265e+01
    endloop
  endfacet
  facet normal 1.096881e-03 -6.078687e-01 7.940368e-01
    outer loop
      vertex   2.128573e+01 2.045885e+01 2.317265e+01
      vertex   1.588573e+01 2.050175e+01 2.321295e+01
      vertex   1.588573e+01 2.029980e+01 2.305834e+01
    endloop
  endfacet
  facet normal -7.313159e-04 -5.670881e-01 8.236568e-01
    outer loop
      vertex   2.128573e+01 2.045885e+01 2.317265e+01
      vertex   1.588573e+01 2.029980e+01 2.305834e+01
      vertex   2.128573e+01 2.026540e+01 2.303946e+01
    endloop
  endfacet
  facet normal 8.041611e-04 -3.813474e-01 9.244314e-01
    outer loop
      vertex   2.128573e+01 2.026540e+01 2.303946e+01
      vertex   1.588573e+01 2.029980e+01 2.305834e+01
      vertex   1.588573e+01 2.006468e+01 2.296135e+01
    endloop
  endfacet
  facet normal -4.021011e-04 -3.532182e-01 9.355409e-01
    outer loop
      vertex   2.128573e+01 2.026540e+01 2.303946e+01
      vertex   1.588573e+01 2.006468e+01 2.296135e+01
      vertex   2.128573e+01 2.004567e+01 2.295650e+01
    endloop
  endfacet
  facet normal 4.748238e-04 -1.187704e-01 9.929216e-01
    outer loop
      vertex   2.128573e+01 2.004567e+01 2.295650e+01
      vertex   1.588573e+01 2.006468e+01 2.296135e+01
      vertex   2.128573e+01 1.981246e+01 2.292860e+01
    endloop
  endfacet
  facet normal -9.273388e-20 -1.287744e-01 9.916739e-01
    outer loop
      vertex   2.128573e+01 1.981246e+01 2.292860e+01
      vertex   1.588573e+01 2.006468e+01 2.296135e+01
      vertex   1.048573e+01 2.006468e+01 2.296135e+01
    endloop
  endfacet
  facet normal -9.273388e-20 -1.287744e-01 9.916739e-01
    outer loop
      vertex   2.128573e+01 1.981246e+01 2.292860e+01
      vertex   1.048573e+01 2.006468e+01 2.296135e+01
      vertex   5.085728e+00 2.006468e+01 2.296135e+01
    endloop
  endfacet
  facet normal 0.000000e+00 -3.813476e-01 9.244317e-01
    outer loop
      vertex   5.085728e+00 2.006468e+01 2.296135e+01
      vertex   1.048573e+01 2.006468e+01 2.296135e+01
      vertex   5.085728e+00 2.029980e+01 2.305834e+01
    endloop
  endfacet
  facet normal -5.552970e-19 -3.813476e-01 9.244317e-01
    outer loop
      vertex   5.085728e+00 2.006468e+01 2.296135e+01
      vertex   5.085728e+00 2.029980e+01 2.305834e+01
      vertex   -3.142723e-01 2.029980e+01 2.305834e+01
    endloop
  endfacet
  facet normal 0.000000e+00 -6.078691e-01 7.940373e-01
    outer loop
      vertex   -3.142723e-01 2.029980e+01 2.305834e+01
      vertex   5.085728e+00 2.029980e+01 2.305834e+01
      vertex   -3.142723e-01 2.050175e+01 2.321295e+01
    endloop
  endfacet
  facet normal -7.313159e-04 -5.670881e-01 -8.236568e-01
    outer loop
      vertex   2.128573e+01 2.045885e+01 2.463071e+01
      vertex   2.128573e+01 2.026540e+01 2.476390e+01
      vertex   1.588573e+01 2.029980e+01 2.474502e+01
    endloop
  endfacet
  facet normal 8.041611e-04 -3.813474e-01 -9.244314e-01
    outer loop
      vertex   1.588573e+01 2.029980e+01 2.474502e+01
      vertex   2.128573e+01 2.026540e+01 2.476390e+01
      vertex   1.588573e+01 2.006468e+01 2.484201e+01
    endloop
  endfacet
  facet normal 5.552970e-19 -3.813476e-01 -9.244317e-01
    outer loop
      vertex   1.588573e+01 2.029980e+01 2.474502e+01
      vertex   1.588573e+01 2.006468e+01 2.484201e+01
      vertex   1.048573e+01 2.006468e+01 2.484201e+01
    endloop
  endfacet
  facet normal 0.000000e+00 -1.287744e-01 -9.916739e-01
    outer loop
      vertex   1.048573e+01 2.006468e+01 2.484201e+01
      vertex   1.588573e+01 2.006468e+01 2.484201e+01
      vertex   -5.714272e+00 1.981246e+01 2.487476e+01
    endloop
  endfacet
  facet normal -4.021011e-04 -3.532182e-01 -9.355409e-01
    outer loop
      vertex   2.128573e+01 2.026540e+01 2.476390e+01
      vertex   2.128573e+01 2.004567e+01 2.484686e+01
      vertex   1.588573e+01 2.006468e+01 2.484201e+01
    endloop
  endfacet
  facet normal 3.355292e-04 -1.569804e-01 -9.876017e-01
    outer loop
      vertex   1.588573e+01 2.006468e+01 2.484201e+01
      vertex   2.128573e+01 2.004567e+01 2.484686e+01
      vertex   -5.714272e+00 1.981246e+01 2.487476e+01
    endloop
  endfacet
  facet normal -1.561235e-17 -1.187704e-01 -9.929217e-01
    outer loop
      vertex   2.128573e+01 2.004567e+01 2.484686e+01
      vertex   2.128573e+01 1.981246e+01 2.487476e+01
      vertex   -5.714272e+00 1.981246e+01 2.487476e+01
    endloop
  endfacet
  facet normal 0.000000e+00 -1.287744e-01 9.916739e-01
    outer loop
      vertex   -3.142723e-01 2.006468e+01 2.296135e+01
      vertex   2.128573e+01 1.981246e+01 2.292860e+01
      vertex   5.085728e+00 2.006468e+01 2.296135e+01
    endloop
  endfacet
  facet normal 0.000000e+00 -3.813476e-01 9.244317e-01
    outer loop
      vertex   1.048573e+01 2.006468e+01 2.296135e+01
      vertex   1.588573e+01 2.006468e+01 2.296135e+01
      vertex   1.048573e+01 2.029980e+01 2.305834e+01
    endloop
  endfacet
  facet normal 0.000000e+00 -3.813476e-01 9.244317e-01
    outer loop
      vertex   1.048573e+01 2.029980e+01 2.305834e+01
      vertex   1.588573e+01 2.006468e+01 2.296135e+01
      vertex   1.588573e+01 2.029980e+01 2.305834e+01
    endloop
  endfacet
  facet normal 0.000000e+00 -6.078691e-01 7.940373e-01
    outer loop
      vertex   1.048573e+01 2.029980e+01 2.305834e+01
      vertex   1.588573e+01 2.029980e+01 2.305834e+01
      vertex   1.048573e+01 2.050175e+01 2.321295e+01
    endloop
  endfacet
  facet normal 0.000000e+00 -6.078691e-01 7.940373e-01
    outer loop
      vertex   1.048573e+01 2.050175e+01 2.321295e+01
      vertex   1.588573e+01 2.029980e+01 2.305834e+01
      vertex   1.588573e+01 2.050175e+01 2.321295e+01
    endloop
  endfacet
  facet normal 0.000000e+00 -7.928642e-01 6.093983e-01
    outer loop
      vertex   1.048573e+01 2.050175e+01 2.321295e+01
      vertex   1.588573e+01 2.050175e+01 2.321295e+01
      vertex   1.048573e+01 2.065674e+01 2.341460e+01
    endloop
  endfacet
  facet normal 0.000000e+00 -7.928642e-01 6.093983e-01
    outer loop
      vertex   1.048573e+01 2.065674e+01 2.341460e+01
      vertex   1.588573e+01 2.050175e+01 2.321295e+01
      vertex   1.588573e+01 2.065674e+01 2.341460e+01
    endloop
  endfacet
  facet normal 0.000000e+00 -9.236950e-01 3.831285e-01
    outer loop
      vertex   1.048573e+01 2.065674e+01 2.341460e+01
      vertex   1.588573e+01 2.065674e+01 2.341460e+01
      vertex   1.048573e+01 2.075418e+01 2.364953e+01
    endloop
  endfacet
  facet normal 0.000000e+00 -9.236950e-01 3.831285e-01
    outer loop
      vertex   1.048573e+01 2.075418e+01 2.364953e+01
      vertex   1.588573e+01 2.065674e+01 2.341460e+01
      vertex   1.588573e+01 2.075418e+01 2.364953e+01
    endloop
  endfacet
  facet normal 0.000000e+00 -9.914239e-01 1.306854e-01
    outer loop
      vertex   1.048573e+01 2.075418e+01 2.364953e+01
      vertex   1.588573e+01 2.075418e+01 2.364953e+01
      vertex   1.048573e+01 2.078742e+01 2.390168e+01
    endloop
  endfacet
  facet normal 0.000000e+00 -9.914239e-01 1.306854e-01
    outer loop
      vertex   1.048573e+01 2.078742e+01 2.390168e+01
      vertex   1.588573e+01 2.075418e+01 2.364953e+01
      vertex   1.588573e+01 2.078742e+01 2.390168e+01
    endloop
  endfacet
  facet normal 0.000000e+00 -9.914239e-01 -1.306854e-01
    outer loop
      vertex   1.048573e+01 2.078742e+01 2.390168e+01
      vertex   1.588573e+01 2.078742e+01 2.390168e+01
      vertex   1.048573e+01 2.075418e+01 2.415383e+01
    endloop
  endfacet
  facet normal 0.000000e+00 -9.914239e-01 -1.306854e-01
    outer loop
      vertex   1.048573e+01 2.075418e+01 2.415383e+01
      vertex   1.588573e+01 2.078742e+01 2.390168e+01
      vertex   1.588573e+01 2.075418e+01 2.415383e+01
    endloop
  endfacet
  facet normal 0.000000e+00 -9.236950e-01 -3.831285e-01
    outer loop
      vertex   1.048573e+01 2.075418e+01 2.415383e+01
      vertex   1.588573e+01 2.075418e+01 2.415383e+01
      vertex   1.048573e+01 2.065674e+01 2.438876e+01
    endloop
  endfacet
  facet normal 0.000000e+00 -9.236950e-01 -3.831285e-01
    outer loop
      vertex   1.048573e+01 2.065674e+01 2.438876e+01
      vertex   1.588573e+01 2.075418e+01 2.415383e+01
      vertex   1.588573e+01 2.065674e+01 2.438876e+01
    endloop
  endfacet
  facet normal 0.000000e+00 -7.928642e-01 -6.093983e-01
    outer loop
      vertex   1.048573e+01 2.065674e+01 2.438876e+01
      vertex   1.588573e+01 2.065674e+01 2.438876e+01
      vertex   1.048573e+01 2.050175e+01 2.459041e+01
    endloop
  endfacet
  facet normal 0.000000e+00 -7.928642e-01 -6.093983e-01
    outer loop
      vertex   1.048573e+01 2.050175e+01 2.459041e+01
      vertex   1.588573e+01 2.065674e+01 2.438876e+01
      vertex   1.588573e+01 2.050175e+01 2.459041e+01
    endloop
  endfacet
  facet normal 0.000000e+00 -6.078691e-01 -7.940373e-01
    outer loop
      vertex   1.048573e+01 2.050175e+01 2.459041e+01
      vertex   1.588573e+01 2.050175e+01 2.459041e+01
      vertex   1.048573e+01 2.029980e+01 2.474502e+01
    endloop
  endfacet
  facet normal -5.552970e-19 -3.813476e-01 9.244317e-01
    outer loop
      vertex   -3.142723e-01 2.029980e+01 2.305834e+01
      vertex   -3.142723e-01 2.006468e+01 2.296135e+01
      vertex   5.085728e+00 2.006468e+01 2.296135e+01
    endloop
  endfacet
  facet normal -5.552970e-19 -3.813476e-01 9.244317e-01
    outer loop
      vertex   1.048573e+01 2.006468e+01 2.296135e+01
      vertex   1.048573e+01 2.029980e+01 2.305834e+01
      vertex   5.085728e+00 2.029980e+01 2.305834e+01
    endloop
  endfacet
  facet normal 0.000000e+00 -6.078691e-01 7.940373e-01
    outer loop
      vertex   5.085728e+00 2.029980e+01 2.305834e+01
      vertex   1.048573e+01 2.029980e+01 2.305834e+01
      vertex   5.085728e+00 2.050175e+01 2.321295e+01
    endloop
  endfacet
  facet normal 6.005872e-19 -6.078691e-01 7.940373e-01
    outer loop
      vertex   5.085728e+00 2.029980e+01 2.305834e+01
      vertex   5.085728e+00 2.050175e+01 2.321295e+01
      vertex   -3.142723e-01 2.050175e+01 2.321295e+01
    endloop
  endfacet
  facet normal 0.000000e+00 -7.928642e-01 6.093983e-01
    outer loop
      vertex   -3.142723e-01 2.050175e+01 2.321295e+01
      vertex   5.085728e+00 2.050175e+01 2.321295e+01
      vertex   -3.142723e-01 2.065674e+01 2.341460e+01
    endloop
  endfacet
  facet normal 0.000000e+00 -6.078691e-01 7.940373e-01
    outer loop
      vertex   5.085728e+00 2.050175e+01 2.321295e+01
      vertex   1.048573e+01 2.029980e+01 2.305834e+01
      vertex   1.048573e+01 2.050175e+01 2.321295e+01
    endloop
  endfacet
  facet normal 0.000000e+00 -7.928642e-01 6.093983e-01
    outer loop
      vertex   5.085728e+00 2.050175e+01 2.321295e+01
      vertex   1.048573e+01 2.050175e+01 2.321295e+01
      vertex   5.085728e+00 2.065674e+01 2.341460e+01
    endloop
  endfacet
  facet normal 0.000000e+00 -7.928642e-01 6.093983e-01
    outer loop
      vertex   5.085728e+00 2.065674e+01 2.341460e+01
      vertex   1.048573e+01 2.050175e+01 2.321295e+01
      vertex   1.048573e+01 2.065674e+01 2.341460e+01
    endloop
  endfacet
  facet normal 0.000000e+00 -9.236950e-01 3.831285e-01
    outer loop
      vertex   5.085728e+00 2.065674e+01 2.341460e+01
      vertex   1.048573e+01 2.065674e+01 2.341460e+01
      vertex   5.085728e+00 2.075418e+01 2.364953e+01
    endloop
  endfacet
  facet normal 0.000000e+00 -9.236950e-01 3.831285e-01
    outer loop
      vertex   5.085728e+00 2.075418e+01 2.364953e+01
      vertex   1.048573e+01 2.065674e+01 2.341460e+01
      vertex   1.048573e+01 2.075418e+01 2.364953e+01
    endloop
  endfacet
  facet normal 0.000000e+00 -9.914239e-01 1.306854e-01
    outer loop
      vertex   5.085728e+00 2.075418e+01 2.364953e+01
      vertex   1.048573e+01 2.075418e+01 2.364953e+01
      vertex   5.085728e+00 2.078742e+01 2.390168e+01
    endloop
  endfacet
  facet normal 0.000000e+00 -9.914239e-01 1.306854e-01
    outer loop
      vertex   5.085728e+00 2.078742e+01 2.390168e+01
      vertex   1.048573e+01 2.075418e+01 2.364953e+01
      vertex   1.048573e+01 2.078742e+01 2.390168e+01
    endloop
  endfacet
  facet normal 0.000000e+00 -9.914239e-01 -1.306854e-01
    outer loop
      vertex   5.085728e+00 2.078742e+01 2.390168e+01
      vertex   1.048573e+01 2.078742e+01 2.390168e+01
      vertex   5.085728e+00 2.075418e+01 2.415383e+01
    endloop
  endfacet
  facet normal 0.000000e+00 -9.914239e-01 -1.306854e-01
    outer loop
      vertex   5.085728e+00 2.075418e+01 2.415383e+01
      vertex   1.048573e+01 2.078742e+01 2.390168e+01
      vertex   1.048573e+01 2.075418e+01 2.415383e+01
    endloop
  endfacet
  facet normal 0.000000e+00 -9.236950e-01 -3.831285e-01
    outer loop
      vertex   5.085728e+00 2.075418e+01 2.415383e+01
      vertex   1.048573e+01 2.075418e+01 2.415383e+01
      vertex   5.085728e+00 2.065674e+01 2.438876e+01
    endloop
  endfacet
  facet normal 0.000000e+00 -9.236950e-01 -3.831285e-01
    outer loop
      vertex   5.085728e+00 2.065674e+01 2.438876e+01
      vertex   1.048573e+01 2.075418e+01 2.415383e+01
      vertex   1.048573e+01 2.065674e+01 2.438876e+01
    endloop
  endfacet
  facet normal 0.000000e+00 -7.928642e-01 -6.093983e-01
    outer loop
      vertex   5.085728e+00 2.065674e+01 2.438876e+01
      vertex   1.048573e+01 2.065674e+01 2.438876e+01
      vertex   5.085728e+00 2.050175e+01 2.459041e+01
    endloop
  endfacet
  facet normal 0.000000e+00 -7.928642e-01 -6.093983e-01
    outer loop
      vertex   5.085728e+00 2.050175e+01 2.459041e+01
      vertex   1.048573e+01 2.065674e+01 2.438876e+01
      vertex   1.048573e+01 2.050175e+01 2.459041e+01
    endloop
  endfacet
  facet normal 0.000000e+00 -6.078691e-01 -7.940373e-01
    outer loop
      vertex   5.085728e+00 2.050175e+01 2.459041e+01
      vertex   1.048573e+01 2.050175e+01 2.459041e+01
      vertex   5.085728e+00 2.029980e+01 2.474502e+01
    endloop
  endfacet
  facet normal 0.000000e+00 -6.078691e-01 -7.940373e-01
    outer loop
      vertex   5.085728e+00 2.029980e+01 2.474502e+01
      vertex   1.048573e+01 2.050175e+01 2.459041e+01
      vertex   1.048573e+01 2.029980e+01 2.474502e+01
    endloop
  endfacet
  facet normal 0.000000e+00 -3.813476e-01 -9.244317e-01
    outer loop
      vertex   5.085728e+00 2.029980e+01 2.474502e+01
      vertex   1.048573e+01 2.029980e+01 2.474502e+01
      vertex   5.085728e+00 2.006468e+01 2.484201e+01
    endloop
  endfacet
  facet normal 5.514489e-19 -9.236950e-01 3.831285e-01
    outer loop
      vertex   -3.142723e-01 2.075418e+01 2.364953e+01
      vertex   -3.142723e-01 2.065674e+01 2.341460e+01
      vertex   5.085728e+00 2.065674e+01 2.341460e+01
    endloop
  endfacet
  facet normal 0.000000e+00 -7.928642e-01 6.093983e-01
    outer loop
      vertex   5.085728e+00 2.065674e+01 2.341460e+01
      vertex   -3.142723e-01 2.065674e+01 2.341460e+01
      vertex   5.085728e+00 2.050175e+01 2.321295e+01
    endloop
  endfacet
  facet normal 0.000000e+00 -9.236950e-01 3.831285e-01
    outer loop
      vertex   -3.142723e-01 2.075418e+01 2.364953e+01
      vertex   5.085728e+00 2.065674e+01 2.341460e+01
      vertex   5.085728e+00 2.075418e+01 2.364953e+01
    endloop
  endfacet
  facet normal -2.985127e-19 -9.914239e-01 1.306854e-01
    outer loop
      vertex   -3.142723e-01 2.078742e+01 2.390168e+01
      vertex   -3.142723e-01 2.075418e+01 2.364953e+01
      vertex   5.085728e+00 2.075418e+01 2.364953e+01
    endloop
  endfacet
  facet normal 0.000000e+00 -9.914239e-01 1.306854e-01
    outer loop
      vertex   -3.142723e-01 2.078742e+01 2.390168e+01
      vertex   5.085728e+00 2.075418e+01 2.364953e+01
      vertex   5.085728e+00 2.078742e+01 2.390168e+01
    endloop
  endfacet
  facet normal 3.883449e-19 -9.914239e-01 -1.306854e-01
    outer loop
      vertex   -3.142723e-01 2.075418e+01 2.415383e+01
      vertex   -3.142723e-01 2.078742e+01 2.390168e+01
      vertex   5.085728e+00 2.078742e+01 2.390168e+01
    endloop
  endfacet
  facet normal 0.000000e+00 -9.914239e-01 -1.306854e-01
    outer loop
      vertex   -3.142723e-01 2.075418e+01 2.415383e+01
      vertex   5.085728e+00 2.078742e+01 2.390168e+01
      vertex   5.085728e+00 2.075418e+01 2.415383e+01
    endloop
  endfacet
  facet normal -5.514489e-19 -9.236950e-01 -3.831285e-01
    outer loop
      vertex   -3.142723e-01 2.065674e+01 2.438876e+01
      vertex   -3.142723e-01 2.075418e+01 2.415383e+01
      vertex   5.085728e+00 2.075418e+01 2.415383e+01
    endloop
  endfacet
  facet normal 0.000000e+00 -9.236950e-01 -3.831285e-01
    outer loop
      vertex   -3.142723e-01 2.065674e+01 2.438876e+01
      vertex   5.085728e+00 2.075418e+01 2.415383e+01
      vertex   5.085728e+00 2.065674e+01 2.438876e+01
    endloop
  endfacet
  facet normal -1.783883e-18 -7.928642e-01 -6.093983e-01
    outer loop
      vertex   -3.142723e-01 2.050175e+01 2.459041e+01
      vertex   -3.142723e-01 2.065674e+01 2.438876e+01
      vertex   5.085728e+00 2.065674e+01 2.438876e+01
    endloop
  endfacet
  facet normal 0.000000e+00 -7.928642e-01 -6.093983e-01
    outer loop
      vertex   -3.142723e-01 2.050175e+01 2.459041e+01
      vertex   5.085728e+00 2.065674e+01 2.438876e+01
      vertex   5.085728e+00 2.050175e+01 2.459041e+01
    endloop
  endfacet
  facet normal -1.110521e-18 -6.078691e-01 -7.940373e-01
    outer loop
      vertex   -3.142723e-01 2.029980e+01 2.474502e+01
      vertex   -3.142723e-01 2.050175e+01 2.459041e+01
      vertex   5.085728e+00 2.050175e+01 2.459041e+01
    endloop
  endfacet
  facet normal 0.000000e+00 -6.078691e-01 -7.940373e-01
    outer loop
      vertex   -3.142723e-01 2.029980e+01 2.474502e+01
      vertex   5.085728e+00 2.050175e+01 2.459041e+01
      vertex   5.085728e+00 2.029980e+01 2.474502e+01
    endloop
  endfacet
  facet normal 5.552970e-19 -3.813476e-01 -9.244317e-01
    outer loop
      vertex   -3.142723e-01 2.006468e+01 2.484201e+01
      vertex   -3.142723e-01 2.029980e+01 2.474502e+01
      vertex   5.085728e+00 2.029980e+01 2.474502e+01
    endloop
  endfacet
  facet normal 0.000000e+00 -3.813476e-01 -9.244317e-01
    outer loop
      vertex   -3.142723e-01 2.006468e+01 2.484201e+01
      vertex   5.085728e+00 2.029980e+01 2.474502e+01
      vertex   5.085728e+00 2.006468e+01 2.484201e+01
    endloop
  endfacet
  facet normal 1.000000e+00 0.000000e+00 0.000000e+00
    outer loop
      vertex   2.111582e-01 1.048393e+01 3.080000e+01
      vertex   2.111582e-01 1.283929e+00 3.080000e+01
      vertex   2.111582e-01 1.048393e+01 2.780000e+01
    endloop
  endfacet
  facet normal 1.000000e+00 0.000000e+00 0.000000e+00
    outer loop
      vertex   2.111582e-01 1.048393e+01 2.780000e+01
      vertex   2.111582e-01 1.283929e+00 3.080000e+01
      vertex   2.111582e-01 1.283929e+00 2.780000e+01
    endloop
  endfacet
  facet normal -0.000000e+00 -1.000000e+00 -0.000000e+00
    outer loop
      vertex   9.411158e+00 1.048393e+01 3.080000e+01
      vertex   2.111582e-01 1.048393e+01 3.080000e+01
      vertex   9.411158e+00 1.048393e+01 2.780000e+01
    endloop
  endfacet
  facet normal 0.000000e+00 -1.000000e+00 0.000000e+00
    outer loop
      vertex   9.411158e+00 1.048393e+01 2.780000e+01
      vertex   2.111582e-01 1.048393e+01 3.080000e+01
      vertex   2.111582e-01 1.048393e+01 2.780000e+01
    endloop
  endfacet
  facet normal -9.921147e-01 1.253332e-01 0.000000e+00
    outer loop
      vertex   2.181089e+01 1.278602e+01 3.030000e+01
      vertex   2.181089e+01 1.278602e+01 3.180000e+01
      vertex   2.186116e+01 1.318393e+01 3.030000e+01
    endloop
  endfacet
  facet normal -9.921147e-01 1.253332e-01 0.000000e+00
    outer loop
      vertex   2.186116e+01 1.318393e+01 3.030000e+01
      vertex   2.181089e+01 1.278602e+01 3.180000e+01
      vertex   2.186116e+01 1.318393e+01 3.180000e+01
    endloop
  endfacet
  facet normal -9.921147e-01 -1.253332e-01 0.000000e+00
    outer loop
      vertex   2.186116e+01 1.318393e+01 3.030000e+01
      vertex   2.186116e+01 1.318393e+01 3.180000e+01
      vertex   2.181089e+01 1.358183e+01 3.030000e+01
    endloop
  endfacet
  facet normal -9.921147e-01 -1.253332e-01 0.000000e+00
    outer loop
      vertex   2.181089e+01 1.358183e+01 3.030000e+01
      vertex   2.186116e+01 1.318393e+01 3.180000e+01
      vertex   2.181089e+01 1.358183e+01 3.180000e+01
    endloop
  endfacet
  facet normal -9.297765e-01 -3.681246e-01 0.000000e+00
    outer loop
      vertex   2.181089e+01 1.358183e+01 3.030000e+01
      vertex   2.181089e+01 1.358183e+01 3.180000e+01
      vertex   2.166325e+01 1.395473e+01 3.030000e+01
    endloop
  endfacet
  facet normal -9.297765e-01 -3.681246e-01 0.000000e+00
    outer loop
      vertex   2.166325e+01 1.395473e+01 3.030000e+01
      vertex   2.181089e+01 1.358183e+01 3.180000e+01
      vertex   2.166325e+01 1.395473e+01 3.180000e+01
    endloop
  endfacet
  facet normal -8.090170e-01 -5.877853e-01 0.000000e+00
    outer loop
      vertex   2.166325e+01 1.395473e+01 3.030000e+01
      vertex   2.166325e+01 1.395473e+01 3.180000e+01
      vertex   2.142751e+01 1.427920e+01 3.030000e+01
    endloop
  endfacet
  facet normal -8.090170e-01 -5.877853e-01 -6.960776e-16
    outer loop
      vertex   2.142751e+01 1.427920e+01 3.030000e+01
      vertex   2.166325e+01 1.395473e+01 3.180000e+01
      vertex   2.142751e+01 1.427920e+01 3.180000e+01
    endloop
  endfacet
  facet normal -6.374240e-01 -7.705132e-01 -9.124710e-16
    outer loop
      vertex   2.142751e+01 1.427920e+01 3.030000e+01
      vertex   2.142751e+01 1.427920e+01 3.180000e+01
      vertex   2.111848e+01 1.453485e+01 3.030000e+01
    endloop
  endfacet
  facet normal -6.374240e-01 -7.705132e-01 0.000000e+00
    outer loop
      vertex   2.111848e+01 1.453485e+01 3.030000e+01
      vertex   2.142751e+01 1.427920e+01 3.180000e+01
      vertex   2.111848e+01 1.453485e+01 3.180000e+01
    endloop
  endfacet
  facet normal -4.257793e-01 -9.048271e-01 0.000000e+00
    outer loop
      vertex   2.111848e+01 1.453485e+01 3.030000e+01
      vertex   2.111848e+01 1.453485e+01 3.180000e+01
      vertex   2.075559e+01 1.470562e+01 3.030000e+01
    endloop
  endfacet
  facet normal -4.257793e-01 -9.048271e-01 0.000000e+00
    outer loop
      vertex   2.075559e+01 1.470562e+01 3.030000e+01
      vertex   2.111848e+01 1.453485e+01 3.180000e+01
      vertex   2.075559e+01 1.470562e+01 3.180000e+01
    endloop
  endfacet
  facet normal -1.873813e-01 -9.822873e-01 0.000000e+00
    outer loop
      vertex   2.075559e+01 1.470562e+01 3.030000e+01
      vertex   2.075559e+01 1.470562e+01 3.180000e+01
      vertex   2.036162e+01 1.478077e+01 3.030000e+01
    endloop
  endfacet
  facet normal -1.873813e-01 -9.822873e-01 0.000000e+00
    outer loop
      vertex   2.036162e+01 1.478077e+01 3.030000e+01
      vertex   2.075559e+01 1.470562e+01 3.180000e+01
      vertex   2.036162e+01 1.478077e+01 3.180000e+01
    endloop
  endfacet
  facet normal 6.279052e-02 -9.980267e-01 0.000000e+00
    outer loop
      vertex   2.036162e+01 1.478077e+01 3.030000e+01
      vertex   2.036162e+01 1.478077e+01 3.180000e+01
      vertex   1.996135e+01 1.475559e+01 3.030000e+01
    endloop
  endfacet
  facet normal 6.279052e-02 -9.980267e-01 1.181901e-15
    outer loop
      vertex   1.996135e+01 1.475559e+01 3.030000e+01
      vertex   2.036162e+01 1.478077e+01 3.180000e+01
      vertex   1.996135e+01 1.475559e+01 3.180000e+01
    endloop
  endfacet
  facet normal 3.090170e-01 -9.510565e-01 1.126277e-15
    outer loop
      vertex   1.996135e+01 1.475559e+01 3.030000e+01
      vertex   1.996135e+01 1.475559e+01 3.180000e+01
      vertex   1.957991e+01 1.463165e+01 3.030000e+01
    endloop
  endfacet
  facet normal 3.090170e-01 -9.510565e-01 -7.318993e-16
    outer loop
      vertex   1.957991e+01 1.463165e+01 3.030000e+01
      vertex   1.996135e+01 1.475559e+01 3.180000e+01
      vertex   1.957991e+01 1.463165e+01 3.180000e+01
    endloop
  endfacet
  facet normal 5.358268e-01 -8.443279e-01 -1.269093e-15
    outer loop
      vertex   1.957991e+01 1.463165e+01 3.030000e+01
      vertex   1.957991e+01 1.463165e+01 3.180000e+01
      vertex   1.924128e+01 1.441675e+01 3.030000e+01
    endloop
  endfacet
  facet normal 5.358268e-01 -8.443279e-01 -1.269093e-15
    outer loop
      vertex   1.924128e+01 1.441675e+01 3.030000e+01
      vertex   1.957991e+01 1.463165e+01 3.180000e+01
      vertex   1.924128e+01 1.441675e+01 3.180000e+01
    endloop
  endfacet
  facet normal 7.289686e-01 -6.845471e-01 -1.726545e-15
    outer loop
      vertex   1.924128e+01 1.441675e+01 3.030000e+01
      vertex   1.924128e+01 1.441675e+01 3.180000e+01
      vertex   1.896673e+01 1.412439e+01 3.030000e+01
    endloop
  endfacet
  facet normal 7.289686e-01 -6.845471e-01 0.000000e+00
    outer loop
      vertex   1.896673e+01 1.412439e+01 3.030000e+01
      vertex   1.924128e+01 1.441675e+01 3.180000e+01
      vertex   1.896673e+01 1.412439e+01 3.180000e+01
    endloop
  endfacet
  facet normal 8.763067e-01 -4.817537e-01 0.000000e+00
    outer loop
      vertex   1.896673e+01 1.412439e+01 3.030000e+01
      vertex   1.896673e+01 1.412439e+01 3.180000e+01
      vertex   1.877352e+01 1.377293e+01 3.030000e+01
    endloop
  endfacet
  facet normal 8.763067e-01 -4.817537e-01 5.705110e-16
    outer loop
      vertex   1.877352e+01 1.377293e+01 3.030000e+01
      vertex   1.896673e+01 1.412439e+01 3.180000e+01
      vertex   1.877352e+01 1.377293e+01 3.180000e+01
    endloop
  endfacet
  facet normal 9.685832e-01 -2.486899e-01 2.945080e-16
    outer loop
      vertex   1.877352e+01 1.377293e+01 3.030000e+01
      vertex   1.877352e+01 1.377293e+01 3.180000e+01
      vertex   1.867377e+01 1.338446e+01 3.030000e+01
    endloop
  endfacet
  facet normal 9.685832e-01 -2.486899e-01 5.890160e-16
    outer loop
      vertex   1.867377e+01 1.338446e+01 3.030000e+01
      vertex   1.877352e+01 1.377293e+01 3.180000e+01
      vertex   1.867377e+01 1.338446e+01 3.180000e+01
    endloop
  endfacet
  facet normal 1.000000e+00 0.000000e+00 -0.000000e+00
    outer loop
      vertex   1.867377e+01 1.338446e+01 3.030000e+01
      vertex   1.867377e+01 1.338446e+01 3.180000e+01
      vertex   1.867377e+01 1.298340e+01 3.030000e+01
    endloop
  endfacet
  facet normal 1.000000e+00 0.000000e+00 0.000000e+00
    outer loop
      vertex   1.867377e+01 1.298340e+01 3.030000e+01
      vertex   1.867377e+01 1.338446e+01 3.180000e+01
      vertex   1.867377e+01 1.298340e+01 3.180000e+01
    endloop
  endfacet
  facet normal 9.685832e-01 2.486899e-01 -2.945080e-16
    outer loop
      vertex   1.867377e+01 1.298340e+01 3.030000e+01
      vertex   1.867377e+01 1.298340e+01 3.180000e+01
      vertex   1.877352e+01 1.259493e+01 3.030000e+01
    endloop
  endfacet
  facet normal 9.685832e-01 2.486899e-01 -2.945080e-16
    outer loop
      vertex   1.877352e+01 1.259493e+01 3.030000e+01
      vertex   1.867377e+01 1.298340e+01 3.180000e+01
      vertex   1.877352e+01 1.259493e+01 3.180000e+01
    endloop
  endfacet
  facet normal 8.763067e-01 4.817537e-01 -5.705110e-16
    outer loop
      vertex   1.877352e+01 1.259493e+01 3.030000e+01
      vertex   1.877352e+01 1.259493e+01 3.180000e+01
      vertex   1.896673e+01 1.224347e+01 3.030000e+01
    endloop
  endfacet
  facet normal 8.763067e-01 4.817537e-01 -0.000000e+00
    outer loop
      vertex   1.896673e+01 1.224347e+01 3.030000e+01
      vertex   1.877352e+01 1.259493e+01 3.180000e+01
      vertex   1.896673e+01 1.224347e+01 3.180000e+01
    endloop
  endfacet
  facet normal 7.289686e-01 6.845471e-01 -0.000000e+00
    outer loop
      vertex   1.896673e+01 1.224347e+01 3.030000e+01
      vertex   1.896673e+01 1.224347e+01 3.180000e+01
      vertex   1.924128e+01 1.195111e+01 3.030000e+01
    endloop
  endfacet
  facet normal 7.289686e-01 6.845471e-01 1.726545e-15
    outer loop
      vertex   1.924128e+01 1.195111e+01 3.030000e+01
      vertex   1.896673e+01 1.224347e+01 3.180000e+01
      vertex   1.924128e+01 1.195111e+01 3.180000e+01
    endloop
  endfacet
  facet normal 5.358268e-01 8.443279e-01 1.269093e-15
    outer loop
      vertex   1.924128e+01 1.195111e+01 3.030000e+01
      vertex   1.924128e+01 1.195111e+01 3.180000e+01
      vertex   1.957991e+01 1.173621e+01 3.030000e+01
    endloop
  endfacet
  facet normal 5.358268e-01 8.443279e-01 1.269093e-15
    outer loop
      vertex   1.957991e+01 1.173621e+01 3.030000e+01
      vertex   1.924128e+01 1.195111e+01 3.180000e+01
      vertex   1.957991e+01 1.173621e+01 3.180000e+01
    endloop
  endfacet
  facet normal 3.090170e-01 9.510565e-01 7.318993e-16
    outer loop
      vertex   1.957991e+01 1.173621e+01 3.030000e+01
      vertex   1.957991e+01 1.173621e+01 3.180000e+01
      vertex   1.996135e+01 1.161227e+01 3.030000e+01
    endloop
  endfacet
  facet normal 3.090170e-01 9.510565e-01 -1.126277e-15
    outer loop
      vertex   1.996135e+01 1.161227e+01 3.030000e+01
      vertex   1.957991e+01 1.173621e+01 3.180000e+01
      vertex   1.996135e+01 1.161227e+01 3.180000e+01
    endloop
  endfacet
  facet normal 6.279052e-02 9.980267e-01 -1.181901e-15
    outer loop
      vertex   1.996135e+01 1.161227e+01 3.030000e+01
      vertex   1.996135e+01 1.161227e+01 3.180000e+01
      vertex   2.036162e+01 1.158709e+01 3.030000e+01
    endloop
  endfacet
  facet normal 6.279052e-02 9.980267e-01 -0.000000e+00
    outer loop
      vertex   2.036162e+01 1.158709e+01 3.030000e+01
      vertex   1.996135e+01 1.161227e+01 3.180000e+01
      vertex   2.036162e+01 1.158709e+01 3.180000e+01
    endloop
  endfacet
  facet normal -1.873813e-01 9.822873e-01 0.000000e+00
    outer loop
      vertex   2.036162e+01 1.158709e+01 3.030000e+01
      vertex   2.036162e+01 1.158709e+01 3.180000e+01
      vertex   2.075559e+01 1.166224e+01 3.030000e+01
    endloop
  endfacet
  facet normal -1.873813e-01 9.822873e-01 0.000000e+00
    outer loop
      vertex   2.075559e+01 1.166224e+01 3.030000e+01
      vertex   2.036162e+01 1.158709e+01 3.180000e+01
      vertex   2.075559e+01 1.166224e+01 3.180000e+01
    endloop
  endfacet
  facet normal -4.257793e-01 9.048271e-01 0.000000e+00
    outer loop
      vertex   2.075559e+01 1.166224e+01 3.030000e+01
      vertex   2.075559e+01 1.166224e+01 3.180000e+01
      vertex   2.111848e+01 1.183300e+01 3.030000e+01
    endloop
  endfacet
  facet normal -4.257793e-01 9.048271e-01 0.000000e+00
    outer loop
      vertex   2.111848e+01 1.183300e+01 3.030000e+01
      vertex   2.075559e+01 1.166224e+01 3.180000e+01
      vertex   2.111848e+01 1.183300e+01 3.180000e+01
    endloop
  endfacet
  facet normal -6.374240e-01 7.705132e-01 0.000000e+00
    outer loop
      vertex   2.111848e+01 1.183300e+01 3.030000e+01
      vertex   2.111848e+01 1.183300e+01 3.180000e+01
      vertex   2.142751e+01 1.208865e+01 3.030000e+01
    endloop
  endfacet
  facet normal -6.374240e-01 7.705132e-01 9.124710e-16
    outer loop
      vertex   2.142751e+01 1.208865e+01 3.030000e+01
      vertex   2.111848e+01 1.183300e+01 3.180000e+01
      vertex   2.142751e+01 1.208865e+01 3.180000e+01
    endloop
  endfacet
  facet normal -8.090170e-01 5.877853e-01 6.960776e-16
    outer loop
      vertex   2.142751e+01 1.208865e+01 3.030000e+01
      vertex   2.142751e+01 1.208865e+01 3.180000e+01
      vertex   2.166325e+01 1.241312e+01 3.030000e+01
    endloop
  endfacet
  facet normal -8.090170e-01 5.877853e-01 0.000000e+00
    outer loop
      vertex   2.166325e+01 1.241312e+01 3.030000e+01
      vertex   2.142751e+01 1.208865e+01 3.180000e+01
      vertex   2.166325e+01 1.241312e+01 3.180000e+01
    endloop
  endfacet
  facet normal -9.297765e-01 3.681246e-01 0.000000e+00
    outer loop
      vertex   2.166325e+01 1.241312e+01 3.030000e+01
      vertex   2.166325e+01 1.241312e+01 3.180000e+01
      vertex   2.181089e+01 1.278602e+01 3.030000e+01
    endloop
  endfacet
  facet normal -9.297765e-01 3.681246e-01 0.000000e+00
    outer loop
      vertex   2.181089e+01 1.278602e+01 3.030000e+01
      vertex   2.166325e+01 1.241312e+01 3.180000e+01
      vertex   2.181089e+01 1.278602e+01 3.180000e+01
    endloop
  endfacet
  facet normal -9.921147e-01 1.253332e-01 1.484244e-16
    outer loop
      vertex   2.181089e+01 -7.213975e+00 3.030000e+01
      vertex   2.181089e+01 -7.213975e+00 3.180000e+01
      vertex   2.186116e+01 -6.816071e+00 3.030000e+01
    endloop
  endfacet
  facet normal -9.921147e-01 1.253332e-01 0.000000e+00
    outer loop
      vertex   2.186116e+01 -6.816071e+00 3.030000e+01
      vertex   2.181089e+01 -7.213975e+00 3.180000e+01
      vertex   2.186116e+01 -6.816071e+00 3.180000e+01
    endloop
  endfacet
  facet normal -9.921147e-01 -1.253332e-01 0.000000e+00
    outer loop
      vertex   2.186116e+01 -6.816071e+00 3.030000e+01
      vertex   2.186116e+01 -6.816071e+00 3.180000e+01
      vertex   2.181089e+01 -6.418168e+00 3.030000e+01
    endloop
  endfacet
  facet normal -9.921147e-01 -1.253332e-01 -7.421218e-17
    outer loop
      vertex   2.181089e+01 -6.418168e+00 3.030000e+01
      vertex   2.186116e+01 -6.816071e+00 3.180000e+01
      vertex   2.181089e+01 -6.418168e+00 3.180000e+01
    endloop
  endfacet
  facet normal -9.297765e-01 -3.681246e-01 -2.179735e-16
    outer loop
      vertex   2.181089e+01 -6.418168e+00 3.030000e+01
      vertex   2.181089e+01 -6.418168e+00 3.180000e+01
      vertex   2.166325e+01 -6.045265e+00 3.030000e+01
    endloop
  endfacet
  facet normal -9.297765e-01 -3.681246e-01 0.000000e+00
    outer loop
      vertex   2.166325e+01 -6.045265e+00 3.030000e+01
      vertex   2.181089e+01 -6.418168e+00 3.180000e+01
      vertex   2.166325e+01 -6.045265e+00 3.180000e+01
    endloop
  endfacet
  facet normal -8.090170e-01 -5.877853e-01 0.000000e+00
    outer loop
      vertex   2.166325e+01 -6.045265e+00 3.030000e+01
      vertex   2.166325e+01 -6.045265e+00 3.180000e+01
      vertex   2.142751e+01 -5.720796e+00 3.030000e+01
    endloop
  endfacet
  facet normal -8.090170e-01 -5.877853e-01 -3.480388e-16
    outer loop
      vertex   2.142751e+01 -5.720796e+00 3.030000e+01
      vertex   2.166325e+01 -6.045265e+00 3.180000e+01
      vertex   2.142751e+01 -5.720796e+00 3.180000e+01
    endloop
  endfacet
  facet normal -6.374240e-01 -7.705132e-01 -4.562355e-16
    outer loop
      vertex   2.142751e+01 -5.720796e+00 3.030000e+01
      vertex   2.142751e+01 -5.720796e+00 3.180000e+01
      vertex   2.111848e+01 -5.465147e+00 3.030000e+01
    endloop
  endfacet
  facet normal -6.374240e-01 -7.705132e-01 -9.124710e-16
    outer loop
      vertex   2.111848e+01 -5.465147e+00 3.030000e+01
      vertex   2.142751e+01 -5.720796e+00 3.180000e+01
      vertex   2.111848e+01 -5.465147e+00 3.180000e+01
    endloop
  endfacet
  facet normal -4.257793e-01 -9.048271e-01 -1.071530e-15
    outer loop
      vertex   2.111848e+01 -5.465147e+00 3.030000e+01
      vertex   2.111848e+01 -5.465147e+00 3.180000e+01
      vertex   2.075559e+01 -5.294381e+00 3.030000e+01
    endloop
  endfacet
  facet normal -4.257793e-01 -9.048271e-01 0.000000e+00
    outer loop
      vertex   2.075559e+01 -5.294381e+00 3.030000e+01
      vertex   2.111848e+01 -5.465147e+00 3.180000e+01
      vertex   2.075559e+01 -5.294381e+00 3.180000e+01
    endloop
  endfacet
  facet normal -1.873813e-01 -9.822873e-01 0.000000e+00
    outer loop
      vertex   2.075559e+01 -5.294381e+00 3.030000e+01
      vertex   2.075559e+01 -5.294381e+00 3.180000e+01
      vertex   2.036162e+01 -5.219229e+00 3.030000e+01
    endloop
  endfacet
  facet normal -1.873813e-01 -9.822873e-01 0.000000e+00
    outer loop
      vertex   2.036162e+01 -5.219229e+00 3.030000e+01
      vertex   2.075559e+01 -5.294381e+00 3.180000e+01
      vertex   2.036162e+01 -5.219229e+00 3.180000e+01
    endloop
  endfacet
  facet normal 6.279052e-02 -9.980267e-01 0.000000e+00
    outer loop
      vertex   2.036162e+01 -5.219229e+00 3.030000e+01
      vertex   2.036162e+01 -5.219229e+00 3.180000e+01
      vertex   1.996135e+01 -5.244412e+00 3.030000e+01
    endloop
  endfacet
  facet normal 6.279052e-02 -9.980267e-01 0.000000e+00
    outer loop
      vertex   1.996135e+01 -5.244412e+00 3.030000e+01
      vertex   2.036162e+01 -5.219229e+00 3.180000e+01
      vertex   1.996135e+01 -5.244412e+00 3.180000e+01
    endloop
  endfacet
  facet normal 3.090170e-01 -9.510565e-01 0.000000e+00
    outer loop
      vertex   1.996135e+01 -5.244412e+00 3.030000e+01
      vertex   1.996135e+01 -5.244412e+00 3.180000e+01
      vertex   1.957991e+01 -5.368348e+00 3.030000e+01
    endloop
  endfacet
  facet normal 3.090170e-01 -9.510565e-01 -1.687607e-16
    outer loop
      vertex   1.957991e+01 -5.368348e+00 3.030000e+01
      vertex   1.996135e+01 -5.244412e+00 3.180000e+01
      vertex   1.957991e+01 -5.368348e+00 3.180000e+01
    endloop
  endfacet
  facet normal 5.358268e-01 -8.443279e-01 -7.691502e-16
    outer loop
      vertex   1.957991e+01 -5.368348e+00 3.030000e+01
      vertex   1.957991e+01 -5.368348e+00 3.180000e+01
      vertex   1.924128e+01 -5.583250e+00 3.030000e+01
    endloop
  endfacet
  facet normal 5.358268e-01 -8.443279e-01 0.000000e+00
    outer loop
      vertex   1.924128e+01 -5.583250e+00 3.030000e+01
      vertex   1.957991e+01 -5.368348e+00 3.180000e+01
      vertex   1.924128e+01 -5.583250e+00 3.180000e+01
    endloop
  endfacet
  facet normal 7.289686e-01 -6.845471e-01 0.000000e+00
    outer loop
      vertex   1.924128e+01 -5.583250e+00 3.030000e+01
      vertex   1.924128e+01 -5.583250e+00 3.180000e+01
      vertex   1.896673e+01 -5.875615e+00 3.030000e+01
    endloop
  endfacet
  facet normal 7.289686e-01 -6.845471e-01 4.053333e-16
    outer loop
      vertex   1.896673e+01 -5.875615e+00 3.030000e+01
      vertex   1.924128e+01 -5.583250e+00 3.180000e+01
      vertex   1.896673e+01 -5.875615e+00 3.180000e+01
    endloop
  endfacet
  facet normal 8.763067e-01 -4.817537e-01 2.852555e-16
    outer loop
      vertex   1.896673e+01 -5.875615e+00 3.030000e+01
      vertex   1.896673e+01 -5.875615e+00 3.180000e+01
      vertex   1.877352e+01 -6.227072e+00 3.030000e+01
    endloop
  endfacet
  facet normal 8.763067e-01 -4.817537e-01 2.852555e-16
    outer loop
      vertex   1.877352e+01 -6.227072e+00 3.030000e+01
      vertex   1.896673e+01 -5.875615e+00 3.180000e+01
      vertex   1.877352e+01 -6.227072e+00 3.180000e+01
    endloop
  endfacet
  facet normal 9.685832e-01 -2.486899e-01 1.472540e-16
    outer loop
      vertex   1.877352e+01 -6.227072e+00 3.030000e+01
      vertex   1.877352e+01 -6.227072e+00 3.180000e+01
      vertex   1.867377e+01 -6.615538e+00 3.030000e+01
    endloop
  endfacet
  facet normal 9.685832e-01 -2.486899e-01 1.472540e-16
    outer loop
      vertex   1.867377e+01 -6.615538e+00 3.030000e+01
      vertex   1.877352e+01 -6.227072e+00 3.180000e+01
      vertex   1.867377e+01 -6.615538e+00 3.180000e+01
    endloop
  endfacet
  facet normal 1.000000e+00 0.000000e+00 -0.000000e+00
    outer loop
      vertex   1.867377e+01 -6.615538e+00 3.030000e+01
      vertex   1.867377e+01 -6.615538e+00 3.180000e+01
      vertex   1.867377e+01 -7.016605e+00 3.030000e+01
    endloop
  endfacet
  facet normal 1.000000e+00 0.000000e+00 0.000000e+00
    outer loop
      vertex   1.867377e+01 -7.016605e+00 3.030000e+01
      vertex   1.867377e+01 -6.615538e+00 3.180000e+01
      vertex   1.867377e+01 -7.016605e+00 3.180000e+01
    endloop
  endfacet
  facet normal 9.685832e-01 2.486899e-01 -2.945080e-16
    outer loop
      vertex   1.867377e+01 -7.016605e+00 3.030000e+01
      vertex   1.867377e+01 -7.016605e+00 3.180000e+01
      vertex   1.877352e+01 -7.405071e+00 3.030000e+01
    endloop
  endfacet
  facet normal 9.685832e-01 2.486899e-01 -1.472540e-16
    outer loop
      vertex   1.877352e+01 -7.405071e+00 3.030000e+01
      vertex   1.867377e+01 -7.016605e+00 3.180000e+01
      vertex   1.877352e+01 -7.405071e+00 3.180000e+01
    endloop
  endfacet
  facet normal 8.763067e-01 4.817537e-01 -2.852555e-16
    outer loop
      vertex   1.877352e+01 -7.405071e+00 3.030000e+01
      vertex   1.877352e+01 -7.405071e+00 3.180000e+01
      vertex   1.896673e+01 -7.756528e+00 3.030000e+01
    endloop
  endfacet
  facet normal 8.763067e-01 4.817537e-01 -2.852555e-16
    outer loop
      vertex   1.896673e+01 -7.756528e+00 3.030000e+01
      vertex   1.877352e+01 -7.405071e+00 3.180000e+01
      vertex   1.896673e+01 -7.756528e+00 3.180000e+01
    endloop
  endfacet
  facet normal 7.289686e-01 6.845471e-01 -4.053333e-16
    outer loop
      vertex   1.896673e+01 -7.756528e+00 3.030000e+01
      vertex   1.896673e+01 -7.756528e+00 3.180000e+01
      vertex   1.924128e+01 -8.048893e+00 3.030000e+01
    endloop
  endfacet
  facet normal 7.289686e-01 6.845471e-01 -0.000000e+00
    outer loop
      vertex   1.924128e+01 -8.048893e+00 3.030000e+01
      vertex   1.896673e+01 -7.756528e+00 3.180000e+01
      vertex   1.924128e+01 -8.048893e+00 3.180000e+01
    endloop
  endfacet
  facet normal 5.358268e-01 8.443279e-01 -0.000000e+00
    outer loop
      vertex   1.924128e+01 -8.048893e+00 3.030000e+01
      vertex   1.924128e+01 -8.048893e+00 3.180000e+01
      vertex   1.957991e+01 -8.263795e+00 3.030000e+01
    endloop
  endfacet
  facet normal 5.358268e-01 8.443279e-01 2.692077e-16
    outer loop
      vertex   1.957991e+01 -8.263795e+00 3.030000e+01
      vertex   1.924128e+01 -8.048893e+00 3.180000e+01
      vertex   1.957991e+01 -8.263795e+00 3.180000e+01
    endloop
  endfacet
  facet normal 3.090170e-01 9.510565e-01 -3.943779e-16
    outer loop
      vertex   1.957991e+01 -8.263795e+00 3.030000e+01
      vertex   1.957991e+01 -8.263795e+00 3.180000e+01
      vertex   1.996135e+01 -8.387731e+00 3.030000e+01
    endloop
  endfacet
  facet normal 3.090170e-01 9.510565e-01 -0.000000e+00
    outer loop
      vertex   1.996135e+01 -8.387731e+00 3.030000e+01
      vertex   1.957991e+01 -8.263795e+00 3.180000e+01
      vertex   1.996135e+01 -8.387731e+00 3.180000e+01
    endloop
  endfacet
  facet normal 6.279052e-02 9.980267e-01 -0.000000e+00
    outer loop
      vertex   1.996135e+01 -8.387731e+00 3.030000e+01
      vertex   1.996135e+01 -8.387731e+00 3.180000e+01
      vertex   2.036162e+01 -8.412914e+00 3.030000e+01
    endloop
  endfacet
  facet normal 6.279052e-02 9.980267e-01 -0.000000e+00
    outer loop
      vertex   2.036162e+01 -8.412914e+00 3.030000e+01
      vertex   1.996135e+01 -8.387731e+00 3.180000e+01
      vertex   2.036162e+01 -8.412914e+00 3.180000e+01
    endloop
  endfacet
  facet normal -1.873813e-01 9.822873e-01 0.000000e+00
    outer loop
      vertex   2.036162e+01 -8.412914e+00 3.030000e+01
      vertex   2.036162e+01 -8.412914e+00 3.180000e+01
      vertex   2.075559e+01 -8.337762e+00 3.030000e+01
    endloop
  endfacet
  facet normal -1.873813e-01 9.822873e-01 0.000000e+00
    outer loop
      vertex   2.075559e+01 -8.337762e+00 3.030000e+01
      vertex   2.036162e+01 -8.412914e+00 3.180000e+01
      vertex   2.075559e+01 -8.337762e+00 3.180000e+01
    endloop
  endfacet
  facet normal -4.257793e-01 9.048271e-01 0.000000e+00
    outer loop
      vertex   2.075559e+01 -8.337762e+00 3.030000e+01
      vertex   2.075559e+01 -8.337762e+00 3.180000e+01
      vertex   2.111848e+01 -8.166996e+00 3.030000e+01
    endloop
  endfacet
  facet normal -4.257793e-01 9.048271e-01 0.000000e+00
    outer loop
      vertex   2.111848e+01 -8.166996e+00 3.030000e+01
      vertex   2.075559e+01 -8.337762e+00 3.180000e+01
      vertex   2.111848e+01 -8.166996e+00 3.180000e+01
    endloop
  endfacet
  facet normal -6.374240e-01 7.705132e-01 0.000000e+00
    outer loop
      vertex   2.111848e+01 -8.166996e+00 3.030000e+01
      vertex   2.111848e+01 -8.166996e+00 3.180000e+01
      vertex   2.142751e+01 -7.911347e+00 3.030000e+01
    endloop
  endfacet
  facet normal -6.374240e-01 7.705132e-01 4.562355e-16
    outer loop
      vertex   2.142751e+01 -7.911347e+00 3.030000e+01
      vertex   2.111848e+01 -8.166996e+00 3.180000e+01
      vertex   2.142751e+01 -7.911347e+00 3.180000e+01
    endloop
  endfacet
  facet normal -8.090170e-01 5.877853e-01 3.480388e-16
    outer loop
      vertex   2.142751e+01 -7.911347e+00 3.030000e+01
      vertex   2.142751e+01 -7.911347e+00 3.180000e+01
      vertex   2.166325e+01 -7.586877e+00 3.030000e+01
    endloop
  endfacet
  facet normal -8.090170e-01 5.877853e-01 0.000000e+00
    outer loop
      vertex   2.166325e+01 -7.586877e+00 3.030000e+01
      vertex   2.142751e+01 -7.911347e+00 3.180000e+01
      vertex   2.166325e+01 -7.586877e+00 3.180000e+01
    endloop
  endfacet
  facet normal -9.297765e-01 3.681246e-01 0.000000e+00
    outer loop
      vertex   2.166325e+01 -7.586877e+00 3.030000e+01
      vertex   2.166325e+01 -7.586877e+00 3.180000e+01
      vertex   2.181089e+01 -7.213975e+00 3.030000e+01
    endloop
  endfacet
  facet normal -9.297765e-01 3.681246e-01 4.359470e-16
    outer loop
      vertex   2.181089e+01 -7.213975e+00 3.030000e+01
      vertex   2.166325e+01 -7.586877e+00 3.180000e+01
      vertex   2.181089e+01 -7.213975e+00 3.180000e+01
    endloop
  endfacet
  facet normal -9.921147e-01 1.253332e-01 -1.468625e-16
    outer loop
      vertex   1.810891e+00 1.278602e+01 3.030000e+01
      vertex   1.810891e+00 1.278602e+01 3.180000e+01
      vertex   1.861158e+00 1.318393e+01 3.030000e+01
    endloop
  endfacet
  facet normal -9.921147e-01 1.253332e-01 0.000000e+00
    outer loop
      vertex   1.861158e+00 1.318393e+01 3.030000e+01
      vertex   1.810891e+00 1.278602e+01 3.180000e+01
      vertex   1.861158e+00 1.318393e+01 3.180000e+01
    endloop
  endfacet
  facet normal -9.921147e-01 -1.253332e-01 0.000000e+00
    outer loop
      vertex   1.861158e+00 1.318393e+01 3.030000e+01
      vertex   1.861158e+00 1.318393e+01 3.180000e+01
      vertex   1.810891e+00 1.358183e+01 3.030000e+01
    endloop
  endfacet
  facet normal -9.921147e-01 -1.253332e-01 1.468625e-16
    outer loop
      vertex   1.810891e+00 1.358183e+01 3.030000e+01
      vertex   1.861158e+00 1.318393e+01 3.180000e+01
      vertex   1.810891e+00 1.358183e+01 3.180000e+01
    endloop
  endfacet
  facet normal -9.297765e-01 -3.681246e-01 1.376346e-16
    outer loop
      vertex   1.810891e+00 1.358183e+01 3.030000e+01
      vertex   1.810891e+00 1.358183e+01 3.180000e+01
      vertex   1.663249e+00 1.395473e+01 3.030000e+01
    endloop
  endfacet
  facet normal -9.297765e-01 -3.681246e-01 0.000000e+00
    outer loop
      vertex   1.663249e+00 1.395473e+01 3.030000e+01
      vertex   1.810891e+00 1.358183e+01 3.180000e+01
      vertex   1.663249e+00 1.395473e+01 3.180000e+01
    endloop
  endfacet
  facet normal -8.090170e-01 -5.877853e-01 0.000000e+00
    outer loop
      vertex   1.663249e+00 1.395473e+01 3.030000e+01
      vertex   1.663249e+00 1.395473e+01 3.180000e+01
      vertex   1.427508e+00 1.427920e+01 3.030000e+01
    endloop
  endfacet
  facet normal -8.090170e-01 -5.877853e-01 -9.728471e-17
    outer loop
      vertex   1.427508e+00 1.427920e+01 3.030000e+01
      vertex   1.663249e+00 1.395473e+01 3.180000e+01
      vertex   1.427508e+00 1.427920e+01 3.180000e+01
    endloop
  endfacet
  facet normal -6.374240e-01 -7.705132e-01 -4.406825e-16
    outer loop
      vertex   1.427508e+00 1.427920e+01 3.030000e+01
      vertex   1.427508e+00 1.427920e+01 3.180000e+01
      vertex   1.118481e+00 1.453485e+01 3.030000e+01
    endloop
  endfacet
  facet normal -6.374240e-01 -7.705132e-01 2.830731e-16
    outer loop
      vertex   1.118481e+00 1.453485e+01 3.030000e+01
      vertex   1.427508e+00 1.427920e+01 3.180000e+01
      vertex   1.118481e+00 1.453485e+01 3.180000e+01
    endloop
  endfacet
  facet normal -4.257793e-01 -9.048271e-01 1.890840e-16
    outer loop
      vertex   1.118481e+00 1.453485e+01 3.030000e+01
      vertex   1.118481e+00 1.453485e+01 3.180000e+01
      vertex   7.555854e-01 1.470562e+01 3.030000e+01
    endloop
  endfacet
  facet normal -4.257793e-01 -9.048271e-01 0.000000e+00
    outer loop
      vertex   7.555854e-01 1.470562e+01 3.030000e+01
      vertex   1.118481e+00 1.453485e+01 3.180000e+01
      vertex   7.555854e-01 1.470562e+01 3.180000e+01
    endloop
  endfacet
  facet normal -1.873813e-01 -9.822873e-01 0.000000e+00
    outer loop
      vertex   7.555854e-01 1.470562e+01 3.030000e+01
      vertex   7.555854e-01 1.470562e+01 3.180000e+01
      vertex   3.616230e-01 1.478077e+01 3.030000e+01
    endloop
  endfacet
  facet normal -1.873813e-01 -9.822873e-01 1.386900e-16
    outer loop
      vertex   3.616230e-01 1.478077e+01 3.030000e+01
      vertex   7.555854e-01 1.470562e+01 3.180000e+01
      vertex   3.616230e-01 1.478077e+01 3.180000e+01
    endloop
  endfacet
  facet normal 6.279052e-02 -9.980267e-01 -4.647432e-17
    outer loop
      vertex   3.616230e-01 1.478077e+01 3.030000e+01
      vertex   3.616230e-01 1.478077e+01 3.180000e+01
      vertex   -3.865193e-02 1.475559e+01 3.030000e+01
    endloop
  endfacet
  facet normal 6.279052e-02 -9.980267e-01 -2.759413e-17
    outer loop
      vertex   -3.865193e-02 1.475559e+01 3.030000e+01
      vertex   3.616230e-01 1.478077e+01 3.180000e+01
      vertex   -3.865193e-02 1.475559e+01 3.180000e+01
    endloop
  endfacet
  facet normal 3.090170e-01 -9.510565e-01 -1.358016e-16
    outer loop
      vertex   -3.865193e-02 1.475559e+01 3.030000e+01
      vertex   -3.865193e-02 1.475559e+01 3.180000e+01
      vertex   -4.200887e-01 1.463165e+01 3.030000e+01
    endloop
  endfacet
  facet normal 3.090170e-01 -9.510565e-01 -2.515904e-16
    outer loop
      vertex   -4.200887e-01 1.463165e+01 3.030000e+01
      vertex   -3.865193e-02 1.475559e+01 3.180000e+01
      vertex   -4.200887e-01 1.463165e+01 3.180000e+01
    endloop
  endfacet
  facet normal 5.358268e-01 -8.443279e-01 -4.362506e-16
    outer loop
      vertex   -4.200887e-01 1.463165e+01 3.030000e+01
      vertex   -4.200887e-01 1.463165e+01 3.180000e+01
      vertex   -7.587202e-01 1.441675e+01 3.030000e+01
    endloop
  endfacet
  facet normal 5.358268e-01 -8.443279e-01 -1.189774e-16
    outer loop
      vertex   -7.587202e-01 1.441675e+01 3.030000e+01
      vertex   -4.200887e-01 1.463165e+01 3.180000e+01
      vertex   -7.587202e-01 1.441675e+01 3.180000e+01
    endloop
  endfacet
  facet normal 7.289686e-01 -6.845471e-01 -1.618636e-16
    outer loop
      vertex   -7.587202e-01 1.441675e+01 3.030000e+01
      vertex   -7.587202e-01 1.441675e+01 3.180000e+01
      vertex   -1.033269e+00 1.412439e+01 3.030000e+01
    endloop
  endfacet
  facet normal 7.289686e-01 -6.845471e-01 -3.237271e-16
    outer loop
      vertex   -1.033269e+00 1.412439e+01 3.030000e+01
      vertex   -7.587202e-01 1.441675e+01 3.180000e+01
      vertex   -1.033269e+00 1.412439e+01 3.180000e+01
    endloop
  endfacet
  facet normal 8.763067e-01 -4.817537e-01 -3.891583e-16
    outer loop
      vertex   -1.033269e+00 1.412439e+01 3.030000e+01
      vertex   -1.033269e+00 1.412439e+01 3.180000e+01
      vertex   -1.226484e+00 1.377293e+01 3.030000e+01
    endloop
  endfacet
  facet normal 8.763067e-01 -4.817537e-01 3.110721e-16
    outer loop
      vertex   -1.226484e+00 1.377293e+01 3.030000e+01
      vertex   -1.033269e+00 1.412439e+01 3.180000e+01
      vertex   -1.226484e+00 1.377293e+01 3.180000e+01
    endloop
  endfacet
  facet normal 9.685832e-01 -2.486899e-01 7.749768e-18
    outer loop
      vertex   -1.226484e+00 1.377293e+01 3.030000e+01
      vertex   -1.226484e+00 1.377293e+01 3.180000e+01
      vertex   -1.326225e+00 1.338446e+01 3.030000e+01
    endloop
  endfacet
  facet normal 9.685832e-01 -2.486899e-01 2.945080e-16
    outer loop
      vertex   -1.326225e+00 1.338446e+01 3.030000e+01
      vertex   -1.226484e+00 1.377293e+01 3.180000e+01
      vertex   -1.326225e+00 1.338446e+01 3.180000e+01
    endloop
  endfacet
  facet normal 1.000000e+00 0.000000e+00 -0.000000e+00
    outer loop
      vertex   -1.326225e+00 1.338446e+01 3.030000e+01
      vertex   -1.326225e+00 1.338446e+01 3.180000e+01
      vertex   -1.326225e+00 1.298340e+01 3.030000e+01
    endloop
  endfacet
  facet normal 1.000000e+00 0.000000e+00 0.000000e+00
    outer loop
      vertex   -1.326225e+00 1.298340e+01 3.030000e+01
      vertex   -1.326225e+00 1.338446e+01 3.180000e+01
      vertex   -1.326225e+00 1.298340e+01 3.180000e+01
    endloop
  endfacet
  facet normal 9.685832e-01 2.486899e-01 -2.945080e-16
    outer loop
      vertex   -1.326225e+00 1.298340e+01 3.030000e+01
      vertex   -1.326225e+00 1.298340e+01 3.180000e+01
      vertex   -1.226484e+00 1.259493e+01 3.030000e+01
    endloop
  endfacet
  facet normal 9.685832e-01 2.486899e-01 -7.749768e-18
    outer loop
      vertex   -1.226484e+00 1.259493e+01 3.030000e+01
      vertex   -1.326225e+00 1.298340e+01 3.180000e+01
      vertex   -1.226484e+00 1.259493e+01 3.180000e+01
    endloop
  endfacet
  facet normal 8.763067e-01 4.817537e-01 -3.110721e-16
    outer loop
      vertex   -1.226484e+00 1.259493e+01 3.030000e+01
      vertex   -1.226484e+00 1.259493e+01 3.180000e+01
      vertex   -1.033269e+00 1.224347e+01 3.030000e+01
    endloop
  endfacet
  facet normal 8.763067e-01 4.817537e-01 3.891583e-16
    outer loop
      vertex   -1.033269e+00 1.224347e+01 3.030000e+01
      vertex   -1.226484e+00 1.259493e+01 3.180000e+01
      vertex   -1.033269e+00 1.224347e+01 3.180000e+01
    endloop
  endfacet
  facet normal 7.289686e-01 6.845471e-01 3.237271e-16
    outer loop
      vertex   -1.033269e+00 1.224347e+01 3.030000e+01
      vertex   -1.033269e+00 1.224347e+01 3.180000e+01
      vertex   -7.587202e-01 1.195111e+01 3.030000e+01
    endloop
  endfacet
  facet normal 7.289686e-01 6.845471e-01 1.618636e-16
    outer loop
      vertex   -7.587202e-01 1.195111e+01 3.030000e+01
      vertex   -1.033269e+00 1.224347e+01 3.180000e+01
      vertex   -7.587202e-01 1.195111e+01 3.180000e+01
    endloop
  endfacet
  facet normal 5.358268e-01 8.443279e-01 1.189774e-16
    outer loop
      vertex   -7.587202e-01 1.195111e+01 3.030000e+01
      vertex   -7.587202e-01 1.195111e+01 3.180000e+01
      vertex   -4.200887e-01 1.173621e+01 3.030000e+01
    endloop
  endfacet
  facet normal 5.358268e-01 8.443279e-01 4.362506e-16
    outer loop
      vertex   -4.200887e-01 1.173621e+01 3.030000e+01
      vertex   -7.587202e-01 1.195111e+01 3.180000e+01
      vertex   -4.200887e-01 1.173621e+01 3.180000e+01
    endloop
  endfacet
  facet normal 3.090170e-01 9.510565e-01 2.515904e-16
    outer loop
      vertex   -4.200887e-01 1.173621e+01 3.030000e+01
      vertex   -4.200887e-01 1.173621e+01 3.180000e+01
      vertex   -3.865193e-02 1.161227e+01 3.030000e+01
    endloop
  endfacet
  facet normal 3.090170e-01 9.510565e-01 1.358016e-16
    outer loop
      vertex   -3.865193e-02 1.161227e+01 3.030000e+01
      vertex   -4.200887e-01 1.173621e+01 3.180000e+01
      vertex   -3.865193e-02 1.161227e+01 3.180000e+01
    endloop
  endfacet
  facet normal 6.279052e-02 9.980267e-01 2.759413e-17
    outer loop
      vertex   -3.865193e-02 1.161227e+01 3.030000e+01
      vertex   -3.865193e-02 1.161227e+01 3.180000e+01
      vertex   3.616230e-01 1.158709e+01 3.030000e+01
    endloop
  endfacet
  facet normal 6.279052e-02 9.980267e-01 4.647432e-17
    outer loop
      vertex   3.616230e-01 1.158709e+01 3.030000e+01
      vertex   -3.865193e-02 1.161227e+01 3.180000e+01
      vertex   3.616230e-01 1.158709e+01 3.180000e+01
    endloop
  endfacet
  facet normal -1.873813e-01 9.822873e-01 -1.386900e-16
    outer loop
      vertex   3.616230e-01 1.158709e+01 3.030000e+01
      vertex   3.616230e-01 1.158709e+01 3.180000e+01
      vertex   7.555854e-01 1.166224e+01 3.030000e+01
    endloop
  endfacet
  facet normal -1.873813e-01 9.822873e-01 0.000000e+00
    outer loop
      vertex   7.555854e-01 1.166224e+01 3.030000e+01
      vertex   3.616230e-01 1.158709e+01 3.180000e+01
      vertex   7.555854e-01 1.166224e+01 3.180000e+01
    endloop
  endfacet
  facet normal -4.257793e-01 9.048271e-01 0.000000e+00
    outer loop
      vertex   7.555854e-01 1.166224e+01 3.030000e+01
      vertex   7.555854e-01 1.166224e+01 3.180000e+01
      vertex   1.118481e+00 1.183300e+01 3.030000e+01
    endloop
  endfacet
  facet normal -4.257793e-01 9.048271e-01 -1.890840e-16
    outer loop
      vertex   1.118481e+00 1.183300e+01 3.030000e+01
      vertex   7.555854e-01 1.166224e+01 3.180000e+01
      vertex   1.118481e+00 1.183300e+01 3.180000e+01
    endloop
  endfacet
  facet normal -6.374240e-01 7.705132e-01 -2.830731e-16
    outer loop
      vertex   1.118481e+00 1.183300e+01 3.030000e+01
      vertex   1.118481e+00 1.183300e+01 3.180000e+01
      vertex   1.427508e+00 1.208865e+01 3.030000e+01
    endloop
  endfacet
  facet normal -6.374240e-01 7.705132e-01 4.406825e-16
    outer loop
      vertex   1.427508e+00 1.208865e+01 3.030000e+01
      vertex   1.118481e+00 1.183300e+01 3.180000e+01
      vertex   1.427508e+00 1.208865e+01 3.180000e+01
    endloop
  endfacet
  facet normal -8.090170e-01 5.877853e-01 9.728471e-17
    outer loop
      vertex   1.427508e+00 1.208865e+01 3.030000e+01
      vertex   1.427508e+00 1.208865e+01 3.180000e+01
      vertex   1.663249e+00 1.241312e+01 3.030000e+01
    endloop
  endfacet
  facet normal -8.090170e-01 5.877853e-01 0.000000e+00
    outer loop
      vertex   1.663249e+00 1.241312e+01 3.030000e+01
      vertex   1.427508e+00 1.208865e+01 3.180000e+01
      vertex   1.663249e+00 1.241312e+01 3.180000e+01
    endloop
  endfacet
  facet normal -9.297765e-01 3.681246e-01 0.000000e+00
    outer loop
      vertex   1.663249e+00 1.241312e+01 3.030000e+01
      vertex   1.663249e+00 1.241312e+01 3.180000e+01
      vertex   1.810891e+00 1.278602e+01 3.030000e+01
    endloop
  endfacet
  facet normal -9.297765e-01 3.681246e-01 -1.376346e-16
    outer loop
      vertex   1.810891e+00 1.278602e+01 3.030000e+01
      vertex   1.663249e+00 1.241312e+01 3.180000e+01
      vertex   1.810891e+00 1.278602e+01 3.180000e+01
    endloop
  endfacet
  facet normal -9.921147e-01 1.253332e-01 -7.265030e-17
    outer loop
      vertex   1.810891e+00 -7.213975e+00 3.030000e+01
      vertex   1.810891e+00 -7.213975e+00 3.180000e+01
      vertex   1.861158e+00 -6.816071e+00 3.030000e+01
    endloop
  endfacet
  facet normal -9.921147e-01 1.253332e-01 0.000000e+00
    outer loop
      vertex   1.861158e+00 -6.816071e+00 3.030000e+01
      vertex   1.810891e+00 -7.213975e+00 3.180000e+01
      vertex   1.861158e+00 -6.816071e+00 3.180000e+01
    endloop
  endfacet
  facet normal -9.921147e-01 -1.253332e-01 0.000000e+00
    outer loop
      vertex   1.861158e+00 -6.816071e+00 3.030000e+01
      vertex   1.861158e+00 -6.816071e+00 3.180000e+01
      vertex   1.810891e+00 -6.418168e+00 3.030000e+01
    endloop
  endfacet
  facet normal -9.921147e-01 -1.253332e-01 7.265030e-17
    outer loop
      vertex   1.810891e+00 -6.418168e+00 3.030000e+01
      vertex   1.861158e+00 -6.816071e+00 3.180000e+01
      vertex   1.810891e+00 -6.418168e+00 3.180000e+01
    endloop
  endfacet
  facet normal -9.297765e-01 -3.681246e-01 -8.033895e-17
    outer loop
      vertex   1.810891e+00 -6.418168e+00 3.030000e+01
      vertex   1.810891e+00 -6.418168e+00 3.180000e+01
      vertex   1.663249e+00 -6.045265e+00 3.030000e+01
    endloop
  endfacet
  facet normal -9.297765e-01 -3.681246e-01 0.000000e+00
    outer loop
      vertex   1.663249e+00 -6.045265e+00 3.030000e+01
      vertex   1.810891e+00 -6.418168e+00 3.180000e+01
      vertex   1.663249e+00 -6.045265e+00 3.180000e+01
    endloop
  endfacet
  facet normal -8.090170e-01 -5.877853e-01 0.000000e+00
    outer loop
      vertex   1.663249e+00 -6.045265e+00 3.030000e+01
      vertex   1.663249e+00 -6.045265e+00 3.180000e+01
      vertex   1.427508e+00 -5.720796e+00 3.030000e+01
    endloop
  endfacet
  facet normal -8.090170e-01 -5.877853e-01 -9.728471e-17
    outer loop
      vertex   1.427508e+00 -5.720796e+00 3.030000e+01
      vertex   1.663249e+00 -6.045265e+00 3.180000e+01
      vertex   1.427508e+00 -5.720796e+00 3.180000e+01
    endloop
  endfacet
  facet normal -6.374240e-01 -7.705132e-01 -4.406825e-16
    outer loop
      vertex   1.427508e+00 -5.720796e+00 3.030000e+01
      vertex   1.427508e+00 -5.720796e+00 3.180000e+01
      vertex   1.118481e+00 -5.465147e+00 3.030000e+01
    endloop
  endfacet
  facet normal -6.374240e-01 -7.705132e-01 2.830731e-16
    outer loop
      vertex   1.118481e+00 -5.465147e+00 3.030000e+01
      vertex   1.427508e+00 -5.720796e+00 3.180000e+01
      vertex   1.118481e+00 -5.465147e+00 3.180000e+01
    endloop
  endfacet
  facet normal -4.257793e-01 -9.048271e-01 1.890840e-16
    outer loop
      vertex   1.118481e+00 -5.465147e+00 3.030000e+01
      vertex   1.118481e+00 -5.465147e+00 3.180000e+01
      vertex   7.555854e-01 -5.294381e+00 3.030000e+01
    endloop
  endfacet
  facet normal -4.257793e-01 -9.048271e-01 0.000000e+00
    outer loop
      vertex   7.555854e-01 -5.294381e+00 3.030000e+01
      vertex   1.118481e+00 -5.465147e+00 3.180000e+01
      vertex   7.555854e-01 -5.294381e+00 3.180000e+01
    endloop
  endfacet
  facet normal -1.873813e-01 -9.822873e-01 0.000000e+00
    outer loop
      vertex   7.555854e-01 -5.294381e+00 3.030000e+01
      vertex   7.555854e-01 -5.294381e+00 3.180000e+01
      vertex   3.616230e-01 -5.219229e+00 3.030000e+01
    endloop
  endfacet
  facet normal -1.873813e-01 -9.822873e-01 1.386900e-16
    outer loop
      vertex   3.616230e-01 -5.219229e+00 3.030000e+01
      vertex   7.555854e-01 -5.294381e+00 3.180000e+01
      vertex   3.616230e-01 -5.219229e+00 3.180000e+01
    endloop
  endfacet
  facet normal 6.279052e-02 -9.980267e-01 -4.647432e-17
    outer loop
      vertex   3.616230e-01 -5.219229e+00 3.030000e+01
      vertex   3.616230e-01 -5.219229e+00 3.180000e+01
      vertex   -3.865193e-02 -5.244412e+00 3.030000e+01
    endloop
  endfacet
  facet normal 6.279052e-02 -9.980267e-01 -2.759413e-17
    outer loop
      vertex   -3.865193e-02 -5.244412e+00 3.030000e+01
      vertex   3.616230e-01 -5.219229e+00 3.180000e+01
      vertex   -3.865193e-02 -5.244412e+00 3.180000e+01
    endloop
  endfacet
  facet normal 3.090170e-01 -9.510565e-01 -1.358016e-16
    outer loop
      vertex   -3.865193e-02 -5.244412e+00 3.030000e+01
      vertex   -3.865193e-02 -5.244412e+00 3.180000e+01
      vertex   -4.200887e-01 -5.368348e+00 3.030000e+01
    endloop
  endfacet
  facet normal 3.090170e-01 -9.510565e-01 3.115482e-16
    outer loop
      vertex   -4.200887e-01 -5.368348e+00 3.030000e+01
      vertex   -3.865193e-02 -5.244412e+00 3.180000e+01
      vertex   -4.200887e-01 -5.368348e+00 3.180000e+01
    endloop
  endfacet
  facet normal 5.358268e-01 -8.443279e-01 6.369192e-17
    outer loop
      vertex   -4.200887e-01 -5.368348e+00 3.030000e+01
      vertex   -4.200887e-01 -5.368348e+00 3.180000e+01
      vertex   -7.587202e-01 -5.583250e+00 3.030000e+01
    endloop
  endfacet
  facet normal 5.358268e-01 -8.443279e-01 -1.189774e-16
    outer loop
      vertex   -7.587202e-01 -5.583250e+00 3.030000e+01
      vertex   -4.200887e-01 -5.368348e+00 3.180000e+01
      vertex   -7.587202e-01 -5.583250e+00 3.180000e+01
    endloop
  endfacet
  facet normal 7.289686e-01 -6.845471e-01 -1.618636e-16
    outer loop
      vertex   -7.587202e-01 -5.583250e+00 3.030000e+01
      vertex   -7.587202e-01 -5.583250e+00 3.180000e+01
      vertex   -1.033269e+00 -5.875615e+00 3.030000e+01
    endloop
  endfacet
  facet normal 7.289686e-01 -6.845471e-01 8.160621e-17
    outer loop
      vertex   -1.033269e+00 -5.875615e+00 3.030000e+01
      vertex   -7.587202e-01 -5.583250e+00 3.180000e+01
      vertex   -1.033269e+00 -5.875615e+00 3.180000e+01
    endloop
  endfacet
  facet normal 8.763067e-01 -4.817537e-01 -1.039029e-16
    outer loop
      vertex   -1.033269e+00 -5.875615e+00 3.030000e+01
      vertex   -1.033269e+00 -5.875615e+00 3.180000e+01
      vertex   -1.226484e+00 -6.227072e+00 3.030000e+01
    endloop
  endfacet
  facet normal 8.763067e-01 -4.817537e-01 2.581658e-17
    outer loop
      vertex   -1.226484e+00 -6.227072e+00 3.030000e+01
      vertex   -1.033269e+00 -5.875615e+00 3.180000e+01
      vertex   -1.226484e+00 -6.227072e+00 3.180000e+01
    endloop
  endfacet
  facet normal 9.685832e-01 -2.486899e-01 -1.395042e-16
    outer loop
      vertex   -1.226484e+00 -6.227072e+00 3.030000e+01
      vertex   -1.226484e+00 -6.227072e+00 3.180000e+01
      vertex   -1.326225e+00 -6.615538e+00 3.030000e+01
    endloop
  endfacet
  facet normal 9.685832e-01 -2.486899e-01 0.000000e+00
    outer loop
      vertex   -1.326225e+00 -6.615538e+00 3.030000e+01
      vertex   -1.226484e+00 -6.227072e+00 3.180000e+01
      vertex   -1.326225e+00 -6.615538e+00 3.180000e+01
    endloop
  endfacet
  facet normal 1.000000e+00 0.000000e+00 -0.000000e+00
    outer loop
      vertex   -1.326225e+00 -6.615538e+00 3.030000e+01
      vertex   -1.326225e+00 -6.615538e+00 3.180000e+01
      vertex   -1.326225e+00 -7.016605e+00 3.030000e+01
    endloop
  endfacet
  facet normal 1.000000e+00 0.000000e+00 0.000000e+00
    outer loop
      vertex   -1.326225e+00 -7.016605e+00 3.030000e+01
      vertex   -1.326225e+00 -6.615538e+00 3.180000e+01
      vertex   -1.326225e+00 -7.016605e+00 3.180000e+01
    endloop
  endfacet
  facet normal 9.685832e-01 2.486899e-01 -0.000000e+00
    outer loop
      vertex   -1.326225e+00 -7.016605e+00 3.030000e+01
      vertex   -1.326225e+00 -7.016605e+00 3.180000e+01
      vertex   -1.226484e+00 -7.405071e+00 3.030000e+01
    endloop
  endfacet
  facet normal 9.685832e-01 2.486899e-01 1.395042e-16
    outer loop
      vertex   -1.226484e+00 -7.405071e+00 3.030000e+01
      vertex   -1.326225e+00 -7.016605e+00 3.180000e+01
      vertex   -1.226484e+00 -7.405071e+00 3.180000e+01
    endloop
  endfacet
  facet normal 8.763067e-01 4.817537e-01 -2.581658e-17
    outer loop
      vertex   -1.226484e+00 -7.405071e+00 3.030000e+01
      vertex   -1.226484e+00 -7.405071e+00 3.180000e+01
      vertex   -1.033269e+00 -7.756528e+00 3.030000e+01
    endloop
  endfacet
  facet normal 8.763067e-01 4.817537e-01 1.039029e-16
    outer loop
      vertex   -1.033269e+00 -7.756528e+00 3.030000e+01
      vertex   -1.226484e+00 -7.405071e+00 3.180000e+01
      vertex   -1.033269e+00 -7.756528e+00 3.180000e+01
    endloop
  endfacet
  facet normal 7.289686e-01 6.845471e-01 -8.160621e-17
    outer loop
      vertex   -1.033269e+00 -7.756528e+00 3.030000e+01
      vertex   -1.033269e+00 -7.756528e+00 3.180000e+01
      vertex   -7.587202e-01 -8.048893e+00 3.030000e+01
    endloop
  endfacet
  facet normal 7.289686e-01 6.845471e-01 1.618636e-16
    outer loop
      vertex   -7.587202e-01 -8.048893e+00 3.030000e+01
      vertex   -1.033269e+00 -7.756528e+00 3.180000e+01
      vertex   -7.587202e-01 -8.048893e+00 3.180000e+01
    endloop
  endfacet
  facet normal 5.358268e-01 8.443279e-01 1.189774e-16
    outer loop
      vertex   -7.587202e-01 -8.048893e+00 3.030000e+01
      vertex   -7.587202e-01 -8.048893e+00 3.180000e+01
      vertex   -4.200887e-01 -8.263795e+00 3.030000e+01
    endloop
  endfacet
  facet normal 5.358268e-01 8.443279e-01 -5.636345e-16
    outer loop
      vertex   -4.200887e-01 -8.263795e+00 3.030000e+01
      vertex   -7.587202e-01 -8.048893e+00 3.180000e+01
      vertex   -4.200887e-01 -8.263795e+00 3.180000e+01
    endloop
  endfacet
  facet normal 3.090170e-01 9.510565e-01 -8.746868e-16
    outer loop
      vertex   -4.200887e-01 -8.263795e+00 3.030000e+01
      vertex   -4.200887e-01 -8.263795e+00 3.180000e+01
      vertex   -3.865193e-02 -8.387731e+00 3.030000e+01
    endloop
  endfacet
  facet normal 3.090170e-01 9.510565e-01 1.358016e-16
    outer loop
      vertex   -3.865193e-02 -8.387731e+00 3.030000e+01
      vertex   -4.200887e-01 -8.263795e+00 3.180000e+01
      vertex   -3.865193e-02 -8.387731e+00 3.180000e+01
    endloop
  endfacet
  facet normal 6.279052e-02 9.980267e-01 2.759413e-17
    outer loop
      vertex   -3.865193e-02 -8.387731e+00 3.030000e+01
      vertex   -3.865193e-02 -8.387731e+00 3.180000e+01
      vertex   3.616230e-01 -8.412914e+00 3.030000e+01
    endloop
  endfacet
  facet normal 6.279052e-02 9.980267e-01 4.647432e-17
    outer loop
      vertex   3.616230e-01 -8.412914e+00 3.030000e+01
      vertex   -3.865193e-02 -8.387731e+00 3.180000e+01
      vertex   3.616230e-01 -8.412914e+00 3.180000e+01
    endloop
  endfacet
  facet normal -1.873813e-01 9.822873e-01 -1.386900e-16
    outer loop
      vertex   3.616230e-01 -8.412914e+00 3.030000e+01
      vertex   3.616230e-01 -8.412914e+00 3.180000e+01
      vertex   7.555854e-01 -8.337762e+00 3.030000e+01
    endloop
  endfacet
  facet normal -1.873813e-01 9.822873e-01 0.000000e+00
    outer loop
      vertex   7.555854e-01 -8.337762e+00 3.030000e+01
      vertex   3.616230e-01 -8.412914e+00 3.180000e+01
      vertex   7.555854e-01 -8.337762e+00 3.180000e+01
    endloop
  endfacet
  facet normal -4.257793e-01 9.048271e-01 0.000000e+00
    outer loop
      vertex   7.555854e-01 -8.337762e+00 3.030000e+01
      vertex   7.555854e-01 -8.337762e+00 3.180000e+01
      vertex   1.118481e+00 -8.166996e+00 3.030000e+01
    endloop
  endfacet
  facet normal -4.257793e-01 9.048271e-01 -1.890840e-16
    outer loop
      vertex   1.118481e+00 -8.166996e+00 3.030000e+01
      vertex   7.555854e-01 -8.337762e+00 3.180000e+01
      vertex   1.118481e+00 -8.166996e+00 3.180000e+01
    endloop
  endfacet
  facet normal -6.374240e-01 7.705132e-01 -2.830731e-16
    outer loop
      vertex   1.118481e+00 -8.166996e+00 3.030000e+01
      vertex   1.118481e+00 -8.166996e+00 3.180000e+01
      vertex   1.427508e+00 -7.911347e+00 3.030000e+01
    endloop
  endfacet
  facet normal -6.374240e-01 7.705132e-01 4.406825e-16
    outer loop
      vertex   1.427508e+00 -7.911347e+00 3.030000e+01
      vertex   1.118481e+00 -8.166996e+00 3.180000e+01
      vertex   1.427508e+00 -7.911347e+00 3.180000e+01
    endloop
  endfacet
  facet normal -8.090170e-01 5.877853e-01 9.728471e-17
    outer loop
      vertex   1.427508e+00 -7.911347e+00 3.030000e+01
      vertex   1.427508e+00 -7.911347e+00 3.180000e+01
      vertex   1.663249e+00 -7.586877e+00 3.030000e+01
    endloop
  endfacet
  facet normal -8.090170e-01 5.877853e-01 0.000000e+00
    outer loop
      vertex   1.663249e+00 -7.586877e+00 3.030000e+01
      vertex   1.427508e+00 -7.911347e+00 3.180000e+01
      vertex   1.663249e+00 -7.586877e+00 3.180000e+01
    endloop
  endfacet
  facet normal -9.297765e-01 3.681246e-01 0.000000e+00
    outer loop
      vertex   1.663249e+00 -7.586877e+00 3.030000e+01
      vertex   1.663249e+00 -7.586877e+00 3.180000e+01
      vertex   1.810891e+00 -7.213975e+00 3.030000e+01
    endloop
  endfacet
  facet normal -9.297765e-01 3.681246e-01 8.033895e-17
    outer loop
      vertex   1.810891e+00 -7.213975e+00 3.030000e+01
      vertex   1.663249e+00 -7.586877e+00 3.180000e+01
      vertex   1.810891e+00 -7.213975e+00 3.180000e+01
    endloop
  endfacet
  facet normal -9.941380e-01 1.081190e-01 0.000000e+00
    outer loop
      vertex   2.385308e+00 1.271637e+01 2.780000e+01
      vertex   2.385308e+00 1.271637e+01 3.030000e+01
      vertex   2.436158e+00 1.318393e+01 2.780000e+01
    endloop
  endfacet
  facet normal -9.941380e-01 1.081190e-01 0.000000e+00
    outer loop
      vertex   2.436158e+00 1.318393e+01 2.780000e+01
      vertex   2.385308e+00 1.271637e+01 3.030000e+01
      vertex   2.436158e+00 1.318393e+01 3.030000e+01
    endloop
  endfacet
  facet normal -9.941380e-01 -1.081190e-01 0.000000e+00
    outer loop
      vertex   2.436158e+00 1.318393e+01 2.780000e+01
      vertex   2.436158e+00 1.318393e+01 3.030000e+01
      vertex   2.385308e+00 1.365149e+01 2.780000e+01
    endloop
  endfacet
  facet normal -9.941380e-01 -1.081190e-01 0.000000e+00
    outer loop
      vertex   2.385308e+00 1.365149e+01 2.780000e+01
      vertex   2.436158e+00 1.318393e+01 3.030000e+01
      vertex   2.385308e+00 1.365149e+01 3.030000e+01
    endloop
  endfacet
  facet normal -9.476532e-01 -3.193015e-01 0.000000e+00
    outer loop
      vertex   2.385308e+00 1.365149e+01 2.780000e+01
      vertex   2.385308e+00 1.365149e+01 3.030000e+01
      vertex   2.235135e+00 1.409719e+01 2.780000e+01
    endloop
  endfacet
  facet normal -9.476532e-01 -3.193015e-01 0.000000e+00
    outer loop
      vertex   2.235135e+00 1.409719e+01 2.780000e+01
      vertex   2.385308e+00 1.365149e+01 3.030000e+01
      vertex   2.235135e+00 1.409719e+01 3.030000e+01
    endloop
  endfacet
  facet normal -8.568572e-01 -5.155539e-01 0.000000e+00
    outer loop
      vertex   2.235135e+00 1.409719e+01 2.780000e+01
      vertex   2.235135e+00 1.409719e+01 3.030000e+01
      vertex   1.992661e+00 1.450018e+01 2.780000e+01
    endloop
  endfacet
  facet normal -8.568572e-01 -5.155539e-01 0.000000e+00
    outer loop
      vertex   1.992661e+00 1.450018e+01 2.780000e+01
      vertex   2.235135e+00 1.409719e+01 3.030000e+01
      vertex   1.992661e+00 1.450018e+01 3.030000e+01
    endloop
  endfacet
  facet normal -7.259955e-01 -6.876995e-01 0.000000e+00
    outer loop
      vertex   1.992661e+00 1.450018e+01 2.780000e+01
      vertex   1.992661e+00 1.450018e+01 3.030000e+01
      vertex   1.669223e+00 1.484163e+01 2.780000e+01
    endloop
  endfacet
  facet normal -7.259955e-01 -6.876995e-01 0.000000e+00
    outer loop
      vertex   1.669223e+00 1.484163e+01 2.780000e+01
      vertex   1.992661e+00 1.450018e+01 3.030000e+01
      vertex   1.669223e+00 1.484163e+01 3.030000e+01
    endloop
  endfacet
  facet normal -5.611871e-01 -8.276890e-01 0.000000e+00
    outer loop
      vertex   1.669223e+00 1.484163e+01 2.780000e+01
      vertex   1.669223e+00 1.484163e+01 3.030000e+01
      vertex   1.279947e+00 1.510557e+01 2.780000e+01
    endloop
  endfacet
  facet normal -5.611871e-01 -8.276890e-01 0.000000e+00
    outer loop
      vertex   1.279947e+00 1.510557e+01 2.780000e+01
      vertex   1.669223e+00 1.484163e+01 3.030000e+01
      vertex   1.279947e+00 1.510557e+01 3.030000e+01
    endloop
  endfacet
  facet normal -3.701382e-01 -9.289767e-01 0.000000e+00
    outer loop
      vertex   1.279947e+00 1.510557e+01 2.780000e+01
      vertex   1.279947e+00 1.510557e+01 3.030000e+01
      vertex   8.430323e-01 1.527965e+01 2.780000e+01
    endloop
  endfacet
  facet normal -3.701382e-01 -9.289767e-01 0.000000e+00
    outer loop
      vertex   8.430323e-01 1.527965e+01 2.780000e+01
      vertex   1.279947e+00 1.510557e+01 3.030000e+01
      vertex   8.430323e-01 1.527965e+01 3.030000e+01
    endloop
  endfacet
  facet normal -1.617820e-01 -9.868265e-01 0.000000e+00
    outer loop
      vertex   8.430323e-01 1.527965e+01 2.780000e+01
      vertex   8.430323e-01 1.527965e+01 3.030000e+01
      vertex   3.789103e-01 1.535574e+01 2.780000e+01
    endloop
  endfacet
  facet normal -1.617820e-01 -9.868265e-01 0.000000e+00
    outer loop
      vertex   3.789103e-01 1.535574e+01 2.780000e+01
      vertex   8.430323e-01 1.527965e+01 3.030000e+01
      vertex   3.789103e-01 1.535574e+01 3.030000e+01
    endloop
  endfacet
  facet normal 5.413891e-02 -9.985334e-01 0.000000e+00
    outer loop
      vertex   3.789103e-01 1.535574e+01 2.780000e+01
      vertex   3.789103e-01 1.535574e+01 3.030000e+01
      vertex   -9.071767e-02 1.533028e+01 2.780000e+01
    endloop
  endfacet
  facet normal 5.413891e-02 -9.985334e-01 0.000000e+00
    outer loop
      vertex   -9.071767e-02 1.533028e+01 2.780000e+01
      vertex   3.789103e-01 1.535574e+01 3.030000e+01
      vertex   -9.071767e-02 1.533028e+01 3.030000e+01
    endloop
  endfacet
  facet normal 2.675283e-01 -9.635500e-01 0.000000e+00
    outer loop
      vertex   -9.071767e-02 1.533028e+01 2.780000e+01
      vertex   -9.071767e-02 1.533028e+01 3.030000e+01
      vertex   -5.438923e-01 1.520445e+01 2.780000e+01
    endloop
  endfacet
  facet normal 2.675283e-01 -9.635500e-01 0.000000e+00
    outer loop
      vertex   -5.438923e-01 1.520445e+01 2.780000e+01
      vertex   -9.071767e-02 1.533028e+01 3.030000e+01
      vertex   -5.438923e-01 1.520445e+01 3.030000e+01
    endloop
  endfacet
  facet normal 4.684084e-01 -8.835120e-01 0.000000e+00
    outer loop
      vertex   -5.438923e-01 1.520445e+01 2.780000e+01
      vertex   -5.438923e-01 1.520445e+01 3.030000e+01
      vertex   -9.594237e-01 1.498415e+01 2.780000e+01
    endloop
  endfacet
  facet normal 4.684084e-01 -8.835120e-01 0.000000e+00
    outer loop
      vertex   -9.594237e-01 1.498415e+01 2.780000e+01
      vertex   -5.438923e-01 1.520445e+01 3.030000e+01
      vertex   -9.594237e-01 1.498415e+01 3.030000e+01
    endloop
  endfacet
  facet normal 6.473863e-01 -7.621621e-01 0.000000e+00
    outer loop
      vertex   -9.594237e-01 1.498415e+01 2.780000e+01
      vertex   -9.594237e-01 1.498415e+01 3.030000e+01
      vertex   -1.317882e+00 1.467967e+01 2.780000e+01
    endloop
  endfacet
  facet normal 6.473863e-01 -7.621621e-01 0.000000e+00
    outer loop
      vertex   -1.317882e+00 1.467967e+01 2.780000e+01
      vertex   -9.594237e-01 1.498415e+01 3.030000e+01
      vertex   -1.317882e+00 1.467967e+01 3.030000e+01
    endloop
  endfacet
  facet normal 7.960931e-01 -6.051742e-01 0.000000e+00
    outer loop
      vertex   -1.317882e+00 1.467967e+01 2.780000e+01
      vertex   -1.317882e+00 1.467967e+01 3.030000e+01
      vertex   -1.602506e+00 1.430526e+01 2.780000e+01
    endloop
  endfacet
  facet normal 7.960931e-01 -6.051742e-01 0.000000e+00
    outer loop
      vertex   -1.602506e+00 1.430526e+01 2.780000e+01
      vertex   -1.317882e+00 1.467967e+01 3.030000e+01
      vertex   -1.602506e+00 1.430526e+01 3.030000e+01
    endloop
  endfacet
  facet normal 9.075754e-01 -4.198891e-01 0.000000e+00
    outer loop
      vertex   -1.602506e+00 1.430526e+01 2.780000e+01
      vertex   -1.602506e+00 1.430526e+01 3.030000e+01
      vertex   -1.799987e+00 1.387841e+01 2.780000e+01
    endloop
  endfacet
  facet normal 9.075754e-01 -4.198891e-01 0.000000e+00
    outer loop
      vertex   -1.799987e+00 1.387841e+01 2.780000e+01
      vertex   -1.602506e+00 1.430526e+01 3.030000e+01
      vertex   -1.799987e+00 1.387841e+01 3.030000e+01
    endloop
  endfacet
  facet normal 9.766206e-01 -2.149704e-01 0.000000e+00
    outer loop
      vertex   -1.799987e+00 1.387841e+01 2.780000e+01
      vertex   -1.799987e+00 1.387841e+01 3.030000e+01
      vertex   -1.901092e+00 1.341909e+01 2.780000e+01
    endloop
  endfacet
  facet normal 9.766206e-01 -2.149704e-01 0.000000e+00
    outer loop
      vertex   -1.901092e+00 1.341909e+01 2.780000e+01
      vertex   -1.799987e+00 1.387841e+01 3.030000e+01
      vertex   -1.901092e+00 1.341909e+01 3.030000e+01
    endloop
  endfacet
  facet normal 1.000000e+00 0.000000e+00 -0.000000e+00
    outer loop
      vertex   -1.901092e+00 1.341909e+01 2.780000e+01
      vertex   -1.901092e+00 1.341909e+01 3.030000e+01
      vertex   -1.901092e+00 1.294877e+01 2.780000e+01
    endloop
  endfacet
  facet normal 1.000000e+00 0.000000e+00 0.000000e+00
    outer loop
      vertex   -1.901092e+00 1.294877e+01 2.780000e+01
      vertex   -1.901092e+00 1.341909e+01 3.030000e+01
      vertex   -1.901092e+00 1.294877e+01 3.030000e+01
    endloop
  endfacet
  facet normal 9.766206e-01 2.149704e-01 -0.000000e+00
    outer loop
      vertex   -1.901092e+00 1.294877e+01 2.780000e+01
      vertex   -1.901092e+00 1.294877e+01 3.030000e+01
      vertex   -1.799987e+00 1.248945e+01 2.780000e+01
    endloop
  endfacet
  facet normal 9.766206e-01 2.149704e-01 -0.000000e+00
    outer loop
      vertex   -1.799987e+00 1.248945e+01 2.780000e+01
      vertex   -1.901092e+00 1.294877e+01 3.030000e+01
      vertex   -1.799987e+00 1.248945e+01 3.030000e+01
    endloop
  endfacet
  facet normal 9.075754e-01 4.198891e-01 -0.000000e+00
    outer loop
      vertex   -1.799987e+00 1.248945e+01 2.780000e+01
      vertex   -1.799987e+00 1.248945e+01 3.030000e+01
      vertex   -1.602506e+00 1.206260e+01 2.780000e+01
    endloop
  endfacet
  facet normal 9.075754e-01 4.198891e-01 -0.000000e+00
    outer loop
      vertex   -1.602506e+00 1.206260e+01 2.780000e+01
      vertex   -1.799987e+00 1.248945e+01 3.030000e+01
      vertex   -1.602506e+00 1.206260e+01 3.030000e+01
    endloop
  endfacet
  facet normal 7.960931e-01 6.051742e-01 -0.000000e+00
    outer loop
      vertex   -1.602506e+00 1.206260e+01 2.780000e+01
      vertex   -1.602506e+00 1.206260e+01 3.030000e+01
      vertex   -1.317882e+00 1.168818e+01 2.780000e+01
    endloop
  endfacet
  facet normal 7.960931e-01 6.051742e-01 -0.000000e+00
    outer loop
      vertex   -1.317882e+00 1.168818e+01 2.780000e+01
      vertex   -1.602506e+00 1.206260e+01 3.030000e+01
      vertex   -1.317882e+00 1.168818e+01 3.030000e+01
    endloop
  endfacet
  facet normal 6.473863e-01 7.621621e-01 -0.000000e+00
    outer loop
      vertex   -1.317882e+00 1.168818e+01 2.780000e+01
      vertex   -1.317882e+00 1.168818e+01 3.030000e+01
      vertex   -9.594237e-01 1.138371e+01 2.780000e+01
    endloop
  endfacet
  facet normal 6.473863e-01 7.621621e-01 -0.000000e+00
    outer loop
      vertex   -9.594237e-01 1.138371e+01 2.780000e+01
      vertex   -1.317882e+00 1.168818e+01 3.030000e+01
      vertex   -9.594237e-01 1.138371e+01 3.030000e+01
    endloop
  endfacet
  facet normal 4.684084e-01 8.835120e-01 -0.000000e+00
    outer loop
      vertex   -9.594237e-01 1.138371e+01 2.780000e+01
      vertex   -9.594237e-01 1.138371e+01 3.030000e+01
      vertex   -5.438923e-01 1.116340e+01 2.780000e+01
    endloop
  endfacet
  facet normal 4.684084e-01 8.835120e-01 -0.000000e+00
    outer loop
      vertex   -5.438923e-01 1.116340e+01 2.780000e+01
      vertex   -9.594237e-01 1.138371e+01 3.030000e+01
      vertex   -5.438923e-01 1.116340e+01 3.030000e+01
    endloop
  endfacet
  facet normal 2.675283e-01 9.635500e-01 -0.000000e+00
    outer loop
      vertex   -5.438923e-01 1.116340e+01 2.780000e+01
      vertex   -5.438923e-01 1.116340e+01 3.030000e+01
      vertex   -9.071767e-02 1.103758e+01 2.780000e+01
    endloop
  endfacet
  facet normal 2.675283e-01 9.635500e-01 -0.000000e+00
    outer loop
      vertex   -9.071767e-02 1.103758e+01 2.780000e+01
      vertex   -5.438923e-01 1.116340e+01 3.030000e+01
      vertex   -9.071767e-02 1.103758e+01 3.030000e+01
    endloop
  endfacet
  facet normal 5.413891e-02 9.985334e-01 -0.000000e+00
    outer loop
      vertex   -9.071767e-02 1.103758e+01 2.780000e+01
      vertex   -9.071767e-02 1.103758e+01 3.030000e+01
      vertex   3.789103e-01 1.101212e+01 2.780000e+01
    endloop
  endfacet
  facet normal 5.413891e-02 9.985334e-01 -0.000000e+00
    outer loop
      vertex   3.789103e-01 1.101212e+01 2.780000e+01
      vertex   -9.071767e-02 1.103758e+01 3.030000e+01
      vertex   3.789103e-01 1.101212e+01 3.030000e+01
    endloop
  endfacet
  facet normal -1.617820e-01 9.868265e-01 0.000000e+00
    outer loop
      vertex   3.789103e-01 1.101212e+01 2.780000e+01
      vertex   3.789103e-01 1.101212e+01 3.030000e+01
      vertex   8.430323e-01 1.108821e+01 2.780000e+01
    endloop
  endfacet
  facet normal -1.617820e-01 9.868265e-01 0.000000e+00
    outer loop
      vertex   8.430323e-01 1.108821e+01 2.780000e+01
      vertex   3.789103e-01 1.101212e+01 3.030000e+01
      vertex   8.430323e-01 1.108821e+01 3.030000e+01
    endloop
  endfacet
  facet normal -3.701382e-01 9.289767e-01 0.000000e+00
    outer loop
      vertex   8.430323e-01 1.108821e+01 2.780000e+01
      vertex   8.430323e-01 1.108821e+01 3.030000e+01
      vertex   1.279947e+00 1.126229e+01 2.780000e+01
    endloop
  endfacet
  facet normal -3.701382e-01 9.289767e-01 0.000000e+00
    outer loop
      vertex   1.279947e+00 1.126229e+01 2.780000e+01
      vertex   8.430323e-01 1.108821e+01 3.030000e+01
      vertex   1.279947e+00 1.126229e+01 3.030000e+01
    endloop
  endfacet
  facet normal -5.611871e-01 8.276890e-01 0.000000e+00
    outer loop
      vertex   1.279947e+00 1.126229e+01 2.780000e+01
      vertex   1.279947e+00 1.126229e+01 3.030000e+01
      vertex   1.669223e+00 1.152623e+01 2.780000e+01
    endloop
  endfacet
  facet normal -5.611871e-01 8.276890e-01 0.000000e+00
    outer loop
      vertex   1.669223e+00 1.152623e+01 2.780000e+01
      vertex   1.279947e+00 1.126229e+01 3.030000e+01
      vertex   1.669223e+00 1.152623e+01 3.030000e+01
    endloop
  endfacet
  facet normal -7.259955e-01 6.876995e-01 0.000000e+00
    outer loop
      vertex   1.669223e+00 1.152623e+01 2.780000e+01
      vertex   1.669223e+00 1.152623e+01 3.030000e+01
      vertex   1.992661e+00 1.186767e+01 2.780000e+01
    endloop
  endfacet
  facet normal -7.259955e-01 6.876995e-01 0.000000e+00
    outer loop
      vertex   1.992661e+00 1.186767e+01 2.780000e+01
      vertex   1.669223e+00 1.152623e+01 3.030000e+01
      vertex   1.992661e+00 1.186767e+01 3.030000e+01
    endloop
  endfacet
  facet normal -8.568572e-01 5.155539e-01 0.000000e+00
    outer loop
      vertex   1.992661e+00 1.186767e+01 2.780000e+01
      vertex   1.992661e+00 1.186767e+01 3.030000e+01
      vertex   2.235135e+00 1.227067e+01 2.780000e+01
    endloop
  endfacet
  facet normal -8.568572e-01 5.155539e-01 0.000000e+00
    outer loop
      vertex   2.235135e+00 1.227067e+01 2.780000e+01
      vertex   1.992661e+00 1.186767e+01 3.030000e+01
      vertex   2.235135e+00 1.227067e+01 3.030000e+01
    endloop
  endfacet
  facet normal -9.476532e-01 3.193015e-01 0.000000e+00
    outer loop
      vertex   2.235135e+00 1.227067e+01 2.780000e+01
      vertex   2.235135e+00 1.227067e+01 3.030000e+01
      vertex   2.385308e+00 1.271637e+01 2.780000e+01
    endloop
  endfacet
  facet normal -9.476532e-01 3.193015e-01 0.000000e+00
    outer loop
      vertex   2.385308e+00 1.271637e+01 2.780000e+01
      vertex   2.235135e+00 1.227067e+01 3.030000e+01
      vertex   2.385308e+00 1.271637e+01 3.030000e+01
    endloop
  endfacet
  facet normal 0.000000e+00 0.000000e+00 -1.000000e+00
    outer loop
      vertex   1.810891e+00 1.358183e+01 3.030000e+01
      vertex   2.385308e+00 1.365149e+01 3.030000e+01
      vertex   1.861158e+00 1.318393e+01 3.030000e+01
    endloop
  endfacet
  facet normal 0.000000e+00 0.000000e+00 -1.000000e+00
    outer loop
      vertex   1.861158e+00 1.318393e+01 3.030000e+01
      vertex   2.385308e+00 1.365149e+01 3.030000e+01
      vertex   2.436158e+00 1.318393e+01 3.030000e+01
    endloop
  endfacet
  facet normal 0.000000e+00 0.000000e+00 -1.000000e+00
    outer loop
      vertex   1.861158e+00 1.318393e+01 3.030000e+01
      vertex   2.436158e+00 1.318393e+01 3.030000e+01
      vertex   2.385308e+00 1.271637e+01 3.030000e+01
    endloop
  endfacet
  facet normal -0.000000e+00 0.000000e+00 -1.000000e+00
    outer loop
      vertex   2.385308e+00 1.365149e+01 3.030000e+01
      vertex   1.810891e+00 1.358183e+01 3.030000e+01
      vertex   2.235135e+00 1.409719e+01 3.030000e+01
    endloop
  endfacet
  facet normal 0.000000e+00 0.000000e+00 -1.000000e+00
    outer loop
      vertex   2.235135e+00 1.409719e+01 3.030000e+01
      vertex   1.810891e+00 1.358183e+01 3.030000e+01
      vertex   1.663249e+00 1.395473e+01 3.030000e+01
    endloop
  endfacet
  facet normal -0.000000e+00 0.000000e+00 -1.000000e+00
    outer loop
      vertex   2.235135e+00 1.409719e+01 3.030000e+01
      vertex   1.663249e+00 1.395473e+01 3.030000e+01
      vertex   1.992661e+00 1.450018e+01 3.030000e+01
    endloop
  endfacet
  facet normal 0.000000e+00 0.000000e+00 -1.000000e+00
    outer loop
      vertex   1.992661e+00 1.450018e+01 3.030000e+01
      vertex   1.663249e+00 1.395473e+01 3.030000e+01
      vertex   1.427508e+00 1.427920e+01 3.030000e+01
    endloop
  endfacet
  facet normal -0.000000e+00 0.000000e+00 -1.000000e+00
    outer loop
      vertex   1.992661e+00 1.450018e+01 3.030000e+01
      vertex   1.427508e+00 1.427920e+01 3.030000e+01
      vertex   1.669223e+00 1.484163e+01 3.030000e+01
    endloop
  endfacet
  facet normal 0.000000e+00 0.000000e+00 -1.000000e+00
    outer loop
      vertex   1.669223e+00 1.484163e+01 3.030000e+01
      vertex   1.427508e+00 1.427920e+01 3.030000e+01
      vertex   1.118481e+00 1.453485e+01 3.030000e+01
    endloop
  endfacet
  facet normal -0.000000e+00 0.000000e+00 -1.000000e+00
    outer loop
      vertex   1.669223e+00 1.484163e+01 3.030000e+01
      vertex   1.118481e+00 1.453485e+01 3.030000e+01
      vertex   1.279947e+00 1.510557e+01 3.030000e+01
    endloop
  endfacet
  facet normal 0.000000e+00 0.000000e+00 -1.000000e+00
    outer loop
      vertex   1.279947e+00 1.510557e+01 3.030000e+01
      vertex   1.118481e+00 1.453485e+01 3.030000e+01
      vertex   7.555854e-01 1.470562e+01 3.030000e+01
    endloop
  endfacet
  facet normal -0.000000e+00 0.000000e+00 -1.000000e+00
    outer loop
      vertex   1.279947e+00 1.510557e+01 3.030000e+01
      vertex   7.555854e-01 1.470562e+01 3.030000e+01
      vertex   8.430323e-01 1.527965e+01 3.030000e+01
    endloop
  endfacet
  facet normal 0.000000e+00 0.000000e+00 -1.000000e+00
    outer loop
      vertex   8.430323e-01 1.527965e+01 3.030000e+01
      vertex   7.555854e-01 1.470562e+01 3.030000e+01
      vertex   3.616230e-01 1.478077e+01 3.030000e+01
    endloop
  endfacet
  facet normal -0.000000e+00 0.000000e+00 -1.000000e+00
    outer loop
      vertex   8.430323e-01 1.527965e+01 3.030000e+01
      vertex   3.616230e-01 1.478077e+01 3.030000e+01
      vertex   3.789103e-01 1.535574e+01 3.030000e+01
    endloop
  endfacet
  facet normal 0.000000e+00 0.000000e+00 -1.000000e+00
    outer loop
      vertex   3.789103e-01 1.535574e+01 3.030000e+01
      vertex   3.616230e-01 1.478077e+01 3.030000e+01
      vertex   -9.071767e-02 1.533028e+01 3.030000e+01
    endloop
  endfacet
  facet normal 0.000000e+00 0.000000e+00 -1.000000e+00
    outer loop
      vertex   -9.071767e-02 1.533028e+01 3.030000e+01
      vertex   3.616230e-01 1.478077e+01 3.030000e+01
      vertex   -3.865193e-02 1.475559e+01 3.030000e+01
    endloop
  endfacet
  facet normal 0.000000e+00 -0.000000e+00 -1.000000e+00
    outer loop
      vertex   -9.071767e-02 1.533028e+01 3.030000e+01
      vertex   -3.865193e-02 1.475559e+01 3.030000e+01
      vertex   -5.438923e-01 1.520445e+01 3.030000e+01
    endloop
  endfacet
  facet normal 0.000000e+00 0.000000e+00 -1.000000e+00
    outer loop
      vertex   -5.438923e-01 1.520445e+01 3.030000e+01
      vertex   -3.865193e-02 1.475559e+01 3.030000e+01
      vertex   -4.200887e-01 1.463165e+01 3.030000e+01
    endloop
  endfacet
  facet normal 0.000000e+00 -0.000000e+00 -1.000000e+00
    outer loop
      vertex   -5.438923e-01 1.520445e+01 3.030000e+01
      vertex   -4.200887e-01 1.463165e+01 3.030000e+01
      vertex   -9.594237e-01 1.498415e+01 3.030000e+01
    endloop
  endfacet
  facet normal 0.000000e+00 0.000000e+00 -1.000000e+00
    outer loop
      vertex   -9.594237e-01 1.498415e+01 3.030000e+01
      vertex   -4.200887e-01 1.463165e+01 3.030000e+01
      vertex   -7.587202e-01 1.441675e+01 3.030000e+01
    endloop
  endfacet
  facet normal 0.000000e+00 -0.000000e+00 -1.000000e+00
    outer loop
      vertex   -9.594237e-01 1.498415e+01 3.030000e+01
      vertex   -7.587202e-01 1.441675e+01 3.030000e+01
      vertex   -1.317882e+00 1.467967e+01 3.030000e+01
    endloop
  endfacet
  facet normal 0.000000e+00 0.000000e+00 -1.000000e+00
    outer loop
      vertex   -1.317882e+00 1.467967e+01 3.030000e+01
      vertex   -7.587202e-01 1.441675e+01 3.030000e+01
      vertex   -1.033269e+00 1.412439e+01 3.030000e+01
    endloop
  endfacet
  facet normal 0.000000e+00 -0.000000e+00 -1.000000e+00
    outer loop
      vertex   -1.317882e+00 1.467967e+01 3.030000e+01
      vertex   -1.033269e+00 1.412439e+01 3.030000e+01
      vertex   -1.602506e+00 1.430526e+01 3.030000e+01
    endloop
  endfacet
  facet normal 0.000000e+00 0.000000e+00 -1.000000e+00
    outer loop
      vertex   -1.602506e+00 1.430526e+01 3.030000e+01
      vertex   -1.033269e+00 1.412439e+01 3.030000e+01
      vertex   -1.226484e+00 1.377293e+01 3.030000e+01
    endloop
  endfacet
  facet normal 0.000000e+00 -0.000000e+00 -1.000000e+00
    outer loop
      vertex   -1.602506e+00 1.430526e+01 3.030000e+01
      vertex   -1.226484e+00 1.377293e+01 3.030000e+01
      vertex   -1.799987e+00 1.387841e+01 3.030000e+01
    endloop
  endfacet
  facet normal 0.000000e+00 0.000000e+00 -1.000000e+00
    outer loop
      vertex   -1.799987e+00 1.387841e+01 3.030000e+01
      vertex   -1.226484e+00 1.377293e+01 3.030000e+01
      vertex   -1.326225e+00 1.338446e+01 3.030000e+01
    endloop
  endfacet
  facet normal 0.000000e+00 -0.000000e+00 -1.000000e+00
    outer loop
      vertex   -1.799987e+00 1.387841e+01 3.030000e+01
      vertex   -1.326225e+00 1.338446e+01 3.030000e+01
      vertex   -1.901092e+00 1.341909e+01 3.030000e+01
    endloop
  endfacet
  facet normal 0.000000e+00 0.000000e+00 -1.000000e+00
    outer loop
      vertex   -1.901092e+00 1.341909e+01 3.030000e+01
      vertex   -1.326225e+00 1.338446e+01 3.030000e+01
      vertex   -1.326225e+00 1.298340e+01 3.030000e+01
    endloop
  endfacet
  facet normal 0.000000e+00 0.000000e+00 -1.000000e+00
    outer loop
      vertex   -1.901092e+00 1.341909e+01 3.030000e+01
      vertex   -1.326225e+00 1.298340e+01 3.030000e+01
      vertex   -1.901092e+00 1.294877e+01 3.030000e+01
    endloop
  endfacet
  facet normal 0.000000e+00 0.000000e+00 -1.000000e+00
    outer loop
      vertex   -1.901092e+00 1.294877e+01 3.030000e+01
      vertex   -1.326225e+00 1.298340e+01 3.030000e+01
      vertex   -1.799987e+00 1.248945e+01 3.030000e+01
    endloop
  endfacet
  facet normal 0.000000e+00 0.000000e+00 -1.000000e+00
    outer loop
      vertex   -1.799987e+00 1.248945e+01 3.030000e+01
      vertex   -1.326225e+00 1.298340e+01 3.030000e+01
      vertex   -1.226484e+00 1.259493e+01 3.030000e+01
    endloop
  endfacet
  facet normal 0.000000e+00 0.000000e+00 -1.000000e+00
    outer loop
      vertex   -1.799987e+00 1.248945e+01 3.030000e+01
      vertex   -1.226484e+00 1.259493e+01 3.030000e+01
      vertex   -1.602506e+00 1.206260e+01 3.030000e+01
    endloop
  endfacet
  facet normal 0.000000e+00 0.000000e+00 -1.000000e+00
    outer loop
      vertex   -1.602506e+00 1.206260e+01 3.030000e+01
      vertex   -1.226484e+00 1.259493e+01 3.030000e+01
      vertex   -1.033269e+00 1.224347e+01 3.030000e+01
    endloop
  endfacet
  facet normal 0.000000e+00 0.000000e+00 -1.000000e+00
    outer loop
      vertex   -1.602506e+00 1.206260e+01 3.030000e+01
      vertex   -1.033269e+00 1.224347e+01 3.030000e+01
      vertex   -1.317882e+00 1.168818e+01 3.030000e+01
    endloop
  endfacet
  facet normal 0.000000e+00 0.000000e+00 -1.000000e+00
    outer loop
      vertex   -1.317882e+00 1.168818e+01 3.030000e+01
      vertex   -1.033269e+00 1.224347e+01 3.030000e+01
      vertex   -7.587202e-01 1.195111e+01 3.030000e+01
    endloop
  endfacet
  facet normal 0.000000e+00 0.000000e+00 -1.000000e+00
    outer loop
      vertex   -1.317882e+00 1.168818e+01 3.030000e+01
      vertex   -7.587202e-01 1.195111e+01 3.030000e+01
      vertex   -9.594237e-01 1.138371e+01 3.030000e+01
    endloop
  endfacet
  facet normal 0.000000e+00 0.000000e+00 -1.000000e+00
    outer loop
      vertex   -9.594237e-01 1.138371e+01 3.030000e+01
      vertex   -7.587202e-01 1.195111e+01 3.030000e+01
      vertex   -4.200887e-01 1.173621e+01 3.030000e+01
    endloop
  endfacet
  facet normal 0.000000e+00 0.000000e+00 -1.000000e+00
    outer loop
      vertex   -9.594237e-01 1.138371e+01 3.030000e+01
      vertex   -4.200887e-01 1.173621e+01 3.030000e+01
      vertex   -5.438923e-01 1.116340e+01 3.030000e+01
    endloop
  endfacet
  facet normal 0.000000e+00 0.000000e+00 -1.000000e+00
    outer loop
      vertex   -5.438923e-01 1.116340e+01 3.030000e+01
      vertex   -4.200887e-01 1.173621e+01 3.030000e+01
      vertex   -3.865193e-02 1.161227e+01 3.030000e+01
    endloop
  endfacet
  facet normal 0.000000e+00 0.000000e+00 -1.000000e+00
    outer loop
      vertex   -5.438923e-01 1.116340e+01 3.030000e+01
      vertex   -3.865193e-02 1.161227e+01 3.030000e+01
      vertex   -9.071767e-02 1.103758e+01 3.030000e+01
    endloop
  endfacet
  facet normal 0.000000e+00 0.000000e+00 -1.000000e+00
    outer loop
      vertex   -9.071767e-02 1.103758e+01 3.030000e+01
      vertex   -3.865193e-02 1.161227e+01 3.030000e+01
      vertex   3.616230e-01 1.158709e+01 3.030000e+01
    endloop
  endfacet
  facet normal 0.000000e+00 0.000000e+00 -1.000000e+00
    outer loop
      vertex   -9.071767e-02 1.103758e+01 3.030000e+01
      vertex   3.616230e-01 1.158709e+01 3.030000e+01
      vertex   3.789103e-01 1.101212e+01 3.030000e+01
    endloop
  endfacet
  facet normal 0.000000e+00 0.000000e+00 -1.000000e+00
    outer loop
      vertex   3.789103e-01 1.101212e+01 3.030000e+01
      vertex   3.616230e-01 1.158709e+01 3.030000e+01
      vertex   8.430323e-01 1.108821e+01 3.030000e+01
    endloop
  endfacet
  facet normal 0.000000e+00 0.000000e+00 -1.000000e+00
    outer loop
      vertex   8.430323e-01 1.108821e+01 3.030000e+01
      vertex   3.616230e-01 1.158709e+01 3.030000e+01
      vertex   7.555854e-01 1.166224e+01 3.030000e+01
    endloop
  endfacet
  facet normal 0.000000e+00 0.000000e+00 -1.000000e+00
    outer loop
      vertex   8.430323e-01 1.108821e+01 3.030000e+01
      vertex   7.555854e-01 1.166224e+01 3.030000e+01
      vertex   1.279947e+00 1.126229e+01 3.030000e+01
    endloop
  endfacet
  facet normal 0.000000e+00 0.000000e+00 -1.000000e+00
    outer loop
      vertex   1.279947e+00 1.126229e+01 3.030000e+01
      vertex   7.555854e-01 1.166224e+01 3.030000e+01
      vertex   1.118481e+00 1.183300e+01 3.030000e+01
    endloop
  endfacet
  facet normal 0.000000e+00 0.000000e+00 -1.000000e+00
    outer loop
      vertex   1.279947e+00 1.126229e+01 3.030000e+01
      vertex   1.118481e+00 1.183300e+01 3.030000e+01
      vertex   1.669223e+00 1.152623e+01 3.030000e+01
    endloop
  endfacet
  facet normal 0.000000e+00 0.000000e+00 -1.000000e+00
    outer loop
      vertex   1.669223e+00 1.152623e+01 3.030000e+01
      vertex   1.118481e+00 1.183300e+01 3.030000e+01
      vertex   1.427508e+00 1.208865e+01 3.030000e+01
    endloop
  endfacet
  facet normal 0.000000e+00 0.000000e+00 -1.000000e+00
    outer loop
      vertex   1.669223e+00 1.152623e+01 3.030000e+01
      vertex   1.427508e+00 1.208865e+01 3.030000e+01
      vertex   1.992661e+00 1.186767e+01 3.030000e+01
    endloop
  endfacet
  facet normal 0.000000e+00 0.000000e+00 -1.000000e+00
    outer loop
      vertex   1.992661e+00 1.186767e+01 3.030000e+01
      vertex   1.427508e+00 1.208865e+01 3.030000e+01
      vertex   1.663249e+00 1.241312e+01 3.030000e+01
    endloop
  endfacet
  facet normal 0.000000e+00 0.000000e+00 -1.000000e+00
    outer loop
      vertex   1.992661e+00 1.186767e+01 3.030000e+01
      vertex   1.663249e+00 1.241312e+01 3.030000e+01
      vertex   2.235135e+00 1.227067e+01 3.030000e+01
    endloop
  endfacet
  facet normal 0.000000e+00 0.000000e+00 -1.000000e+00
    outer loop
      vertex   2.235135e+00 1.227067e+01 3.030000e+01
      vertex   1.663249e+00 1.241312e+01 3.030000e+01
      vertex   1.810891e+00 1.278602e+01 3.030000e+01
    endloop
  endfacet
  facet normal 0.000000e+00 0.000000e+00 -1.000000e+00
    outer loop
      vertex   2.235135e+00 1.227067e+01 3.030000e+01
      vertex   1.810891e+00 1.278602e+01 3.030000e+01
      vertex   2.385308e+00 1.271637e+01 3.030000e+01
    endloop
  endfacet
  facet normal 0.000000e+00 0.000000e+00 -1.000000e+00
    outer loop
      vertex   2.385308e+00 1.271637e+01 3.030000e+01
      vertex   1.810891e+00 1.278602e+01 3.030000e+01
      vertex   1.861158e+00 1.318393e+01 3.030000e+01
    endloop
  endfacet
  facet normal 0.000000e+00 0.000000e+00 -1.000000e+00
    outer loop
      vertex   2.181089e+01 -6.418168e+00 3.030000e+01
      vertex   2.238531e+01 -6.348511e+00 3.030000e+01
      vertex   2.186116e+01 -6.816071e+00 3.030000e+01
    endloop
  endfacet
  facet normal 0.000000e+00 0.000000e+00 -1.000000e+00
    outer loop
      vertex   2.186116e+01 -6.816071e+00 3.030000e+01
      vertex   2.238531e+01 -6.348511e+00 3.030000e+01
      vertex   2.243616e+01 -6.816071e+00 3.030000e+01
    endloop
  endfacet
  facet normal 0.000000e+00 0.000000e+00 -1.000000e+00
    outer loop
      vertex   2.186116e+01 -6.816071e+00 3.030000e+01
      vertex   2.243616e+01 -6.816071e+00 3.030000e+01
      vertex   2.238531e+01 -7.283632e+00 3.030000e+01
    endloop
  endfacet
  facet normal -0.000000e+00 0.000000e+00 -1.000000e+00
    outer loop
      vertex   2.238531e+01 -6.348511e+00 3.030000e+01
      vertex   2.181089e+01 -6.418168e+00 3.030000e+01
      vertex   2.223513e+01 -5.902813e+00 3.030000e+01
    endloop
  endfacet
  facet normal 0.000000e+00 0.000000e+00 -1.000000e+00
    outer loop
      vertex   2.223513e+01 -5.902813e+00 3.030000e+01
      vertex   2.181089e+01 -6.418168e+00 3.030000e+01
      vertex   2.166325e+01 -6.045265e+00 3.030000e+01
    endloop
  endfacet
  facet normal -0.000000e+00 0.000000e+00 -1.000000e+00
    outer loop
      vertex   2.223513e+01 -5.902813e+00 3.030000e+01
      vertex   2.166325e+01 -6.045265e+00 3.030000e+01
      vertex   2.199266e+01 -5.499817e+00 3.030000e+01
    endloop
  endfacet
  facet normal 0.000000e+00 0.000000e+00 -1.000000e+00
    outer loop
      vertex   2.199266e+01 -5.499817e+00 3.030000e+01
      vertex   2.166325e+01 -6.045265e+00 3.030000e+01
      vertex   2.142751e+01 -5.720796e+00 3.030000e+01
    endloop
  endfacet
  facet normal -0.000000e+00 0.000000e+00 -1.000000e+00
    outer loop
      vertex   2.199266e+01 -5.499817e+00 3.030000e+01
      vertex   2.142751e+01 -5.720796e+00 3.030000e+01
      vertex   2.166922e+01 -5.158369e+00 3.030000e+01
    endloop
  endfacet
  facet normal 0.000000e+00 0.000000e+00 -1.000000e+00
    outer loop
      vertex   2.166922e+01 -5.158369e+00 3.030000e+01
      vertex   2.142751e+01 -5.720796e+00 3.030000e+01
      vertex   2.111848e+01 -5.465147e+00 3.030000e+01
    endloop
  endfacet
  facet normal -0.000000e+00 0.000000e+00 -1.000000e+00
    outer loop
      vertex   2.166922e+01 -5.158369e+00 3.030000e+01
      vertex   2.111848e+01 -5.465147e+00 3.030000e+01
      vertex   2.127995e+01 -4.894433e+00 3.030000e+01
    endloop
  endfacet
  facet normal 0.000000e+00 0.000000e+00 -1.000000e+00
    outer loop
      vertex   2.127995e+01 -4.894433e+00 3.030000e+01
      vertex   2.111848e+01 -5.465147e+00 3.030000e+01
      vertex   2.075559e+01 -5.294381e+00 3.030000e+01
    endloop
  endfacet
  facet normal -0.000000e+00 0.000000e+00 -1.000000e+00
    outer loop
      vertex   2.127995e+01 -4.894433e+00 3.030000e+01
      vertex   2.075559e+01 -5.294381e+00 3.030000e+01
      vertex   2.084303e+01 -4.720350e+00 3.030000e+01
    endloop
  endfacet
  facet normal 0.000000e+00 0.000000e+00 -1.000000e+00
    outer loop
      vertex   2.084303e+01 -4.720350e+00 3.030000e+01
      vertex   2.075559e+01 -5.294381e+00 3.030000e+01
      vertex   2.036162e+01 -5.219229e+00 3.030000e+01
    endloop
  endfacet
  facet normal -0.000000e+00 0.000000e+00 -1.000000e+00
    outer loop
      vertex   2.084303e+01 -4.720350e+00 3.030000e+01
      vertex   2.036162e+01 -5.219229e+00 3.030000e+01
      vertex   2.037891e+01 -4.644261e+00 3.030000e+01
    endloop
  endfacet
  facet normal 0.000000e+00 0.000000e+00 -1.000000e+00
    outer loop
      vertex   2.037891e+01 -4.644261e+00 3.030000e+01
      vertex   2.036162e+01 -5.219229e+00 3.030000e+01
      vertex   1.990928e+01 -4.669724e+00 3.030000e+01
    endloop
  endfacet
  facet normal 0.000000e+00 0.000000e+00 -1.000000e+00
    outer loop
      vertex   1.990928e+01 -4.669724e+00 3.030000e+01
      vertex   2.036162e+01 -5.219229e+00 3.030000e+01
      vertex   1.996135e+01 -5.244412e+00 3.030000e+01
    endloop
  endfacet
  facet normal 0.000000e+00 -0.000000e+00 -1.000000e+00
    outer loop
      vertex   1.990928e+01 -4.669724e+00 3.030000e+01
      vertex   1.996135e+01 -5.244412e+00 3.030000e+01
      vertex   1.945611e+01 -4.795547e+00 3.030000e+01
    endloop
  endfacet
  facet normal 0.000000e+00 0.000000e+00 -1.000000e+00
    outer loop
      vertex   1.945611e+01 -4.795547e+00 3.030000e+01
      vertex   1.996135e+01 -5.244412e+00 3.030000e+01
      vertex   1.957991e+01 -5.368348e+00 3.030000e+01
    endloop
  endfacet
  facet normal 0.000000e+00 -0.000000e+00 -1.000000e+00
    outer loop
      vertex   1.945611e+01 -4.795547e+00 3.030000e+01
      vertex   1.957991e+01 -5.368348e+00 3.030000e+01
      vertex   1.904058e+01 -5.015848e+00 3.030000e+01
    endloop
  endfacet
  facet normal 0.000000e+00 0.000000e+00 -1.000000e+00
    outer loop
      vertex   1.904058e+01 -5.015848e+00 3.030000e+01
      vertex   1.957991e+01 -5.368348e+00 3.030000e+01
      vertex   1.924128e+01 -5.583250e+00 3.030000e+01
    endloop
  endfacet
  facet normal 0.000000e+00 -0.000000e+00 -1.000000e+00
    outer loop
      vertex   1.904058e+01 -5.015848e+00 3.030000e+01
      vertex   1.924128e+01 -5.583250e+00 3.030000e+01
      vertex   1.868212e+01 -5.320325e+00 3.030000e+01
    endloop
  endfacet
  facet normal 0.000000e+00 0.000000e+00 -1.000000e+00
    outer loop
      vertex   1.868212e+01 -5.320325e+00 3.030000e+01
      vertex   1.924128e+01 -5.583250e+00 3.030000e+01
      vertex   1.896673e+01 -5.875615e+00 3.030000e+01
    endloop
  endfacet
  facet normal 0.000000e+00 -0.000000e+00 -1.000000e+00
    outer loop
      vertex   1.868212e+01 -5.320325e+00 3.030000e+01
      vertex   1.896673e+01 -5.875615e+00 3.030000e+01
      vertex   1.839749e+01 -5.694742e+00 3.030000e+01
    endloop
  endfacet
  facet normal 0.000000e+00 0.000000e+00 -1.000000e+00
    outer loop
      vertex   1.839749e+01 -5.694742e+00 3.030000e+01
      vertex   1.896673e+01 -5.875615e+00 3.030000e+01
      vertex   1.877352e+01 -6.227072e+00 3.030000e+01
    endloop
  endfacet
  facet normal 0.000000e+00 -0.000000e+00 -1.000000e+00
    outer loop
      vertex   1.839749e+01 -5.694742e+00 3.030000e+01
      vertex   1.877352e+01 -6.227072e+00 3.030000e+01
      vertex   1.820001e+01 -6.121591e+00 3.030000e+01
    endloop
  endfacet
  facet normal 0.000000e+00 0.000000e+00 -1.000000e+00
    outer loop
      vertex   1.820001e+01 -6.121591e+00 3.030000e+01
      vertex   1.877352e+01 -6.227072e+00 3.030000e+01
      vertex   1.867377e+01 -6.615538e+00 3.030000e+01
    endloop
  endfacet
  facet normal 0.000000e+00 -0.000000e+00 -1.000000e+00
    outer loop
      vertex   1.820001e+01 -6.121591e+00 3.030000e+01
      vertex   1.867377e+01 -6.615538e+00 3.030000e+01
      vertex   1.809891e+01 -6.580912e+00 3.030000e+01
    endloop
  endfacet
  facet normal 0.000000e+00 0.000000e+00 -1.000000e+00
    outer loop
      vertex   1.809891e+01 -6.580912e+00 3.030000e+01
      vertex   1.867377e+01 -6.615538e+00 3.030000e+01
      vertex   1.867377e+01 -7.016605e+00 3.030000e+01
    endloop
  endfacet
  facet normal 0.000000e+00 0.000000e+00 -1.000000e+00
    outer loop
      vertex   1.809891e+01 -6.580912e+00 3.030000e+01
      vertex   1.867377e+01 -7.016605e+00 3.030000e+01
      vertex   1.809891e+01 -7.051230e+00 3.030000e+01
    endloop
  endfacet
  facet normal 0.000000e+00 0.000000e+00 -1.000000e+00
    outer loop
      vertex   1.809891e+01 -7.051230e+00 3.030000e+01
      vertex   1.867377e+01 -7.016605e+00 3.030000e+01
      vertex   1.820001e+01 -7.510552e+00 3.030000e+01
    endloop
  endfacet
  facet normal 0.000000e+00 0.000000e+00 -1.000000e+00
    outer loop
      vertex   1.820001e+01 -7.510552e+00 3.030000e+01
      vertex   1.867377e+01 -7.016605e+00 3.030000e+01
      vertex   1.877352e+01 -7.405071e+00 3.030000e+01
    endloop
  endfacet
  facet normal 0.000000e+00 0.000000e+00 -1.000000e+00
    outer loop
      vertex   1.820001e+01 -7.510552e+00 3.030000e+01
      vertex   1.877352e+01 -7.405071e+00 3.030000e+01
      vertex   1.839749e+01 -7.937401e+00 3.030000e+01
    endloop
  endfacet
  facet normal 0.000000e+00 0.000000e+00 -1.000000e+00
    outer loop
      vertex   1.839749e+01 -7.937401e+00 3.030000e+01
      vertex   1.877352e+01 -7.405071e+00 3.030000e+01
      vertex   1.896673e+01 -7.756528e+00 3.030000e+01
    endloop
  endfacet
  facet normal 0.000000e+00 0.000000e+00 -1.000000e+00
    outer loop
      vertex   1.839749e+01 -7.937401e+00 3.030000e+01
      vertex   1.896673e+01 -7.756528e+00 3.030000e+01
      vertex   1.868212e+01 -8.311818e+00 3.030000e+01
    endloop
  endfacet
  facet normal 0.000000e+00 0.000000e+00 -1.000000e+00
    outer loop
      vertex   1.868212e+01 -8.311818e+00 3.030000e+01
      vertex   1.896673e+01 -7.756528e+00 3.030000e+01
      vertex   1.924128e+01 -8.048893e+00 3.030000e+01
    endloop
  endfacet
  facet normal 0.000000e+00 0.000000e+00 -1.000000e+00
    outer loop
      vertex   1.868212e+01 -8.311818e+00 3.030000e+01
      vertex   1.924128e+01 -8.048893e+00 3.030000e+01
      vertex   1.904058e+01 -8.616295e+00 3.030000e+01
    endloop
  endfacet
  facet normal 0.000000e+00 0.000000e+00 -1.000000e+00
    outer loop
      vertex   1.904058e+01 -8.616295e+00 3.030000e+01
      vertex   1.924128e+01 -8.048893e+00 3.030000e+01
      vertex   1.957991e+01 -8.263795e+00 3.030000e+01
    endloop
  endfacet
  facet normal 0.000000e+00 0.000000e+00 -1.000000e+00
    outer loop
      vertex   1.904058e+01 -8.616295e+00 3.030000e+01
      vertex   1.957991e+01 -8.263795e+00 3.030000e+01
      vertex   1.945611e+01 -8.836596e+00 3.030000e+01
    endloop
  endfacet
  facet normal 0.000000e+00 0.000000e+00 -1.000000e+00
    outer loop
      vertex   1.945611e+01 -8.836596e+00 3.030000e+01
      vertex   1.957991e+01 -8.263795e+00 3.030000e+01
      vertex   1.996135e+01 -8.387731e+00 3.030000e+01
    endloop
  endfacet
  facet normal 0.000000e+00 0.000000e+00 -1.000000e+00
    outer loop
      vertex   1.945611e+01 -8.836596e+00 3.030000e+01
      vertex   1.996135e+01 -8.387731e+00 3.030000e+01
      vertex   1.990928e+01 -8.962419e+00 3.030000e+01
    endloop
  endfacet
  facet normal 0.000000e+00 0.000000e+00 -1.000000e+00
    outer loop
      vertex   1.990928e+01 -8.962419e+00 3.030000e+01
      vertex   1.996135e+01 -8.387731e+00 3.030000e+01
      vertex   2.036162e+01 -8.412914e+00 3.030000e+01
    endloop
  endfacet
  facet normal 0.000000e+00 0.000000e+00 -1.000000e+00
    outer loop
      vertex   1.990928e+01 -8.962419e+00 3.030000e+01
      vertex   2.036162e+01 -8.412914e+00 3.030000e+01
      vertex   2.037891e+01 -8.987882e+00 3.030000e+01
    endloop
  endfacet
  facet normal 0.000000e+00 0.000000e+00 -1.000000e+00
    outer loop
      vertex   2.037891e+01 -8.987882e+00 3.030000e+01
      vertex   2.036162e+01 -8.412914e+00 3.030000e+01
      vertex   2.084303e+01 -8.911793e+00 3.030000e+01
    endloop
  endfacet
  facet normal 0.000000e+00 0.000000e+00 -1.000000e+00
    outer loop
      vertex   2.084303e+01 -8.911793e+00 3.030000e+01
      vertex   2.036162e+01 -8.412914e+00 3.030000e+01
      vertex   2.075559e+01 -8.337762e+00 3.030000e+01
    endloop
  endfacet
  facet normal 0.000000e+00 0.000000e+00 -1.000000e+00
    outer loop
      vertex   2.084303e+01 -8.911793e+00 3.030000e+01
      vertex   2.075559e+01 -8.337762e+00 3.030000e+01
      vertex   2.127995e+01 -8.737710e+00 3.030000e+01
    endloop
  endfacet
  facet normal 0.000000e+00 0.000000e+00 -1.000000e+00
    outer loop
      vertex   2.127995e+01 -8.737710e+00 3.030000e+01
      vertex   2.075559e+01 -8.337762e+00 3.030000e+01
      vertex   2.111848e+01 -8.166996e+00 3.030000e+01
    endloop
  endfacet
  facet normal 0.000000e+00 0.000000e+00 -1.000000e+00
    outer loop
      vertex   2.127995e+01 -8.737710e+00 3.030000e+01
      vertex   2.111848e+01 -8.166996e+00 3.030000e+01
      vertex   2.166922e+01 -8.473774e+00 3.030000e+01
    endloop
  endfacet
  facet normal 0.000000e+00 0.000000e+00 -1.000000e+00
    outer loop
      vertex   2.166922e+01 -8.473774e+00 3.030000e+01
      vertex   2.111848e+01 -8.166996e+00 3.030000e+01
      vertex   2.142751e+01 -7.911347e+00 3.030000e+01
    endloop
  endfacet
  facet normal 0.000000e+00 0.000000e+00 -1.000000e+00
    outer loop
      vertex   2.166922e+01 -8.473774e+00 3.030000e+01
      vertex   2.142751e+01 -7.911347e+00 3.030000e+01
      vertex   2.199266e+01 -8.132325e+00 3.030000e+01
    endloop
  endfacet
  facet normal 0.000000e+00 0.000000e+00 -1.000000e+00
    outer loop
      vertex   2.199266e+01 -8.132325e+00 3.030000e+01
      vertex   2.142751e+01 -7.911347e+00 3.030000e+01
      vertex   2.166325e+01 -7.586877e+00 3.030000e+01
    endloop
  endfacet
  facet normal 0.000000e+00 0.000000e+00 -1.000000e+00
    outer loop
      vertex   2.199266e+01 -8.132325e+00 3.030000e+01
      vertex   2.166325e+01 -7.586877e+00 3.030000e+01
      vertex   2.223513e+01 -7.729330e+00 3.030000e+01
    endloop
  endfacet
  facet normal 0.000000e+00 0.000000e+00 -1.000000e+00
    outer loop
      vertex   2.223513e+01 -7.729330e+00 3.030000e+01
      vertex   2.166325e+01 -7.586877e+00 3.030000e+01
      vertex   2.181089e+01 -7.213975e+00 3.030000e+01
    endloop
  endfacet
  facet normal 0.000000e+00 0.000000e+00 -1.000000e+00
    outer loop
      vertex   2.223513e+01 -7.729330e+00 3.030000e+01
      vertex   2.181089e+01 -7.213975e+00 3.030000e+01
      vertex   2.238531e+01 -7.283632e+00 3.030000e+01
    endloop
  endfacet
  facet normal 0.000000e+00 0.000000e+00 -1.000000e+00
    outer loop
      vertex   2.238531e+01 -7.283632e+00 3.030000e+01
      vertex   2.181089e+01 -7.213975e+00 3.030000e+01
      vertex   2.186116e+01 -6.816071e+00 3.030000e+01
    endloop
  endfacet
  facet normal -9.941380e-01 1.081190e-01 0.000000e+00
    outer loop
      vertex   2.238531e+01 1.271637e+01 2.780000e+01
      vertex   2.238531e+01 1.271637e+01 3.030000e+01
      vertex   2.243616e+01 1.318393e+01 2.780000e+01
    endloop
  endfacet
  facet normal -9.941380e-01 1.081190e-01 0.000000e+00
    outer loop
      vertex   2.243616e+01 1.318393e+01 2.780000e+01
      vertex   2.238531e+01 1.271637e+01 3.030000e+01
      vertex   2.243616e+01 1.318393e+01 3.030000e+01
    endloop
  endfacet
  facet normal -9.941380e-01 -1.081190e-01 0.000000e+00
    outer loop
      vertex   2.243616e+01 1.318393e+01 2.780000e+01
      vertex   2.243616e+01 1.318393e+01 3.030000e+01
      vertex   2.238531e+01 1.365149e+01 2.780000e+01
    endloop
  endfacet
  facet normal -9.941380e-01 -1.081190e-01 0.000000e+00
    outer loop
      vertex   2.238531e+01 1.365149e+01 2.780000e+01
      vertex   2.243616e+01 1.318393e+01 3.030000e+01
      vertex   2.238531e+01 1.365149e+01 3.030000e+01
    endloop
  endfacet
  facet normal -9.476532e-01 -3.193015e-01 0.000000e+00
    outer loop
      vertex   2.238531e+01 1.365149e+01 2.780000e+01
      vertex   2.238531e+01 1.365149e+01 3.030000e+01
      vertex   2.223513e+01 1.409719e+01 2.780000e+01
    endloop
  endfacet
  facet normal -9.476532e-01 -3.193015e-01 0.000000e+00
    outer loop
      vertex   2.223513e+01 1.409719e+01 2.780000e+01
      vertex   2.238531e+01 1.365149e+01 3.030000e+01
      vertex   2.223513e+01 1.409719e+01 3.030000e+01
    endloop
  endfacet
  facet normal -8.568572e-01 -5.155539e-01 0.000000e+00
    outer loop
      vertex   2.223513e+01 1.409719e+01 2.780000e+01
      vertex   2.223513e+01 1.409719e+01 3.030000e+01
      vertex   2.199266e+01 1.450018e+01 2.780000e+01
    endloop
  endfacet
  facet normal -8.568572e-01 -5.155539e-01 0.000000e+00
    outer loop
      vertex   2.199266e+01 1.450018e+01 2.780000e+01
      vertex   2.223513e+01 1.409719e+01 3.030000e+01
      vertex   2.199266e+01 1.450018e+01 3.030000e+01
    endloop
  endfacet
  facet normal -7.259955e-01 -6.876995e-01 0.000000e+00
    outer loop
      vertex   2.199266e+01 1.450018e+01 2.780000e+01
      vertex   2.199266e+01 1.450018e+01 3.030000e+01
      vertex   2.166922e+01 1.484163e+01 2.780000e+01
    endloop
  endfacet
  facet normal -7.259955e-01 -6.876995e-01 0.000000e+00
    outer loop
      vertex   2.166922e+01 1.484163e+01 2.780000e+01
      vertex   2.199266e+01 1.450018e+01 3.030000e+01
      vertex   2.166922e+01 1.484163e+01 3.030000e+01
    endloop
  endfacet
  facet normal -5.611871e-01 -8.276890e-01 0.000000e+00
    outer loop
      vertex   2.166922e+01 1.484163e+01 2.780000e+01
      vertex   2.166922e+01 1.484163e+01 3.030000e+01
      vertex   2.127995e+01 1.510557e+01 2.780000e+01
    endloop
  endfacet
  facet normal -5.611871e-01 -8.276890e-01 0.000000e+00
    outer loop
      vertex   2.127995e+01 1.510557e+01 2.780000e+01
      vertex   2.166922e+01 1.484163e+01 3.030000e+01
      vertex   2.127995e+01 1.510557e+01 3.030000e+01
    endloop
  endfacet
  facet normal -3.701382e-01 -9.289767e-01 0.000000e+00
    outer loop
      vertex   2.127995e+01 1.510557e+01 2.780000e+01
      vertex   2.127995e+01 1.510557e+01 3.030000e+01
      vertex   2.084303e+01 1.527965e+01 2.780000e+01
    endloop
  endfacet
  facet normal -3.701382e-01 -9.289767e-01 0.000000e+00
    outer loop
      vertex   2.084303e+01 1.527965e+01 2.780000e+01
      vertex   2.127995e+01 1.510557e+01 3.030000e+01
      vertex   2.084303e+01 1.527965e+01 3.030000e+01
    endloop
  endfacet
  facet normal -1.617820e-01 -9.868265e-01 0.000000e+00
    outer loop
      vertex   2.084303e+01 1.527965e+01 2.780000e+01
      vertex   2.084303e+01 1.527965e+01 3.030000e+01
      vertex   2.037891e+01 1.535574e+01 2.780000e+01
    endloop
  endfacet
  facet normal -1.617820e-01 -9.868265e-01 0.000000e+00
    outer loop
      vertex   2.037891e+01 1.535574e+01 2.780000e+01
      vertex   2.084303e+01 1.527965e+01 3.030000e+01
      vertex   2.037891e+01 1.535574e+01 3.030000e+01
    endloop
  endfacet
  facet normal 5.413891e-02 -9.985334e-01 0.000000e+00
    outer loop
      vertex   2.037891e+01 1.535574e+01 2.780000e+01
      vertex   2.037891e+01 1.535574e+01 3.030000e+01
      vertex   1.990928e+01 1.533028e+01 2.780000e+01
    endloop
  endfacet
  facet normal 5.413891e-02 -9.985334e-01 0.000000e+00
    outer loop
      vertex   1.990928e+01 1.533028e+01 2.780000e+01
      vertex   2.037891e+01 1.535574e+01 3.030000e+01
      vertex   1.990928e+01 1.533028e+01 3.030000e+01
    endloop
  endfacet
  facet normal 2.675283e-01 -9.635500e-01 0.000000e+00
    outer loop
      vertex   1.990928e+01 1.533028e+01 2.780000e+01
      vertex   1.990928e+01 1.533028e+01 3.030000e+01
      vertex   1.945611e+01 1.520445e+01 2.780000e+01
    endloop
  endfacet
  facet normal 2.675283e-01 -9.635500e-01 0.000000e+00
    outer loop
      vertex   1.945611e+01 1.520445e+01 2.780000e+01
      vertex   1.990928e+01 1.533028e+01 3.030000e+01
      vertex   1.945611e+01 1.520445e+01 3.030000e+01
    endloop
  endfacet
  facet normal 4.684084e-01 -8.835120e-01 0.000000e+00
    outer loop
      vertex   1.945611e+01 1.520445e+01 2.780000e+01
      vertex   1.945611e+01 1.520445e+01 3.030000e+01
      vertex   1.904058e+01 1.498415e+01 2.780000e+01
    endloop
  endfacet
  facet normal 4.684084e-01 -8.835120e-01 0.000000e+00
    outer loop
      vertex   1.904058e+01 1.498415e+01 2.780000e+01
      vertex   1.945611e+01 1.520445e+01 3.030000e+01
      vertex   1.904058e+01 1.498415e+01 3.030000e+01
    endloop
  endfacet
  facet normal 6.473863e-01 -7.621621e-01 0.000000e+00
    outer loop
      vertex   1.904058e+01 1.498415e+01 2.780000e+01
      vertex   1.904058e+01 1.498415e+01 3.030000e+01
      vertex   1.868212e+01 1.467967e+01 2.780000e+01
    endloop
  endfacet
  facet normal 6.473863e-01 -7.621621e-01 0.000000e+00
    outer loop
      vertex   1.868212e+01 1.467967e+01 2.780000e+01
      vertex   1.904058e+01 1.498415e+01 3.030000e+01
      vertex   1.868212e+01 1.467967e+01 3.030000e+01
    endloop
  endfacet
  facet normal 7.960931e-01 -6.051742e-01 0.000000e+00
    outer loop
      vertex   1.868212e+01 1.467967e+01 2.780000e+01
      vertex   1.868212e+01 1.467967e+01 3.030000e+01
      vertex   1.839749e+01 1.430526e+01 2.780000e+01
    endloop
  endfacet
  facet normal 7.960931e-01 -6.051742e-01 0.000000e+00
    outer loop
      vertex   1.839749e+01 1.430526e+01 2.780000e+01
      vertex   1.868212e+01 1.467967e+01 3.030000e+01
      vertex   1.839749e+01 1.430526e+01 3.030000e+01
    endloop
  endfacet
  facet normal 9.075754e-01 -4.198891e-01 0.000000e+00
    outer loop
      vertex   1.839749e+01 1.430526e+01 2.780000e+01
      vertex   1.839749e+01 1.430526e+01 3.030000e+01
      vertex   1.820001e+01 1.387841e+01 2.780000e+01
    endloop
  endfacet
  facet normal 9.075754e-01 -4.198891e-01 0.000000e+00
    outer loop
      vertex   1.820001e+01 1.387841e+01 2.780000e+01
      vertex   1.839749e+01 1.430526e+01 3.030000e+01
      vertex   1.820001e+01 1.387841e+01 3.030000e+01
    endloop
  endfacet
  facet normal 9.766206e-01 -2.149704e-01 0.000000e+00
    outer loop
      vertex   1.820001e+01 1.387841e+01 2.780000e+01
      vertex   1.820001e+01 1.387841e+01 3.030000e+01
      vertex   1.809891e+01 1.341909e+01 2.780000e+01
    endloop
  endfacet
  facet normal 9.766206e-01 -2.149704e-01 0.000000e+00
    outer loop
      vertex   1.809891e+01 1.341909e+01 2.780000e+01
      vertex   1.820001e+01 1.387841e+01 3.030000e+01
      vertex   1.809891e+01 1.341909e+01 3.030000e+01
    endloop
  endfacet
  facet normal 1.000000e+00 0.000000e+00 -0.000000e+00
    outer loop
      vertex   1.809891e+01 1.341909e+01 2.780000e+01
      vertex   1.809891e+01 1.341909e+01 3.030000e+01
      vertex   1.809891e+01 1.294877e+01 2.780000e+01
    endloop
  endfacet
  facet normal 1.000000e+00 0.000000e+00 0.000000e+00
    outer loop
      vertex   1.809891e+01 1.294877e+01 2.780000e+01
      vertex   1.809891e+01 1.341909e+01 3.030000e+01
      vertex   1.809891e+01 1.294877e+01 3.030000e+01
    endloop
  endfacet
  facet normal 9.766206e-01 2.149704e-01 -0.000000e+00
    outer loop
      vertex   1.809891e+01 1.294877e+01 2.780000e+01
      vertex   1.809891e+01 1.294877e+01 3.030000e+01
      vertex   1.820001e+01 1.248945e+01 2.780000e+01
    endloop
  endfacet
  facet normal 9.766206e-01 2.149704e-01 -0.000000e+00
    outer loop
      vertex   1.820001e+01 1.248945e+01 2.780000e+01
      vertex   1.809891e+01 1.294877e+01 3.030000e+01
      vertex   1.820001e+01 1.248945e+01 3.030000e+01
    endloop
  endfacet
  facet normal 9.075754e-01 4.198891e-01 -0.000000e+00
    outer loop
      vertex   1.820001e+01 1.248945e+01 2.780000e+01
      vertex   1.820001e+01 1.248945e+01 3.030000e+01
      vertex   1.839749e+01 1.206260e+01 2.780000e+01
    endloop
  endfacet
  facet normal 9.075754e-01 4.198891e-01 -0.000000e+00
    outer loop
      vertex   1.839749e+01 1.206260e+01 2.780000e+01
      vertex   1.820001e+01 1.248945e+01 3.030000e+01
      vertex   1.839749e+01 1.206260e+01 3.030000e+01
    endloop
  endfacet
  facet normal 7.960931e-01 6.051742e-01 -0.000000e+00
    outer loop
      vertex   1.839749e+01 1.206260e+01 2.780000e+01
      vertex   1.839749e+01 1.206260e+01 3.030000e+01
      vertex   1.868212e+01 1.168818e+01 2.780000e+01
    endloop
  endfacet
  facet normal 7.960931e-01 6.051742e-01 -0.000000e+00
    outer loop
      vertex   1.868212e+01 1.168818e+01 2.780000e+01
      vertex   1.839749e+01 1.206260e+01 3.030000e+01
      vertex   1.868212e+01 1.168818e+01 3.030000e+01
    endloop
  endfacet
  facet normal 6.473863e-01 7.621621e-01 -0.000000e+00
    outer loop
      vertex   1.868212e+01 1.168818e+01 2.780000e+01
      vertex   1.868212e+01 1.168818e+01 3.030000e+01
      vertex   1.904058e+01 1.138371e+01 2.780000e+01
    endloop
  endfacet
  facet normal 6.473863e-01 7.621621e-01 -0.000000e+00
    outer loop
      vertex   1.904058e+01 1.138371e+01 2.780000e+01
      vertex   1.868212e+01 1.168818e+01 3.030000e+01
      vertex   1.904058e+01 1.138371e+01 3.030000e+01
    endloop
  endfacet
  facet normal 4.684084e-01 8.835120e-01 -0.000000e+00
    outer loop
      vertex   1.904058e+01 1.138371e+01 2.780000e+01
      vertex   1.904058e+01 1.138371e+01 3.030000e+01
      vertex   1.945611e+01 1.116340e+01 2.780000e+01
    endloop
  endfacet
  facet normal 4.684084e-01 8.835120e-01 -0.000000e+00
    outer loop
      vertex   1.945611e+01 1.116340e+01 2.780000e+01
      vertex   1.904058e+01 1.138371e+01 3.030000e+01
      vertex   1.945611e+01 1.116340e+01 3.030000e+01
    endloop
  endfacet
  facet normal 2.675283e-01 9.635500e-01 -0.000000e+00
    outer loop
      vertex   1.945611e+01 1.116340e+01 2.780000e+01
      vertex   1.945611e+01 1.116340e+01 3.030000e+01
      vertex   1.990928e+01 1.103758e+01 2.780000e+01
    endloop
  endfacet
  facet normal 2.675283e-01 9.635500e-01 -0.000000e+00
    outer loop
      vertex   1.990928e+01 1.103758e+01 2.780000e+01
      vertex   1.945611e+01 1.116340e+01 3.030000e+01
      vertex   1.990928e+01 1.103758e+01 3.030000e+01
    endloop
  endfacet
  facet normal 5.413891e-02 9.985334e-01 -0.000000e+00
    outer loop
      vertex   1.990928e+01 1.103758e+01 2.780000e+01
      vertex   1.990928e+01 1.103758e+01 3.030000e+01
      vertex   2.037891e+01 1.101212e+01 2.780000e+01
    endloop
  endfacet
  facet normal 5.413891e-02 9.985334e-01 -0.000000e+00
    outer loop
      vertex   2.037891e+01 1.101212e+01 2.780000e+01
      vertex   1.990928e+01 1.103758e+01 3.030000e+01
      vertex   2.037891e+01 1.101212e+01 3.030000e+01
    endloop
  endfacet
  facet normal -1.617820e-01 9.868265e-01 0.000000e+00
    outer loop
      vertex   2.037891e+01 1.101212e+01 2.780000e+01
      vertex   2.037891e+01 1.101212e+01 3.030000e+01
      vertex   2.084303e+01 1.108821e+01 2.780000e+01
    endloop
  endfacet
  facet normal -1.617820e-01 9.868265e-01 0.000000e+00
    outer loop
      vertex   2.084303e+01 1.108821e+01 2.780000e+01
      vertex   2.037891e+01 1.101212e+01 3.030000e+01
      vertex   2.084303e+01 1.108821e+01 3.030000e+01
    endloop
  endfacet
  facet normal -3.701382e-01 9.289767e-01 0.000000e+00
    outer loop
      vertex   2.084303e+01 1.108821e+01 2.780000e+01
      vertex   2.084303e+01 1.108821e+01 3.030000e+01
      vertex   2.127995e+01 1.126229e+01 2.780000e+01
    endloop
  endfacet
  facet normal -3.701382e-01 9.289767e-01 0.000000e+00
    outer loop
      vertex   2.127995e+01 1.126229e+01 2.780000e+01
      vertex   2.084303e+01 1.108821e+01 3.030000e+01
      vertex   2.127995e+01 1.126229e+01 3.030000e+01
    endloop
  endfacet
  facet normal -5.611871e-01 8.276890e-01 0.000000e+00
    outer loop
      vertex   2.127995e+01 1.126229e+01 2.780000e+01
      vertex   2.127995e+01 1.126229e+01 3.030000e+01
      vertex   2.166922e+01 1.152623e+01 2.780000e+01
    endloop
  endfacet
  facet normal -5.611871e-01 8.276890e-01 0.000000e+00
    outer loop
      vertex   2.166922e+01 1.152623e+01 2.780000e+01
      vertex   2.127995e+01 1.126229e+01 3.030000e+01
      vertex   2.166922e+01 1.152623e+01 3.030000e+01
    endloop
  endfacet
  facet normal -7.259955e-01 6.876995e-01 0.000000e+00
    outer loop
      vertex   2.166922e+01 1.152623e+01 2.780000e+01
      vertex   2.166922e+01 1.152623e+01 3.030000e+01
      vertex   2.199266e+01 1.186767e+01 2.780000e+01
    endloop
  endfacet
  facet normal -7.259955e-01 6.876995e-01 0.000000e+00
    outer loop
      vertex   2.199266e+01 1.186767e+01 2.780000e+01
      vertex   2.166922e+01 1.152623e+01 3.030000e+01
      vertex   2.199266e+01 1.186767e+01 3.030000e+01
    endloop
  endfacet
  facet normal -8.568572e-01 5.155539e-01 0.000000e+00
    outer loop
      vertex   2.199266e+01 1.186767e+01 2.780000e+01
      vertex   2.199266e+01 1.186767e+01 3.030000e+01
      vertex   2.223513e+01 1.227067e+01 2.780000e+01
    endloop
  endfacet
  facet normal -8.568572e-01 5.155539e-01 0.000000e+00
    outer loop
      vertex   2.223513e+01 1.227067e+01 2.780000e+01
      vertex   2.199266e+01 1.186767e+01 3.030000e+01
      vertex   2.223513e+01 1.227067e+01 3.030000e+01
    endloop
  endfacet
  facet normal -9.476532e-01 3.193015e-01 0.000000e+00
    outer loop
      vertex   2.223513e+01 1.227067e+01 2.780000e+01
      vertex   2.223513e+01 1.227067e+01 3.030000e+01
      vertex   2.238531e+01 1.271637e+01 2.780000e+01
    endloop
  endfacet
  facet normal -9.476532e-01 3.193015e-01 0.000000e+00
    outer loop
      vertex   2.238531e+01 1.271637e+01 2.780000e+01
      vertex   2.223513e+01 1.227067e+01 3.030000e+01
      vertex   2.238531e+01 1.271637e+01 3.030000e+01
    endloop
  endfacet
  facet normal 0.000000e+00 0.000000e+00 -1.000000e+00
    outer loop
      vertex   2.181089e+01 1.358183e+01 3.030000e+01
      vertex   2.238531e+01 1.365149e+01 3.030000e+01
      vertex   2.186116e+01 1.318393e+01 3.030000e+01
    endloop
  endfacet
  facet normal 0.000000e+00 0.000000e+00 -1.000000e+00
    outer loop
      vertex   2.186116e+01 1.318393e+01 3.030000e+01
      vertex   2.238531e+01 1.365149e+01 3.030000e+01
      vertex   2.243616e+01 1.318393e+01 3.030000e+01
    endloop
  endfacet
  facet normal 0.000000e+00 0.000000e+00 -1.000000e+00
    outer loop
      vertex   2.186116e+01 1.318393e+01 3.030000e+01
      vertex   2.243616e+01 1.318393e+01 3.030000e+01
      vertex   2.238531e+01 1.271637e+01 3.030000e+01
    endloop
  endfacet
  facet normal -0.000000e+00 0.000000e+00 -1.000000e+00
    outer loop
      vertex   2.238531e+01 1.365149e+01 3.030000e+01
      vertex   2.181089e+01 1.358183e+01 3.030000e+01
      vertex   2.223513e+01 1.409719e+01 3.030000e+01
    endloop
  endfacet
  facet normal 0.000000e+00 0.000000e+00 -1.000000e+00
    outer loop
      vertex   2.223513e+01 1.409719e+01 3.030000e+01
      vertex   2.181089e+01 1.358183e+01 3.030000e+01
      vertex   2.166325e+01 1.395473e+01 3.030000e+01
    endloop
  endfacet
  facet normal -0.000000e+00 0.000000e+00 -1.000000e+00
    outer loop
      vertex   2.223513e+01 1.409719e+01 3.030000e+01
      vertex   2.166325e+01 1.395473e+01 3.030000e+01
      vertex   2.199266e+01 1.450018e+01 3.030000e+01
    endloop
  endfacet
  facet normal 0.000000e+00 0.000000e+00 -1.000000e+00
    outer loop
      vertex   2.199266e+01 1.450018e+01 3.030000e+01
      vertex   2.166325e+01 1.395473e+01 3.030000e+01
      vertex   2.142751e+01 1.427920e+01 3.030000e+01
    endloop
  endfacet
  facet normal -0.000000e+00 0.000000e+00 -1.000000e+00
    outer loop
      vertex   2.199266e+01 1.450018e+01 3.030000e+01
      vertex   2.142751e+01 1.427920e+01 3.030000e+01
      vertex   2.166922e+01 1.484163e+01 3.030000e+01
    endloop
  endfacet
  facet normal 0.000000e+00 0.000000e+00 -1.000000e+00
    outer loop
      vertex   2.166922e+01 1.484163e+01 3.030000e+01
      vertex   2.142751e+01 1.427920e+01 3.030000e+01
      vertex   2.111848e+01 1.453485e+01 3.030000e+01
    endloop
  endfacet
  facet normal -0.000000e+00 0.000000e+00 -1.000000e+00
    outer loop
      vertex   2.166922e+01 1.484163e+01 3.030000e+01
      vertex   2.111848e+01 1.453485e+01 3.030000e+01
      vertex   2.127995e+01 1.510557e+01 3.030000e+01
    endloop
  endfacet
  facet normal 0.000000e+00 0.000000e+00 -1.000000e+00
    outer loop
      vertex   2.127995e+01 1.510557e+01 3.030000e+01
      vertex   2.111848e+01 1.453485e+01 3.030000e+01
      vertex   2.075559e+01 1.470562e+01 3.030000e+01
    endloop
  endfacet
  facet normal -0.000000e+00 0.000000e+00 -1.000000e+00
    outer loop
      vertex   2.127995e+01 1.510557e+01 3.030000e+01
      vertex   2.075559e+01 1.470562e+01 3.030000e+01
      vertex   2.084303e+01 1.527965e+01 3.030000e+01
    endloop
  endfacet
  facet normal 0.000000e+00 0.000000e+00 -1.000000e+00
    outer loop
      vertex   2.084303e+01 1.527965e+01 3.030000e+01
      vertex   2.075559e+01 1.470562e+01 3.030000e+01
      vertex   2.036162e+01 1.478077e+01 3.030000e+01
    endloop
  endfacet
  facet normal -0.000000e+00 0.000000e+00 -1.000000e+00
    outer loop
      vertex   2.084303e+01 1.527965e+01 3.030000e+01
      vertex   2.036162e+01 1.478077e+01 3.030000e+01
      vertex   2.037891e+01 1.535574e+01 3.030000e+01
    endloop
  endfacet
  facet normal 0.000000e+00 0.000000e+00 -1.000000e+00
    outer loop
      vertex   2.037891e+01 1.535574e+01 3.030000e+01
      vertex   2.036162e+01 1.478077e+01 3.030000e+01
      vertex   1.990928e+01 1.533028e+01 3.030000e+01
    endloop
  endfacet
  facet normal 0.000000e+00 0.000000e+00 -1.000000e+00
    outer loop
      vertex   1.990928e+01 1.533028e+01 3.030000e+01
      vertex   2.036162e+01 1.478077e+01 3.030000e+01
      vertex   1.996135e+01 1.475559e+01 3.030000e+01
    endloop
  endfacet
  facet normal 0.000000e+00 -0.000000e+00 -1.000000e+00
    outer loop
      vertex   1.990928e+01 1.533028e+01 3.030000e+01
      vertex   1.996135e+01 1.475559e+01 3.030000e+01
      vertex   1.945611e+01 1.520445e+01 3.030000e+01
    endloop
  endfacet
  facet normal 0.000000e+00 0.000000e+00 -1.000000e+00
    outer loop
      vertex   1.945611e+01 1.520445e+01 3.030000e+01
      vertex   1.996135e+01 1.475559e+01 3.030000e+01
      vertex   1.957991e+01 1.463165e+01 3.030000e+01
    endloop
  endfacet
  facet normal 0.000000e+00 -0.000000e+00 -1.000000e+00
    outer loop
      vertex   1.945611e+01 1.520445e+01 3.030000e+01
      vertex   1.957991e+01 1.463165e+01 3.030000e+01
      vertex   1.904058e+01 1.498415e+01 3.030000e+01
    endloop
  endfacet
  facet normal 0.000000e+00 0.000000e+00 -1.000000e+00
    outer loop
      vertex   1.904058e+01 1.498415e+01 3.030000e+01
      vertex   1.957991e+01 1.463165e+01 3.030000e+01
      vertex   1.924128e+01 1.441675e+01 3.030000e+01
    endloop
  endfacet
  facet normal 0.000000e+00 -0.000000e+00 -1.000000e+00
    outer loop
      vertex   1.904058e+01 1.498415e+01 3.030000e+01
      vertex   1.924128e+01 1.441675e+01 3.030000e+01
      vertex   1.868212e+01 1.467967e+01 3.030000e+01
    endloop
  endfacet
  facet normal 0.000000e+00 0.000000e+00 -1.000000e+00
    outer loop
      vertex   1.868212e+01 1.467967e+01 3.030000e+01
      vertex   1.924128e+01 1.441675e+01 3.030000e+01
      vertex   1.896673e+01 1.412439e+01 3.030000e+01
    endloop
  endfacet
  facet normal 0.000000e+00 -0.000000e+00 -1.000000e+00
    outer loop
      vertex   1.868212e+01 1.467967e+01 3.030000e+01
      vertex   1.896673e+01 1.412439e+01 3.030000e+01
      vertex   1.839749e+01 1.430526e+01 3.030000e+01
    endloop
  endfacet
  facet normal 0.000000e+00 0.000000e+00 -1.000000e+00
    outer loop
      vertex   1.839749e+01 1.430526e+01 3.030000e+01
      vertex   1.896673e+01 1.412439e+01 3.030000e+01
      vertex   1.877352e+01 1.377293e+01 3.030000e+01
    endloop
  endfacet
  facet normal 0.000000e+00 -0.000000e+00 -1.000000e+00
    outer loop
      vertex   1.839749e+01 1.430526e+01 3.030000e+01
      vertex   1.877352e+01 1.377293e+01 3.030000e+01
      vertex   1.820001e+01 1.387841e+01 3.030000e+01
    endloop
  endfacet
  facet normal 0.000000e+00 0.000000e+00 -1.000000e+00
    outer loop
      vertex   1.820001e+01 1.387841e+01 3.030000e+01
      vertex   1.877352e+01 1.377293e+01 3.030000e+01
      vertex   1.867377e+01 1.338446e+01 3.030000e+01
    endloop
  endfacet
  facet normal 0.000000e+00 -0.000000e+00 -1.000000e+00
    outer loop
      vertex   1.820001e+01 1.387841e+01 3.030000e+01
      vertex   1.867377e+01 1.338446e+01 3.030000e+01
      vertex   1.809891e+01 1.341909e+01 3.030000e+01
    endloop
  endfacet
  facet normal 0.000000e+00 0.000000e+00 -1.000000e+00
    outer loop
      vertex   1.809891e+01 1.341909e+01 3.030000e+01
      vertex   1.867377e+01 1.338446e+01 3.030000e+01
      vertex   1.867377e+01 1.298340e+01 3.030000e+01
    endloop
  endfacet
  facet normal 0.000000e+00 0.000000e+00 -1.000000e+00
    outer loop
      vertex   1.809891e+01 1.341909e+01 3.030000e+01
      vertex   1.867377e+01 1.298340e+01 3.030000e+01
      vertex   1.809891e+01 1.294877e+01 3.030000e+01
    endloop
  endfacet
  facet normal 0.000000e+00 0.000000e+00 -1.000000e+00
    outer loop
      vertex   1.809891e+01 1.294877e+01 3.030000e+01
      vertex   1.867377e+01 1.298340e+01 3.030000e+01
      vertex   1.820001e+01 1.248945e+01 3.030000e+01
    endloop
  endfacet
  facet normal 0.000000e+00 0.000000e+00 -1.000000e+00
    outer loop
      vertex   1.820001e+01 1.248945e+01 3.030000e+01
      vertex   1.867377e+01 1.298340e+01 3.030000e+01
      vertex   1.877352e+01 1.259493e+01 3.030000e+01
    endloop
  endfacet
  facet normal 0.000000e+00 0.000000e+00 -1.000000e+00
    outer loop
      vertex   1.820001e+01 1.248945e+01 3.030000e+01
      vertex   1.877352e+01 1.259493e+01 3.030000e+01
      vertex   1.839749e+01 1.206260e+01 3.030000e+01
    endloop
  endfacet
  facet normal 0.000000e+00 0.000000e+00 -1.000000e+00
    outer loop
      vertex   1.839749e+01 1.206260e+01 3.030000e+01
      vertex   1.877352e+01 1.259493e+01 3.030000e+01
      vertex   1.896673e+01 1.224347e+01 3.030000e+01
    endloop
  endfacet
  facet normal 0.000000e+00 0.000000e+00 -1.000000e+00
    outer loop
      vertex   1.839749e+01 1.206260e+01 3.030000e+01
      vertex   1.896673e+01 1.224347e+01 3.030000e+01
      vertex   1.868212e+01 1.168818e+01 3.030000e+01
    endloop
  endfacet
  facet normal 0.000000e+00 0.000000e+00 -1.000000e+00
    outer loop
      vertex   1.868212e+01 1.168818e+01 3.030000e+01
      vertex   1.896673e+01 1.224347e+01 3.030000e+01
      vertex   1.924128e+01 1.195111e+01 3.030000e+01
    endloop
  endfacet
  facet normal 0.000000e+00 0.000000e+00 -1.000000e+00
    outer loop
      vertex   1.868212e+01 1.168818e+01 3.030000e+01
      vertex   1.924128e+01 1.195111e+01 3.030000e+01
      vertex   1.904058e+01 1.138371e+01 3.030000e+01
    endloop
  endfacet
  facet normal 0.000000e+00 0.000000e+00 -1.000000e+00
    outer loop
      vertex   1.904058e+01 1.138371e+01 3.030000e+01
      vertex   1.924128e+01 1.195111e+01 3.030000e+01
      vertex   1.957991e+01 1.173621e+01 3.030000e+01
    endloop
  endfacet
  facet normal 0.000000e+00 0.000000e+00 -1.000000e+00
    outer loop
      vertex   1.904058e+01 1.138371e+01 3.030000e+01
      vertex   1.957991e+01 1.173621e+01 3.030000e+01
      vertex   1.945611e+01 1.116340e+01 3.030000e+01
    endloop
  endfacet
  facet normal 0.000000e+00 0.000000e+00 -1.000000e+00
    outer loop
      vertex   1.945611e+01 1.116340e+01 3.030000e+01
      vertex   1.957991e+01 1.173621e+01 3.030000e+01
      vertex   1.996135e+01 1.161227e+01 3.030000e+01
    endloop
  endfacet
  facet normal 0.000000e+00 0.000000e+00 -1.000000e+00
    outer loop
      vertex   1.945611e+01 1.116340e+01 3.030000e+01
      vertex   1.996135e+01 1.161227e+01 3.030000e+01
      vertex   1.990928e+01 1.103758e+01 3.030000e+01
    endloop
  endfacet
  facet normal 0.000000e+00 0.000000e+00 -1.000000e+00
    outer loop
      vertex   1.990928e+01 1.103758e+01 3.030000e+01
      vertex   1.996135e+01 1.161227e+01 3.030000e+01
      vertex   2.036162e+01 1.158709e+01 3.030000e+01
    endloop
  endfacet
  facet normal 0.000000e+00 0.000000e+00 -1.000000e+00
    outer loop
      vertex   1.990928e+01 1.103758e+01 3.030000e+01
      vertex   2.036162e+01 1.158709e+01 3.030000e+01
      vertex   2.037891e+01 1.101212e+01 3.030000e+01
    endloop
  endfacet
  facet normal 0.000000e+00 0.000000e+00 -1.000000e+00
    outer loop
      vertex   2.037891e+01 1.101212e+01 3.030000e+01
      vertex   2.036162e+01 1.158709e+01 3.030000e+01
      vertex   2.084303e+01 1.108821e+01 3.030000e+01
    endloop
  endfacet
  facet normal 0.000000e+00 0.000000e+00 -1.000000e+00
    outer loop
      vertex   2.084303e+01 1.108821e+01 3.030000e+01
      vertex   2.036162e+01 1.158709e+01 3.030000e+01
      vertex   2.075559e+01 1.166224e+01 3.030000e+01
    endloop
  endfacet
  facet normal 0.000000e+00 0.000000e+00 -1.000000e+00
    outer loop
      vertex   2.084303e+01 1.108821e+01 3.030000e+01
      vertex   2.075559e+01 1.166224e+01 3.030000e+01
      vertex   2.127995e+01 1.126229e+01 3.030000e+01
    endloop
  endfacet
  facet normal 0.000000e+00 0.000000e+00 -1.000000e+00
    outer loop
      vertex   2.127995e+01 1.126229e+01 3.030000e+01
      vertex   2.075559e+01 1.166224e+01 3.030000e+01
      vertex   2.111848e+01 1.183300e+01 3.030000e+01
    endloop
  endfacet
  facet normal 0.000000e+00 0.000000e+00 -1.000000e+00
    outer loop
      vertex   2.127995e+01 1.126229e+01 3.030000e+01
      vertex   2.111848e+01 1.183300e+01 3.030000e+01
      vertex   2.166922e+01 1.152623e+01 3.030000e+01
    endloop
  endfacet
  facet normal 0.000000e+00 0.000000e+00 -1.000000e+00
    outer loop
      vertex   2.166922e+01 1.152623e+01 3.030000e+01
      vertex   2.111848e+01 1.183300e+01 3.030000e+01
      vertex   2.142751e+01 1.208865e+01 3.030000e+01
    endloop
  endfacet
  facet normal 0.000000e+00 0.000000e+00 -1.000000e+00
    outer loop
      vertex   2.166922e+01 1.152623e+01 3.030000e+01
      vertex   2.142751e+01 1.208865e+01 3.030000e+01
      vertex   2.199266e+01 1.186767e+01 3.030000e+01
    endloop
  endfacet
  facet normal 0.000000e+00 0.000000e+00 -1.000000e+00
    outer loop
      vertex   2.199266e+01 1.186767e+01 3.030000e+01
      vertex   2.142751e+01 1.208865e+01 3.030000e+01
      vertex   2.166325e+01 1.241312e+01 3.030000e+01
    endloop
  endfacet
  facet normal 0.000000e+00 0.000000e+00 -1.000000e+00
    outer loop
      vertex   2.199266e+01 1.186767e+01 3.030000e+01
      vertex   2.166325e+01 1.241312e+01 3.030000e+01
      vertex   2.223513e+01 1.227067e+01 3.030000e+01
    endloop
  endfacet
  facet normal 0.000000e+00 0.000000e+00 -1.000000e+00
    outer loop
      vertex   2.223513e+01 1.227067e+01 3.030000e+01
      vertex   2.166325e+01 1.241312e+01 3.030000e+01
      vertex   2.181089e+01 1.278602e+01 3.030000e+01
    endloop
  endfacet
  facet normal 0.000000e+00 0.000000e+00 -1.000000e+00
    outer loop
      vertex   2.223513e+01 1.227067e+01 3.030000e+01
      vertex   2.181089e+01 1.278602e+01 3.030000e+01
      vertex   2.238531e+01 1.271637e+01 3.030000e+01
    endloop
  endfacet
  facet normal 0.000000e+00 0.000000e+00 -1.000000e+00
    outer loop
      vertex   2.238531e+01 1.271637e+01 3.030000e+01
      vertex   2.181089e+01 1.278602e+01 3.030000e+01
      vertex   2.186116e+01 1.318393e+01 3.030000e+01
    endloop
  endfacet
  facet normal -9.941380e-01 1.081190e-01 0.000000e+00
    outer loop
      vertex   2.385308e+00 -7.283632e+00 2.780000e+01
      vertex   2.385308e+00 -7.283632e+00 3.030000e+01
      vertex   2.436158e+00 -6.816071e+00 2.780000e+01
    endloop
  endfacet
  facet normal -9.941380e-01 1.081190e-01 0.000000e+00
    outer loop
      vertex   2.436158e+00 -6.816071e+00 2.780000e+01
      vertex   2.385308e+00 -7.283632e+00 3.030000e+01
      vertex   2.436158e+00 -6.816071e+00 3.030000e+01
    endloop
  endfacet
  facet normal -9.941380e-01 -1.081190e-01 0.000000e+00
    outer loop
      vertex   2.436158e+00 -6.816071e+00 2.780000e+01
      vertex   2.436158e+00 -6.816071e+00 3.030000e+01
      vertex   2.385308e+00 -6.348511e+00 2.780000e+01
    endloop
  endfacet
  facet normal -9.941380e-01 -1.081190e-01 0.000000e+00
    outer loop
      vertex   2.385308e+00 -6.348511e+00 2.780000e+01
      vertex   2.436158e+00 -6.816071e+00 3.030000e+01
      vertex   2.385308e+00 -6.348511e+00 3.030000e+01
    endloop
  endfacet
  facet normal -9.476532e-01 -3.193015e-01 0.000000e+00
    outer loop
      vertex   2.385308e+00 -6.348511e+00 2.780000e+01
      vertex   2.385308e+00 -6.348511e+00 3.030000e+01
      vertex   2.235135e+00 -5.902813e+00 2.780000e+01
    endloop
  endfacet
  facet normal -9.476532e-01 -3.193015e-01 0.000000e+00
    outer loop
      vertex   2.235135e+00 -5.902813e+00 2.780000e+01
      vertex   2.385308e+00 -6.348511e+00 3.030000e+01
      vertex   2.235135e+00 -5.902813e+00 3.030000e+01
    endloop
  endfacet
  facet normal -8.568572e-01 -5.155539e-01 0.000000e+00
    outer loop
      vertex   2.235135e+00 -5.902813e+00 2.780000e+01
      vertex   2.235135e+00 -5.902813e+00 3.030000e+01
      vertex   1.992661e+00 -5.499817e+00 2.780000e+01
    endloop
  endfacet
  facet normal -8.568572e-01 -5.155539e-01 0.000000e+00
    outer loop
      vertex   1.992661e+00 -5.499817e+00 2.780000e+01
      vertex   2.235135e+00 -5.902813e+00 3.030000e+01
      vertex   1.992661e+00 -5.499817e+00 3.030000e+01
    endloop
  endfacet
  facet normal -7.259955e-01 -6.876995e-01 0.000000e+00
    outer loop
      vertex   1.992661e+00 -5.499817e+00 2.780000e+01
      vertex   1.992661e+00 -5.499817e+00 3.030000e+01
      vertex   1.669223e+00 -5.158369e+00 2.780000e+01
    endloop
  endfacet
  facet normal -7.259955e-01 -6.876995e-01 0.000000e+00
    outer loop
      vertex   1.669223e+00 -5.158369e+00 2.780000e+01
      vertex   1.992661e+00 -5.499817e+00 3.030000e+01
      vertex   1.669223e+00 -5.158369e+00 3.030000e+01
    endloop
  endfacet
  facet normal -5.611871e-01 -8.276890e-01 0.000000e+00
    outer loop
      vertex   1.669223e+00 -5.158369e+00 2.780000e+01
      vertex   1.669223e+00 -5.158369e+00 3.030000e+01
      vertex   1.279947e+00 -4.894433e+00 2.780000e+01
    endloop
  endfacet
  facet normal -5.611871e-01 -8.276890e-01 0.000000e+00
    outer loop
      vertex   1.279947e+00 -4.894433e+00 2.780000e+01
      vertex   1.669223e+00 -5.158369e+00 3.030000e+01
      vertex   1.279947e+00 -4.894433e+00 3.030000e+01
    endloop
  endfacet
  facet normal -3.701382e-01 -9.289767e-01 0.000000e+00
    outer loop
      vertex   1.279947e+00 -4.894433e+00 2.780000e+01
      vertex   1.279947e+00 -4.894433e+00 3.030000e+01
      vertex   8.430323e-01 -4.720350e+00 2.780000e+01
    endloop
  endfacet
  facet normal -3.701382e-01 -9.289767e-01 0.000000e+00
    outer loop
      vertex   8.430323e-01 -4.720350e+00 2.780000e+01
      vertex   1.279947e+00 -4.894433e+00 3.030000e+01
      vertex   8.430323e-01 -4.720350e+00 3.030000e+01
    endloop
  endfacet
  facet normal -1.617820e-01 -9.868265e-01 0.000000e+00
    outer loop
      vertex   8.430323e-01 -4.720350e+00 2.780000e+01
      vertex   8.430323e-01 -4.720350e+00 3.030000e+01
      vertex   3.789103e-01 -4.644261e+00 2.780000e+01
    endloop
  endfacet
  facet normal -1.617820e-01 -9.868265e-01 0.000000e+00
    outer loop
      vertex   3.789103e-01 -4.644261e+00 2.780000e+01
      vertex   8.430323e-01 -4.720350e+00 3.030000e+01
      vertex   3.789103e-01 -4.644261e+00 3.030000e+01
    endloop
  endfacet
  facet normal 5.413891e-02 -9.985334e-01 0.000000e+00
    outer loop
      vertex   3.789103e-01 -4.644261e+00 2.780000e+01
      vertex   3.789103e-01 -4.644261e+00 3.030000e+01
      vertex   -9.071767e-02 -4.669724e+00 2.780000e+01
    endloop
  endfacet
  facet normal 5.413891e-02 -9.985334e-01 0.000000e+00
    outer loop
      vertex   -9.071767e-02 -4.669724e+00 2.780000e+01
      vertex   3.789103e-01 -4.644261e+00 3.030000e+01
      vertex   -9.071767e-02 -4.669724e+00 3.030000e+01
    endloop
  endfacet
  facet normal 2.675283e-01 -9.635500e-01 0.000000e+00
    outer loop
      vertex   -9.071767e-02 -4.669724e+00 2.780000e+01
      vertex   -9.071767e-02 -4.669724e+00 3.030000e+01
      vertex   -5.438923e-01 -4.795547e+00 2.780000e+01
    endloop
  endfacet
  facet normal 2.675283e-01 -9.635500e-01 0.000000e+00
    outer loop
      vertex   -5.438923e-01 -4.795547e+00 2.780000e+01
      vertex   -9.071767e-02 -4.669724e+00 3.030000e+01
      vertex   -5.438923e-01 -4.795547e+00 3.030000e+01
    endloop
  endfacet
  facet normal 4.684084e-01 -8.835120e-01 0.000000e+00
    outer loop
      vertex   -5.438923e-01 -4.795547e+00 2.780000e+01
      vertex   -5.438923e-01 -4.795547e+00 3.030000e+01
      vertex   -9.594237e-01 -5.015848e+00 2.780000e+01
    endloop
  endfacet
  facet normal 4.684084e-01 -8.835120e-01 0.000000e+00
    outer loop
      vertex   -9.594237e-01 -5.015848e+00 2.780000e+01
      vertex   -5.438923e-01 -4.795547e+00 3.030000e+01
      vertex   -9.594237e-01 -5.015848e+00 3.030000e+01
    endloop
  endfacet
  facet normal 6.473863e-01 -7.621621e-01 0.000000e+00
    outer loop
      vertex   -9.594237e-01 -5.015848e+00 2.780000e+01
      vertex   -9.594237e-01 -5.015848e+00 3.030000e+01
      vertex   -1.317882e+00 -5.320325e+00 2.780000e+01
    endloop
  endfacet
  facet normal 6.473863e-01 -7.621621e-01 0.000000e+00
    outer loop
      vertex   -1.317882e+00 -5.320325e+00 2.780000e+01
      vertex   -9.594237e-01 -5.015848e+00 3.030000e+01
      vertex   -1.317882e+00 -5.320325e+00 3.030000e+01
    endloop
  endfacet
  facet normal 7.960931e-01 -6.051742e-01 0.000000e+00
    outer loop
      vertex   -1.317882e+00 -5.320325e+00 2.780000e+01
      vertex   -1.317882e+00 -5.320325e+00 3.030000e+01
      vertex   -1.602506e+00 -5.694742e+00 2.780000e+01
    endloop
  endfacet
  facet normal 7.960931e-01 -6.051742e-01 0.000000e+00
    outer loop
      vertex   -1.602506e+00 -5.694742e+00 2.780000e+01
      vertex   -1.317882e+00 -5.320325e+00 3.030000e+01
      vertex   -1.602506e+00 -5.694742e+00 3.030000e+01
    endloop
  endfacet
  facet normal 9.075754e-01 -4.198891e-01 0.000000e+00
    outer loop
      vertex   -1.602506e+00 -5.694742e+00 2.780000e+01
      vertex   -1.602506e+00 -5.694742e+00 3.030000e+01
      vertex   -1.799987e+00 -6.121591e+00 2.780000e+01
    endloop
  endfacet
  facet normal 9.075754e-01 -4.198891e-01 0.000000e+00
    outer loop
      vertex   -1.799987e+00 -6.121591e+00 2.780000e+01
      vertex   -1.602506e+00 -5.694742e+00 3.030000e+01
      vertex   -1.799987e+00 -6.121591e+00 3.030000e+01
    endloop
  endfacet
  facet normal 9.766206e-01 -2.149704e-01 0.000000e+00
    outer loop
      vertex   -1.799987e+00 -6.121591e+00 2.780000e+01
      vertex   -1.799987e+00 -6.121591e+00 3.030000e+01
      vertex   -1.901092e+00 -6.580912e+00 2.780000e+01
    endloop
  endfacet
  facet normal 9.766206e-01 -2.149704e-01 0.000000e+00
    outer loop
      vertex   -1.901092e+00 -6.580912e+00 2.780000e+01
      vertex   -1.799987e+00 -6.121591e+00 3.030000e+01
      vertex   -1.901092e+00 -6.580912e+00 3.030000e+01
    endloop
  endfacet
  facet normal 1.000000e+00 0.000000e+00 -0.000000e+00
    outer loop
      vertex   -1.901092e+00 -6.580912e+00 2.780000e+01
      vertex   -1.901092e+00 -6.580912e+00 3.030000e+01
      vertex   -1.901092e+00 -7.051230e+00 2.780000e+01
    endloop
  endfacet
  facet normal 1.000000e+00 0.000000e+00 0.000000e+00
    outer loop
      vertex   -1.901092e+00 -7.051230e+00 2.780000e+01
      vertex   -1.901092e+00 -6.580912e+00 3.030000e+01
      vertex   -1.901092e+00 -7.051230e+00 3.030000e+01
    endloop
  endfacet
  facet normal 9.766206e-01 2.149704e-01 -0.000000e+00
    outer loop
      vertex   -1.901092e+00 -7.051230e+00 2.780000e+01
      vertex   -1.901092e+00 -7.051230e+00 3.030000e+01
      vertex   -1.799987e+00 -7.510552e+00 2.780000e+01
    endloop
  endfacet
  facet normal 9.766206e-01 2.149704e-01 -0.000000e+00
    outer loop
      vertex   -1.799987e+00 -7.510552e+00 2.780000e+01
      vertex   -1.901092e+00 -7.051230e+00 3.030000e+01
      vertex   -1.799987e+00 -7.510552e+00 3.030000e+01
    endloop
  endfacet
  facet normal 9.075754e-01 4.198891e-01 -0.000000e+00
    outer loop
      vertex   -1.799987e+00 -7.510552e+00 2.780000e+01
      vertex   -1.799987e+00 -7.510552e+00 3.030000e+01
      vertex   -1.602506e+00 -7.937401e+00 2.780000e+01
    endloop
  endfacet
  facet normal 9.075754e-01 4.198891e-01 -0.000000e+00
    outer loop
      vertex   -1.602506e+00 -7.937401e+00 2.780000e+01
      vertex   -1.799987e+00 -7.510552e+00 3.030000e+01
      vertex   -1.602506e+00 -7.937401e+00 3.030000e+01
    endloop
  endfacet
  facet normal 7.960931e-01 6.051742e-01 -0.000000e+00
    outer loop
      vertex   -1.602506e+00 -7.937401e+00 2.780000e+01
      vertex   -1.602506e+00 -7.937401e+00 3.030000e+01
      vertex   -1.317882e+00 -8.311818e+00 2.780000e+01
    endloop
  endfacet
  facet normal 7.960931e-01 6.051742e-01 -0.000000e+00
    outer loop
      vertex   -1.317882e+00 -8.311818e+00 2.780000e+01
      vertex   -1.602506e+00 -7.937401e+00 3.030000e+01
      vertex   -1.317882e+00 -8.311818e+00 3.030000e+01
    endloop
  endfacet
  facet normal 6.473863e-01 7.621621e-01 -0.000000e+00
    outer loop
      vertex   -1.317882e+00 -8.311818e+00 2.780000e+01
      vertex   -1.317882e+00 -8.311818e+00 3.030000e+01
      vertex   -9.594237e-01 -8.616295e+00 2.780000e+01
    endloop
  endfacet
  facet normal 6.473863e-01 7.621621e-01 -0.000000e+00
    outer loop
      vertex   -9.594237e-01 -8.616295e+00 2.780000e+01
      vertex   -1.317882e+00 -8.311818e+00 3.030000e+01
      vertex   -9.594237e-01 -8.616295e+00 3.030000e+01
    endloop
  endfacet
  facet normal 4.684084e-01 8.835120e-01 -0.000000e+00
    outer loop
      vertex   -9.594237e-01 -8.616295e+00 2.780000e+01
      vertex   -9.594237e-01 -8.616295e+00 3.030000e+01
      vertex   -5.438923e-01 -8.836596e+00 2.780000e+01
    endloop
  endfacet
  facet normal 4.684084e-01 8.835120e-01 -0.000000e+00
    outer loop
      vertex   -5.438923e-01 -8.836596e+00 2.780000e+01
      vertex   -9.594237e-01 -8.616295e+00 3.030000e+01
      vertex   -5.438923e-01 -8.836596e+00 3.030000e+01
    endloop
  endfacet
  facet normal 2.675283e-01 9.635500e-01 -0.000000e+00
    outer loop
      vertex   -5.438923e-01 -8.836596e+00 2.780000e+01
      vertex   -5.438923e-01 -8.836596e+00 3.030000e+01
      vertex   -9.071767e-02 -8.962419e+00 2.780000e+01
    endloop
  endfacet
  facet normal 2.675283e-01 9.635500e-01 -0.000000e+00
    outer loop
      vertex   -9.071767e-02 -8.962419e+00 2.780000e+01
      vertex   -5.438923e-01 -8.836596e+00 3.030000e+01
      vertex   -9.071767e-02 -8.962419e+00 3.030000e+01
    endloop
  endfacet
  facet normal 5.413891e-02 9.985334e-01 -0.000000e+00
    outer loop
      vertex   -9.071767e-02 -8.962419e+00 2.780000e+01
      vertex   -9.071767e-02 -8.962419e+00 3.030000e+01
      vertex   3.789103e-01 -8.987882e+00 2.780000e+01
    endloop
  endfacet
  facet normal 5.413891e-02 9.985334e-01 -0.000000e+00
    outer loop
      vertex   3.789103e-01 -8.987882e+00 2.780000e+01
      vertex   -9.071767e-02 -8.962419e+00 3.030000e+01
      vertex   3.789103e-01 -8.987882e+00 3.030000e+01
    endloop
  endfacet
  facet normal -1.617820e-01 9.868265e-01 0.000000e+00
    outer loop
      vertex   3.789103e-01 -8.987882e+00 2.780000e+01
      vertex   3.789103e-01 -8.987882e+00 3.030000e+01
      vertex   8.430323e-01 -8.911793e+00 2.780000e+01
    endloop
  endfacet
  facet normal -1.617820e-01 9.868265e-01 0.000000e+00
    outer loop
      vertex   8.430323e-01 -8.911793e+00 2.780000e+01
      vertex   3.789103e-01 -8.987882e+00 3.030000e+01
      vertex   8.430323e-01 -8.911793e+00 3.030000e+01
    endloop
  endfacet
  facet normal -3.701382e-01 9.289767e-01 0.000000e+00
    outer loop
      vertex   8.430323e-01 -8.911793e+00 2.780000e+01
      vertex   8.430323e-01 -8.911793e+00 3.030000e+01
      vertex   1.279947e+00 -8.737710e+00 2.780000e+01
    endloop
  endfacet
  facet normal -3.701382e-01 9.289767e-01 0.000000e+00
    outer loop
      vertex   1.279947e+00 -8.737710e+00 2.780000e+01
      vertex   8.430323e-01 -8.911793e+00 3.030000e+01
      vertex   1.279947e+00 -8.737710e+00 3.030000e+01
    endloop
  endfacet
  facet normal -5.611871e-01 8.276890e-01 0.000000e+00
    outer loop
      vertex   1.279947e+00 -8.737710e+00 2.780000e+01
      vertex   1.279947e+00 -8.737710e+00 3.030000e+01
      vertex   1.669223e+00 -8.473774e+00 2.780000e+01
    endloop
  endfacet
  facet normal -5.611871e-01 8.276890e-01 0.000000e+00
    outer loop
      vertex   1.669223e+00 -8.473774e+00 2.780000e+01
      vertex   1.279947e+00 -8.737710e+00 3.030000e+01
      vertex   1.669223e+00 -8.473774e+00 3.030000e+01
    endloop
  endfacet
  facet normal -7.259955e-01 6.876995e-01 0.000000e+00
    outer loop
      vertex   1.669223e+00 -8.473774e+00 2.780000e+01
      vertex   1.669223e+00 -8.473774e+00 3.030000e+01
      vertex   1.992661e+00 -8.132325e+00 2.780000e+01
    endloop
  endfacet
  facet normal -7.259955e-01 6.876995e-01 0.000000e+00
    outer loop
      vertex   1.992661e+00 -8.132325e+00 2.780000e+01
      vertex   1.669223e+00 -8.473774e+00 3.030000e+01
      vertex   1.992661e+00 -8.132325e+00 3.030000e+01
    endloop
  endfacet
  facet normal -8.568572e-01 5.155539e-01 0.000000e+00
    outer loop
      vertex   1.992661e+00 -8.132325e+00 2.780000e+01
      vertex   1.992661e+00 -8.132325e+00 3.030000e+01
      vertex   2.235135e+00 -7.729330e+00 2.780000e+01
    endloop
  endfacet
  facet normal -8.568572e-01 5.155539e-01 0.000000e+00
    outer loop
      vertex   2.235135e+00 -7.729330e+00 2.780000e+01
      vertex   1.992661e+00 -8.132325e+00 3.030000e+01
      vertex   2.235135e+00 -7.729330e+00 3.030000e+01
    endloop
  endfacet
  facet normal -9.476532e-01 3.193015e-01 0.000000e+00
    outer loop
      vertex   2.235135e+00 -7.729330e+00 2.780000e+01
      vertex   2.235135e+00 -7.729330e+00 3.030000e+01
      vertex   2.385308e+00 -7.283632e+00 2.780000e+01
    endloop
  endfacet
  facet normal -9.476532e-01 3.193015e-01 0.000000e+00
    outer loop
      vertex   2.385308e+00 -7.283632e+00 2.780000e+01
      vertex   2.235135e+00 -7.729330e+00 3.030000e+01
      vertex   2.385308e+00 -7.283632e+00 3.030000e+01
    endloop
  endfacet
  facet normal 0.000000e+00 0.000000e+00 -1.000000e+00
    outer loop
      vertex   1.810891e+00 -6.418168e+00 3.030000e+01
      vertex   2.385308e+00 -6.348511e+00 3.030000e+01
      vertex   1.861158e+00 -6.816071e+00 3.030000e+01
    endloop
  endfacet
  facet normal 0.000000e+00 0.000000e+00 -1.000000e+00
    outer loop
      vertex   1.861158e+00 -6.816071e+00 3.030000e+01
      vertex   2.385308e+00 -6.348511e+00 3.030000e+01
      vertex   2.436158e+00 -6.816071e+00 3.030000e+01
    endloop
  endfacet
  facet normal 0.000000e+00 0.000000e+00 -1.000000e+00
    outer loop
      vertex   1.861158e+00 -6.816071e+00 3.030000e+01
      vertex   2.436158e+00 -6.816071e+00 3.030000e+01
      vertex   2.385308e+00 -7.283632e+00 3.030000e+01
    endloop
  endfacet
  facet normal -0.000000e+00 0.000000e+00 -1.000000e+00
    outer loop
      vertex   2.385308e+00 -6.348511e+00 3.030000e+01
      vertex   1.810891e+00 -6.418168e+00 3.030000e+01
      vertex   2.235135e+00 -5.902813e+00 3.030000e+01
    endloop
  endfacet
  facet normal 0.000000e+00 0.000000e+00 -1.000000e+00
    outer loop
      vertex   2.235135e+00 -5.902813e+00 3.030000e+01
      vertex   1.810891e+00 -6.418168e+00 3.030000e+01
      vertex   1.663249e+00 -6.045265e+00 3.030000e+01
    endloop
  endfacet
  facet normal -0.000000e+00 0.000000e+00 -1.000000e+00
    outer loop
      vertex   2.235135e+00 -5.902813e+00 3.030000e+01
      vertex   1.663249e+00 -6.045265e+00 3.030000e+01
      vertex   1.992661e+00 -5.499817e+00 3.030000e+01
    endloop
  endfacet
  facet normal 0.000000e+00 0.000000e+00 -1.000000e+00
    outer loop
      vertex   1.992661e+00 -5.499817e+00 3.030000e+01
      vertex   1.663249e+00 -6.045265e+00 3.030000e+01
      vertex   1.427508e+00 -5.720796e+00 3.030000e+01
    endloop
  endfacet
  facet normal -0.000000e+00 0.000000e+00 -1.000000e+00
    outer loop
      vertex   1.992661e+00 -5.499817e+00 3.030000e+01
      vertex   1.427508e+00 -5.720796e+00 3.030000e+01
      vertex   1.669223e+00 -5.158369e+00 3.030000e+01
    endloop
  endfacet
  facet normal 0.000000e+00 0.000000e+00 -1.000000e+00
    outer loop
      vertex   1.669223e+00 -5.158369e+00 3.030000e+01
      vertex   1.427508e+00 -5.720796e+00 3.030000e+01
      vertex   1.118481e+00 -5.465147e+00 3.030000e+01
    endloop
  endfacet
  facet normal -0.000000e+00 0.000000e+00 -1.000000e+00
    outer loop
      vertex   1.669223e+00 -5.158369e+00 3.030000e+01
      vertex   1.118481e+00 -5.465147e+00 3.030000e+01
      vertex   1.279947e+00 -4.894433e+00 3.030000e+01
    endloop
  endfacet
  facet normal 0.000000e+00 0.000000e+00 -1.000000e+00
    outer loop
      vertex   1.279947e+00 -4.894433e+00 3.030000e+01
      vertex   1.118481e+00 -5.465147e+00 3.030000e+01
      vertex   7.555854e-01 -5.294381e+00 3.030000e+01
    endloop
  endfacet
  facet normal -0.000000e+00 0.000000e+00 -1.000000e+00
    outer loop
      vertex   1.279947e+00 -4.894433e+00 3.030000e+01
      vertex   7.555854e-01 -5.294381e+00 3.030000e+01
      vertex   8.430323e-01 -4.720350e+00 3.030000e+01
    endloop
  endfacet
  facet normal 0.000000e+00 0.000000e+00 -1.000000e+00
    outer loop
      vertex   8.430323e-01 -4.720350e+00 3.030000e+01
      vertex   7.555854e-01 -5.294381e+00 3.030000e+01
      vertex   3.616230e-01 -5.219229e+00 3.030000e+01
    endloop
  endfacet
  facet normal -0.000000e+00 0.000000e+00 -1.000000e+00
    outer loop
      vertex   8.430323e-01 -4.720350e+00 3.030000e+01
      vertex   3.616230e-01 -5.219229e+00 3.030000e+01
      vertex   3.789103e-01 -4.644261e+00 3.030000e+01
    endloop
  endfacet
  facet normal 0.000000e+00 0.000000e+00 -1.000000e+00
    outer loop
      vertex   3.789103e-01 -4.644261e+00 3.030000e+01
      vertex   3.616230e-01 -5.219229e+00 3.030000e+01
      vertex   -9.071767e-02 -4.669724e+00 3.030000e+01
    endloop
  endfacet
  facet normal 0.000000e+00 0.000000e+00 -1.000000e+00
    outer loop
      vertex   -9.071767e-02 -4.669724e+00 3.030000e+01
      vertex   3.616230e-01 -5.219229e+00 3.030000e+01
      vertex   -3.865193e-02 -5.244412e+00 3.030000e+01
    endloop
  endfacet
  facet normal 0.000000e+00 -0.000000e+00 -1.000000e+00
    outer loop
      vertex   -9.071767e-02 -4.669724e+00 3.030000e+01
      vertex   -3.865193e-02 -5.244412e+00 3.030000e+01
      vertex   -5.438923e-01 -4.795547e+00 3.030000e+01
    endloop
  endfacet
  facet normal 0.000000e+00 0.000000e+00 -1.000000e+00
    outer loop
      vertex   -5.438923e-01 -4.795547e+00 3.030000e+01
      vertex   -3.865193e-02 -5.244412e+00 3.030000e+01
      vertex   -4.200887e-01 -5.368348e+00 3.030000e+01
    endloop
  endfacet
  facet normal 0.000000e+00 -0.000000e+00 -1.000000e+00
    outer loop
      vertex   -5.438923e-01 -4.795547e+00 3.030000e+01
      vertex   -4.200887e-01 -5.368348e+00 3.030000e+01
      vertex   -9.594237e-01 -5.015848e+00 3.030000e+01
    endloop
  endfacet
  facet normal 0.000000e+00 0.000000e+00 -1.000000e+00
    outer loop
      vertex   -9.594237e-01 -5.015848e+00 3.030000e+01
      vertex   -4.200887e-01 -5.368348e+00 3.030000e+01
      vertex   -7.587202e-01 -5.583250e+00 3.030000e+01
    endloop
  endfacet
  facet normal 0.000000e+00 -0.000000e+00 -1.000000e+00
    outer loop
      vertex   -9.594237e-01 -5.015848e+00 3.030000e+01
      vertex   -7.587202e-01 -5.583250e+00 3.030000e+01
      vertex   -1.317882e+00 -5.320325e+00 3.030000e+01
    endloop
  endfacet
  facet normal 0.000000e+00 0.000000e+00 -1.000000e+00
    outer loop
      vertex   -1.317882e+00 -5.320325e+00 3.030000e+01
      vertex   -7.587202e-01 -5.583250e+00 3.030000e+01
      vertex   -1.033269e+00 -5.875615e+00 3.030000e+01
    endloop
  endfacet
  facet normal 0.000000e+00 -0.000000e+00 -1.000000e+00
    outer loop
      vertex   -1.317882e+00 -5.320325e+00 3.030000e+01
      vertex   -1.033269e+00 -5.875615e+00 3.030000e+01
      vertex   -1.602506e+00 -5.694742e+00 3.030000e+01
    endloop
  endfacet
  facet normal 0.000000e+00 0.000000e+00 -1.000000e+00
    outer loop
      vertex   -1.602506e+00 -5.694742e+00 3.030000e+01
      vertex   -1.033269e+00 -5.875615e+00 3.030000e+01
      vertex   -1.226484e+00 -6.227072e+00 3.030000e+01
    endloop
  endfacet
  facet normal 0.000000e+00 -0.000000e+00 -1.000000e+00
    outer loop
      vertex   -1.602506e+00 -5.694742e+00 3.030000e+01
      vertex   -1.226484e+00 -6.227072e+00 3.030000e+01
      vertex   -1.799987e+00 -6.121591e+00 3.030000e+01
    endloop
  endfacet
  facet normal 0.000000e+00 0.000000e+00 -1.000000e+00
    outer loop
      vertex   -1.799987e+00 -6.121591e+00 3.030000e+01
      vertex   -1.226484e+00 -6.227072e+00 3.030000e+01
      vertex   -1.326225e+00 -6.615538e+00 3.030000e+01
    endloop
  endfacet
  facet normal 0.000000e+00 -0.000000e+00 -1.000000e+00
    outer loop
      vertex   -1.799987e+00 -6.121591e+00 3.030000e+01
      vertex   -1.326225e+00 -6.615538e+00 3.030000e+01
      vertex   -1.901092e+00 -6.580912e+00 3.030000e+01
    endloop
  endfacet
  facet normal 0.000000e+00 0.000000e+00 -1.000000e+00
    outer loop
      vertex   -1.901092e+00 -6.580912e+00 3.030000e+01
      vertex   -1.326225e+00 -6.615538e+00 3.030000e+01
      vertex   -1.326225e+00 -7.016605e+00 3.030000e+01
    endloop
  endfacet
  facet normal 0.000000e+00 0.000000e+00 -1.000000e+00
    outer loop
      vertex   -1.901092e+00 -6.580912e+00 3.030000e+01
      vertex   -1.326225e+00 -7.016605e+00 3.030000e+01
      vertex   -1.901092e+00 -7.051230e+00 3.030000e+01
    endloop
  endfacet
  facet normal 0.000000e+00 0.000000e+00 -1.000000e+00
    outer loop
      vertex   -1.901092e+00 -7.051230e+00 3.030000e+01
      vertex   -1.326225e+00 -7.016605e+00 3.030000e+01
      vertex   -1.799987e+00 -7.510552e+00 3.030000e+01
    endloop
  endfacet
  facet normal 0.000000e+00 0.000000e+00 -1.000000e+00
    outer loop
      vertex   -1.799987e+00 -7.510552e+00 3.030000e+01
      vertex   -1.326225e+00 -7.016605e+00 3.030000e+01
      vertex   -1.226484e+00 -7.405071e+00 3.030000e+01
    endloop
  endfacet
  facet normal 0.000000e+00 0.000000e+00 -1.000000e+00
    outer loop
      vertex   -1.799987e+00 -7.510552e+00 3.030000e+01
      vertex   -1.226484e+00 -7.405071e+00 3.030000e+01
      vertex   -1.602506e+00 -7.937401e+00 3.030000e+01
    endloop
  endfacet
  facet normal 0.000000e+00 0.000000e+00 -1.000000e+00
    outer loop
      vertex   -1.602506e+00 -7.937401e+00 3.030000e+01
      vertex   -1.226484e+00 -7.405071e+00 3.030000e+01
      vertex   -1.033269e+00 -7.756528e+00 3.030000e+01
    endloop
  endfacet
  facet normal 0.000000e+00 0.000000e+00 -1.000000e+00
    outer loop
      vertex   -1.602506e+00 -7.937401e+00 3.030000e+01
      vertex   -1.033269e+00 -7.756528e+00 3.030000e+01
      vertex   -1.317882e+00 -8.311818e+00 3.030000e+01
    endloop
  endfacet
  facet normal 0.000000e+00 0.000000e+00 -1.000000e+00
    outer loop
      vertex   -1.317882e+00 -8.311818e+00 3.030000e+01
      vertex   -1.033269e+00 -7.756528e+00 3.030000e+01
      vertex   -7.587202e-01 -8.048893e+00 3.030000e+01
    endloop
  endfacet
  facet normal 0.000000e+00 0.000000e+00 -1.000000e+00
    outer loop
      vertex   -1.317882e+00 -8.311818e+00 3.030000e+01
      vertex   -7.587202e-01 -8.048893e+00 3.030000e+01
      vertex   -9.594237e-01 -8.616295e+00 3.030000e+01
    endloop
  endfacet
  facet normal 0.000000e+00 0.000000e+00 -1.000000e+00
    outer loop
      vertex   -9.594237e-01 -8.616295e+00 3.030000e+01
      vertex   -7.587202e-01 -8.048893e+00 3.030000e+01
      vertex   -4.200887e-01 -8.263795e+00 3.030000e+01
    endloop
  endfacet
  facet normal 0.000000e+00 0.000000e+00 -1.000000e+00
    outer loop
      vertex   -9.594237e-01 -8.616295e+00 3.030000e+01
      vertex   -4.200887e-01 -8.263795e+00 3.030000e+01
      vertex   -5.438923e-01 -8.836596e+00 3.030000e+01
    endloop
  endfacet
  facet normal 0.000000e+00 0.000000e+00 -1.000000e+00
    outer loop
      vertex   -5.438923e-01 -8.836596e+00 3.030000e+01
      vertex   -4.200887e-01 -8.263795e+00 3.030000e+01
      vertex   -3.865193e-02 -8.387731e+00 3.030000e+01
    endloop
  endfacet
  facet normal 0.000000e+00 0.000000e+00 -1.000000e+00
    outer loop
      vertex   -5.438923e-01 -8.836596e+00 3.030000e+01
      vertex   -3.865193e-02 -8.387731e+00 3.030000e+01
      vertex   -9.071767e-02 -8.962419e+00 3.030000e+01
    endloop
  endfacet
  facet normal 0.000000e+00 0.000000e+00 -1.000000e+00
    outer loop
      vertex   -9.071767e-02 -8.962419e+00 3.030000e+01
      vertex   -3.865193e-02 -8.387731e+00 3.030000e+01
      vertex   3.616230e-01 -8.412914e+00 3.030000e+01
    endloop
  endfacet
  facet normal 0.000000e+00 0.000000e+00 -1.000000e+00
    outer loop
      vertex   -9.071767e-02 -8.962419e+00 3.030000e+01
      vertex   3.616230e-01 -8.412914e+00 3.030000e+01
      vertex   3.789103e-01 -8.987882e+00 3.030000e+01
    endloop
  endfacet
  facet normal 0.000000e+00 0.000000e+00 -1.000000e+00
    outer loop
      vertex   3.789103e-01 -8.987882e+00 3.030000e+01
      vertex   3.616230e-01 -8.412914e+00 3.030000e+01
      vertex   8.430323e-01 -8.911793e+00 3.030000e+01
    endloop
  endfacet
  facet normal 0.000000e+00 0.000000e+00 -1.000000e+00
    outer loop
      vertex   8.430323e-01 -8.911793e+00 3.030000e+01
      vertex   3.616230e-01 -8.412914e+00 3.030000e+01
      vertex   7.555854e-01 -8.337762e+00 3.030000e+01
    endloop
  endfacet
  facet normal 0.000000e+00 0.000000e+00 -1.000000e+00
    outer loop
      vertex   8.430323e-01 -8.911793e+00 3.030000e+01
      vertex   7.555854e-01 -8.337762e+00 3.030000e+01
      vertex   1.279947e+00 -8.737710e+00 3.030000e+01
    endloop
  endfacet
  facet normal 0.000000e+00 0.000000e+00 -1.000000e+00
    outer loop
      vertex   1.279947e+00 -8.737710e+00 3.030000e+01
      vertex   7.555854e-01 -8.337762e+00 3.030000e+01
      vertex   1.118481e+00 -8.166996e+00 3.030000e+01
    endloop
  endfacet
  facet normal 0.000000e+00 0.000000e+00 -1.000000e+00
    outer loop
      vertex   1.279947e+00 -8.737710e+00 3.030000e+01
      vertex   1.118481e+00 -8.166996e+00 3.030000e+01
      vertex   1.669223e+00 -8.473774e+00 3.030000e+01
    endloop
  endfacet
  facet normal 0.000000e+00 0.000000e+00 -1.000000e+00
    outer loop
      vertex   1.669223e+00 -8.473774e+00 3.030000e+01
      vertex   1.118481e+00 -8.166996e+00 3.030000e+01
      vertex   1.427508e+00 -7.911347e+00 3.030000e+01
    endloop
  endfacet
  facet normal 0.000000e+00 0.000000e+00 -1.000000e+00
    outer loop
      vertex   1.669223e+00 -8.473774e+00 3.030000e+01
      vertex   1.427508e+00 -7.911347e+00 3.030000e+01
      vertex   1.992661e+00 -8.132325e+00 3.030000e+01
    endloop
  endfacet
  facet normal 0.000000e+00 0.000000e+00 -1.000000e+00
    outer loop
      vertex   1.992661e+00 -8.132325e+00 3.030000e+01
      vertex   1.427508e+00 -7.911347e+00 3.030000e+01
      vertex   1.663249e+00 -7.586877e+00 3.030000e+01
    endloop
  endfacet
  facet normal 0.000000e+00 0.000000e+00 -1.000000e+00
    outer loop
      vertex   1.992661e+00 -8.132325e+00 3.030000e+01
      vertex   1.663249e+00 -7.586877e+00 3.030000e+01
      vertex   2.235135e+00 -7.729330e+00 3.030000e+01
    endloop
  endfacet
  facet normal 0.000000e+00 0.000000e+00 -1.000000e+00
    outer loop
      vertex   2.235135e+00 -7.729330e+00 3.030000e+01
      vertex   1.663249e+00 -7.586877e+00 3.030000e+01
      vertex   1.810891e+00 -7.213975e+00 3.030000e+01
    endloop
  endfacet
  facet normal 0.000000e+00 0.000000e+00 -1.000000e+00
    outer loop
      vertex   2.235135e+00 -7.729330e+00 3.030000e+01
      vertex   1.810891e+00 -7.213975e+00 3.030000e+01
      vertex   2.385308e+00 -7.283632e+00 3.030000e+01
    endloop
  endfacet
  facet normal 0.000000e+00 0.000000e+00 -1.000000e+00
    outer loop
      vertex   2.385308e+00 -7.283632e+00 3.030000e+01
      vertex   1.810891e+00 -7.213975e+00 3.030000e+01
      vertex   1.861158e+00 -6.816071e+00 3.030000e+01
    endloop
  endfacet
  facet normal -4.489763e-01 -8.864978e-01 -1.119907e-01
    outer loop
      vertex   -4.971427e+01 -6.507247e+00 2.672708e+01
      vertex   -5.071427e+01 -6.009466e+00 2.679579e+01
      vertex   -4.971427e+01 -6.456162e+00 2.632270e+01
    endloop
  endfacet
  facet normal -4.449598e-01 -8.899195e-01 -1.002698e-01
    outer loop
      vertex   -4.971427e+01 -6.456162e+00 2.632270e+01
      vertex   -5.071427e+01 -6.009466e+00 2.679579e+01
      vertex   -5.071427e+01 -5.956162e+00 2.632270e+01
    endloop
  endfacet
  facet normal -4.449598e-01 -8.899195e-01 1.002698e-01
    outer loop
      vertex   -4.971427e+01 -6.456162e+00 2.632270e+01
      vertex   -5.071427e+01 -5.956162e+00 2.632270e+01
      vertex   -5.071427e+01 -6.009466e+00 2.584961e+01
    endloop
  endfacet
  facet normal -4.418518e-01 -8.467465e-01 -2.962894e-01
    outer loop
      vertex   -5.071427e+01 -6.009466e+00 2.679579e+01
      vertex   -4.971427e+01 -6.507247e+00 2.672708e+01
      vertex   -5.071427e+01 -6.166706e+00 2.724515e+01
    endloop
  endfacet
  facet normal -4.524445e-01 -8.291677e-01 -3.282907e-01
    outer loop
      vertex   -5.071427e+01 -6.166706e+00 2.724515e+01
      vertex   -4.971427e+01 -6.507247e+00 2.672708e+01
      vertex   -4.971427e+01 -6.657292e+00 2.710605e+01
    endloop
  endfacet
  facet normal -4.395797e-01 -7.605307e-01 -4.778731e-01
    outer loop
      vertex   -5.071427e+01 -6.166706e+00 2.724515e+01
      vertex   -4.971427e+01 -6.657292e+00 2.710605e+01
      vertex   -5.071427e+01 -6.419996e+00 2.764826e+01
    endloop
  endfacet
  facet normal -4.548073e-01 -7.205023e-01 -5.234756e-01
    outer loop
      vertex   -5.071427e+01 -6.419996e+00 2.764826e+01
      vertex   -4.971427e+01 -6.657292e+00 2.710605e+01
      vertex   -4.971427e+01 -6.896868e+00 2.743580e+01
    endloop
  endfacet
  facet normal -4.381545e-01 -6.356180e-01 -6.356180e-01
    outer loop
      vertex   -5.071427e+01 -6.419996e+00 2.764826e+01
      vertex   -4.971427e+01 -6.896868e+00 2.743580e+01
      vertex   -5.071427e+01 -6.756635e+00 2.798490e+01
    endloop
  endfacet
  facet normal -4.560761e-01 -5.672696e-01 -6.857112e-01
    outer loop
      vertex   -5.071427e+01 -6.756635e+00 2.798490e+01
      vertex   -4.971427e+01 -6.896868e+00 2.743580e+01
      vertex   -4.971427e+01 -7.210923e+00 2.769561e+01
    endloop
  endfacet
  facet normal -4.375834e-01 -4.783914e-01 -7.613556e-01
    outer loop
      vertex   -5.071427e+01 -6.756635e+00 2.798490e+01
      vertex   -4.971427e+01 -7.210923e+00 2.769561e+01
      vertex   -5.071427e+01 -7.159744e+00 2.823819e+01
    endloop
  endfacet
  facet normal -4.562572e-01 -3.788788e-01 -8.051585e-01
    outer loop
      vertex   -5.071427e+01 -7.159744e+00 2.823819e+01
      vertex   -4.971427e+01 -7.210923e+00 2.769561e+01
      vertex   -4.971427e+01 -7.579723e+00 2.786915e+01
    endloop
  endfacet
  facet normal -4.378690e-01 -2.969337e-01 -8.485877e-01
    outer loop
      vertex   -5.071427e+01 -7.159744e+00 2.823819e+01
      vertex   -4.971427e+01 -7.579723e+00 2.786915e+01
      vertex   -5.071427e+01 -7.609108e+00 2.839543e+01
    endloop
  endfacet
  facet normal -4.553514e-01 -1.668278e-01 -8.745419e-01
    outer loop
      vertex   -5.071427e+01 -7.609108e+00 2.839543e+01
      vertex   -4.971427e+01 -7.579723e+00 2.786915e+01
      vertex   -4.971427e+01 -7.980095e+00 2.794552e+01
    endloop
  endfacet
  facet normal -4.390101e-01 -1.005981e-01 -8.928327e-01
    outer loop
      vertex   -5.071427e+01 -7.609108e+00 2.839543e+01
      vertex   -4.971427e+01 -7.980095e+00 2.794552e+01
      vertex   -5.071427e+01 -8.082194e+00 2.844873e+01
    endloop
  endfacet
  facet normal -4.533543e-01 5.596710e-02 -8.895716e-01
    outer loop
      vertex   -5.071427e+01 -8.082194e+00 2.844873e+01
      vertex   -4.971427e+01 -7.980095e+00 2.794552e+01
      vertex   -4.971427e+01 -8.386882e+00 2.791993e+01
    endloop
  endfacet
  facet normal -4.410009e-01 1.004889e-01 -8.918633e-01
    outer loop
      vertex   -5.071427e+01 -8.082194e+00 2.844873e+01
      vertex   -4.971427e+01 -8.386882e+00 2.791993e+01
      vertex   -5.071427e+01 -8.555281e+00 2.839543e+01
    endloop
  endfacet
  facet normal -4.502561e-01 2.759211e-01 -8.491978e-01
    outer loop
      vertex   -5.071427e+01 -8.555281e+00 2.839543e+01
      vertex   -4.971427e+01 -8.386882e+00 2.791993e+01
      vertex   -4.971427e+01 -8.774525e+00 2.779398e+01
    endloop
  endfacet
  facet normal -4.438318e-01 2.959664e-01 -8.458234e-01
    outer loop
      vertex   -5.071427e+01 -8.555281e+00 2.839543e+01
      vertex   -4.971427e+01 -8.774525e+00 2.779398e+01
      vertex   -5.071427e+01 -9.004645e+00 2.823819e+01
    endloop
  endfacet
  facet normal -4.461790e-01 4.761388e-01 -7.577705e-01
    outer loop
      vertex   -5.071427e+01 -9.004645e+00 2.823819e+01
      vertex   -4.971427e+01 -8.774525e+00 2.779398e+01
      vertex   -5.071427e+01 -9.407753e+00 2.798490e+01
    endloop
  endfacet
  facet normal -4.475718e-01 4.791620e-01 -7.550386e-01
    outer loop
      vertex   -5.071427e+01 -9.407753e+00 2.798490e+01
      vertex   -4.971427e+01 -8.774525e+00 2.779398e+01
      vertex   -4.971427e+01 -9.118666e+00 2.757558e+01
    endloop
  endfacet
  facet normal -4.427956e-01 6.340079e-01 -6.340079e-01
    outer loop
      vertex   -5.071427e+01 -9.407753e+00 2.798490e+01
      vertex   -4.971427e+01 -9.118666e+00 2.757558e+01
      vertex   -5.071427e+01 -9.744393e+00 2.764826e+01
    endloop
  endfacet
  facet normal -4.514120e-01 6.504701e-01 -6.108321e-01
    outer loop
      vertex   -5.071427e+01 -9.744393e+00 2.764826e+01
      vertex   -4.971427e+01 -9.118666e+00 2.757558e+01
      vertex   -4.971427e+01 -9.397682e+00 2.727846e+01
    endloop
  endfacet
  facet normal -4.402434e-01 7.602554e-01 -4.777001e-01
    outer loop
      vertex   -5.071427e+01 -9.744393e+00 2.764826e+01
      vertex   -4.971427e+01 -9.397682e+00 2.727846e+01
      vertex   -5.071427e+01 -9.997683e+00 2.724515e+01
    endloop
  endfacet
  facet normal -4.541417e-01 7.807274e-01 -4.292085e-01
    outer loop
      vertex   -5.071427e+01 -9.997683e+00 2.724515e+01
      vertex   -4.971427e+01 -9.397682e+00 2.727846e+01
      vertex   -4.971427e+01 -9.594040e+00 2.692128e+01
    endloop
  endfacet
  facet normal -4.385349e-01 8.482813e-01 -2.968265e-01
    outer loop
      vertex   -5.071427e+01 -9.997683e+00 2.724515e+01
      vertex   -4.971427e+01 -9.594040e+00 2.692128e+01
      vertex   -5.071427e+01 -1.015492e+01 2.679579e+01
    endloop
  endfacet
  facet normal -4.557742e-01 8.621314e-01 -2.213577e-01
    outer loop
      vertex   -5.071427e+01 -1.015492e+01 2.679579e+01
      vertex   -4.971427e+01 -9.594040e+00 2.692128e+01
      vertex   -4.971427e+01 -9.695404e+00 2.652650e+01
    endloop
  endfacet
  facet normal -4.376786e-01 8.934779e-01 -1.006708e-01
    outer loop
      vertex   -5.071427e+01 -1.015492e+01 2.679579e+01
      vertex   -4.971427e+01 -9.695404e+00 2.652650e+01
      vertex   -5.071427e+01 -1.020823e+01 2.632270e+01
    endloop
  endfacet
  facet normal -4.563175e-01 8.898170e-01 0.000000e+00
    outer loop
      vertex   -5.071427e+01 -1.020823e+01 2.632270e+01
      vertex   -4.971427e+01 -9.695404e+00 2.652650e+01
      vertex   -4.971427e+01 -9.695404e+00 2.611891e+01
    endloop
  endfacet
  facet normal -4.376786e-01 8.934779e-01 1.006708e-01
    outer loop
      vertex   -5.071427e+01 -1.020823e+01 2.632270e+01
      vertex   -4.971427e+01 -9.695404e+00 2.611891e+01
      vertex   -5.071427e+01 -1.015492e+01 2.584961e+01
    endloop
  endfacet
  facet normal -4.557742e-01 8.621314e-01 2.213577e-01
    outer loop
      vertex   -5.071427e+01 -1.015492e+01 2.584961e+01
      vertex   -4.971427e+01 -9.695404e+00 2.611891e+01
      vertex   -4.971427e+01 -9.594040e+00 2.572412e+01
    endloop
  endfacet
  facet normal -4.385349e-01 8.482813e-01 2.968265e-01
    outer loop
      vertex   -5.071427e+01 -1.015492e+01 2.584961e+01
      vertex   -4.971427e+01 -9.594040e+00 2.572412e+01
      vertex   -5.071427e+01 -9.997683e+00 2.540025e+01
    endloop
  endfacet
  facet normal -4.541417e-01 7.807274e-01 4.292085e-01
    outer loop
      vertex   -5.071427e+01 -9.997683e+00 2.540025e+01
      vertex   -4.971427e+01 -9.594040e+00 2.572412e+01
      vertex   -4.971427e+01 -9.397682e+00 2.536694e+01
    endloop
  endfacet
  facet normal -4.402434e-01 7.602554e-01 4.777001e-01
    outer loop
      vertex   -5.071427e+01 -9.997683e+00 2.540025e+01
      vertex   -4.971427e+01 -9.397682e+00 2.536694e+01
      vertex   -5.071427e+01 -9.744393e+00 2.499714e+01
    endloop
  endfacet
  facet normal -4.514120e-01 6.504701e-01 6.108321e-01
    outer loop
      vertex   -5.071427e+01 -9.744393e+00 2.499714e+01
      vertex   -4.971427e+01 -9.397682e+00 2.536694e+01
      vertex   -4.971427e+01 -9.118666e+00 2.506982e+01
    endloop
  endfacet
  facet normal -4.427956e-01 6.340079e-01 6.340079e-01
    outer loop
      vertex   -5.071427e+01 -9.744393e+00 2.499714e+01
      vertex   -4.971427e+01 -9.118666e+00 2.506982e+01
      vertex   -5.071427e+01 -9.407753e+00 2.466050e+01
    endloop
  endfacet
  facet normal -4.475718e-01 4.791620e-01 7.550386e-01
    outer loop
      vertex   -5.071427e+01 -9.407753e+00 2.466050e+01
      vertex   -4.971427e+01 -9.118666e+00 2.506982e+01
      vertex   -4.971427e+01 -8.774525e+00 2.485142e+01
    endloop
  endfacet
  facet normal -4.461790e-01 4.761388e-01 7.577705e-01
    outer loop
      vertex   -5.071427e+01 -9.407753e+00 2.466050e+01
      vertex   -4.971427e+01 -8.774525e+00 2.485142e+01
      vertex   -5.071427e+01 -9.004645e+00 2.440721e+01
    endloop
  endfacet
  facet normal -4.438318e-01 2.959664e-01 8.458234e-01
    outer loop
      vertex   -5.071427e+01 -9.004645e+00 2.440721e+01
      vertex   -4.971427e+01 -8.774525e+00 2.485142e+01
      vertex   -5.071427e+01 -8.555281e+00 2.424997e+01
    endloop
  endfacet
  facet normal -4.502561e-01 2.759211e-01 8.491978e-01
    outer loop
      vertex   -5.071427e+01 -8.555281e+00 2.424997e+01
      vertex   -4.971427e+01 -8.774525e+00 2.485142e+01
      vertex   -4.971427e+01 -8.386882e+00 2.472547e+01
    endloop
  endfacet
  facet normal -4.410009e-01 1.004889e-01 8.918633e-01
    outer loop
      vertex   -5.071427e+01 -8.555281e+00 2.424997e+01
      vertex   -4.971427e+01 -8.386882e+00 2.472547e+01
      vertex   -5.071427e+01 -8.082194e+00 2.419667e+01
    endloop
  endfacet
  facet normal -4.533543e-01 5.596710e-02 8.895716e-01
    outer loop
      vertex   -5.071427e+01 -8.082194e+00 2.419667e+01
      vertex   -4.971427e+01 -8.386882e+00 2.472547e+01
      vertex   -4.971427e+01 -7.980095e+00 2.469988e+01
    endloop
  endfacet
  facet normal -4.390101e-01 -1.005981e-01 8.928327e-01
    outer loop
      vertex   -5.071427e+01 -8.082194e+00 2.419667e+01
      vertex   -4.971427e+01 -7.980095e+00 2.469988e+01
      vertex   -5.071427e+01 -7.609108e+00 2.424997e+01
    endloop
  endfacet
  facet normal -4.553514e-01 -1.668278e-01 8.745419e-01
    outer loop
      vertex   -5.071427e+01 -7.609108e+00 2.424997e+01
      vertex   -4.971427e+01 -7.980095e+00 2.469988e+01
      vertex   -4.971427e+01 -7.579723e+00 2.477625e+01
    endloop
  endfacet
  facet normal -4.378690e-01 -2.969337e-01 8.485877e-01
    outer loop
      vertex   -5.071427e+01 -7.609108e+00 2.424997e+01
      vertex   -4.971427e+01 -7.579723e+00 2.477625e+01
      vertex   -5.071427e+01 -7.159744e+00 2.440721e+01
    endloop
  endfacet
  facet normal -4.562572e-01 -3.788788e-01 8.051585e-01
    outer loop
      vertex   -5.071427e+01 -7.159744e+00 2.440721e+01
      vertex   -4.971427e+01 -7.579723e+00 2.477625e+01
      vertex   -4.971427e+01 -7.210923e+00 2.494980e+01
    endloop
  endfacet
  facet normal -4.375834e-01 -4.783914e-01 7.613556e-01
    outer loop
      vertex   -5.071427e+01 -7.159744e+00 2.440721e+01
      vertex   -4.971427e+01 -7.210923e+00 2.494980e+01
      vertex   -5.071427e+01 -6.756635e+00 2.466050e+01
    endloop
  endfacet
  facet normal -4.560761e-01 -5.672696e-01 6.857112e-01
    outer loop
      vertex   -5.071427e+01 -6.756635e+00 2.466050e+01
      vertex   -4.971427e+01 -7.210923e+00 2.494980e+01
      vertex   -4.971427e+01 -6.896868e+00 2.520961e+01
    endloop
  endfacet
  facet normal -4.381545e-01 -6.356180e-01 6.356180e-01
    outer loop
      vertex   -5.071427e+01 -6.756635e+00 2.466050e+01
      vertex   -4.971427e+01 -6.896868e+00 2.520961e+01
      vertex   -5.071427e+01 -6.419996e+00 2.499714e+01
    endloop
  endfacet
  facet normal -4.548073e-01 -7.205023e-01 5.234756e-01
    outer loop
      vertex   -5.071427e+01 -6.419996e+00 2.499714e+01
      vertex   -4.971427e+01 -6.896868e+00 2.520961e+01
      vertex   -4.971427e+01 -6.657292e+00 2.553935e+01
    endloop
  endfacet
  facet normal -4.395797e-01 -7.605307e-01 4.778731e-01
    outer loop
      vertex   -5.071427e+01 -6.419996e+00 2.499714e+01
      vertex   -4.971427e+01 -6.657292e+00 2.553935e+01
      vertex   -5.071427e+01 -6.166706e+00 2.540025e+01
    endloop
  endfacet
  facet normal -4.524445e-01 -8.291677e-01 3.282907e-01
    outer loop
      vertex   -5.071427e+01 -6.166706e+00 2.540025e+01
      vertex   -4.971427e+01 -6.657292e+00 2.553935e+01
      vertex   -4.971427e+01 -6.507247e+00 2.591832e+01
    endloop
  endfacet
  facet normal -4.418518e-01 -8.467465e-01 2.962894e-01
    outer loop
      vertex   -5.071427e+01 -6.166706e+00 2.540025e+01
      vertex   -4.971427e+01 -6.507247e+00 2.591832e+01
      vertex   -5.071427e+01 -6.009466e+00 2.584961e+01
    endloop
  endfacet
  facet normal -4.489763e-01 -8.864978e-01 1.119907e-01
    outer loop
      vertex   -5.071427e+01 -6.009466e+00 2.584961e+01
      vertex   -4.971427e+01 -6.507247e+00 2.591832e+01
      vertex   -4.971427e+01 -6.456162e+00 2.632270e+01
    endloop
  endfacet
  facet normal -1.000000e+00 0.000000e+00 0.000000e+00
    outer loop
      vertex   -5.071427e+01 -1.602035e+01 2.210000e+01
      vertex   -5.071427e+01 -3.502250e+00 2.302270e+01
      vertex   -5.071427e+01 -1.572035e+01 2.180000e+01
    endloop
  endfacet
  facet normal -1.000000e+00 0.000000e+00 0.000000e+00
    outer loop
      vertex   -5.071427e+01 -1.572035e+01 2.180000e+01
      vertex   -5.071427e+01 -3.502250e+00 2.302270e+01
      vertex   -5.071427e+01 5.097750e+00 2.302270e+01
    endloop
  endfacet
  facet normal -1.000000e+00 0.000000e+00 0.000000e+00
    outer loop
      vertex   -5.071427e+01 -1.572035e+01 2.180000e+01
      vertex   -5.071427e+01 5.097750e+00 2.302270e+01
      vertex   -5.071427e+01 2.203725e+01 2.180000e+01
    endloop
  endfacet
  facet normal -1.000000e+00 0.000000e+00 0.000000e+00
    outer loop
      vertex   -5.071427e+01 2.203725e+01 2.180000e+01
      vertex   -5.071427e+01 5.097750e+00 2.302270e+01
      vertex   -5.071427e+01 1.012881e+01 2.397270e+01
    endloop
  endfacet
  facet normal -1.000000e+00 0.000000e+00 0.000000e+00
    outer loop
      vertex   -5.071427e+01 2.203725e+01 2.180000e+01
      vertex   -5.071427e+01 1.012881e+01 2.397270e+01
      vertex   -5.071427e+01 1.572881e+01 2.397270e+01
    endloop
  endfacet
  facet normal -1.000000e+00 0.000000e+00 0.000000e+00
    outer loop
      vertex   -5.071427e+01 -1.602035e+01 2.980000e+01
      vertex   -5.071427e+01 -1.020823e+01 2.632270e+01
      vertex   -5.071427e+01 -1.602035e+01 2.210000e+01
    endloop
  endfacet
  facet normal -1.000000e+00 0.000000e+00 0.000000e+00
    outer loop
      vertex   -5.071427e+01 -1.602035e+01 2.210000e+01
      vertex   -5.071427e+01 -1.020823e+01 2.632270e+01
      vertex   -5.071427e+01 -1.015492e+01 2.584961e+01
    endloop
  endfacet
  facet normal -1.000000e+00 0.000000e+00 0.000000e+00
    outer loop
      vertex   -5.071427e+01 -1.602035e+01 2.210000e+01
      vertex   -5.071427e+01 -1.015492e+01 2.584961e+01
      vertex   -5.071427e+01 -9.997683e+00 2.540025e+01
    endloop
  endfacet
  facet normal -1.000000e+00 0.000000e+00 -0.000000e+00
    outer loop
      vertex   -5.071427e+01 -1.502035e+01 3.080000e+01
      vertex   -5.071427e+01 -3.502250e+00 2.962270e+01
      vertex   -5.071427e+01 -1.602035e+01 2.980000e+01
    endloop
  endfacet
  facet normal -1.000000e+00 0.000000e+00 0.000000e+00
    outer loop
      vertex   -5.071427e+01 -1.602035e+01 2.980000e+01
      vertex   -5.071427e+01 -3.502250e+00 2.962270e+01
      vertex   -5.071427e+01 -8.082194e+00 2.844873e+01
    endloop
  endfacet
  facet normal -1.000000e+00 0.000000e+00 0.000000e+00
    outer loop
      vertex   -5.071427e+01 -1.602035e+01 2.980000e+01
      vertex   -5.071427e+01 -8.082194e+00 2.844873e+01
      vertex   -5.071427e+01 -8.555281e+00 2.839543e+01
    endloop
  endfacet
  facet normal -1.000000e+00 0.000000e+00 0.000000e+00
    outer loop
      vertex   -5.071427e+01 -3.502250e+00 2.962270e+01
      vertex   -5.071427e+01 -1.502035e+01 3.080000e+01
      vertex   -5.071427e+01 5.097750e+00 2.962270e+01
    endloop
  endfacet
  facet normal -1.000000e+00 0.000000e+00 0.000000e+00
    outer loop
      vertex   -5.071427e+01 5.097750e+00 2.962270e+01
      vertex   -5.071427e+01 -1.502035e+01 3.080000e+01
      vertex   -5.071427e+01 2.133725e+01 3.080000e+01
    endloop
  endfacet
  facet normal -1.000000e+00 0.000000e+00 0.000000e+00
    outer loop
      vertex   -5.071427e+01 5.097750e+00 2.962270e+01
      vertex   -5.071427e+01 2.133725e+01 3.080000e+01
      vertex   -5.071427e+01 1.012881e+01 2.867270e+01
    endloop
  endfacet
  facet normal -1.000000e+00 0.000000e+00 0.000000e+00
    outer loop
      vertex   -5.071427e+01 1.012881e+01 2.867270e+01
      vertex   -5.071427e+01 2.133725e+01 3.080000e+01
      vertex   -5.071427e+01 1.572881e+01 2.867270e+01
    endloop
  endfacet
  facet normal -1.000000e+00 0.000000e+00 0.000000e+00
    outer loop
      vertex   -5.071427e+01 1.572881e+01 2.867270e+01
      vertex   -5.071427e+01 2.133725e+01 3.080000e+01
      vertex   -5.071427e+01 2.233725e+01 2.980000e+01
    endloop
  endfacet
  facet normal -1.000000e+00 0.000000e+00 0.000000e+00
    outer loop
      vertex   -5.071427e+01 1.572881e+01 2.867270e+01
      vertex   -5.071427e+01 2.233725e+01 2.980000e+01
      vertex   -5.071427e+01 1.621740e+01 2.862135e+01
    endloop
  endfacet
  facet normal -1.000000e+00 0.000000e+00 0.000000e+00
    outer loop
      vertex   -5.071427e+01 1.621740e+01 2.862135e+01
      vertex   -5.071427e+01 2.233725e+01 2.980000e+01
      vertex   -5.071427e+01 1.668464e+01 2.846953e+01
    endloop
  endfacet
  facet normal -1.000000e+00 0.000000e+00 0.000000e+00
    outer loop
      vertex   -5.071427e+01 1.668464e+01 2.846953e+01
      vertex   -5.071427e+01 2.233725e+01 2.980000e+01
      vertex   -5.071427e+01 1.711010e+01 2.822389e+01
    endloop
  endfacet
  facet normal -1.000000e+00 0.000000e+00 0.000000e+00
    outer loop
      vertex   -5.071427e+01 1.711010e+01 2.822389e+01
      vertex   -5.071427e+01 2.233725e+01 2.980000e+01
      vertex   -5.071427e+01 1.747520e+01 2.789516e+01
    endloop
  endfacet
  facet normal -1.000000e+00 0.000000e+00 0.000000e+00
    outer loop
      vertex   -5.071427e+01 1.747520e+01 2.789516e+01
      vertex   -5.071427e+01 2.233725e+01 2.980000e+01
      vertex   -5.071427e+01 1.776397e+01 2.749770e+01
    endloop
  endfacet
  facet normal -1.000000e+00 0.000000e+00 0.000000e+00
    outer loop
      vertex   -5.071427e+01 1.776397e+01 2.749770e+01
      vertex   -5.071427e+01 2.233725e+01 2.980000e+01
      vertex   -5.071427e+01 1.796379e+01 2.704889e+01
    endloop
  endfacet
  facet normal -1.000000e+00 0.000000e+00 0.000000e+00
    outer loop
      vertex   -5.071427e+01 1.796379e+01 2.704889e+01
      vertex   -5.071427e+01 2.233725e+01 2.980000e+01
      vertex   -5.071427e+01 1.806593e+01 2.656834e+01
    endloop
  endfacet
  facet normal -1.000000e+00 0.000000e+00 0.000000e+00
    outer loop
      vertex   -5.071427e+01 1.806593e+01 2.656834e+01
      vertex   -5.071427e+01 2.233725e+01 2.980000e+01
      vertex   -5.071427e+01 1.806593e+01 2.607706e+01
    endloop
  endfacet
  facet normal -1.000000e+00 0.000000e+00 0.000000e+00
    outer loop
      vertex   -5.071427e+01 1.806593e+01 2.607706e+01
      vertex   -5.071427e+01 2.233725e+01 2.980000e+01
      vertex   -5.071427e+01 2.233725e+01 2.210000e+01
    endloop
  endfacet
  facet normal -1.000000e+00 0.000000e+00 -0.000000e+00
    outer loop
      vertex   -5.071427e+01 1.806593e+01 2.607706e+01
      vertex   -5.071427e+01 2.233725e+01 2.210000e+01
      vertex   -5.071427e+01 1.796379e+01 2.559651e+01
    endloop
  endfacet
  facet normal -1.000000e+00 0.000000e+00 -0.000000e+00
    outer loop
      vertex   -5.071427e+01 1.796379e+01 2.559651e+01
      vertex   -5.071427e+01 2.233725e+01 2.210000e+01
      vertex   -5.071427e+01 1.776397e+01 2.514770e+01
    endloop
  endfacet
  facet normal -1.000000e+00 0.000000e+00 -0.000000e+00
    outer loop
      vertex   -5.071427e+01 1.776397e+01 2.514770e+01
      vertex   -5.071427e+01 2.233725e+01 2.210000e+01
      vertex   -5.071427e+01 1.747520e+01 2.475024e+01
    endloop
  endfacet
  facet normal -1.000000e+00 0.000000e+00 -0.000000e+00
    outer loop
      vertex   -5.071427e+01 1.747520e+01 2.475024e+01
      vertex   -5.071427e+01 2.233725e+01 2.210000e+01
      vertex   -5.071427e+01 1.711010e+01 2.442151e+01
    endloop
  endfacet
  facet normal -1.000000e+00 0.000000e+00 -0.000000e+00
    outer loop
      vertex   -5.071427e+01 1.711010e+01 2.442151e+01
      vertex   -5.071427e+01 2.233725e+01 2.210000e+01
      vertex   -5.071427e+01 1.668464e+01 2.417587e+01
    endloop
  endfacet
  facet normal -1.000000e+00 0.000000e+00 -0.000000e+00
    outer loop
      vertex   -5.071427e+01 1.668464e+01 2.417587e+01
      vertex   -5.071427e+01 2.233725e+01 2.210000e+01
      vertex   -5.071427e+01 1.621740e+01 2.402405e+01
    endloop
  endfacet
  facet normal -1.000000e+00 0.000000e+00 -0.000000e+00
    outer loop
      vertex   -5.071427e+01 1.621740e+01 2.402405e+01
      vertex   -5.071427e+01 2.233725e+01 2.210000e+01
      vertex   -5.071427e+01 1.572881e+01 2.397270e+01
    endloop
  endfacet
  facet normal -1.000000e+00 0.000000e+00 0.000000e+00
    outer loop
      vertex   -5.071427e+01 1.572881e+01 2.397270e+01
      vertex   -5.071427e+01 2.233725e+01 2.210000e+01
      vertex   -5.071427e+01 2.203725e+01 2.180000e+01
    endloop
  endfacet
  facet normal -1.000000e+00 -0.000000e+00 0.000000e+00
    outer loop
      vertex   -5.071427e+01 1.012881e+01 2.867270e+01
      vertex   -5.071427e+01 9.640214e+00 2.862135e+01
      vertex   -5.071427e+01 5.097750e+00 2.962270e+01
    endloop
  endfacet
  facet normal -1.000000e+00 0.000000e+00 0.000000e+00
    outer loop
      vertex   -5.071427e+01 5.097750e+00 2.962270e+01
      vertex   -5.071427e+01 9.640214e+00 2.862135e+01
      vertex   -5.071427e+01 9.172975e+00 2.846953e+01
    endloop
  endfacet
  facet normal -1.000000e+00 0.000000e+00 0.000000e+00
    outer loop
      vertex   -5.071427e+01 5.097750e+00 2.962270e+01
      vertex   -5.071427e+01 9.172975e+00 2.846953e+01
      vertex   -5.071427e+01 8.747511e+00 2.822389e+01
    endloop
  endfacet
  facet normal -1.000000e+00 -0.000000e+00 0.000000e+00
    outer loop
      vertex   -5.071427e+01 8.747511e+00 2.822389e+01
      vertex   -5.071427e+01 8.382416e+00 2.789516e+01
      vertex   -5.071427e+01 5.097750e+00 2.962270e+01
    endloop
  endfacet
  facet normal -1.000000e+00 0.000000e+00 0.000000e+00
    outer loop
      vertex   -5.071427e+01 5.097750e+00 2.962270e+01
      vertex   -5.071427e+01 8.382416e+00 2.789516e+01
      vertex   -5.071427e+01 8.093646e+00 2.749770e+01
    endloop
  endfacet
  facet normal -1.000000e+00 0.000000e+00 0.000000e+00
    outer loop
      vertex   -5.071427e+01 5.097750e+00 2.962270e+01
      vertex   -5.071427e+01 8.093646e+00 2.749770e+01
      vertex   -5.071427e+01 7.893823e+00 2.704889e+01
    endloop
  endfacet
  facet normal -1.000000e+00 -0.000000e+00 0.000000e+00
    outer loop
      vertex   -5.071427e+01 7.893823e+00 2.704889e+01
      vertex   -5.071427e+01 7.791680e+00 2.656834e+01
      vertex   -5.071427e+01 5.097750e+00 2.962270e+01
    endloop
  endfacet
  facet normal -1.000000e+00 0.000000e+00 0.000000e+00
    outer loop
      vertex   -5.071427e+01 5.097750e+00 2.962270e+01
      vertex   -5.071427e+01 7.791680e+00 2.656834e+01
      vertex   -5.071427e+01 5.097750e+00 2.302270e+01
    endloop
  endfacet
  facet normal -1.000000e+00 0.000000e+00 0.000000e+00
    outer loop
      vertex   -5.071427e+01 5.097750e+00 2.302270e+01
      vertex   -5.071427e+01 7.791680e+00 2.656834e+01
      vertex   -5.071427e+01 7.791680e+00 2.607706e+01
    endloop
  endfacet
  facet normal -1.000000e+00 0.000000e+00 0.000000e+00
    outer loop
      vertex   -5.071427e+01 5.097750e+00 2.302270e+01
      vertex   -5.071427e+01 7.791680e+00 2.607706e+01
      vertex   -5.071427e+01 7.893823e+00 2.559651e+01
    endloop
  endfacet
  facet normal -1.000000e+00 0.000000e+00 -0.000000e+00
    outer loop
      vertex   -5.071427e+01 7.893823e+00 2.559651e+01
      vertex   -5.071427e+01 8.093646e+00 2.514770e+01
      vertex   -5.071427e+01 5.097750e+00 2.302270e+01
    endloop
  endfacet
  facet normal -1.000000e+00 0.000000e+00 0.000000e+00
    outer loop
      vertex   -5.071427e+01 5.097750e+00 2.302270e+01
      vertex   -5.071427e+01 8.093646e+00 2.514770e+01
      vertex   -5.071427e+01 8.382416e+00 2.475024e+01
    endloop
  endfacet
  facet normal -1.000000e+00 0.000000e+00 0.000000e+00
    outer loop
      vertex   -5.071427e+01 5.097750e+00 2.302270e+01
      vertex   -5.071427e+01 8.382416e+00 2.475024e+01
      vertex   -5.071427e+01 8.747511e+00 2.442151e+01
    endloop
  endfacet
  facet normal -1.000000e+00 0.000000e+00 -0.000000e+00
    outer loop
      vertex   -5.071427e+01 8.747511e+00 2.442151e+01
      vertex   -5.071427e+01 9.172975e+00 2.417587e+01
      vertex   -5.071427e+01 5.097750e+00 2.302270e+01
    endloop
  endfacet
  facet normal -1.000000e+00 0.000000e+00 0.000000e+00
    outer loop
      vertex   -5.071427e+01 5.097750e+00 2.302270e+01
      vertex   -5.071427e+01 9.172975e+00 2.417587e+01
      vertex   -5.071427e+01 9.640214e+00 2.402405e+01
    endloop
  endfacet
  facet normal -1.000000e+00 0.000000e+00 0.000000e+00
    outer loop
      vertex   -5.071427e+01 5.097750e+00 2.302270e+01
      vertex   -5.071427e+01 9.640214e+00 2.402405e+01
      vertex   -5.071427e+01 1.012881e+01 2.397270e+01
    endloop
  endfacet
  facet normal -1.000000e+00 0.000000e+00 0.000000e+00
    outer loop
      vertex   -5.071427e+01 -3.502250e+00 2.302270e+01
      vertex   -5.071427e+01 -5.956162e+00 2.632270e+01
      vertex   -5.071427e+01 -3.502250e+00 2.962270e+01
    endloop
  endfacet
  facet normal -1.000000e+00 0.000000e+00 0.000000e+00
    outer loop
      vertex   -5.071427e+01 -3.502250e+00 2.962270e+01
      vertex   -5.071427e+01 -5.956162e+00 2.632270e+01
      vertex   -5.071427e+01 -6.009466e+00 2.679579e+01
    endloop
  endfacet
  facet normal -1.000000e+00 0.000000e+00 0.000000e+00
    outer loop
      vertex   -5.071427e+01 -3.502250e+00 2.962270e+01
      vertex   -5.071427e+01 -6.009466e+00 2.679579e+01
      vertex   -5.071427e+01 -6.166706e+00 2.724515e+01
    endloop
  endfacet
  facet normal -1.000000e+00 0.000000e+00 0.000000e+00
    outer loop
      vertex   -5.071427e+01 -6.166706e+00 2.724515e+01
      vertex   -5.071427e+01 -6.419996e+00 2.764826e+01
      vertex   -5.071427e+01 -3.502250e+00 2.962270e+01
    endloop
  endfacet
  facet normal -1.000000e+00 0.000000e+00 0.000000e+00
    outer loop
      vertex   -5.071427e+01 -3.502250e+00 2.962270e+01
      vertex   -5.071427e+01 -6.419996e+00 2.764826e+01
      vertex   -5.071427e+01 -6.756635e+00 2.798490e+01
    endloop
  endfacet
  facet normal -1.000000e+00 0.000000e+00 0.000000e+00
    outer loop
      vertex   -5.071427e+01 -3.502250e+00 2.962270e+01
      vertex   -5.071427e+01 -6.756635e+00 2.798490e+01
      vertex   -5.071427e+01 -7.159744e+00 2.823819e+01
    endloop
  endfacet
  facet normal -1.000000e+00 0.000000e+00 0.000000e+00
    outer loop
      vertex   -5.071427e+01 -7.159744e+00 2.823819e+01
      vertex   -5.071427e+01 -7.609108e+00 2.839543e+01
      vertex   -5.071427e+01 -3.502250e+00 2.962270e+01
    endloop
  endfacet
  facet normal -1.000000e+00 0.000000e+00 0.000000e+00
    outer loop
      vertex   -5.071427e+01 -3.502250e+00 2.962270e+01
      vertex   -5.071427e+01 -7.609108e+00 2.839543e+01
      vertex   -5.071427e+01 -8.082194e+00 2.844873e+01
    endloop
  endfacet
  facet normal -1.000000e+00 -0.000000e+00 0.000000e+00
    outer loop
      vertex   -5.071427e+01 -8.555281e+00 2.839543e+01
      vertex   -5.071427e+01 -9.004645e+00 2.823819e+01
      vertex   -5.071427e+01 -1.602035e+01 2.980000e+01
    endloop
  endfacet
  facet normal -1.000000e+00 0.000000e+00 0.000000e+00
    outer loop
      vertex   -5.071427e+01 -1.602035e+01 2.980000e+01
      vertex   -5.071427e+01 -9.004645e+00 2.823819e+01
      vertex   -5.071427e+01 -9.407753e+00 2.798490e+01
    endloop
  endfacet
  facet normal -1.000000e+00 0.000000e+00 0.000000e+00
    outer loop
      vertex   -5.071427e+01 -1.602035e+01 2.980000e+01
      vertex   -5.071427e+01 -9.407753e+00 2.798490e+01
      vertex   -5.071427e+01 -9.744393e+00 2.764826e+01
    endloop
  endfacet
  facet normal -1.000000e+00 -0.000000e+00 0.000000e+00
    outer loop
      vertex   -5.071427e+01 -9.744393e+00 2.764826e+01
      vertex   -5.071427e+01 -9.997683e+00 2.724515e+01
      vertex   -5.071427e+01 -1.602035e+01 2.980000e+01
    endloop
  endfacet
  facet normal -1.000000e+00 0.000000e+00 0.000000e+00
    outer loop
      vertex   -5.071427e+01 -1.602035e+01 2.980000e+01
      vertex   -5.071427e+01 -9.997683e+00 2.724515e+01
      vertex   -5.071427e+01 -1.015492e+01 2.679579e+01
    endloop
  endfacet
  facet normal -1.000000e+00 0.000000e+00 0.000000e+00
    outer loop
      vertex   -5.071427e+01 -1.602035e+01 2.980000e+01
      vertex   -5.071427e+01 -1.015492e+01 2.679579e+01
      vertex   -5.071427e+01 -1.020823e+01 2.632270e+01
    endloop
  endfacet
  facet normal -1.000000e+00 0.000000e+00 -0.000000e+00
    outer loop
      vertex   -5.071427e+01 -9.997683e+00 2.540025e+01
      vertex   -5.071427e+01 -9.744393e+00 2.499714e+01
      vertex   -5.071427e+01 -1.602035e+01 2.210000e+01
    endloop
  endfacet
  facet normal -1.000000e+00 0.000000e+00 0.000000e+00
    outer loop
      vertex   -5.071427e+01 -1.602035e+01 2.210000e+01
      vertex   -5.071427e+01 -9.744393e+00 2.499714e+01
      vertex   -5.071427e+01 -9.407753e+00 2.466050e+01
    endloop
  endfacet
  facet normal -1.000000e+00 0.000000e+00 0.000000e+00
    outer loop
      vertex   -5.071427e+01 -1.602035e+01 2.210000e+01
      vertex   -5.071427e+01 -9.407753e+00 2.466050e+01
      vertex   -5.071427e+01 -9.004645e+00 2.440721e+01
    endloop
  endfacet
  facet normal -1.000000e+00 0.000000e+00 -0.000000e+00
    outer loop
      vertex   -5.071427e+01 -9.004645e+00 2.440721e+01
      vertex   -5.071427e+01 -8.555281e+00 2.424997e+01
      vertex   -5.071427e+01 -1.602035e+01 2.210000e+01
    endloop
  endfacet
  facet normal -1.000000e+00 0.000000e+00 0.000000e+00
    outer loop
      vertex   -5.071427e+01 -1.602035e+01 2.210000e+01
      vertex   -5.071427e+01 -8.555281e+00 2.424997e+01
      vertex   -5.071427e+01 -8.082194e+00 2.419667e+01
    endloop
  endfacet
  facet normal -1.000000e+00 0.000000e+00 0.000000e+00
    outer loop
      vertex   -5.071427e+01 -1.602035e+01 2.210000e+01
      vertex   -5.071427e+01 -8.082194e+00 2.419667e+01
      vertex   -5.071427e+01 -3.502250e+00 2.302270e+01
    endloop
  endfacet
  facet normal -1.000000e+00 0.000000e+00 0.000000e+00
    outer loop
      vertex   -5.071427e+01 -3.502250e+00 2.302270e+01
      vertex   -5.071427e+01 -8.082194e+00 2.419667e+01
      vertex   -5.071427e+01 -7.609108e+00 2.424997e+01
    endloop
  endfacet
  facet normal -1.000000e+00 0.000000e+00 0.000000e+00
    outer loop
      vertex   -5.071427e+01 -3.502250e+00 2.302270e+01
      vertex   -5.071427e+01 -7.609108e+00 2.424997e+01
      vertex   -5.071427e+01 -7.159744e+00 2.440721e+01
    endloop
  endfacet
  facet normal -1.000000e+00 0.000000e+00 0.000000e+00
    outer loop
      vertex   -5.071427e+01 -7.159744e+00 2.440721e+01
      vertex   -5.071427e+01 -6.756635e+00 2.466050e+01
      vertex   -5.071427e+01 -3.502250e+00 2.302270e+01
    endloop
  endfacet
  facet normal -1.000000e+00 0.000000e+00 0.000000e+00
    outer loop
      vertex   -5.071427e+01 -3.502250e+00 2.302270e+01
      vertex   -5.071427e+01 -6.756635e+00 2.466050e+01
      vertex   -5.071427e+01 -6.419996e+00 2.499714e+01
    endloop
  endfacet
  facet normal -1.000000e+00 0.000000e+00 0.000000e+00
    outer loop
      vertex   -5.071427e+01 -3.502250e+00 2.302270e+01
      vertex   -5.071427e+01 -6.419996e+00 2.499714e+01
      vertex   -5.071427e+01 -6.166706e+00 2.540025e+01
    endloop
  endfacet
  facet normal -1.000000e+00 0.000000e+00 0.000000e+00
    outer loop
      vertex   -5.071427e+01 -6.166706e+00 2.540025e+01
      vertex   -5.071427e+01 -6.009466e+00 2.584961e+01
      vertex   -5.071427e+01 -3.502250e+00 2.302270e+01
    endloop
  endfacet
  facet normal -1.000000e+00 0.000000e+00 0.000000e+00
    outer loop
      vertex   -5.071427e+01 -3.502250e+00 2.302270e+01
      vertex   -5.071427e+01 -6.009466e+00 2.584961e+01
      vertex   -5.071427e+01 -5.956162e+00 2.632270e+01
    endloop
  endfacet
  facet normal -0.000000e+00 -9.921147e-01 -1.253332e-01
    outer loop
      vertex   -4.921427e+01 -6.507247e+00 2.672708e+01
      vertex   -4.971427e+01 -6.507247e+00 2.672708e+01
      vertex   -4.921427e+01 -6.456162e+00 2.632270e+01
    endloop
  endfacet
  facet normal -0.000000e+00 -9.921147e-01 -1.253332e-01
    outer loop
      vertex   -4.921427e+01 -6.456162e+00 2.632270e+01
      vertex   -4.971427e+01 -6.507247e+00 2.672708e+01
      vertex   -4.971427e+01 -6.456162e+00 2.632270e+01
    endloop
  endfacet
  facet normal 0.000000e+00 -9.921147e-01 1.253332e-01
    outer loop
      vertex   -4.921427e+01 -6.456162e+00 2.632270e+01
      vertex   -4.971427e+01 -6.456162e+00 2.632270e+01
      vertex   -4.921427e+01 -6.507247e+00 2.591832e+01
    endloop
  endfacet
  facet normal 0.000000e+00 -9.921147e-01 1.253332e-01
    outer loop
      vertex   -4.921427e+01 -6.507247e+00 2.591832e+01
      vertex   -4.971427e+01 -6.456162e+00 2.632270e+01
      vertex   -4.971427e+01 -6.507247e+00 2.591832e+01
    endloop
  endfacet
  facet normal 0.000000e+00 -9.297765e-01 3.681246e-01
    outer loop
      vertex   -4.921427e+01 -6.507247e+00 2.591832e+01
      vertex   -4.971427e+01 -6.507247e+00 2.591832e+01
      vertex   -4.921427e+01 -6.657292e+00 2.553935e+01
    endloop
  endfacet
  facet normal 0.000000e+00 -9.297765e-01 3.681246e-01
    outer loop
      vertex   -4.921427e+01 -6.657292e+00 2.553935e+01
      vertex   -4.971427e+01 -6.507247e+00 2.591832e+01
      vertex   -4.971427e+01 -6.657292e+00 2.553935e+01
    endloop
  endfacet
  facet normal 0.000000e+00 -8.090170e-01 5.877853e-01
    outer loop
      vertex   -4.921427e+01 -6.657292e+00 2.553935e+01
      vertex   -4.971427e+01 -6.657292e+00 2.553935e+01
      vertex   -4.921427e+01 -6.896868e+00 2.520961e+01
    endloop
  endfacet
  facet normal 0.000000e+00 -8.090170e-01 5.877853e-01
    outer loop
      vertex   -4.921427e+01 -6.896868e+00 2.520961e+01
      vertex   -4.971427e+01 -6.657292e+00 2.553935e+01
      vertex   -4.971427e+01 -6.896868e+00 2.520961e+01
    endloop
  endfacet
  facet normal 0.000000e+00 -6.374240e-01 7.705132e-01
    outer loop
      vertex   -4.921427e+01 -6.896868e+00 2.520961e+01
      vertex   -4.971427e+01 -6.896868e+00 2.520961e+01
      vertex   -4.921427e+01 -7.210923e+00 2.494980e+01
    endloop
  endfacet
  facet normal 0.000000e+00 -6.374240e-01 7.705132e-01
    outer loop
      vertex   -4.921427e+01 -7.210923e+00 2.494980e+01
      vertex   -4.971427e+01 -6.896868e+00 2.520961e+01
      vertex   -4.971427e+01 -7.210923e+00 2.494980e+01
    endloop
  endfacet
  facet normal 0.000000e+00 -4.257793e-01 9.048271e-01
    outer loop
      vertex   -4.921427e+01 -7.210923e+00 2.494980e+01
      vertex   -4.971427e+01 -7.210923e+00 2.494980e+01
      vertex   -4.921427e+01 -7.579723e+00 2.477625e+01
    endloop
  endfacet
  facet normal 0.000000e+00 -4.257793e-01 9.048271e-01
    outer loop
      vertex   -4.921427e+01 -7.579723e+00 2.477625e+01
      vertex   -4.971427e+01 -7.210923e+00 2.494980e+01
      vertex   -4.971427e+01 -7.579723e+00 2.477625e+01
    endloop
  endfacet
  facet normal 0.000000e+00 -1.873813e-01 9.822873e-01
    outer loop
      vertex   -4.921427e+01 -7.579723e+00 2.477625e+01
      vertex   -4.971427e+01 -7.579723e+00 2.477625e+01
      vertex   -4.921427e+01 -7.980095e+00 2.469988e+01
    endloop
  endfacet
  facet normal 0.000000e+00 -1.873813e-01 9.822873e-01
    outer loop
      vertex   -4.921427e+01 -7.980095e+00 2.469988e+01
      vertex   -4.971427e+01 -7.579723e+00 2.477625e+01
      vertex   -4.971427e+01 -7.980095e+00 2.469988e+01
    endloop
  endfacet
  facet normal 0.000000e+00 6.279052e-02 9.980267e-01
    outer loop
      vertex   -4.921427e+01 -7.980095e+00 2.469988e+01
      vertex   -4.971427e+01 -7.980095e+00 2.469988e+01
      vertex   -4.921427e+01 -8.386882e+00 2.472547e+01
    endloop
  endfacet
  facet normal 0.000000e+00 6.279052e-02 9.980267e-01
    outer loop
      vertex   -4.921427e+01 -8.386882e+00 2.472547e+01
      vertex   -4.971427e+01 -7.980095e+00 2.469988e+01
      vertex   -4.971427e+01 -8.386882e+00 2.472547e+01
    endloop
  endfacet
  facet normal 0.000000e+00 3.090170e-01 9.510565e-01
    outer loop
      vertex   -4.921427e+01 -8.386882e+00 2.472547e+01
      vertex   -4.971427e+01 -8.386882e+00 2.472547e+01
      vertex   -4.921427e+01 -8.774525e+00 2.485142e+01
    endloop
  endfacet
  facet normal 0.000000e+00 3.090170e-01 9.510565e-01
    outer loop
      vertex   -4.921427e+01 -8.774525e+00 2.485142e+01
      vertex   -4.971427e+01 -8.386882e+00 2.472547e+01
      vertex   -4.971427e+01 -8.774525e+00 2.485142e+01
    endloop
  endfacet
  facet normal 0.000000e+00 5.358268e-01 8.443279e-01
    outer loop
      vertex   -4.921427e+01 -8.774525e+00 2.485142e+01
      vertex   -4.971427e+01 -8.774525e+00 2.485142e+01
      vertex   -4.921427e+01 -9.118666e+00 2.506982e+01
    endloop
  endfacet
  facet normal 0.000000e+00 5.358268e-01 8.443279e-01
    outer loop
      vertex   -4.921427e+01 -9.118666e+00 2.506982e+01
      vertex   -4.971427e+01 -8.774525e+00 2.485142e+01
      vertex   -4.971427e+01 -9.118666e+00 2.506982e+01
    endloop
  endfacet
  facet normal 0.000000e+00 7.289686e-01 6.845471e-01
    outer loop
      vertex   -4.921427e+01 -9.118666e+00 2.506982e+01
      vertex   -4.971427e+01 -9.118666e+00 2.506982e+01
      vertex   -4.921427e+01 -9.397682e+00 2.536694e+01
    endloop
  endfacet
  facet normal 0.000000e+00 7.289686e-01 6.845471e-01
    outer loop
      vertex   -4.921427e+01 -9.397682e+00 2.536694e+01
      vertex   -4.971427e+01 -9.118666e+00 2.506982e+01
      vertex   -4.971427e+01 -9.397682e+00 2.536694e+01
    endloop
  endfacet
  facet normal 0.000000e+00 8.763067e-01 4.817537e-01
    outer loop
      vertex   -4.921427e+01 -9.397682e+00 2.536694e+01
      vertex   -4.971427e+01 -9.397682e+00 2.536694e+01
      vertex   -4.921427e+01 -9.594040e+00 2.572412e+01
    endloop
  endfacet
  facet normal 0.000000e+00 8.763067e-01 4.817537e-01
    outer loop
      vertex   -4.921427e+01 -9.594040e+00 2.572412e+01
      vertex   -4.971427e+01 -9.397682e+00 2.536694e+01
      vertex   -4.971427e+01 -9.594040e+00 2.572412e+01
    endloop
  endfacet
  facet normal 0.000000e+00 9.685832e-01 2.486899e-01
    outer loop
      vertex   -4.921427e+01 -9.594040e+00 2.572412e+01
      vertex   -4.971427e+01 -9.594040e+00 2.572412e+01
      vertex   -4.921427e+01 -9.695404e+00 2.611891e+01
    endloop
  endfacet
  facet normal 0.000000e+00 9.685832e-01 2.486899e-01
    outer loop
      vertex   -4.921427e+01 -9.695404e+00 2.611891e+01
      vertex   -4.971427e+01 -9.594040e+00 2.572412e+01
      vertex   -4.971427e+01 -9.695404e+00 2.611891e+01
    endloop
  endfacet
  facet normal 0.000000e+00 1.000000e+00 -0.000000e+00
    outer loop
      vertex   -4.921427e+01 -9.695404e+00 2.611891e+01
      vertex   -4.971427e+01 -9.695404e+00 2.611891e+01
      vertex   -4.921427e+01 -9.695404e+00 2.652650e+01
    endloop
  endfacet
  facet normal 0.000000e+00 1.000000e+00 0.000000e+00
    outer loop
      vertex   -4.921427e+01 -9.695404e+00 2.652650e+01
      vertex   -4.971427e+01 -9.695404e+00 2.611891e+01
      vertex   -4.971427e+01 -9.695404e+00 2.652650e+01
    endloop
  endfacet
  facet normal 0.000000e+00 9.685832e-01 -2.486899e-01
    outer loop
      vertex   -4.921427e+01 -9.695404e+00 2.652650e+01
      vertex   -4.971427e+01 -9.695404e+00 2.652650e+01
      vertex   -4.921427e+01 -9.594040e+00 2.692128e+01
    endloop
  endfacet
  facet normal 0.000000e+00 9.685832e-01 -2.486899e-01
    outer loop
      vertex   -4.921427e+01 -9.594040e+00 2.692128e+01
      vertex   -4.971427e+01 -9.695404e+00 2.652650e+01
      vertex   -4.971427e+01 -9.594040e+00 2.692128e+01
    endloop
  endfacet
  facet normal 0.000000e+00 8.763067e-01 -4.817537e-01
    outer loop
      vertex   -4.921427e+01 -9.594040e+00 2.692128e+01
      vertex   -4.971427e+01 -9.594040e+00 2.692128e+01
      vertex   -4.921427e+01 -9.397682e+00 2.727846e+01
    endloop
  endfacet
  facet normal 0.000000e+00 8.763067e-01 -4.817537e-01
    outer loop
      vertex   -4.921427e+01 -9.397682e+00 2.727846e+01
      vertex   -4.971427e+01 -9.594040e+00 2.692128e+01
      vertex   -4.971427e+01 -9.397682e+00 2.727846e+01
    endloop
  endfacet
  facet normal 0.000000e+00 7.289686e-01 -6.845471e-01
    outer loop
      vertex   -4.921427e+01 -9.397682e+00 2.727846e+01
      vertex   -4.971427e+01 -9.397682e+00 2.727846e+01
      vertex   -4.921427e+01 -9.118666e+00 2.757558e+01
    endloop
  endfacet
  facet normal 0.000000e+00 7.289686e-01 -6.845471e-01
    outer loop
      vertex   -4.921427e+01 -9.118666e+00 2.757558e+01
      vertex   -4.971427e+01 -9.397682e+00 2.727846e+01
      vertex   -4.971427e+01 -9.118666e+00 2.757558e+01
    endloop
  endfacet
  facet normal 0.000000e+00 5.358268e-01 -8.443279e-01
    outer loop
      vertex   -4.921427e+01 -9.118666e+00 2.757558e+01
      vertex   -4.971427e+01 -9.118666e+00 2.757558e+01
      vertex   -4.921427e+01 -8.774525e+00 2.779398e+01
    endloop
  endfacet
  facet normal 0.000000e+00 5.358268e-01 -8.443279e-01
    outer loop
      vertex   -4.921427e+01 -8.774525e+00 2.779398e+01
      vertex   -4.971427e+01 -9.118666e+00 2.757558e+01
      vertex   -4.971427e+01 -8.774525e+00 2.779398e+01
    endloop
  endfacet
  facet normal 0.000000e+00 3.090170e-01 -9.510565e-01
    outer loop
      vertex   -4.921427e+01 -8.774525e+00 2.779398e+01
      vertex   -4.971427e+01 -8.774525e+00 2.779398e+01
      vertex   -4.921427e+01 -8.386882e+00 2.791993e+01
    endloop
  endfacet
  facet normal 0.000000e+00 3.090170e-01 -9.510565e-01
    outer loop
      vertex   -4.921427e+01 -8.386882e+00 2.791993e+01
      vertex   -4.971427e+01 -8.774525e+00 2.779398e+01
      vertex   -4.971427e+01 -8.386882e+00 2.791993e+01
    endloop
  endfacet
  facet normal 0.000000e+00 6.279052e-02 -9.980267e-01
    outer loop
      vertex   -4.921427e+01 -8.386882e+00 2.791993e+01
      vertex   -4.971427e+01 -8.386882e+00 2.791993e+01
      vertex   -4.921427e+01 -7.980095e+00 2.794552e+01
    endloop
  endfacet
  facet normal 0.000000e+00 6.279052e-02 -9.980267e-01
    outer loop
      vertex   -4.921427e+01 -7.980095e+00 2.794552e+01
      vertex   -4.971427e+01 -8.386882e+00 2.791993e+01
      vertex   -4.971427e+01 -7.980095e+00 2.794552e+01
    endloop
  endfacet
  facet normal -0.000000e+00 -1.873813e-01 -9.822873e-01
    outer loop
      vertex   -4.921427e+01 -7.980095e+00 2.794552e+01
      vertex   -4.971427e+01 -7.980095e+00 2.794552e+01
      vertex   -4.921427e+01 -7.579723e+00 2.786915e+01
    endloop
  endfacet
  facet normal -0.000000e+00 -1.873813e-01 -9.822873e-01
    outer loop
      vertex   -4.921427e+01 -7.579723e+00 2.786915e+01
      vertex   -4.971427e+01 -7.980095e+00 2.794552e+01
      vertex   -4.971427e+01 -7.579723e+00 2.786915e+01
    endloop
  endfacet
  facet normal -0.000000e+00 -4.257793e-01 -9.048271e-01
    outer loop
      vertex   -4.921427e+01 -7.579723e+00 2.786915e+01
      vertex   -4.971427e+01 -7.579723e+00 2.786915e+01
      vertex   -4.921427e+01 -7.210923e+00 2.769561e+01
    endloop
  endfacet
  facet normal -0.000000e+00 -4.257793e-01 -9.048271e-01
    outer loop
      vertex   -4.921427e+01 -7.210923e+00 2.769561e+01
      vertex   -4.971427e+01 -7.579723e+00 2.786915e+01
      vertex   -4.971427e+01 -7.210923e+00 2.769561e+01
    endloop
  endfacet
  facet normal -0.000000e+00 -6.374240e-01 -7.705132e-01
    outer loop
      vertex   -4.921427e+01 -7.210923e+00 2.769561e+01
      vertex   -4.971427e+01 -7.210923e+00 2.769561e+01
      vertex   -4.921427e+01 -6.896868e+00 2.743580e+01
    endloop
  endfacet
  facet normal -0.000000e+00 -6.374240e-01 -7.705132e-01
    outer loop
      vertex   -4.921427e+01 -6.896868e+00 2.743580e+01
      vertex   -4.971427e+01 -7.210923e+00 2.769561e+01
      vertex   -4.971427e+01 -6.896868e+00 2.743580e+01
    endloop
  endfacet
  facet normal -0.000000e+00 -8.090170e-01 -5.877853e-01
    outer loop
      vertex   -4.921427e+01 -6.896868e+00 2.743580e+01
      vertex   -4.971427e+01 -6.896868e+00 2.743580e+01
      vertex   -4.921427e+01 -6.657292e+00 2.710605e+01
    endloop
  endfacet
  facet normal -0.000000e+00 -8.090170e-01 -5.877853e-01
    outer loop
      vertex   -4.921427e+01 -6.657292e+00 2.710605e+01
      vertex   -4.971427e+01 -6.896868e+00 2.743580e+01
      vertex   -4.971427e+01 -6.657292e+00 2.710605e+01
    endloop
  endfacet
  facet normal -0.000000e+00 -9.297765e-01 -3.681246e-01
    outer loop
      vertex   -4.921427e+01 -6.657292e+00 2.710605e+01
      vertex   -4.971427e+01 -6.657292e+00 2.710605e+01
      vertex   -4.921427e+01 -6.507247e+00 2.672708e+01
    endloop
  endfacet
  facet normal -0.000000e+00 -9.297765e-01 -3.681246e-01
    outer loop
      vertex   -4.921427e+01 -6.507247e+00 2.672708e+01
      vertex   -4.971427e+01 -6.657292e+00 2.710605e+01
      vertex   -4.971427e+01 -6.507247e+00 2.672708e+01
    endloop
  endfacet
  facet normal -8.574929e-01 0.000000e+00 5.144958e-01
    outer loop
      vertex   -5.041427e+01 1.572881e+01 2.447270e+01
      vertex   -5.071427e+01 1.572881e+01 2.397270e+01
      vertex   -5.041427e+01 1.012881e+01 2.447270e+01
    endloop
  endfacet
  facet normal -8.574929e-01 -3.400030e-18 5.144958e-01
    outer loop
      vertex   -5.041427e+01 1.012881e+01 2.447270e+01
      vertex   -5.071427e+01 1.572881e+01 2.397270e+01
      vertex   -5.071427e+01 1.012881e+01 2.397270e+01
    endloop
  endfacet
  facet normal -8.562419e-01 5.399679e-02 5.137452e-01
    outer loop
      vertex   -5.071427e+01 1.012881e+01 2.397270e+01
      vertex   -5.071427e+01 9.640214e+00 2.402405e+01
      vertex   -5.041427e+01 1.012881e+01 2.447270e+01
    endloop
  endfacet
  facet normal -8.577336e-01 5.756031e-02 5.108618e-01
    outer loop
      vertex   -5.041427e+01 1.012881e+01 2.447270e+01
      vertex   -5.071427e+01 9.640214e+00 2.402405e+01
      vertex   -5.041427e+01 9.717142e+00 2.451908e+01
    endloop
  endfacet
  facet normal -8.549999e-01 1.602649e-01 4.932446e-01
    outer loop
      vertex   -5.041427e+01 9.717142e+00 2.451908e+01
      vertex   -5.071427e+01 9.640214e+00 2.402405e+01
      vertex   -5.071427e+01 9.172975e+00 2.417587e+01
    endloop
  endfacet
  facet normal -8.591510e-01 1.690111e-01 4.830060e-01
    outer loop
      vertex   -5.041427e+01 9.717142e+00 2.451908e+01
      vertex   -5.071427e+01 9.172975e+00 2.417587e+01
      vertex   -5.041427e+01 9.326121e+00 2.465591e+01
    endloop
  endfacet
  facet normal -8.539369e-01 2.601883e-01 4.506593e-01
    outer loop
      vertex   -5.041427e+01 9.326121e+00 2.465591e+01
      vertex   -5.071427e+01 9.172975e+00 2.417587e+01
      vertex   -5.071427e+01 8.747511e+00 2.442151e+01
    endloop
  endfacet
  facet normal -8.603178e-01 2.712077e-01 4.316246e-01
    outer loop
      vertex   -5.041427e+01 9.326121e+00 2.465591e+01
      vertex   -5.071427e+01 8.747511e+00 2.442151e+01
      vertex   -5.041427e+01 8.975350e+00 2.487631e+01
    endloop
  endfacet
  facet normal -8.530588e-01 3.491622e-01 3.877839e-01
    outer loop
      vertex   -5.041427e+01 8.975350e+00 2.487631e+01
      vertex   -5.071427e+01 8.747511e+00 2.442151e+01
      vertex   -5.071427e+01 8.382416e+00 2.475024e+01
    endloop
  endfacet
  facet normal -8.612418e-01 3.593484e-01 3.593484e-01
    outer loop
      vertex   -5.041427e+01 8.975350e+00 2.487631e+01
      vertex   -5.071427e+01 8.382416e+00 2.475024e+01
      vertex   -5.041427e+01 8.682418e+00 2.516925e+01
    endloop
  endfacet
  facet normal -8.523706e-01 4.230659e-01 3.073754e-01
    outer loop
      vertex   -5.041427e+01 8.682418e+00 2.516925e+01
      vertex   -5.071427e+01 8.382416e+00 2.475024e+01
      vertex   -5.071427e+01 8.093646e+00 2.514770e+01
    endloop
  endfacet
  facet normal -8.619295e-01 4.293130e-01 2.697553e-01
    outer loop
      vertex   -5.041427e+01 8.682418e+00 2.516925e+01
      vertex   -5.071427e+01 8.093646e+00 2.514770e+01
      vertex   -5.041427e+01 8.462014e+00 2.552002e+01
    endloop
  endfacet
  facet normal -8.518762e-01 4.784633e-01 2.130256e-01
    outer loop
      vertex   -5.041427e+01 8.462014e+00 2.552002e+01
      vertex   -5.071427e+01 8.093646e+00 2.514770e+01
      vertex   -5.071427e+01 7.893823e+00 2.559651e+01
    endloop
  endfacet
  facet normal -8.623854e-01 4.778432e-01 1.672046e-01
    outer loop
      vertex   -5.041427e+01 8.462014e+00 2.552002e+01
      vertex   -5.071427e+01 7.893823e+00 2.559651e+01
      vertex   -5.041427e+01 8.325189e+00 2.591104e+01
    endloop
  endfacet
  facet normal -8.515784e-01 5.127717e-01 1.089930e-01
    outer loop
      vertex   -5.041427e+01 8.325189e+00 2.591104e+01
      vertex   -5.071427e+01 7.893823e+00 2.559651e+01
      vertex   -5.071427e+01 7.791680e+00 2.607706e+01
    endloop
  endfacet
  facet normal -8.626126e-01 5.026844e-01 5.663893e-02
    outer loop
      vertex   -5.041427e+01 8.325189e+00 2.591104e+01
      vertex   -5.071427e+01 7.791680e+00 2.607706e+01
      vertex   -5.041427e+01 8.278806e+00 2.632270e+01
    endloop
  endfacet
  facet normal -8.514789e-01 5.243888e-01 2.198471e-17
    outer loop
      vertex   -5.041427e+01 8.278806e+00 2.632270e+01
      vertex   -5.071427e+01 7.791680e+00 2.607706e+01
      vertex   -5.071427e+01 7.791680e+00 2.656834e+01
    endloop
  endfacet
  facet normal -8.626126e-01 5.026844e-01 -5.663893e-02
    outer loop
      vertex   -5.041427e+01 8.278806e+00 2.632270e+01
      vertex   -5.071427e+01 7.791680e+00 2.656834e+01
      vertex   -5.041427e+01 8.325189e+00 2.673437e+01
    endloop
  endfacet
  facet normal -8.515784e-01 5.127717e-01 -1.089930e-01
    outer loop
      vertex   -5.041427e+01 8.325189e+00 2.673437e+01
      vertex   -5.071427e+01 7.791680e+00 2.656834e+01
      vertex   -5.071427e+01 7.893823e+00 2.704889e+01
    endloop
  endfacet
  facet normal -8.623854e-01 4.778432e-01 -1.672046e-01
    outer loop
      vertex   -5.041427e+01 8.325189e+00 2.673437e+01
      vertex   -5.071427e+01 7.893823e+00 2.704889e+01
      vertex   -5.041427e+01 8.462014e+00 2.712539e+01
    endloop
  endfacet
  facet normal -8.518762e-01 4.784633e-01 -2.130256e-01
    outer loop
      vertex   -5.041427e+01 8.462014e+00 2.712539e+01
      vertex   -5.071427e+01 7.893823e+00 2.704889e+01
      vertex   -5.071427e+01 8.093646e+00 2.749770e+01
    endloop
  endfacet
  facet normal -8.619295e-01 4.293130e-01 -2.697553e-01
    outer loop
      vertex   -5.041427e+01 8.462014e+00 2.712539e+01
      vertex   -5.071427e+01 8.093646e+00 2.749770e+01
      vertex   -5.041427e+01 8.682418e+00 2.747616e+01
    endloop
  endfacet
  facet normal -8.523706e-01 4.230659e-01 -3.073754e-01
    outer loop
      vertex   -5.041427e+01 8.682418e+00 2.747616e+01
      vertex   -5.071427e+01 8.093646e+00 2.749770e+01
      vertex   -5.071427e+01 8.382416e+00 2.789516e+01
    endloop
  endfacet
  facet normal -8.612418e-01 3.593484e-01 -3.593484e-01
    outer loop
      vertex   -5.041427e+01 8.682418e+00 2.747616e+01
      vertex   -5.071427e+01 8.382416e+00 2.789516e+01
      vertex   -5.041427e+01 8.975350e+00 2.776909e+01
    endloop
  endfacet
  facet normal -8.530588e-01 3.491622e-01 -3.877839e-01
    outer loop
      vertex   -5.041427e+01 8.975350e+00 2.776909e+01
      vertex   -5.071427e+01 8.382416e+00 2.789516e+01
      vertex   -5.071427e+01 8.747511e+00 2.822389e+01
    endloop
  endfacet
  facet normal -8.603178e-01 2.712077e-01 -4.316246e-01
    outer loop
      vertex   -5.041427e+01 8.975350e+00 2.776909e+01
      vertex   -5.071427e+01 8.747511e+00 2.822389e+01
      vertex   -5.041427e+01 9.326121e+00 2.798949e+01
    endloop
  endfacet
  facet normal -8.539369e-01 2.601883e-01 -4.506593e-01
    outer loop
      vertex   -5.041427e+01 9.326121e+00 2.798949e+01
      vertex   -5.071427e+01 8.747511e+00 2.822389e+01
      vertex   -5.071427e+01 9.172975e+00 2.846953e+01
    endloop
  endfacet
  facet normal -8.591510e-01 1.690111e-01 -4.830060e-01
    outer loop
      vertex   -5.041427e+01 9.326121e+00 2.798949e+01
      vertex   -5.071427e+01 9.172975e+00 2.846953e+01
      vertex   -5.041427e+01 9.717142e+00 2.812632e+01
    endloop
  endfacet
  facet normal -8.549999e-01 1.602649e-01 -4.932446e-01
    outer loop
      vertex   -5.041427e+01 9.717142e+00 2.812632e+01
      vertex   -5.071427e+01 9.172975e+00 2.846953e+01
      vertex   -5.071427e+01 9.640214e+00 2.862135e+01
    endloop
  endfacet
  facet normal -8.577336e-01 5.756031e-02 -5.108618e-01
    outer loop
      vertex   -5.041427e+01 9.717142e+00 2.812632e+01
      vertex   -5.071427e+01 9.640214e+00 2.862135e+01
      vertex   -5.041427e+01 1.012881e+01 2.817270e+01
    endloop
  endfacet
  facet normal -8.562419e-01 5.399679e-02 -5.137452e-01
    outer loop
      vertex   -5.041427e+01 1.012881e+01 2.817270e+01
      vertex   -5.071427e+01 9.640214e+00 2.862135e+01
      vertex   -5.071427e+01 1.012881e+01 2.867270e+01
    endloop
  endfacet
  facet normal -8.562419e-01 -5.399679e-02 -5.137452e-01
    outer loop
      vertex   -5.071427e+01 1.572881e+01 2.867270e+01
      vertex   -5.071427e+01 1.621740e+01 2.862135e+01
      vertex   -5.041427e+01 1.572881e+01 2.817270e+01
    endloop
  endfacet
  facet normal -8.577336e-01 -5.756031e-02 -5.108618e-01
    outer loop
      vertex   -5.041427e+01 1.572881e+01 2.817270e+01
      vertex   -5.071427e+01 1.621740e+01 2.862135e+01
      vertex   -5.041427e+01 1.614047e+01 2.812632e+01
    endloop
  endfacet
  facet normal -8.549999e-01 -1.602649e-01 -4.932446e-01
    outer loop
      vertex   -5.041427e+01 1.614047e+01 2.812632e+01
      vertex   -5.071427e+01 1.621740e+01 2.862135e+01
      vertex   -5.071427e+01 1.668464e+01 2.846953e+01
    endloop
  endfacet
  facet normal -8.591510e-01 -1.690111e-01 -4.830060e-01
    outer loop
      vertex   -5.041427e+01 1.614047e+01 2.812632e+01
      vertex   -5.071427e+01 1.668464e+01 2.846953e+01
      vertex   -5.041427e+01 1.653149e+01 2.798949e+01
    endloop
  endfacet
  facet normal -8.539369e-01 -2.601883e-01 -4.506593e-01
    outer loop
      vertex   -5.041427e+01 1.653149e+01 2.798949e+01
      vertex   -5.071427e+01 1.668464e+01 2.846953e+01
      vertex   -5.071427e+01 1.711010e+01 2.822389e+01
    endloop
  endfacet
  facet normal -8.603178e-01 -2.712077e-01 -4.316246e-01
    outer loop
      vertex   -5.041427e+01 1.653149e+01 2.798949e+01
      vertex   -5.071427e+01 1.711010e+01 2.822389e+01
      vertex   -5.041427e+01 1.688226e+01 2.776909e+01
    endloop
  endfacet
  facet normal -8.530588e-01 -3.491622e-01 -3.877839e-01
    outer loop
      vertex   -5.041427e+01 1.688226e+01 2.776909e+01
      vertex   -5.071427e+01 1.711010e+01 2.822389e+01
      vertex   -5.071427e+01 1.747520e+01 2.789516e+01
    endloop
  endfacet
  facet normal -8.612418e-01 -3.593484e-01 -3.593484e-01
    outer loop
      vertex   -5.041427e+01 1.688226e+01 2.776909e+01
      vertex   -5.071427e+01 1.747520e+01 2.789516e+01
      vertex   -5.041427e+01 1.717519e+01 2.747616e+01
    endloop
  endfacet
  facet normal -8.523706e-01 -4.230659e-01 -3.073754e-01
    outer loop
      vertex   -5.041427e+01 1.717519e+01 2.747616e+01
      vertex   -5.071427e+01 1.747520e+01 2.789516e+01
      vertex   -5.071427e+01 1.776397e+01 2.749770e+01
    endloop
  endfacet
  facet normal -8.619295e-01 -4.293130e-01 -2.697553e-01
    outer loop
      vertex   -5.041427e+01 1.717519e+01 2.747616e+01
      vertex   -5.071427e+01 1.776397e+01 2.749770e+01
      vertex   -5.041427e+01 1.739560e+01 2.712539e+01
    endloop
  endfacet
  facet normal -8.518762e-01 -4.784633e-01 -2.130256e-01
    outer loop
      vertex   -5.041427e+01 1.739560e+01 2.712539e+01
      vertex   -5.071427e+01 1.776397e+01 2.749770e+01
      vertex   -5.071427e+01 1.796379e+01 2.704889e+01
    endloop
  endfacet
  facet normal -8.623854e-01 -4.778432e-01 -1.672046e-01
    outer loop
      vertex   -5.041427e+01 1.739560e+01 2.712539e+01
      vertex   -5.071427e+01 1.796379e+01 2.704889e+01
      vertex   -5.041427e+01 1.753242e+01 2.673437e+01
    endloop
  endfacet
  facet normal -8.515784e-01 -5.127717e-01 -1.089930e-01
    outer loop
      vertex   -5.041427e+01 1.753242e+01 2.673437e+01
      vertex   -5.071427e+01 1.796379e+01 2.704889e+01
      vertex   -5.071427e+01 1.806593e+01 2.656834e+01
    endloop
  endfacet
  facet normal -8.626126e-01 -5.026844e-01 -5.663893e-02
    outer loop
      vertex   -5.041427e+01 1.753242e+01 2.673437e+01
      vertex   -5.071427e+01 1.806593e+01 2.656834e+01
      vertex   -5.041427e+01 1.757881e+01 2.632270e+01
    endloop
  endfacet
  facet normal -8.514789e-01 -5.243888e-01 -4.173530e-17
    outer loop
      vertex   -5.041427e+01 1.757881e+01 2.632270e+01
      vertex   -5.071427e+01 1.806593e+01 2.656834e+01
      vertex   -5.071427e+01 1.806593e+01 2.607706e+01
    endloop
  endfacet
  facet normal -8.626126e-01 -5.026844e-01 5.663893e-02
    outer loop
      vertex   -5.041427e+01 1.757881e+01 2.632270e+01
      vertex   -5.071427e+01 1.806593e+01 2.607706e+01
      vertex   -5.041427e+01 1.753242e+01 2.591104e+01
    endloop
  endfacet
  facet normal -8.515784e-01 -5.127717e-01 1.089930e-01
    outer loop
      vertex   -5.041427e+01 1.753242e+01 2.591104e+01
      vertex   -5.071427e+01 1.806593e+01 2.607706e+01
      vertex   -5.071427e+01 1.796379e+01 2.559651e+01
    endloop
  endfacet
  facet normal -8.623854e-01 -4.778432e-01 1.672046e-01
    outer loop
      vertex   -5.041427e+01 1.753242e+01 2.591104e+01
      vertex   -5.071427e+01 1.796379e+01 2.559651e+01
      vertex   -5.041427e+01 1.739560e+01 2.552002e+01
    endloop
  endfacet
  facet normal -8.518762e-01 -4.784633e-01 2.130256e-01
    outer loop
      vertex   -5.041427e+01 1.739560e+01 2.552002e+01
      vertex   -5.071427e+01 1.796379e+01 2.559651e+01
      vertex   -5.071427e+01 1.776397e+01 2.514770e+01
    endloop
  endfacet
  facet normal -8.619295e-01 -4.293130e-01 2.697553e-01
    outer loop
      vertex   -5.041427e+01 1.739560e+01 2.552002e+01
      vertex   -5.071427e+01 1.776397e+01 2.514770e+01
      vertex   -5.041427e+01 1.717519e+01 2.516925e+01
    endloop
  endfacet
  facet normal -8.523706e-01 -4.230659e-01 3.073754e-01
    outer loop
      vertex   -5.041427e+01 1.717519e+01 2.516925e+01
      vertex   -5.071427e+01 1.776397e+01 2.514770e+01
      vertex   -5.071427e+01 1.747520e+01 2.475024e+01
    endloop
  endfacet
  facet normal -8.612418e-01 -3.593484e-01 3.593484e-01
    outer loop
      vertex   -5.041427e+01 1.717519e+01 2.516925e+01
      vertex   -5.071427e+01 1.747520e+01 2.475024e+01
      vertex   -5.041427e+01 1.688226e+01 2.487631e+01
    endloop
  endfacet
  facet normal -8.530588e-01 -3.491622e-01 3.877839e-01
    outer loop
      vertex   -5.041427e+01 1.688226e+01 2.487631e+01
      vertex   -5.071427e+01 1.747520e+01 2.475024e+01
      vertex   -5.071427e+01 1.711010e+01 2.442151e+01
    endloop
  endfacet
  facet normal -8.603178e-01 -2.712077e-01 4.316246e-01
    outer loop
      vertex   -5.041427e+01 1.688226e+01 2.487631e+01
      vertex   -5.071427e+01 1.711010e+01 2.442151e+01
      vertex   -5.041427e+01 1.653149e+01 2.465591e+01
    endloop
  endfacet
  facet normal -8.539369e-01 -2.601883e-01 4.506593e-01
    outer loop
      vertex   -5.041427e+01 1.653149e+01 2.465591e+01
      vertex   -5.071427e+01 1.711010e+01 2.442151e+01
      vertex   -5.071427e+01 1.668464e+01 2.417587e+01
    endloop
  endfacet
  facet normal -8.591510e-01 -1.690111e-01 4.830060e-01
    outer loop
      vertex   -5.041427e+01 1.653149e+01 2.465591e+01
      vertex   -5.071427e+01 1.668464e+01 2.417587e+01
      vertex   -5.041427e+01 1.614047e+01 2.451908e+01
    endloop
  endfacet
  facet normal -8.549999e-01 -1.602649e-01 4.932446e-01
    outer loop
      vertex   -5.041427e+01 1.614047e+01 2.451908e+01
      vertex   -5.071427e+01 1.668464e+01 2.417587e+01
      vertex   -5.071427e+01 1.621740e+01 2.402405e+01
    endloop
  endfacet
  facet normal -8.577336e-01 -5.756031e-02 5.108618e-01
    outer loop
      vertex   -5.041427e+01 1.614047e+01 2.451908e+01
      vertex   -5.071427e+01 1.621740e+01 2.402405e+01
      vertex   -5.041427e+01 1.572881e+01 2.447270e+01
    endloop
  endfacet
  facet normal -8.562419e-01 -5.399679e-02 5.137452e-01
    outer loop
      vertex   -5.041427e+01 1.572881e+01 2.447270e+01
      vertex   -5.071427e+01 1.621740e+01 2.402405e+01
      vertex   -5.071427e+01 1.572881e+01 2.397270e+01
    endloop
  endfacet
  facet normal -8.574929e-01 0.000000e+00 -5.144958e-01
    outer loop
      vertex   -5.041427e+01 1.012881e+01 2.817270e+01
      vertex   -5.071427e+01 1.012881e+01 2.867270e+01
      vertex   -5.041427e+01 1.572881e+01 2.817270e+01
    endloop
  endfacet
  facet normal -8.574929e-01 0.000000e+00 -5.144958e-01
    outer loop
      vertex   -5.041427e+01 1.572881e+01 2.817270e+01
      vertex   -5.071427e+01 1.012881e+01 2.867270e+01
      vertex   -5.071427e+01 1.572881e+01 2.867270e+01
    endloop
  endfacet
  facet normal -0.000000e+00 -1.062012e-01 -9.943447e-01
    outer loop
      vertex   -4.971427e+01 1.572881e+01 2.817270e+01
      vertex   -5.041427e+01 1.572881e+01 2.817270e+01
      vertex   -4.971427e+01 1.611953e+01 2.813097e+01
    endloop
  endfacet
  facet normal 3.254595e-03 -1.119639e-01 -9.937069e-01
    outer loop
      vertex   -4.971427e+01 1.611953e+01 2.813097e+01
      vertex   -5.041427e+01 1.572881e+01 2.817270e+01
      vertex   -5.041427e+01 1.614047e+01 2.812632e+01
    endloop
  endfacet
  facet normal -3.077869e-03 -3.138109e-01 -9.494805e-01
    outer loop
      vertex   -4.971427e+01 1.611953e+01 2.813097e+01
      vertex   -5.041427e+01 1.614047e+01 2.812632e+01
      vertex   -4.971427e+01 1.649262e+01 2.800766e+01
    endloop
  endfacet
  facet normal 6.155546e-03 -3.302728e-01 -9.438654e-01
    outer loop
      vertex   -4.971427e+01 1.649262e+01 2.800766e+01
      vertex   -5.041427e+01 1.614047e+01 2.812632e+01
      vertex   -5.041427e+01 1.653149e+01 2.798949e+01
    endloop
  endfacet
  facet normal -5.801907e-03 -5.072575e-01 -8.617750e-01
    outer loop
      vertex   -4.971427e+01 1.649262e+01 2.800766e+01
      vertex   -5.041427e+01 1.653149e+01 2.798949e+01
      vertex   -4.971427e+01 1.683126e+01 2.780833e+01
    endloop
  endfacet
  facet normal 8.702434e-03 -5.320119e-01 -8.466921e-01
    outer loop
      vertex   -4.971427e+01 1.683126e+01 2.780833e+01
      vertex   -5.041427e+01 1.653149e+01 2.798949e+01
      vertex   -5.041427e+01 1.688226e+01 2.776909e+01
    endloop
  endfacet
  facet normal -8.171725e-03 -6.778118e-01 -7.351901e-01
    outer loop
      vertex   -4.971427e+01 1.683126e+01 2.780833e+01
      vertex   -5.041427e+01 1.688226e+01 2.776909e+01
      vertex   -4.971427e+01 1.712016e+01 2.754198e+01
    endloop
  endfacet
  facet normal 1.089492e-02 -7.070648e-01 -7.070648e-01
    outer loop
      vertex   -4.971427e+01 1.712016e+01 2.754198e+01
      vertex   -5.041427e+01 1.688226e+01 2.776909e+01
      vertex   -5.041427e+01 1.717519e+01 2.747616e+01
    endloop
  endfacet
  facet normal -1.018702e-02 -8.177800e-01 -5.754408e-01
    outer loop
      vertex   -4.971427e+01 1.712016e+01 2.754198e+01
      vertex   -5.041427e+01 1.717519e+01 2.747616e+01
      vertex   -4.971427e+01 1.734629e+01 2.722062e+01
    endloop
  endfacet
  facet normal 1.273276e-02 -8.466556e-01 -5.319889e-01
    outer loop
      vertex   -4.971427e+01 1.734629e+01 2.722062e+01
      vertex   -5.041427e+01 1.717519e+01 2.747616e+01
      vertex   -5.041427e+01 1.739560e+01 2.712539e+01
    endloop
  endfacet
  facet normal -1.184754e-02 -9.208500e-01 -3.897371e-01
    outer loop
      vertex   -4.971427e+01 1.734629e+01 2.722062e+01
      vertex   -5.041427e+01 1.739560e+01 2.712539e+01
      vertex   -4.971427e+01 1.749944e+01 2.685875e+01
    endloop
  endfacet
  facet normal 1.421573e-02 -9.437880e-01 -3.302457e-01
    outer loop
      vertex   -4.971427e+01 1.749944e+01 2.685875e+01
      vertex   -5.041427e+01 1.739560e+01 2.712539e+01
      vertex   -5.041427e+01 1.753242e+01 2.673437e+01
    endloop
  endfacet
  facet normal -1.315312e-02 -9.823749e-01 -1.864580e-01
    outer loop
      vertex   -4.971427e+01 1.749944e+01 2.685875e+01
      vertex   -5.041427e+01 1.753242e+01 2.673437e+01
      vertex   -4.971427e+01 1.757272e+01 2.647270e+01
    endloop
  endfacet
  facet normal 1.534371e-02 -9.935952e-01 -1.119513e-01
    outer loop
      vertex   -4.971427e+01 1.757272e+01 2.647270e+01
      vertex   -5.041427e+01 1.753242e+01 2.673437e+01
      vertex   -5.041427e+01 1.757881e+01 2.632270e+01
    endloop
  endfacet
  facet normal -7.188632e-03 -9.999493e-01 -7.058379e-03
    outer loop
      vertex   -4.971427e+01 1.757272e+01 2.647270e+01
      vertex   -5.041427e+01 1.757881e+01 2.632270e+01
      vertex   -4.939464e+01 1.757255e+01 2.617068e+01
    endloop
  endfacet
  facet normal 1.059517e-02 -9.936564e-01 1.119582e-01
    outer loop
      vertex   -4.939464e+01 1.757255e+01 2.617068e+01
      vertex   -5.041427e+01 1.757881e+01 2.632270e+01
      vertex   -5.041427e+01 1.753242e+01 2.591104e+01
    endloop
  endfacet
  facet normal -2.188775e-03 -9.869319e-01 1.611233e-01
    outer loop
      vertex   -4.939464e+01 1.757255e+01 2.617068e+01
      vertex   -5.041427e+01 1.753242e+01 2.591104e+01
      vertex   -4.909666e+01 1.752324e+01 2.587270e+01
    endloop
  endfacet
  facet normal 3.032806e-03 -9.438790e-01 3.302775e-01
    outer loop
      vertex   -4.909666e+01 1.752324e+01 2.587270e+01
      vertex   -5.041427e+01 1.753242e+01 2.591104e+01
      vertex   -5.041427e+01 1.739560e+01 2.552002e+01
    endloop
  endfacet
  facet normal -2.527357e-03 -9.372494e-01 3.486506e-01
    outer loop
      vertex   -4.909666e+01 1.752324e+01 2.587270e+01
      vertex   -5.041427e+01 1.739560e+01 2.552002e+01
      vertex   -4.909666e+01 1.738108e+01 2.549055e+01
    endloop
  endfacet
  facet normal 2.571396e-03 -8.467214e-01 5.320303e-01
    outer loop
      vertex   -4.909666e+01 1.738108e+01 2.549055e+01
      vertex   -5.041427e+01 1.739560e+01 2.552002e+01
      vertex   -5.041427e+01 1.717519e+01 2.516925e+01
    endloop
  endfacet
  facet normal -2.057129e-03 -8.381120e-01 5.454943e-01
    outer loop
      vertex   -4.909666e+01 1.738108e+01 2.549055e+01
      vertex   -5.041427e+01 1.717519e+01 2.516925e+01
      vertex   -4.909666e+01 1.715866e+01 2.514882e+01
    endloop
  endfacet
  facet normal 2.092355e-03 -7.071052e-01 7.071052e-01
    outer loop
      vertex   -4.909666e+01 1.715866e+01 2.514882e+01
      vertex   -5.041427e+01 1.717519e+01 2.516925e+01
      vertex   -5.041427e+01 1.688226e+01 2.487631e+01
    endloop
  endfacet
  facet normal -1.569273e-03 -6.982622e-01 7.158404e-01
    outer loop
      vertex   -4.909666e+01 1.715866e+01 2.514882e+01
      vertex   -5.041427e+01 1.688226e+01 2.487631e+01
      vertex   -4.909666e+01 1.686679e+01 2.486411e+01
    endloop
  endfacet
  facet normal 1.595687e-03 -5.320314e-01 8.467231e-01
    outer loop
      vertex   -4.909666e+01 1.686679e+01 2.486411e+01
      vertex   -5.041427e+01 1.688226e+01 2.487631e+01
      vertex   -5.041427e+01 1.653149e+01 2.465591e+01
    endloop
  endfacet
  facet normal -1.063795e-03 -5.244932e-01 8.514140e-01
    outer loop
      vertex   -4.909666e+01 1.686679e+01 2.486411e+01
      vertex   -5.041427e+01 1.653149e+01 2.465591e+01
      vertex   -4.909666e+01 1.651963e+01 2.465025e+01
    endloop
  endfacet
  facet normal 1.081401e-03 -3.302789e-01 9.438828e-01
    outer loop
      vertex   -4.909666e+01 1.651963e+01 2.465025e+01
      vertex   -5.041427e+01 1.653149e+01 2.465591e+01
      vertex   -5.041427e+01 1.614047e+01 2.451908e+01
    endloop
  endfacet
  facet normal -5.407018e-04 -3.252461e-01 9.456292e-01
    outer loop
      vertex   -4.909666e+01 1.651963e+01 2.465025e+01
      vertex   -5.041427e+01 1.614047e+01 2.451908e+01
      vertex   -4.909666e+01 1.613406e+01 2.451763e+01
    endloop
  endfacet
  facet normal 5.495032e-04 -1.119645e-01 9.937121e-01
    outer loop
      vertex   -4.909666e+01 1.613406e+01 2.451763e+01
      vertex   -5.041427e+01 1.614047e+01 2.451908e+01
      vertex   -5.041427e+01 1.572881e+01 2.447270e+01
    endloop
  endfacet
  facet normal -1.157265e-18 -1.101997e-01 9.939095e-01
    outer loop
      vertex   -4.909666e+01 1.613406e+01 2.451763e+01
      vertex   -5.041427e+01 1.572881e+01 2.447270e+01
      vertex   -4.909666e+01 1.572881e+01 2.447270e+01
    endloop
  endfacet
  facet normal -4.862594e-10 -9.999998e-01 5.493924e-04
    outer loop
      vertex   -4.939464e+01 1.757255e+01 2.617068e+01
      vertex   -4.969666e+01 1.757272e+01 2.647270e+01
      vertex   -4.971427e+01 1.757272e+01 2.647270e+01
    endloop
  endfacet
  facet normal -0.000000e+00 0.000000e+00 1.000000e+00
    outer loop
      vertex   -5.041427e+01 1.572881e+01 2.447270e+01
      vertex   -5.041427e+01 1.012881e+01 2.447270e+01
      vertex   -4.909666e+01 1.572881e+01 2.447270e+01
    endloop
  endfacet
  facet normal 0.000000e+00 0.000000e+00 1.000000e+00
    outer loop
      vertex   -4.909666e+01 1.572881e+01 2.447270e+01
      vertex   -5.041427e+01 1.012881e+01 2.447270e+01
      vertex   -4.909666e+01 1.012881e+01 2.447270e+01
    endloop
  endfacet
  facet normal 0.000000e+00 1.000000e+00 -0.000000e+00
    outer loop
      vertex   -4.691427e+01 -9.830550e+00 2.180000e+01
      vertex   -4.810388e+01 -9.830550e+00 2.180000e+01
      vertex   -4.691427e+01 -9.830550e+00 2.413367e+01
    endloop
  endfacet
  facet normal 0.000000e+00 1.000000e+00 0.000000e+00
    outer loop
      vertex   -4.691427e+01 -9.830550e+00 2.413367e+01
      vertex   -4.810388e+01 -9.830550e+00 2.180000e+01
      vertex   -4.810388e+01 -9.830550e+00 2.413367e+01
    endloop
  endfacet
  facet normal -0.000000e+00 -1.000000e+00 -0.000000e+00
    outer loop
      vertex   -4.691427e+01 -6.354831e+00 2.411707e+01
      vertex   -4.810388e+01 -6.354831e+00 2.411707e+01
      vertex   -4.691427e+01 -6.354831e+00 2.180000e+01
    endloop
  endfacet
  facet normal 0.000000e+00 -1.000000e+00 0.000000e+00
    outer loop
      vertex   -4.691427e+01 -6.354831e+00 2.180000e+01
      vertex   -4.810388e+01 -6.354831e+00 2.411707e+01
      vertex   -4.810388e+01 -6.354831e+00 2.180000e+01
    endloop
  endfacet
  facet normal 1.000000e+00 0.000000e+00 0.000000e+00
    outer loop
      vertex   -4.810388e+01 -6.354831e+00 2.411707e+01
      vertex   -4.810388e+01 -6.805436e+00 2.382901e+01
      vertex   -4.810388e+01 -6.354831e+00 2.180000e+01
    endloop
  endfacet
  facet normal 1.000000e+00 0.000000e+00 0.000000e+00
    outer loop
      vertex   -4.810388e+01 -6.354831e+00 2.180000e+01
      vertex   -4.810388e+01 -6.805436e+00 2.382901e+01
      vertex   -4.810388e+01 -7.302569e+00 2.363183e+01
    endloop
  endfacet
  facet normal 1.000000e+00 0.000000e+00 0.000000e+00
    outer loop
      vertex   -4.810388e+01 -6.354831e+00 2.180000e+01
      vertex   -4.810388e+01 -7.302569e+00 2.363183e+01
      vertex   -4.810388e+01 -7.828113e+00 2.353271e+01
    endloop
  endfacet
  facet normal 1.000000e+00 0.000000e+00 0.000000e+00
    outer loop
      vertex   -4.810388e+01 -6.354831e+00 2.180000e+01
      vertex   -4.810388e+01 -7.828113e+00 2.353271e+01
      vertex   -4.810388e+01 -9.830550e+00 2.180000e+01
    endloop
  endfacet
  facet normal 1.000000e+00 0.000000e+00 0.000000e+00
    outer loop
      vertex   -4.810388e+01 -9.830550e+00 2.180000e+01
      vertex   -4.810388e+01 -7.828113e+00 2.353271e+01
      vertex   -4.810388e+01 -8.362917e+00 2.353527e+01
    endloop
  endfacet
  facet normal 1.000000e+00 0.000000e+00 0.000000e+00
    outer loop
      vertex   -4.810388e+01 -9.830550e+00 2.180000e+01
      vertex   -4.810388e+01 -8.362917e+00 2.353527e+01
      vertex   -4.810388e+01 -8.887491e+00 2.363940e+01
    endloop
  endfacet
  facet normal 1.000000e+00 0.000000e+00 0.000000e+00
    outer loop
      vertex   -4.810388e+01 -8.887491e+00 2.363940e+01
      vertex   -4.810388e+01 -9.382717e+00 2.384132e+01
      vertex   -4.810388e+01 -9.830550e+00 2.180000e+01
    endloop
  endfacet
  facet normal 1.000000e+00 0.000000e+00 0.000000e+00
    outer loop
      vertex   -4.810388e+01 -9.830550e+00 2.180000e+01
      vertex   -4.810388e+01 -9.382717e+00 2.384132e+01
      vertex   -4.810388e+01 -9.830550e+00 2.413367e+01
    endloop
  endfacet
  facet normal 1.000000e+00 0.000000e+00 0.000000e+00
    outer loop
      vertex   -4.691427e+01 -6.354831e+00 2.180000e+01
      vertex   -4.691427e+01 -5.032194e+00 2.180000e+01
      vertex   -4.691427e+01 -6.354831e+00 2.411707e+01
    endloop
  endfacet
  facet normal 1.000000e+00 -0.000000e+00 0.000000e+00
    outer loop
      vertex   -4.691427e+01 -6.354831e+00 2.411707e+01
      vertex   -4.691427e+01 -5.032194e+00 2.180000e+01
      vertex   -4.691427e+01 -5.032194e+00 2.430000e+01
    endloop
  endfacet
  facet normal 1.000000e+00 0.000000e+00 0.000000e+00
    outer loop
      vertex   -4.691427e+01 -6.354831e+00 2.411707e+01
      vertex   -4.691427e+01 -5.032194e+00 2.430000e+01
      vertex   -4.691427e+01 -5.969019e+00 2.448338e+01
    endloop
  endfacet
  facet normal 1.000000e+00 -0.000000e+00 0.000000e+00
    outer loop
      vertex   -4.691427e+01 -5.969019e+00 2.448338e+01
      vertex   -4.691427e+01 -5.032194e+00 2.430000e+01
      vertex   -4.691427e+01 -5.659413e+00 2.491603e+01
    endloop
  endfacet
  facet normal 1.000000e+00 -0.000000e+00 0.000000e+00
    outer loop
      vertex   -4.691427e+01 -5.659413e+00 2.491603e+01
      vertex   -4.691427e+01 -5.032194e+00 2.430000e+01
      vertex   -4.691427e+01 -5.437178e+00 2.539940e+01
    endloop
  endfacet
  facet normal 1.000000e+00 -0.000000e+00 0.000000e+00
    outer loop
      vertex   -4.691427e+01 -5.437178e+00 2.539940e+01
      vertex   -4.691427e+01 -5.032194e+00 2.430000e+01
      vertex   -4.691427e+01 -5.310327e+00 2.591607e+01
    endloop
  endfacet
  facet normal 1.000000e+00 -0.000000e+00 0.000000e+00
    outer loop
      vertex   -4.691427e+01 -5.310327e+00 2.591607e+01
      vertex   -4.691427e+01 -5.032194e+00 2.430000e+01
      vertex   -4.691427e+01 -5.283436e+00 2.644740e+01
    endloop
  endfacet
  facet normal 1.000000e+00 -0.000000e+00 0.000000e+00
    outer loop
      vertex   -4.691427e+01 -5.283436e+00 2.644740e+01
      vertex   -4.691427e+01 -5.032194e+00 2.430000e+01
      vertex   -4.691427e+01 -5.032194e+00 2.937270e+01
    endloop
  endfacet
  facet normal 1.000000e+00 0.000000e+00 -0.000000e+00
    outer loop
      vertex   -4.691427e+01 -5.283436e+00 2.644740e+01
      vertex   -4.691427e+01 -5.032194e+00 2.937270e+01
      vertex   -4.691427e+01 -5.357474e+00 2.697424e+01
    endloop
  endfacet
  facet normal 1.000000e+00 0.000000e+00 -0.000000e+00
    outer loop
      vertex   -4.691427e+01 -5.357474e+00 2.697424e+01
      vertex   -4.691427e+01 -5.032194e+00 2.937270e+01
      vertex   -4.691427e+01 -5.529771e+00 2.747757e+01
    endloop
  endfacet
  facet normal 1.000000e+00 0.000000e+00 -0.000000e+00
    outer loop
      vertex   -4.691427e+01 -5.529771e+00 2.747757e+01
      vertex   -4.691427e+01 -5.032194e+00 2.937270e+01
      vertex   -4.691427e+01 -5.794114e+00 2.793927e+01
    endloop
  endfacet
  facet normal 1.000000e+00 0.000000e+00 -0.000000e+00
    outer loop
      vertex   -4.691427e+01 -5.794114e+00 2.793927e+01
      vertex   -4.691427e+01 -5.032194e+00 2.937270e+01
      vertex   -4.691427e+01 -6.140970e+00 2.834266e+01
    endloop
  endfacet
  facet normal 1.000000e+00 0.000000e+00 -0.000000e+00
    outer loop
      vertex   -4.691427e+01 -6.140970e+00 2.834266e+01
      vertex   -4.691427e+01 -5.032194e+00 2.937270e+01
      vertex   -4.691427e+01 -6.557830e+00 2.867321e+01
    endloop
  endfacet
  facet normal 1.000000e+00 0.000000e+00 -0.000000e+00
    outer loop
      vertex   -4.691427e+01 -6.557830e+00 2.867321e+01
      vertex   -4.691427e+01 -5.032194e+00 2.937270e+01
      vertex   -4.691427e+01 -7.029662e+00 2.891900e+01
    endloop
  endfacet
  facet normal 1.000000e+00 0.000000e+00 -0.000000e+00
    outer loop
      vertex   -4.691427e+01 -7.029662e+00 2.891900e+01
      vertex   -4.691427e+01 -5.032194e+00 2.937270e+01
      vertex   -4.691427e+01 -7.539451e+00 2.907116e+01
    endloop
  endfacet
  facet normal 1.000000e+00 0.000000e+00 -0.000000e+00
    outer loop
      vertex   -4.691427e+01 -7.539451e+00 2.907116e+01
      vertex   -4.691427e+01 -5.032194e+00 2.937270e+01
      vertex   -4.691427e+01 -8.068812e+00 2.912420e+01
    endloop
  endfacet
  facet normal 1.000000e+00 0.000000e+00 -0.000000e+00
    outer loop
      vertex   -4.691427e+01 -8.068812e+00 2.912420e+01
      vertex   -4.691427e+01 -5.032194e+00 2.937270e+01
      vertex   -4.691427e+01 -1.113219e+01 2.937270e+01
    endloop
  endfacet
  facet normal 1.000000e+00 0.000000e+00 0.000000e+00
    outer loop
      vertex   -4.691427e+01 -8.068812e+00 2.912420e+01
      vertex   -4.691427e+01 -1.113219e+01 2.937270e+01
      vertex   -4.691427e+01 -8.598656e+00 2.907622e+01
    endloop
  endfacet
  facet normal 1.000000e+00 0.000000e+00 0.000000e+00
    outer loop
      vertex   -4.691427e+01 -8.598656e+00 2.907622e+01
      vertex   -4.691427e+01 -1.113219e+01 2.937270e+01
      vertex   -4.691427e+01 -9.109875e+00 2.892894e+01
    endloop
  endfacet
  facet normal 1.000000e+00 0.000000e+00 0.000000e+00
    outer loop
      vertex   -4.691427e+01 -9.109875e+00 2.892894e+01
      vertex   -4.691427e+01 -1.113219e+01 2.937270e+01
      vertex   -4.691427e+01 -9.584034e+00 2.868767e+01
    endloop
  endfacet
  facet normal 1.000000e+00 0.000000e+00 0.000000e+00
    outer loop
      vertex   -4.691427e+01 -9.584034e+00 2.868767e+01
      vertex   -4.691427e+01 -1.113219e+01 2.937270e+01
      vertex   -4.691427e+01 -1.000403e+01 2.836112e+01
    endloop
  endfacet
  facet normal 1.000000e+00 0.000000e+00 0.000000e+00
    outer loop
      vertex   -4.691427e+01 -1.000403e+01 2.836112e+01
      vertex   -4.691427e+01 -1.113219e+01 2.937270e+01
      vertex   -4.691427e+01 -1.035473e+01 2.796105e+01
    endloop
  endfacet
  facet normal 1.000000e+00 0.000000e+00 0.000000e+00
    outer loop
      vertex   -4.691427e+01 -1.035473e+01 2.796105e+01
      vertex   -4.691427e+01 -1.113219e+01 2.937270e+01
      vertex   -4.691427e+01 -1.062347e+01 2.750191e+01
    endloop
  endfacet
  facet normal 1.000000e+00 0.000000e+00 0.000000e+00
    outer loop
      vertex   -4.691427e+01 -1.062347e+01 2.750191e+01
      vertex   -4.691427e+01 -1.113219e+01 2.937270e+01
      vertex   -4.691427e+01 -1.080057e+01 2.700024e+01
    endloop
  endfacet
  facet normal 1.000000e+00 0.000000e+00 0.000000e+00
    outer loop
      vertex   -4.691427e+01 -1.080057e+01 2.700024e+01
      vertex   -4.691427e+01 -1.113219e+01 2.937270e+01
      vertex   -4.691427e+01 -1.087963e+01 2.647413e+01
    endloop
  endfacet
  facet normal 1.000000e+00 0.000000e+00 0.000000e+00
    outer loop
      vertex   -4.691427e+01 -1.087963e+01 2.647413e+01
      vertex   -4.691427e+01 -1.113219e+01 2.937270e+01
      vertex   -4.691427e+01 -1.113219e+01 2.180000e+01
    endloop
  endfacet
  facet normal 1.000000e+00 0.000000e+00 0.000000e+00
    outer loop
      vertex   -4.691427e+01 -1.087963e+01 2.647413e+01
      vertex   -4.691427e+01 -1.113219e+01 2.180000e+01
      vertex   -4.691427e+01 -1.085782e+01 2.594257e+01
    endloop
  endfacet
  facet normal 1.000000e+00 0.000000e+00 0.000000e+00
    outer loop
      vertex   -4.691427e+01 -1.085782e+01 2.594257e+01
      vertex   -4.691427e+01 -1.113219e+01 2.180000e+01
      vertex   -4.691427e+01 -1.073591e+01 2.542471e+01
    endloop
  endfacet
  facet normal 1.000000e+00 0.000000e+00 0.000000e+00
    outer loop
      vertex   -4.691427e+01 -1.073591e+01 2.542471e+01
      vertex   -4.691427e+01 -1.113219e+01 2.180000e+01
      vertex   -4.691427e+01 -1.051830e+01 2.493924e+01
    endloop
  endfacet
  facet normal 1.000000e+00 0.000000e+00 0.000000e+00
    outer loop
      vertex   -4.691427e+01 -1.051830e+01 2.493924e+01
      vertex   -4.691427e+01 -1.113219e+01 2.180000e+01
      vertex   -4.691427e+01 -1.021284e+01 2.450366e+01
    endloop
  endfacet
  facet normal 1.000000e+00 0.000000e+00 0.000000e+00
    outer loop
      vertex   -4.691427e+01 -1.021284e+01 2.450366e+01
      vertex   -4.691427e+01 -1.113219e+01 2.180000e+01
      vertex   -4.691427e+01 -9.830550e+00 2.413367e+01
    endloop
  endfacet
  facet normal 1.000000e+00 0.000000e+00 0.000000e+00
    outer loop
      vertex   -4.691427e+01 -9.830550e+00 2.413367e+01
      vertex   -4.691427e+01 -1.113219e+01 2.180000e+01
      vertex   -4.691427e+01 -9.830550e+00 2.180000e+01
    endloop
  endfacet
  facet normal 0.000000e+00 0.000000e+00 -1.000000e+00
    outer loop
      vertex   -3.923276e+01 -9.764550e+00 2.380000e+01
      vertex   -4.251427e+01 -9.764550e+00 2.380000e+01
      vertex   -3.923276e+01 -6.273688e+00 2.380000e+01
    endloop
  endfacet
  facet normal -0.000000e+00 0.000000e+00 -1.000000e+00
    outer loop
      vertex   -3.923276e+01 -6.273688e+00 2.380000e+01
      vertex   -4.251427e+01 -9.764550e+00 2.380000e+01
      vertex   -4.251427e+01 -6.273688e+00 2.380000e+01
    endloop
  endfacet
  facet normal -1.000000e+00 0.000000e+00 1.275042e-15
    outer loop
      vertex   -4.251427e+01 -9.764550e+00 2.380000e+01
      vertex   -4.251427e+01 -9.764550e+00 2.937270e+01
      vertex   -4.251427e+01 -6.273688e+00 2.380000e+01
    endloop
  endfacet
  facet normal -1.000000e+00 0.000000e+00 1.275042e-15
    outer loop
      vertex   -4.251427e+01 -6.273688e+00 2.380000e+01
      vertex   -4.251427e+01 -9.764550e+00 2.937270e+01
      vertex   -4.251427e+01 -6.273688e+00 2.937270e+01
    endloop
  endfacet
  facet normal 0.000000e+00 -1.000000e+00 0.000000e+00
    outer loop
      vertex   -4.251427e+01 -9.764550e+00 2.380000e+01
      vertex   -3.923276e+01 -9.764550e+00 2.380000e+01
      vertex   -4.251427e+01 -9.764550e+00 2.937270e+01
    endloop
  endfacet
  facet normal 0.000000e+00 -1.000000e+00 0.000000e+00
    outer loop
      vertex   -4.251427e+01 -9.764550e+00 2.937270e+01
      vertex   -3.923276e+01 -9.764550e+00 2.380000e+01
      vertex   -3.923276e+01 -9.764550e+00 2.980000e+01
    endloop
  endfacet
  facet normal 0.000000e+00 -1.000000e+00 0.000000e+00
    outer loop
      vertex   -4.251427e+01 -9.764550e+00 2.937270e+01
      vertex   -3.923276e+01 -9.764550e+00 2.980000e+01
      vertex   -4.271427e+01 -9.764550e+00 2.980000e+01
    endloop
  endfacet
  facet normal 0.000000e+00 -1.000000e+00 0.000000e+00
    outer loop
      vertex   -4.271427e+01 -9.764550e+00 2.980000e+01
      vertex   -4.271427e+01 -9.764550e+00 2.937270e+01
      vertex   -4.251427e+01 -9.764550e+00 2.937270e+01
    endloop
  endfacet
  facet normal -9.701425e-01 -0.000000e+00 -2.425356e-01
    outer loop
      vertex   -5.071427e+01 5.097750e+00 2.962270e+01
      vertex   -5.021427e+01 3.097750e+00 2.762270e+01
      vertex   -5.071427e+01 -3.502250e+00 2.962270e+01
    endloop
  endfacet
  facet normal -9.701425e-01 -2.661939e-30 -2.425356e-01
    outer loop
      vertex   -5.071427e+01 -3.502250e+00 2.962270e+01
      vertex   -5.021427e+01 3.097750e+00 2.762270e+01
      vertex   -5.021427e+01 -1.502250e+00 2.762270e+01
    endloop
  endfacet
  facet normal -9.701425e-01 0.000000e+00 2.425356e-01
    outer loop
      vertex   -5.071427e+01 5.097750e+00 2.302270e+01
      vertex   -5.071427e+01 -3.502250e+00 2.302270e+01
      vertex   -5.021427e+01 3.097750e+00 2.502270e+01
    endloop
  endfacet
  facet normal -9.701425e-01 0.000000e+00 2.425356e-01
    outer loop
      vertex   -5.021427e+01 3.097750e+00 2.502270e+01
      vertex   -5.071427e+01 -3.502250e+00 2.302270e+01
      vertex   -5.021427e+01 -1.502250e+00 2.502270e+01
    endloop
  endfacet
  facet normal -9.701425e-01 2.425356e-01 -1.242778e-16
    outer loop
      vertex   -5.021427e+01 -1.502250e+00 2.762270e+01
      vertex   -5.021427e+01 -1.502250e+00 2.502270e+01
      vertex   -5.071427e+01 -3.502250e+00 2.962270e+01
    endloop
  endfacet
  facet normal -9.701425e-01 2.425356e-01 -1.305545e-16
    outer loop
      vertex   -5.071427e+01 -3.502250e+00 2.962270e+01
      vertex   -5.021427e+01 -1.502250e+00 2.502270e+01
      vertex   -5.071427e+01 -3.502250e+00 2.302270e+01
    endloop
  endfacet
  facet normal -9.701425e-01 -2.425356e-01 -0.000000e+00
    outer loop
      vertex   -5.071427e+01 5.097750e+00 2.962270e+01
      vertex   -5.071427e+01 5.097750e+00 2.302270e+01
      vertex   -5.021427e+01 3.097750e+00 2.762270e+01
    endloop
  endfacet
  facet normal -9.701425e-01 -2.425356e-01 -0.000000e+00
    outer loop
      vertex   -5.021427e+01 3.097750e+00 2.762270e+01
      vertex   -5.071427e+01 5.097750e+00 2.302270e+01
      vertex   -5.021427e+01 3.097750e+00 2.502270e+01
    endloop
  endfacet
  facet normal 0.000000e+00 -1.000000e+00 0.000000e+00
    outer loop
      vertex   -5.021427e+01 3.097750e+00 2.502270e+01
      vertex   -4.989666e+01 3.097750e+00 2.502270e+01
      vertex   -5.021427e+01 3.097750e+00 2.762270e+01
    endloop
  endfacet
  facet normal 0.000000e+00 -1.000000e+00 0.000000e+00
    outer loop
      vertex   -5.021427e+01 3.097750e+00 2.762270e+01
      vertex   -4.989666e+01 3.097750e+00 2.502270e+01
      vertex   -4.809666e+01 3.097750e+00 2.540000e+01
    endloop
  endfacet
  facet normal 0.000000e+00 -1.000000e+00 0.000000e+00
    outer loop
      vertex   -5.021427e+01 3.097750e+00 2.762270e+01
      vertex   -4.809666e+01 3.097750e+00 2.540000e+01
      vertex   -4.791427e+01 3.097750e+00 2.762270e+01
    endloop
  endfacet
  facet normal 0.000000e+00 -1.000000e+00 0.000000e+00
    outer loop
      vertex   -4.791427e+01 3.097750e+00 2.762270e+01
      vertex   -4.809666e+01 3.097750e+00 2.540000e+01
      vertex   -4.791427e+01 3.097750e+00 2.540000e+01
    endloop
  endfacet
  facet normal 0.000000e+00 -1.000000e+00 0.000000e+00
    outer loop
      vertex   -4.989666e+01 3.097750e+00 2.502270e+01
      vertex   -4.809666e+01 3.097750e+00 2.182270e+01
      vertex   -4.809666e+01 3.097750e+00 2.540000e+01
    endloop
  endfacet
  facet normal -0.000000e+00 0.000000e+00 1.000000e+00
    outer loop
      vertex   -5.021427e+01 3.097750e+00 2.502270e+01
      vertex   -5.021427e+01 -1.502250e+00 2.502270e+01
      vertex   -4.989666e+01 3.097750e+00 2.502270e+01
    endloop
  endfacet
  facet normal 0.000000e+00 0.000000e+00 1.000000e+00
    outer loop
      vertex   -4.989666e+01 3.097750e+00 2.502270e+01
      vertex   -5.021427e+01 -1.502250e+00 2.502270e+01
      vertex   -4.989666e+01 -1.502250e+00 2.502270e+01
    endloop
  endfacet
  facet normal 8.715755e-01 -0.000000e+00 4.902612e-01
    outer loop
      vertex   -4.989666e+01 -1.502250e+00 2.502270e+01
      vertex   -4.809666e+01 -1.502250e+00 2.182270e+01
      vertex   -4.989666e+01 3.097750e+00 2.502270e+01
    endloop
  endfacet
  facet normal 8.715755e-01 1.262143e-17 4.902612e-01
    outer loop
      vertex   -4.989666e+01 3.097750e+00 2.502270e+01
      vertex   -4.809666e+01 -1.502250e+00 2.182270e+01
      vertex   -4.809666e+01 3.097750e+00 2.182270e+01
    endloop
  endfacet
  facet normal 1.000000e+00 0.000000e+00 0.000000e+00
    outer loop
      vertex   -4.809666e+01 3.164060e+00 2.540000e+01
      vertex   -4.809666e+01 3.097750e+00 2.540000e+01
      vertex   -4.809666e+01 3.164060e+00 2.430000e+01
    endloop
  endfacet
  facet normal 1.000000e+00 2.015525e-07 1.214993e-08
    outer loop
      vertex   -4.809666e+01 3.164060e+00 2.430000e+01
      vertex   -4.809666e+01 3.097750e+00 2.540000e+01
      vertex   -4.809666e+01 3.097750e+00 2.182270e+01
    endloop
  endfacet
  facet normal 1.000000e+00 -5.303073e-09 1.768684e-08
    outer loop
      vertex   -4.809666e+01 3.164060e+00 2.430000e+01
      vertex   -4.809666e+01 3.097750e+00 2.182270e+01
      vertex   -4.809666e+01 9.163123e+00 2.364129e+01
    endloop
  endfacet
  facet normal 1.000000e+00 0.000000e+00 0.000000e+00
    outer loop
      vertex   -4.809666e+01 9.163123e+00 2.364129e+01
      vertex   -4.809666e+01 3.097750e+00 2.182270e+01
      vertex   -4.809666e+01 9.638662e+00 2.351517e+01
    endloop
  endfacet
  facet normal 1.000000e+00 0.000000e+00 0.000000e+00
    outer loop
      vertex   -4.809666e+01 9.638662e+00 2.351517e+01
      vertex   -4.809666e+01 3.097750e+00 2.182270e+01
      vertex   -4.809666e+01 1.012881e+01 2.347270e+01
    endloop
  endfacet
  facet normal 1.000000e+00 0.000000e+00 0.000000e+00
    outer loop
      vertex   -4.809666e+01 1.012881e+01 2.347270e+01
      vertex   -4.809666e+01 3.097750e+00 2.182270e+01
      vertex   -4.809666e+01 2.083725e+01 2.180000e+01
    endloop
  endfacet
  facet normal 1.000000e+00 -0.000000e+00 0.000000e+00
    outer loop
      vertex   -4.809666e+01 1.012881e+01 2.347270e+01
      vertex   -4.809666e+01 2.083725e+01 2.180000e+01
      vertex   -4.809666e+01 1.572881e+01 2.347270e+01
    endloop
  endfacet
  facet normal 1.000000e+00 0.000000e+00 0.000000e+00
    outer loop
      vertex   -4.809666e+01 1.572881e+01 2.347270e+01
      vertex   -4.809666e+01 2.083725e+01 2.180000e+01
      vertex   -4.809666e+01 1.983725e+01 2.280000e+01
    endloop
  endfacet
  facet normal 1.000000e+00 -0.000000e+00 0.000000e+00
    outer loop
      vertex   -4.809666e+01 1.572881e+01 2.347270e+01
      vertex   -4.809666e+01 1.983725e+01 2.280000e+01
      vertex   -4.809666e+01 1.621895e+01 2.351517e+01
    endloop
  endfacet
  facet normal 1.000000e+00 -0.000000e+00 0.000000e+00
    outer loop
      vertex   -4.809666e+01 1.621895e+01 2.351517e+01
      vertex   -4.809666e+01 1.983725e+01 2.280000e+01
      vertex   -4.809666e+01 1.669449e+01 2.364129e+01
    endloop
  endfacet
  facet normal 1.000000e+00 -0.000000e+00 0.000000e+00
    outer loop
      vertex   -4.809666e+01 1.669449e+01 2.364129e+01
      vertex   -4.809666e+01 1.983725e+01 2.280000e+01
      vertex   -4.809666e+01 1.714125e+01 2.384732e+01
    endloop
  endfacet
  facet normal 1.000000e+00 -0.000000e+00 0.000000e+00
    outer loop
      vertex   -4.809666e+01 1.714125e+01 2.384732e+01
      vertex   -4.809666e+01 1.983725e+01 2.280000e+01
      vertex   -4.809666e+01 1.754592e+01 2.412712e+01
    endloop
  endfacet
  facet normal 1.000000e+00 -0.000000e+00 0.000000e+00
    outer loop
      vertex   -4.809666e+01 1.754592e+01 2.412712e+01
      vertex   -4.809666e+01 1.983725e+01 2.280000e+01
      vertex   -4.809666e+01 1.789645e+01 2.447234e+01
    endloop
  endfacet
  facet normal 1.000000e+00 -0.000000e+00 0.000000e+00
    outer loop
      vertex   -4.809666e+01 1.789645e+01 2.447234e+01
      vertex   -4.809666e+01 1.983725e+01 2.280000e+01
      vertex   -4.809666e+01 1.867881e+01 2.487270e+01
    endloop
  endfacet
  facet normal 1.000000e+00 0.000000e+00 0.000000e+00
    outer loop
      vertex   -4.809666e+01 1.789645e+01 2.447234e+01
      vertex   -4.809666e+01 1.867881e+01 2.487270e+01
      vertex   -4.809666e+01 1.818237e+01 2.487270e+01
    endloop
  endfacet
  facet normal 1.000000e+00 -1.680126e-09 -1.312900e-06
    outer loop
      vertex   -4.809666e+01 2.083725e+01 2.180000e+01
      vertex   -4.809666e+01 3.097750e+00 2.182270e+01
      vertex   -4.809666e+01 -5.032194e+00 2.180000e+01
    endloop
  endfacet
  facet normal 1.000000e+00 2.620416e-25 -1.914598e-06
    outer loop
      vertex   -4.809666e+01 -5.032194e+00 2.180000e+01
      vertex   -4.809666e+01 3.097750e+00 2.182270e+01
      vertex   -4.809666e+01 -1.502250e+00 2.182270e+01
    endloop
  endfacet
  facet normal 1.000000e+00 -1.231292e-08 0.000000e+00
    outer loop
      vertex   -4.809666e+01 -5.032194e+00 2.180000e+01
      vertex   -4.809666e+01 -1.502250e+00 2.182270e+01
      vertex   -4.809666e+01 -5.032194e+00 2.430000e+01
    endloop
  endfacet
  facet normal 1.000000e+00 -0.000000e+00 1.754489e-08
    outer loop
      vertex   -4.809666e+01 -5.032194e+00 2.430000e+01
      vertex   -4.809666e+01 -1.502250e+00 2.182270e+01
      vertex   -4.809666e+01 -1.629055e+00 2.430000e+01
    endloop
  endfacet
  facet normal 1.000000e+00 -1.053977e-07 1.214993e-08
    outer loop
      vertex   -4.809666e+01 -1.629055e+00 2.430000e+01
      vertex   -4.809666e+01 -1.502250e+00 2.182270e+01
      vertex   -4.809666e+01 -1.502250e+00 2.540000e+01
    endloop
  endfacet
  facet normal 1.000000e+00 0.000000e+00 0.000000e+00
    outer loop
      vertex   -4.809666e+01 -1.629055e+00 2.430000e+01
      vertex   -4.809666e+01 -1.502250e+00 2.540000e+01
      vertex   -4.809666e+01 -1.629055e+00 2.540000e+01
    endloop
  endfacet
  facet normal 1.000000e+00 0.000000e+00 -0.000000e+00
    outer loop
      vertex   -4.809666e+01 1.983725e+01 2.280000e+01
      vertex   -4.809666e+01 1.983725e+01 2.730000e+01
      vertex   -4.809666e+01 1.867881e+01 2.487270e+01
    endloop
  endfacet
  facet normal 1.000000e+00 0.000000e+00 0.000000e+00
    outer loop
      vertex   -4.809666e+01 1.867881e+01 2.487270e+01
      vertex   -4.809666e+01 1.983725e+01 2.730000e+01
      vertex   -4.809666e+01 1.867881e+01 2.730000e+01
    endloop
  endfacet
  facet normal 1.000000e+00 -9.509241e-09 -2.062006e-08
    outer loop
      vertex   -4.809666e+01 9.163123e+00 2.364129e+01
      vertex   -4.809666e+01 8.716361e+00 2.384732e+01
      vertex   -4.809666e+01 3.164060e+00 2.430000e+01
    endloop
  endfacet
  facet normal 1.000000e+00 -0.000000e+00 9.601525e-08
    outer loop
      vertex   -4.809666e+01 3.164060e+00 2.430000e+01
      vertex   -4.809666e+01 8.716361e+00 2.384732e+01
      vertex   -4.809666e+01 6.398410e+00 2.430000e+01
    endloop
  endfacet
  facet normal 1.000000e+00 -2.613213e-08 -3.779529e-08
    outer loop
      vertex   -4.809666e+01 6.398410e+00 2.430000e+01
      vertex   -4.809666e+01 8.716361e+00 2.384732e+01
      vertex   -4.809666e+01 8.311689e+00 2.412712e+01
    endloop
  endfacet
  facet normal 1.000000e+00 -2.501173e-08 -2.539580e-08
    outer loop
      vertex   -4.809666e+01 6.398410e+00 2.430000e+01
      vertex   -4.809666e+01 8.311689e+00 2.412712e+01
      vertex   -4.809666e+01 7.961166e+00 2.447234e+01
    endloop
  endfacet
  facet normal 1.000000e+00 0.000000e+00 0.000000e+00
    outer loop
      vertex   -4.809666e+01 7.675237e+00 2.487270e+01
      vertex   -4.809666e+01 7.178806e+00 2.487270e+01
      vertex   -4.809666e+01 7.961166e+00 2.447234e+01
    endloop
  endfacet
  facet normal 1.000000e+00 -2.288140e-08 -4.471333e-08
    outer loop
      vertex   -4.809666e+01 7.961166e+00 2.447234e+01
      vertex   -4.809666e+01 7.178806e+00 2.487270e+01
      vertex   -4.809666e+01 6.398410e+00 2.430000e+01
    endloop
  endfacet
  facet normal 1.000000e+00 0.000000e+00 0.000000e+00
    outer loop
      vertex   -4.809666e+01 7.178806e+00 2.730000e+01
      vertex   -4.809666e+01 6.398410e+00 2.730000e+01
      vertex   -4.809666e+01 7.178806e+00 2.487270e+01
    endloop
  endfacet
  facet normal 1.000000e+00 -4.506258e-08 -1.448798e-08
    outer loop
      vertex   -4.809666e+01 7.178806e+00 2.487270e+01
      vertex   -4.809666e+01 6.398410e+00 2.730000e+01
      vertex   -4.809666e+01 6.398410e+00 2.430000e+01
    endloop
  endfacet
  facet normal 1.217408e-15 1.000000e+00 -2.018587e-16
    outer loop
      vertex   -4.791427e+01 -1.629055e+00 2.430000e+01
      vertex   -4.809666e+01 -1.629055e+00 2.430000e+01
      vertex   -4.791427e+01 -1.629055e+00 2.540000e+01
    endloop
  endfacet
  facet normal 0.000000e+00 1.000000e+00 0.000000e+00
    outer loop
      vertex   -4.791427e+01 -1.629055e+00 2.540000e+01
      vertex   -4.809666e+01 -1.629055e+00 2.430000e+01
      vertex   -4.809666e+01 -1.629055e+00 2.540000e+01
    endloop
  endfacet
  facet normal 0.000000e+00 0.000000e+00 -1.000000e+00
    outer loop
      vertex   -4.791427e+01 3.097750e+00 2.540000e+01
      vertex   -4.809666e+01 3.097750e+00 2.540000e+01
      vertex   -4.791427e+01 3.164060e+00 2.540000e+01
    endloop
  endfacet
  facet normal -0.000000e+00 0.000000e+00 -1.000000e+00
    outer loop
      vertex   -4.791427e+01 3.164060e+00 2.540000e+01
      vertex   -4.809666e+01 3.097750e+00 2.540000e+01
      vertex   -4.809666e+01 3.164060e+00 2.540000e+01
    endloop
  endfacet
  facet normal 0.000000e+00 -1.000000e+00 4.037175e-16
    outer loop
      vertex   -4.809666e+01 3.164060e+00 2.430000e+01
      vertex   -4.791427e+01 3.164060e+00 2.430000e+01
      vertex   -4.809666e+01 3.164060e+00 2.540000e+01
    endloop
  endfacet
  facet normal -2.434816e-15 -1.000000e+00 0.000000e+00
    outer loop
      vertex   -4.809666e+01 3.164060e+00 2.540000e+01
      vertex   -4.791427e+01 3.164060e+00 2.430000e+01
      vertex   -4.791427e+01 3.164060e+00 2.540000e+01
    endloop
  endfacet
  facet normal 0.000000e+00 0.000000e+00 -1.000000e+00
    outer loop
      vertex   -4.809666e+01 -1.502250e+00 2.540000e+01
      vertex   -4.791427e+01 -1.502250e+00 2.540000e+01
      vertex   -4.809666e+01 -1.629055e+00 2.540000e+01
    endloop
  endfacet
  facet normal 0.000000e+00 0.000000e+00 -1.000000e+00
    outer loop
      vertex   -4.809666e+01 -1.629055e+00 2.540000e+01
      vertex   -4.791427e+01 -1.502250e+00 2.540000e+01
      vertex   -4.791427e+01 -1.629055e+00 2.540000e+01
    endloop
  endfacet
  facet normal 4.092274e-16 -2.731469e-15 -1.000000e+00
    outer loop
      vertex   -3.923276e+01 5.097750e+00 2.430000e+01
      vertex   -4.791427e+01 5.097750e+00 2.430000e+01
      vertex   -3.923276e+01 6.398410e+00 2.430000e+01
    endloop
  endfacet
  facet normal -0.000000e+00 0.000000e+00 -1.000000e+00
    outer loop
      vertex   -3.923276e+01 6.398410e+00 2.430000e+01
      vertex   -4.791427e+01 5.097750e+00 2.430000e+01
      vertex   -4.809666e+01 6.398410e+00 2.430000e+01
    endloop
  endfacet
  facet normal 0.000000e+00 0.000000e+00 -1.000000e+00
    outer loop
      vertex   -4.809666e+01 6.398410e+00 2.430000e+01
      vertex   -4.791427e+01 5.097750e+00 2.430000e+01
      vertex   -4.809666e+01 3.164060e+00 2.430000e+01
    endloop
  endfacet
  facet normal 0.000000e+00 0.000000e+00 -1.000000e+00
    outer loop
      vertex   -4.809666e+01 3.164060e+00 2.430000e+01
      vertex   -4.791427e+01 5.097750e+00 2.430000e+01
      vertex   -4.791427e+01 3.164060e+00 2.430000e+01
    endloop
  endfacet
  facet normal 0.000000e+00 3.405301e-15 -1.000000e+00
    outer loop
      vertex   -3.923276e+01 -3.502250e+00 2.430000e+01
      vertex   -4.325515e+01 -4.545539e+00 2.430000e+01
      vertex   -4.791427e+01 -3.502250e+00 2.430000e+01
    endloop
  endfacet
  facet normal 9.341258e-16 7.576921e-15 -1.000000e+00
    outer loop
      vertex   -4.791427e+01 -3.502250e+00 2.430000e+01
      vertex   -4.325515e+01 -4.545539e+00 2.430000e+01
      vertex   -4.691427e+01 -5.032194e+00 2.430000e+01
    endloop
  endfacet
  facet normal -6.009370e-15 3.038523e-15 -1.000000e+00
    outer loop
      vertex   -4.791427e+01 -3.502250e+00 2.430000e+01
      vertex   -4.691427e+01 -5.032194e+00 2.430000e+01
      vertex   -4.809666e+01 -5.032194e+00 2.430000e+01
    endloop
  endfacet
  facet normal 0.000000e+00 3.405301e-15 -1.000000e+00
    outer loop
      vertex   -3.923276e+01 -3.502250e+00 2.430000e+01
      vertex   -3.923276e+01 -4.545539e+00 2.430000e+01
      vertex   -4.325515e+01 -4.545539e+00 2.430000e+01
    endloop
  endfacet
  facet normal 1.941840e-15 0.000000e+00 -1.000000e+00
    outer loop
      vertex   -4.325515e+01 -4.545539e+00 2.430000e+01
      vertex   -4.325515e+01 -5.032194e+00 2.430000e+01
      vertex   -4.691427e+01 -5.032194e+00 2.430000e+01
    endloop
  endfacet
  facet normal 1.947853e-14 0.000000e+00 -1.000000e+00
    outer loop
      vertex   -4.809666e+01 -5.032194e+00 2.430000e+01
      vertex   -4.809666e+01 -1.629055e+00 2.430000e+01
      vertex   -4.791427e+01 -3.502250e+00 2.430000e+01
    endloop
  endfacet
  facet normal -2.308943e-30 -1.896606e-15 -1.000000e+00
    outer loop
      vertex   -4.791427e+01 -3.502250e+00 2.430000e+01
      vertex   -4.809666e+01 -1.629055e+00 2.430000e+01
      vertex   -4.791427e+01 -1.629055e+00 2.430000e+01
    endloop
  endfacet
  facet normal 1.000000e+00 0.000000e+00 -0.000000e+00
    outer loop
      vertex   -4.791427e+01 -1.629055e+00 2.430000e+01
      vertex   -4.791427e+01 -1.629055e+00 2.540000e+01
      vertex   -4.791427e+01 -3.502250e+00 2.430000e+01
    endloop
  endfacet
  facet normal 1.000000e+00 0.000000e+00 0.000000e+00
    outer loop
      vertex   -4.791427e+01 -3.502250e+00 2.430000e+01
      vertex   -4.791427e+01 -1.629055e+00 2.540000e+01
      vertex   -4.791427e+01 -3.502250e+00 2.847270e+01
    endloop
  endfacet
  facet normal 1.000000e+00 0.000000e+00 0.000000e+00
    outer loop
      vertex   -4.791427e+01 -3.502250e+00 2.847270e+01
      vertex   -4.791427e+01 -1.629055e+00 2.540000e+01
      vertex   -4.791427e+01 -1.502250e+00 2.762270e+01
    endloop
  endfacet
  facet normal 1.000000e+00 0.000000e+00 0.000000e+00
    outer loop
      vertex   -4.791427e+01 -3.502250e+00 2.847270e+01
      vertex   -4.791427e+01 -1.502250e+00 2.762270e+01
      vertex   -4.791427e+01 3.097750e+00 2.762270e+01
    endloop
  endfacet
  facet normal 1.000000e+00 5.603442e-14 -3.196753e-15
    outer loop
      vertex   -4.791427e+01 -1.629055e+00 2.540000e+01
      vertex   -4.791427e+01 -1.502250e+00 2.540000e+01
      vertex   -4.791427e+01 -1.502250e+00 2.762270e+01
    endloop
  endfacet
  facet normal 1.000000e+00 -1.071549e-13 -3.196753e-15
    outer loop
      vertex   -4.791427e+01 3.097750e+00 2.540000e+01
      vertex   -4.791427e+01 3.164060e+00 2.540000e+01
      vertex   -4.791427e+01 3.097750e+00 2.762270e+01
    endloop
  endfacet
  facet normal 1.000000e+00 -0.000000e+00 0.000000e+00
    outer loop
      vertex   -4.791427e+01 3.097750e+00 2.762270e+01
      vertex   -4.791427e+01 3.164060e+00 2.540000e+01
      vertex   -4.791427e+01 5.097750e+00 2.847270e+01
    endloop
  endfacet
  facet normal 1.000000e+00 0.000000e+00 -0.000000e+00
    outer loop
      vertex   -4.791427e+01 3.097750e+00 2.762270e+01
      vertex   -4.791427e+01 5.097750e+00 2.847270e+01
      vertex   -4.791427e+01 -3.502250e+00 2.847270e+01
    endloop
  endfacet
  facet normal 1.000000e+00 0.000000e+00 0.000000e+00
    outer loop
      vertex   -4.791427e+01 3.164060e+00 2.430000e+01
      vertex   -4.791427e+01 5.097750e+00 2.430000e+01
      vertex   -4.791427e+01 3.164060e+00 2.540000e+01
    endloop
  endfacet
  facet normal 1.000000e+00 -0.000000e+00 0.000000e+00
    outer loop
      vertex   -4.791427e+01 3.164060e+00 2.540000e+01
      vertex   -4.791427e+01 5.097750e+00 2.430000e+01
      vertex   -4.791427e+01 5.097750e+00 2.847270e+01
    endloop
  endfacet
  facet normal 0.000000e+00 1.000000e+00 -0.000000e+00
    outer loop
      vertex   -4.691427e+01 -5.032194e+00 2.180000e+01
      vertex   -4.809666e+01 -5.032194e+00 2.180000e+01
      vertex   -4.691427e+01 -5.032194e+00 2.430000e+01
    endloop
  endfacet
  facet normal 0.000000e+00 1.000000e+00 0.000000e+00
    outer loop
      vertex   -4.691427e+01 -5.032194e+00 2.430000e+01
      vertex   -4.809666e+01 -5.032194e+00 2.180000e+01
      vertex   -4.809666e+01 -5.032194e+00 2.430000e+01
    endloop
  endfacet
  facet normal -0.000000e+00 -1.000000e+00 -0.000000e+00
    outer loop
      vertex   -4.251427e+01 5.097750e+00 2.847270e+01
      vertex   -4.791427e+01 5.097750e+00 2.847270e+01
      vertex   -4.251427e+01 5.097750e+00 2.740000e+01
    endloop
  endfacet
  facet normal -0.000000e+00 -1.000000e+00 0.000000e+00
    outer loop
      vertex   -4.251427e+01 5.097750e+00 2.740000e+01
      vertex   -4.791427e+01 5.097750e+00 2.847270e+01
      vertex   -4.791427e+01 5.097750e+00 2.430000e+01
    endloop
  endfacet
  facet normal 0.000000e+00 -1.000000e+00 -0.000000e+00
    outer loop
      vertex   -4.251427e+01 5.097750e+00 2.740000e+01
      vertex   -4.791427e+01 5.097750e+00 2.430000e+01
      vertex   -4.191427e+01 5.097750e+00 2.680000e+01
    endloop
  endfacet
  facet normal 0.000000e+00 -1.000000e+00 -0.000000e+00
    outer loop
      vertex   -4.191427e+01 5.097750e+00 2.680000e+01
      vertex   -4.791427e+01 5.097750e+00 2.430000e+01
      vertex   -3.923276e+01 5.097750e+00 2.430000e+01
    endloop
  endfacet
  facet normal 0.000000e+00 -1.000000e+00 0.000000e+00
    outer loop
      vertex   -4.191427e+01 5.097750e+00 2.680000e+01
      vertex   -3.923276e+01 5.097750e+00 2.430000e+01
      vertex   -3.923276e+01 5.097750e+00 2.680000e+01
    endloop
  endfacet
  facet normal 0.000000e+00 1.000000e+00 0.000000e+00
    outer loop
      vertex   -4.809666e+01 6.398410e+00 2.430000e+01
      vertex   -4.809666e+01 6.398410e+00 2.730000e+01
      vertex   -3.923276e+01 6.398410e+00 2.430000e+01
    endloop
  endfacet
  facet normal 0.000000e+00 1.000000e+00 -0.000000e+00
    outer loop
      vertex   -3.923276e+01 6.398410e+00 2.430000e+01
      vertex   -4.809666e+01 6.398410e+00 2.730000e+01
      vertex   -3.923276e+01 6.398410e+00 2.730000e+01
    endloop
  endfacet
  facet normal 7.071068e-01 0.000000e+00 7.071068e-01
    outer loop
      vertex   -4.969666e+01 8.284897e+00 2.647270e+01
      vertex   -4.969666e+01 7.178806e+00 2.647270e+01
      vertex   -4.939464e+01 8.285063e+00 2.617068e+01
    endloop
  endfacet
  facet normal 7.071068e-01 -1.269256e-15 7.071068e-01
    outer loop
      vertex   -4.939464e+01 8.285063e+00 2.617068e+01
      vertex   -4.969666e+01 7.178806e+00 2.647270e+01
      vertex   -4.860349e+01 7.983845e+00 2.537953e+01
    endloop
  endfacet
  facet normal 7.071068e-01 -9.681375e-15 7.071068e-01
    outer loop
      vertex   -4.939464e+01 8.285063e+00 2.617068e+01
      vertex   -4.860349e+01 7.983845e+00 2.537953e+01
      vertex   -4.909666e+01 8.334370e+00 2.587270e+01
    endloop
  endfacet
  facet normal 7.071068e-01 -0.000000e+00 7.071068e-01
    outer loop
      vertex   -4.809666e+01 7.178806e+00 2.487270e+01
      vertex   -4.809666e+01 7.675237e+00 2.487270e+01
      vertex   -4.969666e+01 7.178806e+00 2.647270e+01
    endloop
  endfacet
  facet normal 7.071068e-01 -7.184128e-15 7.071068e-01
    outer loop
      vertex   -4.969666e+01 7.178806e+00 2.647270e+01
      vertex   -4.809666e+01 7.675237e+00 2.487270e+01
      vertex   -4.860349e+01 7.983845e+00 2.537953e+01
    endloop
  endfacet
  facet normal 7.122840e-01 -6.578493e-01 2.447156e-01
    outer loop
      vertex   -4.909666e+01 1.752324e+01 2.587270e+01
      vertex   -4.909666e+01 1.738108e+01 2.549055e+01
      vertex   -4.860349e+01 1.787377e+01 2.537953e+01
    endloop
  endfacet
  facet normal 7.048100e-01 -6.336311e-01 3.189899e-01
    outer loop
      vertex   -4.860349e+01 1.787377e+01 2.537953e+01
      vertex   -4.909666e+01 1.738108e+01 2.549055e+01
      vertex   -4.809666e+01 1.818237e+01 2.487270e+01
    endloop
  endfacet
  facet normal 7.101298e-01 -5.900914e-01 3.840674e-01
    outer loop
      vertex   -4.809666e+01 1.818237e+01 2.487270e+01
      vertex   -4.909666e+01 1.738108e+01 2.549055e+01
      vertex   -4.909666e+01 1.715866e+01 2.514882e+01
    endloop
  endfacet
  facet normal 7.048128e-01 -5.772867e-01 4.122850e-01
    outer loop
      vertex   -4.809666e+01 1.818237e+01 2.487270e+01
      vertex   -4.909666e+01 1.715866e+01 2.514882e+01
      vertex   -4.809666e+01 1.789645e+01 2.447234e+01
    endloop
  endfacet
  facet normal 7.069908e-01 -4.962573e-01 5.038776e-01
    outer loop
      vertex   -4.809666e+01 1.789645e+01 2.447234e+01
      vertex   -4.909666e+01 1.715866e+01 2.514882e+01
      vertex   -4.809666e+01 1.754592e+01 2.412712e+01
    endloop
  endfacet
  facet normal 7.077360e-01 -4.933067e-01 5.057254e-01
    outer loop
      vertex   -4.809666e+01 1.754592e+01 2.412712e+01
      vertex   -4.909666e+01 1.715866e+01 2.514882e+01
      vertex   -4.909666e+01 1.686679e+01 2.486411e+01
    endloop
  endfacet
  facet normal 7.044161e-01 -4.036646e-01 5.838260e-01
    outer loop
      vertex   -4.809666e+01 1.754592e+01 2.412712e+01
      vertex   -4.909666e+01 1.686679e+01 2.486411e+01
      vertex   -4.809666e+01 1.714125e+01 2.384732e+01
    endloop
  endfacet
  facet normal 7.104971e-01 -3.690861e-01 5.991405e-01
    outer loop
      vertex   -4.809666e+01 1.714125e+01 2.384732e+01
      vertex   -4.909666e+01 1.686679e+01 2.486411e+01
      vertex   -4.909666e+01 1.651963e+01 2.465025e+01
    endloop
  endfacet
  facet normal 7.033469e-01 -2.976871e-01 6.455118e-01
    outer loop
      vertex   -4.809666e+01 1.714125e+01 2.384732e+01
      vertex   -4.909666e+01 1.651963e+01 2.465025e+01
      vertex   -4.809666e+01 1.669449e+01 2.364129e+01
    endloop
  endfacet
  facet normal 7.109541e-01 -2.287256e-01 6.650029e-01
    outer loop
      vertex   -4.809666e+01 1.669449e+01 2.364129e+01
      vertex   -4.909666e+01 1.651963e+01 2.465025e+01
      vertex   -4.909666e+01 1.613406e+01 2.451763e+01
    endloop
  endfacet
  facet normal 7.038060e-01 -1.821197e-01 6.866509e-01
    outer loop
      vertex   -4.809666e+01 1.669449e+01 2.364129e+01
      vertex   -4.909666e+01 1.613406e+01 2.451763e+01
      vertex   -4.809666e+01 1.621895e+01 2.351517e+01
    endloop
  endfacet
  facet normal 7.091197e-01 -7.770053e-02 7.007937e-01
    outer loop
      vertex   -4.809666e+01 1.621895e+01 2.351517e+01
      vertex   -4.909666e+01 1.613406e+01 2.451763e+01
      vertex   -4.909666e+01 1.572881e+01 2.447270e+01
    endloop
  endfacet
  facet normal 7.057837e-01 -6.114604e-02 7.057837e-01
    outer loop
      vertex   -4.809666e+01 1.621895e+01 2.351517e+01
      vertex   -4.909666e+01 1.572881e+01 2.447270e+01
      vertex   -4.809666e+01 1.572881e+01 2.347270e+01
    endloop
  endfacet
  facet normal 7.071068e-01 0.000000e+00 7.071068e-01
    outer loop
      vertex   -4.809666e+01 1.867881e+01 2.487270e+01
      vertex   -4.969666e+01 1.867881e+01 2.647270e+01
      vertex   -4.809666e+01 1.818237e+01 2.487270e+01
    endloop
  endfacet
  facet normal 7.071068e-01 7.049316e-15 7.071068e-01
    outer loop
      vertex   -4.809666e+01 1.818237e+01 2.487270e+01
      vertex   -4.969666e+01 1.867881e+01 2.647270e+01
      vertex   -4.860349e+01 1.787377e+01 2.537953e+01
    endloop
  endfacet
  facet normal 7.071068e-01 1.292286e-15 7.071068e-01
    outer loop
      vertex   -4.860349e+01 1.787377e+01 2.537953e+01
      vertex   -4.969666e+01 1.867881e+01 2.647270e+01
      vertex   -4.939464e+01 1.757255e+01 2.617068e+01
    endloop
  endfacet
  facet normal 7.071068e-01 9.701762e-15 7.071068e-01
    outer loop
      vertex   -4.860349e+01 1.787377e+01 2.537953e+01
      vertex   -4.939464e+01 1.757255e+01 2.617068e+01
      vertex   -4.909666e+01 1.752324e+01 2.587270e+01
    endloop
  endfacet
  facet normal 7.071068e-01 0.000000e+00 7.071068e-01
    outer loop
      vertex   -4.969666e+01 1.867881e+01 2.647270e+01
      vertex   -4.969666e+01 1.757272e+01 2.647270e+01
      vertex   -4.939464e+01 1.757255e+01 2.617068e+01
    endloop
  endfacet
  facet normal 7.071068e-01 -4.485978e-16 7.071068e-01
    outer loop
      vertex   -4.809666e+01 1.572881e+01 2.347270e+01
      vertex   -4.909666e+01 1.572881e+01 2.447270e+01
      vertex   -4.809666e+01 1.012881e+01 2.347270e+01
    endloop
  endfacet
  facet normal 7.071068e-01 0.000000e+00 7.071068e-01
    outer loop
      vertex   -4.809666e+01 1.012881e+01 2.347270e+01
      vertex   -4.909666e+01 1.572881e+01 2.447270e+01
      vertex   -4.909666e+01 1.012881e+01 2.447270e+01
    endloop
  endfacet
  facet normal 7.048128e-01 5.772867e-01 4.122850e-01
    outer loop
      vertex   -4.809666e+01 7.961166e+00 2.447234e+01
      vertex   -4.909666e+01 8.698949e+00 2.514882e+01
      vertex   -4.809666e+01 7.675237e+00 2.487270e+01
    endloop
  endfacet
  facet normal 7.101298e-01 5.900914e-01 3.840674e-01
    outer loop
      vertex   -4.809666e+01 7.675237e+00 2.487270e+01
      vertex   -4.909666e+01 8.698949e+00 2.514882e+01
      vertex   -4.909666e+01 8.476529e+00 2.549055e+01
    endloop
  endfacet
  facet normal 7.048100e-01 6.336311e-01 3.189899e-01
    outer loop
      vertex   -4.809666e+01 7.675237e+00 2.487270e+01
      vertex   -4.909666e+01 8.476529e+00 2.549055e+01
      vertex   -4.860349e+01 7.983845e+00 2.537953e+01
    endloop
  endfacet
  facet normal 7.122840e-01 6.578493e-01 2.447156e-01
    outer loop
      vertex   -4.860349e+01 7.983845e+00 2.537953e+01
      vertex   -4.909666e+01 8.476529e+00 2.549055e+01
      vertex   -4.909666e+01 8.334370e+00 2.587270e+01
    endloop
  endfacet
  facet normal 7.069908e-01 4.962573e-01 5.038776e-01
    outer loop
      vertex   -4.809666e+01 7.961166e+00 2.447234e+01
      vertex   -4.809666e+01 8.311689e+00 2.412712e+01
      vertex   -4.909666e+01 8.698949e+00 2.514882e+01
    endloop
  endfacet
  facet normal 7.077360e-01 4.933067e-01 5.057254e-01
    outer loop
      vertex   -4.909666e+01 8.698949e+00 2.514882e+01
      vertex   -4.809666e+01 8.311689e+00 2.412712e+01
      vertex   -4.909666e+01 8.990825e+00 2.486411e+01
    endloop
  endfacet
  facet normal 7.044161e-01 4.036646e-01 5.838260e-01
    outer loop
      vertex   -4.909666e+01 8.990825e+00 2.486411e+01
      vertex   -4.809666e+01 8.311689e+00 2.412712e+01
      vertex   -4.809666e+01 8.716361e+00 2.384732e+01
    endloop
  endfacet
  facet normal 7.104971e-01 3.690861e-01 5.991405e-01
    outer loop
      vertex   -4.909666e+01 8.990825e+00 2.486411e+01
      vertex   -4.809666e+01 8.716361e+00 2.384732e+01
      vertex   -4.909666e+01 9.337980e+00 2.465025e+01
    endloop
  endfacet
  facet normal 7.033469e-01 2.976871e-01 6.455118e-01
    outer loop
      vertex   -4.909666e+01 9.337980e+00 2.465025e+01
      vertex   -4.809666e+01 8.716361e+00 2.384732e+01
      vertex   -4.809666e+01 9.163123e+00 2.364129e+01
    endloop
  endfacet
  facet normal 7.109541e-01 2.287256e-01 6.650029e-01
    outer loop
      vertex   -4.909666e+01 9.337980e+00 2.465025e+01
      vertex   -4.809666e+01 9.163123e+00 2.364129e+01
      vertex   -4.909666e+01 9.723550e+00 2.451763e+01
    endloop
  endfacet
  facet normal 7.038060e-01 1.821197e-01 6.866509e-01
    outer loop
      vertex   -4.909666e+01 9.723550e+00 2.451763e+01
      vertex   -4.809666e+01 9.163123e+00 2.364129e+01
      vertex   -4.809666e+01 9.638662e+00 2.351517e+01
    endloop
  endfacet
  facet normal 7.091197e-01 7.770053e-02 7.007937e-01
    outer loop
      vertex   -4.909666e+01 9.723550e+00 2.451763e+01
      vertex   -4.809666e+01 9.638662e+00 2.351517e+01
      vertex   -4.909666e+01 1.012881e+01 2.447270e+01
    endloop
  endfacet
  facet normal 7.057837e-01 6.114604e-02 7.057837e-01
    outer loop
      vertex   -4.909666e+01 1.012881e+01 2.447270e+01
      vertex   -4.809666e+01 9.638662e+00 2.351517e+01
      vertex   -4.809666e+01 1.012881e+01 2.347270e+01
    endloop
  endfacet
  facet normal 0.000000e+00 1.101997e-01 9.939095e-01
    outer loop
      vertex   -4.909666e+01 1.012881e+01 2.447270e+01
      vertex   -5.041427e+01 1.012881e+01 2.447270e+01
      vertex   -4.909666e+01 9.723550e+00 2.451763e+01
    endloop
  endfacet
  facet normal 5.495032e-04 1.119645e-01 9.937121e-01
    outer loop
      vertex   -4.909666e+01 9.723550e+00 2.451763e+01
      vertex   -5.041427e+01 1.012881e+01 2.447270e+01
      vertex   -5.041427e+01 9.717142e+00 2.451908e+01
    endloop
  endfacet
  facet normal -5.407018e-04 3.252461e-01 9.456292e-01
    outer loop
      vertex   -4.909666e+01 9.723550e+00 2.451763e+01
      vertex   -5.041427e+01 9.717142e+00 2.451908e+01
      vertex   -4.909666e+01 9.337980e+00 2.465025e+01
    endloop
  endfacet
  facet normal 1.081401e-03 3.302789e-01 9.438828e-01
    outer loop
      vertex   -4.909666e+01 9.337980e+00 2.465025e+01
      vertex   -5.041427e+01 9.717142e+00 2.451908e+01
      vertex   -5.041427e+01 9.326121e+00 2.465591e+01
    endloop
  endfacet
  facet normal -1.063795e-03 5.244932e-01 8.514140e-01
    outer loop
      vertex   -4.909666e+01 9.337980e+00 2.465025e+01
      vertex   -5.041427e+01 9.326121e+00 2.465591e+01
      vertex   -4.909666e+01 8.990825e+00 2.486411e+01
    endloop
  endfacet
  facet normal 1.595687e-03 5.320314e-01 8.467231e-01
    outer loop
      vertex   -4.909666e+01 8.990825e+00 2.486411e+01
      vertex   -5.041427e+01 9.326121e+00 2.465591e+01
      vertex   -5.041427e+01 8.975350e+00 2.487631e+01
    endloop
  endfacet
  facet normal -1.569273e-03 6.982622e-01 7.158404e-01
    outer loop
      vertex   -4.909666e+01 8.990825e+00 2.486411e+01
      vertex   -5.041427e+01 8.975350e+00 2.487631e+01
      vertex   -4.909666e+01 8.698949e+00 2.514882e+01
    endloop
  endfacet
  facet normal 2.092355e-03 7.071052e-01 7.071052e-01
    outer loop
      vertex   -4.909666e+01 8.698949e+00 2.514882e+01
      vertex   -5.041427e+01 8.975350e+00 2.487631e+01
      vertex   -5.041427e+01 8.682418e+00 2.516925e+01
    endloop
  endfacet
  facet normal -2.057129e-03 8.381120e-01 5.454943e-01
    outer loop
      vertex   -4.909666e+01 8.698949e+00 2.514882e+01
      vertex   -5.041427e+01 8.682418e+00 2.516925e+01
      vertex   -4.909666e+01 8.476529e+00 2.549055e+01
    endloop
  endfacet
  facet normal 2.571396e-03 8.467214e-01 5.320303e-01
    outer loop
      vertex   -4.909666e+01 8.476529e+00 2.549055e+01
      vertex   -5.041427e+01 8.682418e+00 2.516925e+01
      vertex   -5.041427e+01 8.462014e+00 2.552002e+01
    endloop
  endfacet
  facet normal -2.527357e-03 9.372494e-01 3.486506e-01
    outer loop
      vertex   -4.909666e+01 8.476529e+00 2.549055e+01
      vertex   -5.041427e+01 8.462014e+00 2.552002e+01
      vertex   -4.909666e+01 8.334370e+00 2.587270e+01
    endloop
  endfacet
  facet normal 3.032806e-03 9.438790e-01 3.302775e-01
    outer loop
      vertex   -4.909666e+01 8.334370e+00 2.587270e+01
      vertex   -5.041427e+01 8.462014e+00 2.552002e+01
      vertex   -5.041427e+01 8.325189e+00 2.591104e+01
    endloop
  endfacet
  facet normal -2.188775e-03 9.869319e-01 1.611233e-01
    outer loop
      vertex   -4.909666e+01 8.334370e+00 2.587270e+01
      vertex   -5.041427e+01 8.325189e+00 2.591104e+01
      vertex   -4.939464e+01 8.285063e+00 2.617068e+01
    endloop
  endfacet
  facet normal 1.059517e-02 9.936564e-01 1.119582e-01
    outer loop
      vertex   -4.939464e+01 8.285063e+00 2.617068e+01
      vertex   -5.041427e+01 8.325189e+00 2.591104e+01
      vertex   -5.041427e+01 8.278806e+00 2.632270e+01
    endloop
  endfacet
  facet normal -7.115221e-03 9.999531e-01 -6.565854e-03
    outer loop
      vertex   -4.939464e+01 8.285063e+00 2.617068e+01
      vertex   -5.041427e+01 8.278806e+00 2.632270e+01
      vertex   -4.969666e+01 8.284897e+00 2.647270e+01
    endloop
  endfacet
  facet normal -4.843503e-10 9.991765e-01 -4.057395e-02
    outer loop
      vertex   -4.969666e+01 8.284897e+00 2.647270e+01
      vertex   -5.041427e+01 8.278806e+00 2.632270e+01
      vertex   -4.971427e+01 8.284897e+00 2.647270e+01
    endloop
  endfacet
  facet normal 1.534371e-02 9.935952e-01 -1.119513e-01
    outer loop
      vertex   -4.971427e+01 8.284897e+00 2.647270e+01
      vertex   -5.041427e+01 8.278806e+00 2.632270e+01
      vertex   -5.041427e+01 8.325189e+00 2.673437e+01
    endloop
  endfacet
  facet normal -1.315312e-02 9.823749e-01 -1.864580e-01
    outer loop
      vertex   -4.971427e+01 8.284897e+00 2.647270e+01
      vertex   -5.041427e+01 8.325189e+00 2.673437e+01
      vertex   -4.971427e+01 8.358171e+00 2.685875e+01
    endloop
  endfacet
  facet normal 1.421573e-02 9.437880e-01 -3.302457e-01
    outer loop
      vertex   -4.971427e+01 8.358171e+00 2.685875e+01
      vertex   -5.041427e+01 8.325189e+00 2.673437e+01
      vertex   -5.041427e+01 8.462014e+00 2.712539e+01
    endloop
  endfacet
  facet normal -1.184754e-02 9.208500e-01 -3.897371e-01
    outer loop
      vertex   -4.971427e+01 8.358171e+00 2.685875e+01
      vertex   -5.041427e+01 8.462014e+00 2.712539e+01
      vertex   -4.971427e+01 8.511327e+00 2.722062e+01
    endloop
  endfacet
  facet normal 1.273276e-02 8.466556e-01 -5.319889e-01
    outer loop
      vertex   -4.971427e+01 8.511327e+00 2.722062e+01
      vertex   -5.041427e+01 8.462014e+00 2.712539e+01
      vertex   -5.041427e+01 8.682418e+00 2.747616e+01
    endloop
  endfacet
  facet normal -1.018702e-02 8.177800e-01 -5.754408e-01
    outer loop
      vertex   -4.971427e+01 8.511327e+00 2.722062e+01
      vertex   -5.041427e+01 8.682418e+00 2.747616e+01
      vertex   -4.971427e+01 8.737455e+00 2.754198e+01
    endloop
  endfacet
  facet normal 1.089492e-02 7.070648e-01 -7.070648e-01
    outer loop
      vertex   -4.971427e+01 8.737455e+00 2.754198e+01
      vertex   -5.041427e+01 8.682418e+00 2.747616e+01
      vertex   -5.041427e+01 8.975350e+00 2.776909e+01
    endloop
  endfacet
  facet normal -8.171725e-03 6.778118e-01 -7.351901e-01
    outer loop
      vertex   -4.971427e+01 8.737455e+00 2.754198e+01
      vertex   -5.041427e+01 8.975350e+00 2.776909e+01
      vertex   -4.971427e+01 9.026354e+00 2.780833e+01
    endloop
  endfacet
  facet normal 8.702434e-03 5.320119e-01 -8.466921e-01
    outer loop
      vertex   -4.971427e+01 9.026354e+00 2.780833e+01
      vertex   -5.041427e+01 8.975350e+00 2.776909e+01
      vertex   -5.041427e+01 9.326121e+00 2.798949e+01
    endloop
  endfacet
  facet normal -5.801907e-03 5.072575e-01 -8.617750e-01
    outer loop
      vertex   -4.971427e+01 9.026354e+00 2.780833e+01
      vertex   -5.041427e+01 9.326121e+00 2.798949e+01
      vertex   -4.971427e+01 9.364989e+00 2.800766e+01
    endloop
  endfacet
  facet normal 6.155546e-03 3.302728e-01 -9.438654e-01
    outer loop
      vertex   -4.971427e+01 9.364989e+00 2.800766e+01
      vertex   -5.041427e+01 9.326121e+00 2.798949e+01
      vertex   -5.041427e+01 9.717142e+00 2.812632e+01
    endloop
  endfacet
  facet normal -3.077869e-03 3.138109e-01 -9.494805e-01
    outer loop
      vertex   -4.971427e+01 9.364989e+00 2.800766e+01
      vertex   -5.041427e+01 9.717142e+00 2.812632e+01
      vertex   -4.971427e+01 9.738084e+00 2.813097e+01
    endloop
  endfacet
  facet normal 3.254595e-03 1.119639e-01 -9.937069e-01
    outer loop
      vertex   -4.971427e+01 9.738084e+00 2.813097e+01
      vertex   -5.041427e+01 9.717142e+00 2.812632e+01
      vertex   -5.041427e+01 1.012881e+01 2.817270e+01
    endloop
  endfacet
  facet normal -4.654801e-18 1.062012e-01 -9.943447e-01
    outer loop
      vertex   -4.971427e+01 9.738084e+00 2.813097e+01
      vertex   -5.041427e+01 1.012881e+01 2.817270e+01
      vertex   -4.971427e+01 1.012881e+01 2.817270e+01
    endloop
  endfacet
  facet normal -3.914115e-11 0.000000e+00 1.000000e+00
    outer loop
      vertex   -4.969666e+01 1.757272e+01 2.647270e+01
      vertex   -4.969666e+01 1.867881e+01 2.647270e+01
      vertex   -4.971427e+01 1.757272e+01 2.647270e+01
    endloop
  endfacet
  facet normal -1.296078e-27 -6.231191e-13 1.000000e+00
    outer loop
      vertex   -4.971427e+01 1.757272e+01 2.647270e+01
      vertex   -4.969666e+01 1.867881e+01 2.647270e+01
      vertex   -4.971427e+01 1.867881e+01 2.647270e+01
    endloop
  endfacet
  facet normal 1.000000e+00 0.000000e+00 -0.000000e+00
    outer loop
      vertex   -2.511752e+01 1.634792e+01 2.680000e+01
      vertex   -2.511752e+01 1.634792e+01 2.980000e+01
      vertex   -2.511752e+01 9.482001e+00 2.680000e+01
    endloop
  endfacet
  facet normal 1.000000e+00 0.000000e+00 0.000000e+00
    outer loop
      vertex   -2.511752e+01 9.482001e+00 2.680000e+01
      vertex   -2.511752e+01 1.634792e+01 2.980000e+01
      vertex   -2.511752e+01 9.482001e+00 2.980000e+01
    endloop
  endfacet
  facet normal 0.000000e+00 1.000000e+00 -0.000000e+00
    outer loop
      vertex   -2.511752e+01 1.634792e+01 2.680000e+01
      vertex   -2.551427e+01 1.634792e+01 2.680000e+01
      vertex   -2.511752e+01 1.634792e+01 2.980000e+01
    endloop
  endfacet
  facet normal 0.000000e+00 1.000000e+00 0.000000e+00
    outer loop
      vertex   -2.511752e+01 1.634792e+01 2.980000e+01
      vertex   -2.551427e+01 1.634792e+01 2.680000e+01
      vertex   -2.641427e+01 1.634792e+01 2.797270e+01
    endloop
  endfacet
  facet normal 0.000000e+00 1.000000e+00 0.000000e+00
    outer loop
      vertex   -2.511752e+01 1.634792e+01 2.980000e+01
      vertex   -2.641427e+01 1.634792e+01 2.797270e+01
      vertex   -2.641427e+01 1.634792e+01 2.897270e+01
    endloop
  endfacet
  facet normal 0.000000e+00 1.000000e+00 0.000000e+00
    outer loop
      vertex   -2.551427e+01 1.634792e+01 2.680000e+01
      vertex   -2.661427e+01 1.634792e+01 2.790000e+01
      vertex   -2.641427e+01 1.634792e+01 2.797270e+01
    endloop
  endfacet
  facet normal 0.000000e+00 1.000000e+00 0.000000e+00
    outer loop
      vertex   -2.641427e+01 1.634792e+01 2.797270e+01
      vertex   -2.661427e+01 1.634792e+01 2.790000e+01
      vertex   -2.661427e+01 1.634792e+01 2.797270e+01
    endloop
  endfacet
  facet normal 0.000000e+00 1.000000e+00 0.000000e+00
    outer loop
      vertex   -2.661427e+01 1.634792e+01 2.897270e+01
      vertex   -2.661427e+01 1.634792e+01 2.980000e+01
      vertex   -2.641427e+01 1.634792e+01 2.897270e+01
    endloop
  endfacet
  facet normal 0.000000e+00 1.000000e+00 -0.000000e+00
    outer loop
      vertex   -2.641427e+01 1.634792e+01 2.897270e+01
      vertex   -2.661427e+01 1.634792e+01 2.980000e+01
      vertex   -2.511752e+01 1.634792e+01 2.980000e+01
    endloop
  endfacet
  facet normal -8.954445e-15 0.000000e+00 -1.000000e+00
    outer loop
      vertex   -2.511752e+01 9.482001e+00 2.680000e+01
      vertex   -2.551427e+01 9.482001e+00 2.680000e+01
      vertex   -2.511752e+01 1.634792e+01 2.680000e+01
    endloop
  endfacet
  facet normal -8.954445e-15 0.000000e+00 -1.000000e+00
    outer loop
      vertex   -2.511752e+01 1.634792e+01 2.680000e+01
      vertex   -2.551427e+01 9.482001e+00 2.680000e+01
      vertex   -2.551427e+01 1.634792e+01 2.680000e+01
    endloop
  endfacet
  facet normal -7.071068e-01 0.000000e+00 -7.071068e-01
    outer loop
      vertex   -2.551427e+01 9.482001e+00 2.680000e+01
      vertex   -2.661427e+01 9.482001e+00 2.790000e+01
      vertex   -2.551427e+01 1.634792e+01 2.680000e+01
    endloop
  endfacet
  facet normal -7.071068e-01 -8.315602e-19 -7.071068e-01
    outer loop
      vertex   -2.551427e+01 1.634792e+01 2.680000e+01
      vertex   -2.661427e+01 9.482001e+00 2.790000e+01
      vertex   -2.661427e+01 1.634792e+01 2.790000e+01
    endloop
  endfacet
  facet normal -1.000000e+00 0.000000e+00 0.000000e+00
    outer loop
      vertex   -2.661427e+01 1.634792e+01 2.790000e+01
      vertex   -2.661427e+01 9.482001e+00 2.790000e+01
      vertex   -2.661427e+01 1.634792e+01 2.797270e+01
    endloop
  endfacet
  facet normal -1.000000e+00 -0.000000e+00 0.000000e+00
    outer loop
      vertex   -2.661427e+01 1.634792e+01 2.797270e+01
      vertex   -2.661427e+01 9.482001e+00 2.790000e+01
      vertex   -2.661427e+01 9.482001e+00 2.797270e+01
    endloop
  endfacet
  facet normal 0.000000e+00 -1.000000e+00 0.000000e+00
    outer loop
      vertex   -2.511752e+01 9.482001e+00 2.680000e+01
      vertex   -2.511752e+01 9.482001e+00 2.980000e+01
      vertex   -2.551427e+01 9.482001e+00 2.680000e+01
    endloop
  endfacet
  facet normal 0.000000e+00 -1.000000e+00 0.000000e+00
    outer loop
      vertex   -2.551427e+01 9.482001e+00 2.680000e+01
      vertex   -2.511752e+01 9.482001e+00 2.980000e+01
      vertex   -2.641427e+01 9.482001e+00 2.797270e+01
    endloop
  endfacet
  facet normal 0.000000e+00 -1.000000e+00 0.000000e+00
    outer loop
      vertex   -2.551427e+01 9.482001e+00 2.680000e+01
      vertex   -2.641427e+01 9.482001e+00 2.797270e+01
      vertex   -2.661427e+01 9.482001e+00 2.790000e+01
    endloop
  endfacet
  facet normal 0.000000e+00 -1.000000e+00 0.000000e+00
    outer loop
      vertex   -2.661427e+01 9.482001e+00 2.790000e+01
      vertex   -2.641427e+01 9.482001e+00 2.797270e+01
      vertex   -2.661427e+01 9.482001e+00 2.797270e+01
    endloop
  endfacet
  facet normal 0.000000e+00 -1.000000e+00 0.000000e+00
    outer loop
      vertex   -2.641427e+01 9.482001e+00 2.797270e+01
      vertex   -2.511752e+01 9.482001e+00 2.980000e+01
      vertex   -2.641427e+01 9.482001e+00 2.897270e+01
    endloop
  endfacet
  facet normal 0.000000e+00 -1.000000e+00 0.000000e+00
    outer loop
      vertex   -2.641427e+01 9.482001e+00 2.897270e+01
      vertex   -2.511752e+01 9.482001e+00 2.980000e+01
      vertex   -2.661427e+01 9.482001e+00 2.980000e+01
    endloop
  endfacet
  facet normal 0.000000e+00 -1.000000e+00 0.000000e+00
    outer loop
      vertex   -2.641427e+01 9.482001e+00 2.897270e+01
      vertex   -2.661427e+01 9.482001e+00 2.980000e+01
      vertex   -2.661427e+01 9.482001e+00 2.897270e+01
    endloop
  endfacet
  facet normal 0.000000e+00 0.000000e+00 1.000000e+00
    outer loop
      vertex   -2.661427e+01 9.482001e+00 2.797270e+01
      vertex   -2.641427e+01 9.482001e+00 2.797270e+01
      vertex   -2.661427e+01 1.634792e+01 2.797270e+01
    endloop
  endfacet
  facet normal -0.000000e+00 0.000000e+00 1.000000e+00
    outer loop
      vertex   -2.661427e+01 1.634792e+01 2.797270e+01
      vertex   -2.641427e+01 9.482001e+00 2.797270e+01
      vertex   -2.641427e+01 1.634792e+01 2.797270e+01
    endloop
  endfacet
  facet normal -1.000000e+00 0.000000e+00 0.000000e+00
    outer loop
      vertex   -2.641427e+01 9.482001e+00 2.797270e+01
      vertex   -2.641427e+01 9.482001e+00 2.897270e+01
      vertex   -2.641427e+01 1.634792e+01 2.797270e+01
    endloop
  endfacet
  facet normal -1.000000e+00 0.000000e+00 0.000000e+00
    outer loop
      vertex   -2.641427e+01 1.634792e+01 2.797270e+01
      vertex   -2.641427e+01 9.482001e+00 2.897270e+01
      vertex   -2.641427e+01 1.634792e+01 2.897270e+01
    endloop
  endfacet
  facet normal 1.000000e+00 0.000000e+00 -0.000000e+00
    outer loop
      vertex   -2.661427e+01 9.482001e+00 2.897270e+01
      vertex   -2.661427e+01 9.482001e+00 2.980000e+01
      vertex   -2.661427e+01 7.178806e+00 2.897270e+01
    endloop
  endfacet
  facet normal 1.000000e+00 0.000000e+00 -0.000000e+00
    outer loop
      vertex   -2.661427e+01 7.178806e+00 2.897270e+01
      vertex   -2.661427e+01 9.482001e+00 2.980000e+01
      vertex   -2.661427e+01 6.398410e+00 2.980000e+01
    endloop
  endfacet
  facet normal 1.000000e+00 0.000000e+00 0.000000e+00
    outer loop
      vertex   -2.661427e+01 7.178806e+00 2.897270e+01
      vertex   -2.661427e+01 6.398410e+00 2.980000e+01
      vertex   -2.661427e+01 6.398410e+00 2.730000e+01
    endloop
  endfacet
  facet normal 1.000000e+00 0.000000e+00 0.000000e+00
    outer loop
      vertex   -2.661427e+01 6.398410e+00 2.730000e+01
      vertex   -2.661427e+01 7.178806e+00 2.730000e+01
      vertex   -2.661427e+01 7.178806e+00 2.897270e+01
    endloop
  endfacet
  facet normal 1.000000e+00 0.000000e+00 0.000000e+00
    outer loop
      vertex   -2.411752e+01 1.867881e+01 2.730000e+01
      vertex   -2.411752e+01 1.983725e+01 2.730000e+01
      vertex   -2.411752e+01 1.867881e+01 2.980000e+01
    endloop
  endfacet
  facet normal 1.000000e+00 -0.000000e+00 0.000000e+00
    outer loop
      vertex   -2.411752e+01 1.867881e+01 2.980000e+01
      vertex   -2.411752e+01 1.983725e+01 2.730000e+01
      vertex   -2.411752e+01 1.983725e+01 2.980000e+01
    endloop
  endfacet
  facet normal 1.000000e+00 0.000000e+00 0.000000e+00
    outer loop
      vertex   -2.661427e+01 1.634792e+01 2.897270e+01
      vertex   -2.661427e+01 1.867881e+01 2.897270e+01
      vertex   -2.661427e+01 1.634792e+01 2.980000e+01
    endloop
  endfacet
  facet normal 1.000000e+00 -0.000000e+00 0.000000e+00
    outer loop
      vertex   -2.661427e+01 1.634792e+01 2.980000e+01
      vertex   -2.661427e+01 1.867881e+01 2.897270e+01
      vertex   -2.661427e+01 1.867881e+01 2.980000e+01
    endloop
  endfacet
  facet normal 0.000000e+00 1.000000e+00 -0.000000e+00
    outer loop
      vertex   -2.661427e+01 7.178806e+00 2.730000e+01
      vertex   -4.809666e+01 7.178806e+00 2.730000e+01
      vertex   -2.661427e+01 7.178806e+00 2.897270e+01
    endloop
  endfacet
  facet normal 0.000000e+00 1.000000e+00 0.000000e+00
    outer loop
      vertex   -2.661427e+01 7.178806e+00 2.897270e+01
      vertex   -4.809666e+01 7.178806e+00 2.730000e+01
      vertex   -4.971427e+01 7.178806e+00 2.897270e+01
    endloop
  endfacet
  facet normal 0.000000e+00 1.000000e+00 0.000000e+00
    outer loop
      vertex   -4.971427e+01 7.178806e+00 2.897270e+01
      vertex   -4.809666e+01 7.178806e+00 2.730000e+01
      vertex   -4.971427e+01 7.178806e+00 2.647270e+01
    endloop
  endfacet
  facet normal 0.000000e+00 1.000000e+00 0.000000e+00
    outer loop
      vertex   -4.971427e+01 7.178806e+00 2.647270e+01
      vertex   -4.809666e+01 7.178806e+00 2.730000e+01
      vertex   -4.969666e+01 7.178806e+00 2.647270e+01
    endloop
  endfacet
  facet normal -0.000000e+00 1.000000e+00 0.000000e+00
    outer loop
      vertex   -4.969666e+01 7.178806e+00 2.647270e+01
      vertex   -4.809666e+01 7.178806e+00 2.730000e+01
      vertex   -4.809666e+01 7.178806e+00 2.487270e+01
    endloop
  endfacet
  facet normal -0.000000e+00 -0.000000e+00 -1.000000e+00
    outer loop
      vertex   -2.641427e+01 1.634792e+01 2.897270e+01
      vertex   -2.641427e+01 9.482001e+00 2.897270e+01
      vertex   -2.661427e+01 1.634792e+01 2.897270e+01
    endloop
  endfacet
  facet normal 0.000000e+00 0.000000e+00 -1.000000e+00
    outer loop
      vertex   -2.661427e+01 1.634792e+01 2.897270e+01
      vertex   -2.641427e+01 9.482001e+00 2.897270e+01
      vertex   -2.661427e+01 9.482001e+00 2.897270e+01
    endloop
  endfacet
  facet normal 0.000000e+00 -0.000000e+00 -1.000000e+00
    outer loop
      vertex   -2.661427e+01 1.634792e+01 2.897270e+01
      vertex   -2.661427e+01 9.482001e+00 2.897270e+01
      vertex   -4.971427e+01 7.178806e+00 2.897270e+01
    endloop
  endfacet
  facet normal 0.000000e+00 0.000000e+00 -1.000000e+00
    outer loop
      vertex   -4.971427e+01 7.178806e+00 2.897270e+01
      vertex   -2.661427e+01 9.482001e+00 2.897270e+01
      vertex   -2.661427e+01 7.178806e+00 2.897270e+01
    endloop
  endfacet
  facet normal 0.000000e+00 0.000000e+00 -1.000000e+00
    outer loop
      vertex   -4.971427e+01 7.178806e+00 2.897270e+01
      vertex   -4.971427e+01 1.867881e+01 2.897270e+01
      vertex   -2.661427e+01 1.634792e+01 2.897270e+01
    endloop
  endfacet
  facet normal 0.000000e+00 0.000000e+00 -1.000000e+00
    outer loop
      vertex   -2.661427e+01 1.634792e+01 2.897270e+01
      vertex   -4.971427e+01 1.867881e+01 2.897270e+01
      vertex   -2.661427e+01 1.867881e+01 2.897270e+01
    endloop
  endfacet
  facet normal 0.000000e+00 0.000000e+00 -1.000000e+00
    outer loop
      vertex   -2.411752e+01 1.867881e+01 2.730000e+01
      vertex   -4.809666e+01 1.867881e+01 2.730000e+01
      vertex   -2.411752e+01 1.983725e+01 2.730000e+01
    endloop
  endfacet
  facet normal -0.000000e+00 0.000000e+00 -1.000000e+00
    outer loop
      vertex   -2.411752e+01 1.983725e+01 2.730000e+01
      vertex   -4.809666e+01 1.867881e+01 2.730000e+01
      vertex   -4.809666e+01 1.983725e+01 2.730000e+01
    endloop
  endfacet
  facet normal 0.000000e+00 0.000000e+00 -1.000000e+00
    outer loop
      vertex   -4.809666e+01 6.398410e+00 2.730000e+01
      vertex   -4.809666e+01 7.178806e+00 2.730000e+01
      vertex   -3.923276e+01 6.398410e+00 2.730000e+01
    endloop
  endfacet
  facet normal 0.000000e+00 0.000000e+00 -1.000000e+00
    outer loop
      vertex   -3.923276e+01 6.398410e+00 2.730000e+01
      vertex   -4.809666e+01 7.178806e+00 2.730000e+01
      vertex   -2.661427e+01 7.178806e+00 2.730000e+01
    endloop
  endfacet
  facet normal 0.000000e+00 0.000000e+00 -1.000000e+00
    outer loop
      vertex   -3.923276e+01 6.398410e+00 2.730000e+01
      vertex   -2.661427e+01 7.178806e+00 2.730000e+01
      vertex   -2.661427e+01 6.398410e+00 2.730000e+01
    endloop
  endfacet
  facet normal 2.111613e-16 -1.000000e+00 7.105427e-16
    outer loop
      vertex   -2.661427e+01 6.398410e+00 2.980000e+01
      vertex   -3.923276e+01 6.398410e+00 2.980000e+01
      vertex   -2.661427e+01 6.398410e+00 2.730000e+01
    endloop
  endfacet
  facet normal 7.038709e-17 -1.000000e+00 0.000000e+00
    outer loop
      vertex   -2.661427e+01 6.398410e+00 2.730000e+01
      vertex   -3.923276e+01 6.398410e+00 2.980000e+01
      vertex   -3.923276e+01 6.398410e+00 2.730000e+01
    endloop
  endfacet
  facet normal 0.000000e+00 -0.000000e+00 1.000000e+00
    outer loop
      vertex   -4.969666e+01 7.178806e+00 2.647270e+01
      vertex   -4.969666e+01 8.284897e+00 2.647270e+01
      vertex   -4.971427e+01 7.178806e+00 2.647270e+01
    endloop
  endfacet
  facet normal -3.914115e-11 6.231191e-13 1.000000e+00
    outer loop
      vertex   -4.971427e+01 7.178806e+00 2.647270e+01
      vertex   -4.969666e+01 8.284897e+00 2.647270e+01
      vertex   -4.971427e+01 8.284897e+00 2.647270e+01
    endloop
  endfacet
  facet normal 1.000000e+00 0.000000e+00 0.000000e+00
    outer loop
      vertex   -4.271427e+01 -1.113219e+01 2.937270e+01
      vertex   -4.271427e+01 -9.764550e+00 2.937270e+01
      vertex   -4.271427e+01 -1.113219e+01 2.980000e+01
    endloop
  endfacet
  facet normal 1.000000e+00 -0.000000e+00 0.000000e+00
    outer loop
      vertex   -4.271427e+01 -1.113219e+01 2.980000e+01
      vertex   -4.271427e+01 -9.764550e+00 2.937270e+01
      vertex   -4.271427e+01 -9.764550e+00 2.980000e+01
    endloop
  endfacet
  facet normal 0.000000e+00 -1.000000e+00 0.000000e+00
    outer loop
      vertex   -4.325515e+01 -1.113219e+01 2.937270e+01
      vertex   -4.271427e+01 -1.113219e+01 2.937270e+01
      vertex   -4.325515e+01 -1.113219e+01 2.980000e+01
    endloop
  endfacet
  facet normal 0.000000e+00 -1.000000e+00 0.000000e+00
    outer loop
      vertex   -4.325515e+01 -1.113219e+01 2.980000e+01
      vertex   -4.271427e+01 -1.113219e+01 2.937270e+01
      vertex   -4.271427e+01 -1.113219e+01 2.980000e+01
    endloop
  endfacet
  facet normal 1.000000e+00 0.000000e+00 -0.000000e+00
    outer loop
      vertex   -4.325515e+01 -1.113219e+01 2.180000e+01
      vertex   -4.325515e+01 -1.113219e+01 2.937270e+01
      vertex   -4.325515e+01 -1.204571e+01 2.180000e+01
    endloop
  endfacet
  facet normal 1.000000e+00 0.000000e+00 0.000000e+00
    outer loop
      vertex   -4.325515e+01 -1.204571e+01 2.180000e+01
      vertex   -4.325515e+01 -1.113219e+01 2.937270e+01
      vertex   -4.325515e+01 -1.204571e+01 2.980000e+01
    endloop
  endfacet
  facet normal 1.000000e+00 -0.000000e+00 0.000000e+00
    outer loop
      vertex   -4.325515e+01 -1.204571e+01 2.980000e+01
      vertex   -4.325515e+01 -1.113219e+01 2.937270e+01
      vertex   -4.325515e+01 -1.113219e+01 2.980000e+01
    endloop
  endfacet
  facet normal 0.000000e+00 1.000000e+00 -0.000000e+00
    outer loop
      vertex   -3.923276e+01 -1.204571e+01 2.180000e+01
      vertex   -4.325515e+01 -1.204571e+01 2.180000e+01
      vertex   -3.923276e+01 -1.204571e+01 2.980000e+01
    endloop
  endfacet
  facet normal 0.000000e+00 1.000000e+00 0.000000e+00
    outer loop
      vertex   -3.923276e+01 -1.204571e+01 2.980000e+01
      vertex   -4.325515e+01 -1.204571e+01 2.180000e+01
      vertex   -4.325515e+01 -1.204571e+01 2.980000e+01
    endloop
  endfacet
  facet normal 1.000000e+00 0.000000e+00 0.000000e+00
    outer loop
      vertex   -3.923276e+01 -1.452035e+01 2.180000e+01
      vertex   -3.923276e+01 -1.204571e+01 2.180000e+01
      vertex   -3.923276e+01 -1.352035e+01 2.280000e+01
    endloop
  endfacet
  facet normal 1.000000e+00 -0.000000e+00 0.000000e+00
    outer loop
      vertex   -3.923276e+01 -1.352035e+01 2.280000e+01
      vertex   -3.923276e+01 -1.204571e+01 2.180000e+01
      vertex   -3.923276e+01 -1.204571e+01 2.980000e+01
    endloop
  endfacet
  facet normal 1.000000e+00 0.000000e+00 0.000000e+00
    outer loop
      vertex   -3.923276e+01 -1.352035e+01 2.280000e+01
      vertex   -3.923276e+01 -1.204571e+01 2.980000e+01
      vertex   -3.923276e+01 -1.352035e+01 2.980000e+01
    endloop
  endfacet
  facet normal -3.229740e-15 0.000000e+00 -1.000000e+00
    outer loop
      vertex   -1.649435e+01 1.116109e+01 2.980000e+01
      vertex   -1.649435e+01 1.226109e+01 2.980000e+01
      vertex   -1.539435e+01 1.116109e+01 2.980000e+01
    endloop
  endfacet
  facet normal -1.437962e-15 1.791778e-15 -1.000000e+00
    outer loop
      vertex   -1.539435e+01 1.116109e+01 2.980000e+01
      vertex   -1.649435e+01 1.226109e+01 2.980000e+01
      vertex   -1.499411e+01 1.346509e+01 2.980000e+01
    endloop
  endfacet
  facet normal 2.978729e-16 1.490232e-15 -1.000000e+00
    outer loop
      vertex   -1.539435e+01 1.116109e+01 2.980000e+01
      vertex   -1.499411e+01 1.346509e+01 2.980000e+01
      vertex   -1.455329e+01 1.337698e+01 2.980000e+01
    endloop
  endfacet
  facet normal 0.000000e+00 0.000000e+00 -1.000000e+00
    outer loop
      vertex   -2.029435e+01 1.226109e+01 2.980000e+01
      vertex   -1.703401e+01 1.432719e+01 2.980000e+01
      vertex   -1.649435e+01 1.226109e+01 2.980000e+01
    endloop
  endfacet
  facet normal 0.000000e+00 0.000000e+00 -1.000000e+00
    outer loop
      vertex   -1.649435e+01 1.226109e+01 2.980000e+01
      vertex   -1.703401e+01 1.432719e+01 2.980000e+01
      vertex   -1.678332e+01 1.415043e+01 2.980000e+01
    endloop
  endfacet
  facet normal 0.000000e+00 0.000000e+00 -1.000000e+00
    outer loop
      vertex   -1.649435e+01 1.226109e+01 2.980000e+01
      vertex   -1.678332e+01 1.415043e+01 2.980000e+01
      vertex   -1.649283e+01 1.398490e+01 2.980000e+01
    endloop
  endfacet
  facet normal 3.229740e-15 0.000000e+00 -1.000000e+00
    outer loop
      vertex   -2.029435e+01 1.116109e+01 2.980000e+01
      vertex   -2.139435e+01 1.116109e+01 2.980000e+01
      vertex   -2.029435e+01 1.226109e+01 2.980000e+01
    endloop
  endfacet
  facet normal 1.481415e-15 1.748325e-15 -1.000000e+00
    outer loop
      vertex   -2.029435e+01 1.226109e+01 2.980000e+01
      vertex   -2.139435e+01 1.116109e+01 2.980000e+01
      vertex   -2.511752e+01 1.634792e+01 2.980000e+01
    endloop
  endfacet
  facet normal 0.000000e+00 0.000000e+00 -1.000000e+00
    outer loop
      vertex   -2.029435e+01 1.226109e+01 2.980000e+01
      vertex   -2.511752e+01 1.634792e+01 2.980000e+01
      vertex   -2.029435e+01 1.792045e+01 2.980000e+01
    endloop
  endfacet
  facet normal -0.000000e+00 0.000000e+00 -1.000000e+00
    outer loop
      vertex   -2.029435e+01 1.792045e+01 2.980000e+01
      vertex   -2.511752e+01 1.634792e+01 2.980000e+01
      vertex   -2.411752e+01 1.867881e+01 2.980000e+01
    endloop
  endfacet
  facet normal 0.000000e+00 0.000000e+00 -1.000000e+00
    outer loop
      vertex   -2.029435e+01 1.792045e+01 2.980000e+01
      vertex   -2.411752e+01 1.867881e+01 2.980000e+01
      vertex   -2.029435e+01 1.902045e+01 2.980000e+01
    endloop
  endfacet
  facet normal -0.000000e+00 0.000000e+00 -1.000000e+00
    outer loop
      vertex   -2.029435e+01 1.902045e+01 2.980000e+01
      vertex   -2.411752e+01 1.867881e+01 2.980000e+01
      vertex   -2.411752e+01 1.983725e+01 2.980000e+01
    endloop
  endfacet
  facet normal 0.000000e+00 0.000000e+00 -1.000000e+00
    outer loop
      vertex   -2.029435e+01 1.902045e+01 2.980000e+01
      vertex   -2.411752e+01 1.983725e+01 2.980000e+01
      vertex   -1.649435e+01 1.902045e+01 2.980000e+01
    endloop
  endfacet
  facet normal 0.000000e+00 0.000000e+00 -1.000000e+00
    outer loop
      vertex   -1.649435e+01 1.902045e+01 2.980000e+01
      vertex   -2.411752e+01 1.983725e+01 2.980000e+01
      vertex   -6.015479e+00 1.983725e+01 2.980000e+01
    endloop
  endfacet
  facet normal 0.000000e+00 0.000000e+00 -1.000000e+00
    outer loop
      vertex   -1.649435e+01 1.902045e+01 2.980000e+01
      vertex   -6.015479e+00 1.983725e+01 2.980000e+01
      vertex   -1.168232e+01 1.737678e+01 2.980000e+01
    endloop
  endfacet
  facet normal 0.000000e+00 0.000000e+00 -1.000000e+00
    outer loop
      vertex   -1.168232e+01 1.737678e+01 2.980000e+01
      vertex   -6.015479e+00 1.983725e+01 2.980000e+01
      vertex   -1.075016e+01 1.725727e+01 2.980000e+01
    endloop
  endfacet
  facet normal 0.000000e+00 0.000000e+00 -1.000000e+00
    outer loop
      vertex   -1.075016e+01 1.725727e+01 2.980000e+01
      vertex   -6.015479e+00 1.983725e+01 2.980000e+01
      vertex   -1.030935e+01 1.716916e+01 2.980000e+01
    endloop
  endfacet
  facet normal 0.000000e+00 0.000000e+00 -1.000000e+00
    outer loop
      vertex   -1.030935e+01 1.716916e+01 2.980000e+01
      vertex   -6.015479e+00 1.983725e+01 2.980000e+01
      vertex   -9.891086e+00 1.706321e+01 2.980000e+01
    endloop
  endfacet
  facet normal 0.000000e+00 0.000000e+00 -1.000000e+00
    outer loop
      vertex   -9.891086e+00 1.706321e+01 2.980000e+01
      vertex   -6.015479e+00 1.983725e+01 2.980000e+01
      vertex   -9.499412e+00 1.694045e+01 2.980000e+01
    endloop
  endfacet
  facet normal 0.000000e+00 0.000000e+00 -1.000000e+00
    outer loop
      vertex   -9.499412e+00 1.694045e+01 2.980000e+01
      vertex   -6.015479e+00 1.983725e+01 2.980000e+01
      vertex   -9.138097e+00 1.680205e+01 2.980000e+01
    endloop
  endfacet
  facet normal 0.000000e+00 0.000000e+00 -1.000000e+00
    outer loop
      vertex   -9.138097e+00 1.680205e+01 2.980000e+01
      vertex   -6.015479e+00 1.983725e+01 2.980000e+01
      vertex   -8.810620e+00 1.664935e+01 2.980000e+01
    endloop
  endfacet
  facet normal 0.000000e+00 0.000000e+00 -1.000000e+00
    outer loop
      vertex   -8.810620e+00 1.664935e+01 2.980000e+01
      vertex   -6.015479e+00 1.983725e+01 2.980000e+01
      vertex   -8.520135e+00 1.648382e+01 2.980000e+01
    endloop
  endfacet
  facet normal 0.000000e+00 0.000000e+00 -1.000000e+00
    outer loop
      vertex   -8.520135e+00 1.648382e+01 2.980000e+01
      vertex   -6.015479e+00 1.983725e+01 2.980000e+01
      vertex   -8.269440e+00 1.630706e+01 2.980000e+01
    endloop
  endfacet
  facet normal 0.000000e+00 0.000000e+00 -1.000000e+00
    outer loop
      vertex   -8.269440e+00 1.630706e+01 2.980000e+01
      vertex   -6.015479e+00 1.983725e+01 2.980000e+01
      vertex   -8.060948e+00 1.612076e+01 2.980000e+01
    endloop
  endfacet
  facet normal 0.000000e+00 0.000000e+00 -1.000000e+00
    outer loop
      vertex   -8.060948e+00 1.612076e+01 2.980000e+01
      vertex   -6.015479e+00 1.983725e+01 2.980000e+01
      vertex   -7.896668e+00 1.592672e+01 2.980000e+01
    endloop
  endfacet
  facet normal 0.000000e+00 0.000000e+00 -1.000000e+00
    outer loop
      vertex   -7.896668e+00 1.592672e+01 2.980000e+01
      vertex   -6.015479e+00 1.983725e+01 2.980000e+01
      vertex   -7.778182e+00 1.572682e+01 2.980000e+01
    endloop
  endfacet
  facet normal 0.000000e+00 0.000000e+00 -1.000000e+00
    outer loop
      vertex   -7.778182e+00 1.572682e+01 2.980000e+01
      vertex   -6.015479e+00 1.983725e+01 2.980000e+01
      vertex   -7.706631e+00 1.552296e+01 2.980000e+01
    endloop
  endfacet
  facet normal 0.000000e+00 0.000000e+00 -1.000000e+00
    outer loop
      vertex   -7.706631e+00 1.552296e+01 2.980000e+01
      vertex   -6.015479e+00 1.983725e+01 2.980000e+01
      vertex   -7.682704e+00 1.531713e+01 2.980000e+01
    endloop
  endfacet
  facet normal 0.000000e+00 -0.000000e+00 -1.000000e+00
    outer loop
      vertex   -7.682704e+00 1.531713e+01 2.980000e+01
      vertex   -6.015479e+00 1.983725e+01 2.980000e+01
      vertex   -7.706631e+00 1.511129e+01 2.980000e+01
    endloop
  endfacet
  facet normal 0.000000e+00 0.000000e+00 -1.000000e+00
    outer loop
      vertex   -7.706631e+00 1.511129e+01 2.980000e+01
      vertex   -6.015479e+00 1.983725e+01 2.980000e+01
      vertex   -6.015479e+00 6.398410e+00 2.980000e+01
    endloop
  endfacet
  facet normal 0.000000e+00 -0.000000e+00 -1.000000e+00
    outer loop
      vertex   -7.706631e+00 1.511129e+01 2.980000e+01
      vertex   -6.015479e+00 6.398410e+00 2.980000e+01
      vertex   -7.778182e+00 1.490744e+01 2.980000e+01
    endloop
  endfacet
  facet normal 0.000000e+00 -0.000000e+00 -1.000000e+00
    outer loop
      vertex   -7.778182e+00 1.490744e+01 2.980000e+01
      vertex   -6.015479e+00 6.398410e+00 2.980000e+01
      vertex   -7.896668e+00 1.470753e+01 2.980000e+01
    endloop
  endfacet
  facet normal 0.000000e+00 -0.000000e+00 -1.000000e+00
    outer loop
      vertex   -7.896668e+00 1.470753e+01 2.980000e+01
      vertex   -6.015479e+00 6.398410e+00 2.980000e+01
      vertex   -8.060948e+00 1.451349e+01 2.980000e+01
    endloop
  endfacet
  facet normal 0.000000e+00 -0.000000e+00 -1.000000e+00
    outer loop
      vertex   -8.060948e+00 1.451349e+01 2.980000e+01
      vertex   -6.015479e+00 6.398410e+00 2.980000e+01
      vertex   -8.269440e+00 1.432719e+01 2.980000e+01
    endloop
  endfacet
  facet normal 0.000000e+00 -0.000000e+00 -1.000000e+00
    outer loop
      vertex   -8.269440e+00 1.432719e+01 2.980000e+01
      vertex   -6.015479e+00 6.398410e+00 2.980000e+01
      vertex   -8.520135e+00 1.415043e+01 2.980000e+01
    endloop
  endfacet
  facet normal 0.000000e+00 -0.000000e+00 -1.000000e+00
    outer loop
      vertex   -8.520135e+00 1.415043e+01 2.980000e+01
      vertex   -6.015479e+00 6.398410e+00 2.980000e+01
      vertex   -8.810620e+00 1.398490e+01 2.980000e+01
    endloop
  endfacet
  facet normal 0.000000e+00 -0.000000e+00 -1.000000e+00
    outer loop
      vertex   -8.810620e+00 1.398490e+01 2.980000e+01
      vertex   -6.015479e+00 6.398410e+00 2.980000e+01
      vertex   -9.138097e+00 1.383220e+01 2.980000e+01
    endloop
  endfacet
  facet normal 0.000000e+00 -0.000000e+00 -1.000000e+00
    outer loop
      vertex   -9.138097e+00 1.383220e+01 2.980000e+01
      vertex   -6.015479e+00 6.398410e+00 2.980000e+01
      vertex   -9.499412e+00 1.369380e+01 2.980000e+01
    endloop
  endfacet
  facet normal 0.000000e+00 -0.000000e+00 -1.000000e+00
    outer loop
      vertex   -9.499412e+00 1.369380e+01 2.980000e+01
      vertex   -6.015479e+00 6.398410e+00 2.980000e+01
      vertex   -9.891086e+00 1.357104e+01 2.980000e+01
    endloop
  endfacet
  facet normal 0.000000e+00 -0.000000e+00 -1.000000e+00
    outer loop
      vertex   -9.891086e+00 1.357104e+01 2.980000e+01
      vertex   -6.015479e+00 6.398410e+00 2.980000e+01
      vertex   -1.030935e+01 1.346509e+01 2.980000e+01
    endloop
  endfacet
  facet normal 0.000000e+00 -0.000000e+00 -1.000000e+00
    outer loop
      vertex   -1.030935e+01 1.346509e+01 2.980000e+01
      vertex   -6.015479e+00 6.398410e+00 2.980000e+01
      vertex   -1.075016e+01 1.337698e+01 2.980000e+01
    endloop
  endfacet
  facet normal 0.000000e+00 -0.000000e+00 -1.000000e+00
    outer loop
      vertex   -1.075016e+01 1.337698e+01 2.980000e+01
      vertex   -6.015479e+00 6.398410e+00 2.980000e+01
      vertex   -1.339435e+01 5.326018e+00 2.980000e+01
    endloop
  endfacet
  facet normal 0.000000e+00 0.000000e+00 -1.000000e+00
    outer loop
      vertex   -1.075016e+01 1.337698e+01 2.980000e+01
      vertex   -1.339435e+01 5.326018e+00 2.980000e+01
      vertex   -1.168232e+01 1.325748e+01 2.980000e+01
    endloop
  endfacet
  facet normal 1.552636e-15 -3.351424e-16 -1.000000e+00
    outer loop
      vertex   -1.168232e+01 1.325748e+01 2.980000e+01
      vertex   -1.339435e+01 5.326018e+00 2.980000e+01
      vertex   -1.539435e+01 6.661094e+00 2.980000e+01
    endloop
  endfacet
  facet normal 9.570796e-16 0.000000e+00 -1.000000e+00
    outer loop
      vertex   -1.168232e+01 1.325748e+01 2.980000e+01
      vertex   -1.539435e+01 6.661094e+00 2.980000e+01
      vertex   -1.539435e+01 1.116109e+01 2.980000e+01
    endloop
  endfacet
  facet normal -9.542191e-16 -0.000000e+00 -1.000000e+00
    outer loop
      vertex   -2.511752e+01 1.634792e+01 2.980000e+01
      vertex   -2.139435e+01 1.116109e+01 2.980000e+01
      vertex   -2.511752e+01 9.482001e+00 2.980000e+01
    endloop
  endfacet
  facet normal -9.542191e-16 0.000000e+00 -1.000000e+00
    outer loop
      vertex   -2.511752e+01 9.482001e+00 2.980000e+01
      vertex   -2.139435e+01 1.116109e+01 2.980000e+01
      vertex   -2.139435e+01 6.661094e+00 2.980000e+01
    endloop
  endfacet
  facet normal -1.391283e-15 -5.768569e-16 -1.000000e+00
    outer loop
      vertex   -2.511752e+01 9.482001e+00 2.980000e+01
      vertex   -2.139435e+01 6.661094e+00 2.980000e+01
      vertex   -2.339435e+01 5.326018e+00 2.980000e+01
    endloop
  endfacet
  facet normal 0.000000e+00 -2.661055e-15 -1.000000e+00
    outer loop
      vertex   -2.339435e+01 5.326018e+00 2.980000e+01
      vertex   -2.139435e+01 6.661094e+00 2.980000e+01
      vertex   -2.229435e+01 5.326018e+00 2.980000e+01
    endloop
  endfacet
  facet normal 0.000000e+00 -2.661055e-15 -1.000000e+00
    outer loop
      vertex   -2.229435e+01 5.326018e+00 2.980000e+01
      vertex   -2.139435e+01 6.661094e+00 2.980000e+01
      vertex   -1.539435e+01 6.661094e+00 2.980000e+01
    endloop
  endfacet
  facet normal 0.000000e+00 -2.661055e-15 -1.000000e+00
    outer loop
      vertex   -2.229435e+01 5.326018e+00 2.980000e+01
      vertex   -1.539435e+01 6.661094e+00 2.980000e+01
      vertex   -1.449435e+01 5.326018e+00 2.980000e+01
    endloop
  endfacet
  facet normal 0.000000e+00 -2.661055e-15 -1.000000e+00
    outer loop
      vertex   -1.449435e+01 5.326018e+00 2.980000e+01
      vertex   -1.539435e+01 6.661094e+00 2.980000e+01
      vertex   -1.339435e+01 5.326018e+00 2.980000e+01
    endloop
  endfacet
  facet normal 0.000000e+00 -0.000000e+00 -1.000000e+00
    outer loop
      vertex   -2.511752e+01 9.482001e+00 2.980000e+01
      vertex   -2.339435e+01 5.326018e+00 2.980000e+01
      vertex   -2.661427e+01 6.398410e+00 2.980000e+01
    endloop
  endfacet
  facet normal 0.000000e+00 0.000000e+00 -1.000000e+00
    outer loop
      vertex   -2.661427e+01 6.398410e+00 2.980000e+01
      vertex   -2.339435e+01 5.326018e+00 2.980000e+01
      vertex   -2.339435e+01 1.526018e+00 2.980000e+01
    endloop
  endfacet
  facet normal 0.000000e+00 -0.000000e+00 -1.000000e+00
    outer loop
      vertex   -2.661427e+01 6.398410e+00 2.980000e+01
      vertex   -2.339435e+01 1.526018e+00 2.980000e+01
      vertex   -3.923276e+01 -4.545539e+00 2.980000e+01
    endloop
  endfacet
  facet normal 0.000000e+00 0.000000e+00 -1.000000e+00
    outer loop
      vertex   -3.923276e+01 -4.545539e+00 2.980000e+01
      vertex   -2.339435e+01 1.526018e+00 2.980000e+01
      vertex   -3.923276e+01 -6.273688e+00 2.980000e+01
    endloop
  endfacet
  facet normal 0.000000e+00 -0.000000e+00 -1.000000e+00
    outer loop
      vertex   -3.923276e+01 -4.545539e+00 2.980000e+01
      vertex   -3.923276e+01 -6.273688e+00 2.980000e+01
      vertex   -4.271427e+01 -5.032194e+00 2.980000e+01
    endloop
  endfacet
  facet normal 0.000000e+00 0.000000e+00 -1.000000e+00
    outer loop
      vertex   -4.271427e+01 -5.032194e+00 2.980000e+01
      vertex   -3.923276e+01 -6.273688e+00 2.980000e+01
      vertex   -4.271427e+01 -6.273688e+00 2.980000e+01
    endloop
  endfacet
  facet normal 0.000000e+00 0.000000e+00 -1.000000e+00
    outer loop
      vertex   -2.229435e+01 1.526018e+00 2.980000e+01
      vertex   -3.923276e+01 -1.352035e+01 2.980000e+01
      vertex   -2.339435e+01 1.526018e+00 2.980000e+01
    endloop
  endfacet
  facet normal 0.000000e+00 0.000000e+00 -1.000000e+00
    outer loop
      vertex   -2.339435e+01 1.526018e+00 2.980000e+01
      vertex   -3.923276e+01 -1.352035e+01 2.980000e+01
      vertex   -3.923276e+01 -1.204571e+01 2.980000e+01
    endloop
  endfacet
  facet normal 0.000000e+00 0.000000e+00 -1.000000e+00
    outer loop
      vertex   -2.339435e+01 1.526018e+00 2.980000e+01
      vertex   -3.923276e+01 -1.204571e+01 2.980000e+01
      vertex   -3.923276e+01 -9.764550e+00 2.980000e+01
    endloop
  endfacet
  facet normal 0.000000e+00 -0.000000e+00 -1.000000e+00
    outer loop
      vertex   -3.923276e+01 -9.764550e+00 2.980000e+01
      vertex   -3.923276e+01 -1.204571e+01 2.980000e+01
      vertex   -4.271427e+01 -1.113219e+01 2.980000e+01
    endloop
  endfacet
  facet normal -0.000000e+00 0.000000e+00 -1.000000e+00
    outer loop
      vertex   -3.923276e+01 -9.764550e+00 2.980000e+01
      vertex   -4.271427e+01 -1.113219e+01 2.980000e+01
      vertex   -4.271427e+01 -9.764550e+00 2.980000e+01
    endloop
  endfacet
  facet normal 0.000000e+00 0.000000e+00 -1.000000e+00
    outer loop
      vertex   -2.229435e+01 5.326018e+00 2.980000e+01
      vertex   -1.449435e+01 5.326018e+00 2.980000e+01
      vertex   -2.229435e+01 1.526018e+00 2.980000e+01
    endloop
  endfacet
  facet normal 0.000000e+00 0.000000e+00 -1.000000e+00
    outer loop
      vertex   -2.229435e+01 1.526018e+00 2.980000e+01
      vertex   -1.449435e+01 5.326018e+00 2.980000e+01
      vertex   -1.449435e+01 1.526018e+00 2.980000e+01
    endloop
  endfacet
  facet normal 0.000000e+00 0.000000e+00 -1.000000e+00
    outer loop
      vertex   -2.229435e+01 1.526018e+00 2.980000e+01
      vertex   -1.449435e+01 1.526018e+00 2.980000e+01
      vertex   -6.015482e+00 -1.352035e+01 2.980000e+01
    endloop
  endfacet
  facet normal 0.000000e+00 0.000000e+00 -1.000000e+00
    outer loop
      vertex   -6.015482e+00 -1.352035e+01 2.980000e+01
      vertex   -1.449435e+01 1.526018e+00 2.980000e+01
      vertex   -1.339435e+01 1.526018e+00 2.980000e+01
    endloop
  endfacet
  facet normal 0.000000e+00 0.000000e+00 -1.000000e+00
    outer loop
      vertex   -6.015482e+00 -1.352035e+01 2.980000e+01
      vertex   -1.339435e+01 1.526018e+00 2.980000e+01
      vertex   -6.015479e+00 6.398410e+00 2.980000e+01
    endloop
  endfacet
  facet normal 0.000000e+00 0.000000e+00 -1.000000e+00
    outer loop
      vertex   -6.015479e+00 6.398410e+00 2.980000e+01
      vertex   -1.339435e+01 1.526018e+00 2.980000e+01
      vertex   -1.339435e+01 5.326018e+00 2.980000e+01
    endloop
  endfacet
  facet normal -0.000000e+00 0.000000e+00 -1.000000e+00
    outer loop
      vertex   -1.649435e+01 1.792045e+01 2.980000e+01
      vertex   -1.703401e+01 1.630706e+01 2.980000e+01
      vertex   -2.029435e+01 1.792045e+01 2.980000e+01
    endloop
  endfacet
  facet normal 0.000000e+00 0.000000e+00 -1.000000e+00
    outer loop
      vertex   -2.029435e+01 1.792045e+01 2.980000e+01
      vertex   -1.703401e+01 1.630706e+01 2.980000e+01
      vertex   -1.724251e+01 1.612076e+01 2.980000e+01
    endloop
  endfacet
  facet normal 0.000000e+00 0.000000e+00 -1.000000e+00
    outer loop
      vertex   -2.029435e+01 1.792045e+01 2.980000e+01
      vertex   -1.724251e+01 1.612076e+01 2.980000e+01
      vertex   -1.740679e+01 1.592672e+01 2.980000e+01
    endloop
  endfacet
  facet normal 0.000000e+00 0.000000e+00 -1.000000e+00
    outer loop
      vertex   -1.649435e+01 1.902045e+01 2.980000e+01
      vertex   -1.499411e+01 1.716916e+01 2.980000e+01
      vertex   -1.649435e+01 1.792045e+01 2.980000e+01
    endloop
  endfacet
  facet normal 0.000000e+00 0.000000e+00 -1.000000e+00
    outer loop
      vertex   -1.649435e+01 1.792045e+01 2.980000e+01
      vertex   -1.499411e+01 1.716916e+01 2.980000e+01
      vertex   -1.541237e+01 1.706321e+01 2.980000e+01
    endloop
  endfacet
  facet normal 0.000000e+00 0.000000e+00 -1.000000e+00
    outer loop
      vertex   -1.649435e+01 1.792045e+01 2.980000e+01
      vertex   -1.541237e+01 1.706321e+01 2.980000e+01
      vertex   -1.580404e+01 1.694045e+01 2.980000e+01
    endloop
  endfacet
  facet normal 0.000000e+00 0.000000e+00 -1.000000e+00
    outer loop
      vertex   -1.168232e+01 1.737678e+01 2.980000e+01
      vertex   -1.265173e+01 1.741713e+01 2.980000e+01
      vertex   -1.649435e+01 1.902045e+01 2.980000e+01
    endloop
  endfacet
  facet normal 0.000000e+00 0.000000e+00 -1.000000e+00
    outer loop
      vertex   -1.649435e+01 1.902045e+01 2.980000e+01
      vertex   -1.265173e+01 1.741713e+01 2.980000e+01
      vertex   -1.362114e+01 1.737678e+01 2.980000e+01
    endloop
  endfacet
  facet normal 0.000000e+00 0.000000e+00 -1.000000e+00
    outer loop
      vertex   -1.649435e+01 1.902045e+01 2.980000e+01
      vertex   -1.362114e+01 1.737678e+01 2.980000e+01
      vertex   -1.455329e+01 1.725727e+01 2.980000e+01
    endloop
  endfacet
  facet normal -0.000000e+00 0.000000e+00 -1.000000e+00
    outer loop
      vertex   -1.455329e+01 1.725727e+01 2.980000e+01
      vertex   -1.499411e+01 1.716916e+01 2.980000e+01
      vertex   -1.649435e+01 1.902045e+01 2.980000e+01
    endloop
  endfacet
  facet normal -0.000000e+00 0.000000e+00 -1.000000e+00
    outer loop
      vertex   -1.580404e+01 1.694045e+01 2.980000e+01
      vertex   -1.616536e+01 1.680205e+01 2.980000e+01
      vertex   -1.649435e+01 1.792045e+01 2.980000e+01
    endloop
  endfacet
  facet normal 0.000000e+00 0.000000e+00 -1.000000e+00
    outer loop
      vertex   -1.649435e+01 1.792045e+01 2.980000e+01
      vertex   -1.616536e+01 1.680205e+01 2.980000e+01
      vertex   -1.649283e+01 1.664935e+01 2.980000e+01
    endloop
  endfacet
  facet normal 0.000000e+00 -0.000000e+00 -1.000000e+00
    outer loop
      vertex   -1.649435e+01 1.792045e+01 2.980000e+01
      vertex   -1.649283e+01 1.664935e+01 2.980000e+01
      vertex   -1.678332e+01 1.648382e+01 2.980000e+01
    endloop
  endfacet
  facet normal -0.000000e+00 0.000000e+00 -1.000000e+00
    outer loop
      vertex   -1.678332e+01 1.648382e+01 2.980000e+01
      vertex   -1.703401e+01 1.630706e+01 2.980000e+01
      vertex   -1.649435e+01 1.792045e+01 2.980000e+01
    endloop
  endfacet
  facet normal -0.000000e+00 0.000000e+00 -1.000000e+00
    outer loop
      vertex   -1.740679e+01 1.592672e+01 2.980000e+01
      vertex   -1.752527e+01 1.572682e+01 2.980000e+01
      vertex   -2.029435e+01 1.792045e+01 2.980000e+01
    endloop
  endfacet
  facet normal 0.000000e+00 0.000000e+00 -1.000000e+00
    outer loop
      vertex   -2.029435e+01 1.792045e+01 2.980000e+01
      vertex   -1.752527e+01 1.572682e+01 2.980000e+01
      vertex   -1.759682e+01 1.552296e+01 2.980000e+01
    endloop
  endfacet
  facet normal 0.000000e+00 0.000000e+00 -1.000000e+00
    outer loop
      vertex   -2.029435e+01 1.792045e+01 2.980000e+01
      vertex   -1.759682e+01 1.552296e+01 2.980000e+01
      vertex   -1.762075e+01 1.531713e+01 2.980000e+01
    endloop
  endfacet
  facet normal 0.000000e+00 0.000000e+00 -1.000000e+00
    outer loop
      vertex   -2.029435e+01 1.792045e+01 2.980000e+01
      vertex   -1.762075e+01 1.531713e+01 2.980000e+01
      vertex   -2.029435e+01 1.226109e+01 2.980000e+01
    endloop
  endfacet
  facet normal 0.000000e+00 0.000000e+00 -1.000000e+00
    outer loop
      vertex   -2.029435e+01 1.226109e+01 2.980000e+01
      vertex   -1.762075e+01 1.531713e+01 2.980000e+01
      vertex   -1.759682e+01 1.511129e+01 2.980000e+01
    endloop
  endfacet
  facet normal 0.000000e+00 0.000000e+00 -1.000000e+00
    outer loop
      vertex   -2.029435e+01 1.226109e+01 2.980000e+01
      vertex   -1.759682e+01 1.511129e+01 2.980000e+01
      vertex   -1.752527e+01 1.490744e+01 2.980000e+01
    endloop
  endfacet
  facet normal 0.000000e+00 -0.000000e+00 -1.000000e+00
    outer loop
      vertex   -1.752527e+01 1.490744e+01 2.980000e+01
      vertex   -1.740679e+01 1.470753e+01 2.980000e+01
      vertex   -2.029435e+01 1.226109e+01 2.980000e+01
    endloop
  endfacet
  facet normal 0.000000e+00 0.000000e+00 -1.000000e+00
    outer loop
      vertex   -2.029435e+01 1.226109e+01 2.980000e+01
      vertex   -1.740679e+01 1.470753e+01 2.980000e+01
      vertex   -1.724251e+01 1.451349e+01 2.980000e+01
    endloop
  endfacet
  facet normal 0.000000e+00 0.000000e+00 -1.000000e+00
    outer loop
      vertex   -2.029435e+01 1.226109e+01 2.980000e+01
      vertex   -1.724251e+01 1.451349e+01 2.980000e+01
      vertex   -1.703401e+01 1.432719e+01 2.980000e+01
    endloop
  endfacet
  facet normal 0.000000e+00 -0.000000e+00 -1.000000e+00
    outer loop
      vertex   -1.649283e+01 1.398490e+01 2.980000e+01
      vertex   -1.616536e+01 1.383220e+01 2.980000e+01
      vertex   -1.649435e+01 1.226109e+01 2.980000e+01
    endloop
  endfacet
  facet normal 0.000000e+00 0.000000e+00 -1.000000e+00
    outer loop
      vertex   -1.649435e+01 1.226109e+01 2.980000e+01
      vertex   -1.616536e+01 1.383220e+01 2.980000e+01
      vertex   -1.580404e+01 1.369380e+01 2.980000e+01
    endloop
  endfacet
  facet normal 0.000000e+00 0.000000e+00 -1.000000e+00
    outer loop
      vertex   -1.649435e+01 1.226109e+01 2.980000e+01
      vertex   -1.580404e+01 1.369380e+01 2.980000e+01
      vertex   -1.541237e+01 1.357104e+01 2.980000e+01
    endloop
  endfacet
  facet normal 0.000000e+00 -0.000000e+00 -1.000000e+00
    outer loop
      vertex   -1.541237e+01 1.357104e+01 2.980000e+01
      vertex   -1.499411e+01 1.346509e+01 2.980000e+01
      vertex   -1.649435e+01 1.226109e+01 2.980000e+01
    endloop
  endfacet
  facet normal 1.960045e-16 1.528898e-15 -1.000000e+00
    outer loop
      vertex   -1.455329e+01 1.337698e+01 2.980000e+01
      vertex   -1.362114e+01 1.325748e+01 2.980000e+01
      vertex   -1.539435e+01 1.116109e+01 2.980000e+01
    endloop
  endfacet
  facet normal 6.814103e-17 1.637051e-15 -1.000000e+00
    outer loop
      vertex   -1.539435e+01 1.116109e+01 2.980000e+01
      vertex   -1.362114e+01 1.325748e+01 2.980000e+01
      vertex   -1.265173e+01 1.321713e+01 2.980000e+01
    endloop
  endfacet
  facet normal -7.615285e-17 1.829530e-15 -1.000000e+00
    outer loop
      vertex   -1.539435e+01 1.116109e+01 2.980000e+01
      vertex   -1.265173e+01 1.321713e+01 2.980000e+01
      vertex   -1.168232e+01 1.325748e+01 2.980000e+01
    endloop
  endfacet
  facet normal 0.000000e+00 0.000000e+00 -1.000000e+00
    outer loop
      vertex   -6.015482e+00 -1.352035e+01 2.980000e+01
      vertex   -3.923276e+01 -1.352035e+01 2.980000e+01
      vertex   -2.229435e+01 1.526018e+00 2.980000e+01
    endloop
  endfacet
  facet normal 0.000000e+00 0.000000e+00 -1.000000e+00
    outer loop
      vertex   -3.923276e+01 -1.204571e+01 2.980000e+01
      vertex   -4.325515e+01 -1.204571e+01 2.980000e+01
      vertex   -4.271427e+01 -1.113219e+01 2.980000e+01
    endloop
  endfacet
  facet normal -0.000000e+00 0.000000e+00 -1.000000e+00
    outer loop
      vertex   -4.271427e+01 -1.113219e+01 2.980000e+01
      vertex   -4.325515e+01 -1.204571e+01 2.980000e+01
      vertex   -4.325515e+01 -1.113219e+01 2.980000e+01
    endloop
  endfacet
  facet normal 0.000000e+00 0.000000e+00 -1.000000e+00
    outer loop
      vertex   -3.923276e+01 -9.764550e+00 2.980000e+01
      vertex   -3.923276e+01 -6.273688e+00 2.980000e+01
      vertex   -2.339435e+01 1.526018e+00 2.980000e+01
    endloop
  endfacet
  facet normal 0.000000e+00 0.000000e+00 -1.000000e+00
    outer loop
      vertex   -4.325515e+01 -5.032194e+00 2.980000e+01
      vertex   -4.325515e+01 -4.545539e+00 2.980000e+01
      vertex   -4.271427e+01 -5.032194e+00 2.980000e+01
    endloop
  endfacet
  facet normal 0.000000e+00 0.000000e+00 -1.000000e+00
    outer loop
      vertex   -4.271427e+01 -5.032194e+00 2.980000e+01
      vertex   -4.325515e+01 -4.545539e+00 2.980000e+01
      vertex   -3.923276e+01 -4.545539e+00 2.980000e+01
    endloop
  endfacet
  facet normal 0.000000e+00 0.000000e+00 -1.000000e+00
    outer loop
      vertex   -3.923276e+01 -4.545539e+00 2.980000e+01
      vertex   -3.923276e+01 6.398410e+00 2.980000e+01
      vertex   -2.661427e+01 6.398410e+00 2.980000e+01
    endloop
  endfacet
  facet normal 0.000000e+00 0.000000e+00 -1.000000e+00
    outer loop
      vertex   -2.661427e+01 6.398410e+00 2.980000e+01
      vertex   -2.661427e+01 9.482001e+00 2.980000e+01
      vertex   -2.511752e+01 9.482001e+00 2.980000e+01
    endloop
  endfacet
  facet normal 0.000000e+00 0.000000e+00 -1.000000e+00
    outer loop
      vertex   -2.661427e+01 1.634792e+01 2.980000e+01
      vertex   -2.661427e+01 1.867881e+01 2.980000e+01
      vertex   -2.511752e+01 1.634792e+01 2.980000e+01
    endloop
  endfacet
  facet normal 0.000000e+00 0.000000e+00 -1.000000e+00
    outer loop
      vertex   -2.511752e+01 1.634792e+01 2.980000e+01
      vertex   -2.661427e+01 1.867881e+01 2.980000e+01
      vertex   -2.411752e+01 1.867881e+01 2.980000e+01
    endloop
  endfacet
  facet normal 1.000000e+00 0.000000e+00 -0.000000e+00
    outer loop
      vertex   -3.923276e+01 -3.502250e+00 2.430000e+01
      vertex   -3.923276e+01 -3.502250e+00 2.680000e+01
      vertex   -3.923276e+01 -4.545539e+00 2.430000e+01
    endloop
  endfacet
  facet normal 1.000000e+00 0.000000e+00 0.000000e+00
    outer loop
      vertex   -3.923276e+01 -4.545539e+00 2.430000e+01
      vertex   -3.923276e+01 -3.502250e+00 2.680000e+01
      vertex   -3.923276e+01 -4.545539e+00 2.980000e+01
    endloop
  endfacet
  facet normal 1.000000e+00 0.000000e+00 0.000000e+00
    outer loop
      vertex   -3.923276e+01 -4.545539e+00 2.980000e+01
      vertex   -3.923276e+01 -3.502250e+00 2.680000e+01
      vertex   -3.923276e+01 5.097750e+00 2.680000e+01
    endloop
  endfacet
  facet normal 1.000000e+00 -0.000000e+00 0.000000e+00
    outer loop
      vertex   -3.923276e+01 -4.545539e+00 2.980000e+01
      vertex   -3.923276e+01 5.097750e+00 2.680000e+01
      vertex   -3.923276e+01 6.398410e+00 2.980000e+01
    endloop
  endfacet
  facet normal 1.000000e+00 0.000000e+00 0.000000e+00
    outer loop
      vertex   -3.923276e+01 6.398410e+00 2.980000e+01
      vertex   -3.923276e+01 5.097750e+00 2.680000e+01
      vertex   -3.923276e+01 6.398410e+00 2.730000e+01
    endloop
  endfacet
  facet normal 1.000000e+00 0.000000e+00 0.000000e+00
    outer loop
      vertex   -3.923276e+01 6.398410e+00 2.730000e+01
      vertex   -3.923276e+01 5.097750e+00 2.680000e+01
      vertex   -3.923276e+01 6.398410e+00 2.430000e+01
    endloop
  endfacet
  facet normal 1.000000e+00 0.000000e+00 0.000000e+00
    outer loop
      vertex   -3.923276e+01 6.398410e+00 2.430000e+01
      vertex   -3.923276e+01 5.097750e+00 2.680000e+01
      vertex   -3.923276e+01 5.097750e+00 2.430000e+01
    endloop
  endfacet
  facet normal 0.000000e+00 -1.000000e+00 0.000000e+00
    outer loop
      vertex   -4.325515e+01 -4.545539e+00 2.430000e+01
      vertex   -3.923276e+01 -4.545539e+00 2.430000e+01
      vertex   -4.325515e+01 -4.545539e+00 2.980000e+01
    endloop
  endfacet
  facet normal 0.000000e+00 -1.000000e+00 0.000000e+00
    outer loop
      vertex   -4.325515e+01 -4.545539e+00 2.980000e+01
      vertex   -3.923276e+01 -4.545539e+00 2.430000e+01
      vertex   -3.923276e+01 -4.545539e+00 2.980000e+01
    endloop
  endfacet
  facet normal 1.000000e+00 0.000000e+00 0.000000e+00
    outer loop
      vertex   -4.325515e+01 -5.032194e+00 2.430000e+01
      vertex   -4.325515e+01 -4.545539e+00 2.430000e+01
      vertex   -4.325515e+01 -5.032194e+00 2.937270e+01
    endloop
  endfacet
  facet normal 1.000000e+00 -0.000000e+00 0.000000e+00
    outer loop
      vertex   -4.325515e+01 -5.032194e+00 2.937270e+01
      vertex   -4.325515e+01 -4.545539e+00 2.430000e+01
      vertex   -4.325515e+01 -4.545539e+00 2.980000e+01
    endloop
  endfacet
  facet normal 1.000000e+00 0.000000e+00 0.000000e+00
    outer loop
      vertex   -4.325515e+01 -5.032194e+00 2.937270e+01
      vertex   -4.325515e+01 -4.545539e+00 2.980000e+01
      vertex   -4.325515e+01 -5.032194e+00 2.980000e+01
    endloop
  endfacet
  facet normal 0.000000e+00 1.000000e+00 -0.000000e+00
    outer loop
      vertex   -4.271427e+01 -5.032194e+00 2.937270e+01
      vertex   -4.325515e+01 -5.032194e+00 2.937270e+01
      vertex   -4.271427e+01 -5.032194e+00 2.980000e+01
    endloop
  endfacet
  facet normal 0.000000e+00 1.000000e+00 0.000000e+00
    outer loop
      vertex   -4.271427e+01 -5.032194e+00 2.980000e+01
      vertex   -4.325515e+01 -5.032194e+00 2.937270e+01
      vertex   -4.325515e+01 -5.032194e+00 2.980000e+01
    endloop
  endfacet
  facet normal 1.000000e+00 0.000000e+00 0.000000e+00
    outer loop
      vertex   -4.271427e+01 -6.273688e+00 2.937270e+01
      vertex   -4.271427e+01 -5.032194e+00 2.937270e+01
      vertex   -4.271427e+01 -6.273688e+00 2.980000e+01
    endloop
  endfacet
  facet normal 1.000000e+00 -0.000000e+00 0.000000e+00
    outer loop
      vertex   -4.271427e+01 -6.273688e+00 2.980000e+01
      vertex   -4.271427e+01 -5.032194e+00 2.937270e+01
      vertex   -4.271427e+01 -5.032194e+00 2.980000e+01
    endloop
  endfacet
  facet normal 0.000000e+00 1.000000e+00 0.000000e+00
    outer loop
      vertex   -4.251427e+01 -6.273688e+00 2.380000e+01
      vertex   -4.251427e+01 -6.273688e+00 2.937270e+01
      vertex   -3.923276e+01 -6.273688e+00 2.380000e+01
    endloop
  endfacet
  facet normal 0.000000e+00 1.000000e+00 -0.000000e+00
    outer loop
      vertex   -3.923276e+01 -6.273688e+00 2.380000e+01
      vertex   -4.251427e+01 -6.273688e+00 2.937270e+01
      vertex   -3.923276e+01 -6.273688e+00 2.980000e+01
    endloop
  endfacet
  facet normal 0.000000e+00 1.000000e+00 0.000000e+00
    outer loop
      vertex   -3.923276e+01 -6.273688e+00 2.980000e+01
      vertex   -4.251427e+01 -6.273688e+00 2.937270e+01
      vertex   -4.271427e+01 -6.273688e+00 2.980000e+01
    endloop
  endfacet
  facet normal 0.000000e+00 1.000000e+00 0.000000e+00
    outer loop
      vertex   -4.271427e+01 -6.273688e+00 2.980000e+01
      vertex   -4.251427e+01 -6.273688e+00 2.937270e+01
      vertex   -4.271427e+01 -6.273688e+00 2.937270e+01
    endloop
  endfacet
  facet normal 1.000000e+00 0.000000e+00 0.000000e+00
    outer loop
      vertex   -3.923276e+01 -9.764550e+00 2.380000e+01
      vertex   -3.923276e+01 -6.273688e+00 2.380000e+01
      vertex   -3.923276e+01 -9.764550e+00 2.980000e+01
    endloop
  endfacet
  facet normal 1.000000e+00 -0.000000e+00 0.000000e+00
    outer loop
      vertex   -3.923276e+01 -9.764550e+00 2.980000e+01
      vertex   -3.923276e+01 -6.273688e+00 2.380000e+01
      vertex   -3.923276e+01 -6.273688e+00 2.980000e+01
    endloop
  endfacet
  facet normal 0.000000e+00 1.000000e+00 0.000000e+00
    outer loop
      vertex   -4.325515e+01 -1.113219e+01 2.937270e+01
      vertex   -4.325515e+01 -1.113219e+01 2.180000e+01
      vertex   -4.691427e+01 -1.113219e+01 2.937270e+01
    endloop
  endfacet
  facet normal 0.000000e+00 1.000000e+00 0.000000e+00
    outer loop
      vertex   -4.691427e+01 -1.113219e+01 2.937270e+01
      vertex   -4.325515e+01 -1.113219e+01 2.180000e+01
      vertex   -4.691427e+01 -1.113219e+01 2.180000e+01
    endloop
  endfacet
  facet normal 1.000000e+00 -0.000000e+00 0.000000e+00
    outer loop
      vertex   -4.921427e+01 -6.507247e+00 2.591832e+01
      vertex   -4.921427e+01 -5.331287e+00 2.579251e+01
      vertex   -4.921427e+01 -6.456162e+00 2.632270e+01
    endloop
  endfacet
  facet normal 1.000000e+00 -0.000000e+00 0.000000e+00
    outer loop
      vertex   -4.921427e+01 -6.456162e+00 2.632270e+01
      vertex   -4.921427e+01 -5.331287e+00 2.579251e+01
      vertex   -4.921427e+01 -5.280660e+00 2.632270e+01
    endloop
  endfacet
  facet normal 1.000000e+00 0.000000e+00 0.000000e+00
    outer loop
      vertex   -4.921427e+01 -6.456162e+00 2.632270e+01
      vertex   -4.921427e+01 -5.280660e+00 2.632270e+01
      vertex   -4.921427e+01 -5.331287e+00 2.685290e+01
    endloop
  endfacet
  facet normal 1.000000e+00 0.000000e+00 0.000000e+00
    outer loop
      vertex   -4.921427e+01 -5.331287e+00 2.579251e+01
      vertex   -4.921427e+01 -6.507247e+00 2.591832e+01
      vertex   -4.921427e+01 -5.481339e+00 2.528148e+01
    endloop
  endfacet
  facet normal 1.000000e+00 0.000000e+00 0.000000e+00
    outer loop
      vertex   -4.921427e+01 -5.481339e+00 2.528148e+01
      vertex   -4.921427e+01 -6.507247e+00 2.591832e+01
      vertex   -4.921427e+01 -6.657292e+00 2.553935e+01
    endloop
  endfacet
  facet normal 1.000000e+00 0.000000e+00 0.000000e+00
    outer loop
      vertex   -4.921427e+01 -5.481339e+00 2.528148e+01
      vertex   -4.921427e+01 -6.657292e+00 2.553935e+01
      vertex   -4.921427e+01 -5.725393e+00 2.480808e+01
    endloop
  endfacet
  facet normal 1.000000e+00 0.000000e+00 0.000000e+00
    outer loop
      vertex   -4.921427e+01 -5.725393e+00 2.480808e+01
      vertex   -4.921427e+01 -6.657292e+00 2.553935e+01
      vertex   -4.921427e+01 -6.896868e+00 2.520961e+01
    endloop
  endfacet
  facet normal 1.000000e+00 0.000000e+00 0.000000e+00
    outer loop
      vertex   -4.921427e+01 -5.725393e+00 2.480808e+01
      vertex   -4.921427e+01 -6.896868e+00 2.520961e+01
      vertex   -4.921427e+01 -6.054628e+00 2.438942e+01
    endloop
  endfacet
  facet normal 1.000000e+00 0.000000e+00 0.000000e+00
    outer loop
      vertex   -4.921427e+01 -6.054628e+00 2.438942e+01
      vertex   -4.921427e+01 -6.896868e+00 2.520961e+01
      vertex   -4.921427e+01 -6.457145e+00 2.404064e+01
    endloop
  endfacet
  facet normal 1.000000e+00 0.000000e+00 0.000000e+00
    outer loop
      vertex   -4.921427e+01 -6.457145e+00 2.404064e+01
      vertex   -4.921427e+01 -6.896868e+00 2.520961e+01
      vertex   -4.921427e+01 -7.210923e+00 2.494980e+01
    endloop
  endfacet
  facet normal 1.000000e+00 0.000000e+00 0.000000e+00
    outer loop
      vertex   -4.921427e+01 -6.457145e+00 2.404064e+01
      vertex   -4.921427e+01 -7.210923e+00 2.494980e+01
      vertex   -4.921427e+01 -6.918395e+00 2.377434e+01
    endloop
  endfacet
  facet normal 1.000000e+00 0.000000e+00 0.000000e+00
    outer loop
      vertex   -4.921427e+01 -6.918395e+00 2.377434e+01
      vertex   -4.921427e+01 -7.210923e+00 2.494980e+01
      vertex   -4.921427e+01 -7.579723e+00 2.477625e+01
    endloop
  endfacet
  facet normal 1.000000e+00 0.000000e+00 0.000000e+00
    outer loop
      vertex   -4.921427e+01 -6.918395e+00 2.377434e+01
      vertex   -4.921427e+01 -7.579723e+00 2.477625e+01
      vertex   -4.921427e+01 -7.421707e+00 2.360014e+01
    endloop
  endfacet
  facet normal 1.000000e+00 0.000000e+00 0.000000e+00
    outer loop
      vertex   -4.921427e+01 -7.421707e+00 2.360014e+01
      vertex   -4.921427e+01 -7.579723e+00 2.477625e+01
      vertex   -4.921427e+01 -7.980095e+00 2.469988e+01
    endloop
  endfacet
  facet normal 1.000000e+00 0.000000e+00 0.000000e+00
    outer loop
      vertex   -4.921427e+01 -7.421707e+00 2.360014e+01
      vertex   -4.921427e+01 -7.980095e+00 2.469988e+01
      vertex   -4.921427e+01 -7.948892e+00 2.352434e+01
    endloop
  endfacet
  facet normal 1.000000e+00 0.000000e+00 0.000000e+00
    outer loop
      vertex   -4.921427e+01 -7.948892e+00 2.352434e+01
      vertex   -4.921427e+01 -7.980095e+00 2.469988e+01
      vertex   -4.921427e+01 -8.480894e+00 2.354968e+01
    endloop
  endfacet
  facet normal 1.000000e+00 0.000000e+00 0.000000e+00
    outer loop
      vertex   -4.921427e+01 -8.480894e+00 2.354968e+01
      vertex   -4.921427e+01 -7.980095e+00 2.469988e+01
      vertex   -4.921427e+01 -8.386882e+00 2.472547e+01
    endloop
  endfacet
  facet normal 1.000000e+00 0.000000e+00 -0.000000e+00
    outer loop
      vertex   -4.921427e+01 -8.480894e+00 2.354968e+01
      vertex   -4.921427e+01 -8.386882e+00 2.472547e+01
      vertex   -4.921427e+01 -8.998486e+00 2.367525e+01
    endloop
  endfacet
  facet normal 1.000000e+00 0.000000e+00 0.000000e+00
    outer loop
      vertex   -4.921427e+01 -8.998486e+00 2.367525e+01
      vertex   -4.921427e+01 -8.386882e+00 2.472547e+01
      vertex   -4.921427e+01 -8.774525e+00 2.485142e+01
    endloop
  endfacet
  facet normal 1.000000e+00 0.000000e+00 -0.000000e+00
    outer loop
      vertex   -4.921427e+01 -8.998486e+00 2.367525e+01
      vertex   -4.921427e+01 -8.774525e+00 2.485142e+01
      vertex   -4.921427e+01 -9.482962e+00 2.389650e+01
    endloop
  endfacet
  facet normal 1.000000e+00 0.000000e+00 0.000000e+00
    outer loop
      vertex   -4.921427e+01 -9.482962e+00 2.389650e+01
      vertex   -4.921427e+01 -8.774525e+00 2.485142e+01
      vertex   -4.921427e+01 -9.118666e+00 2.506982e+01
    endloop
  endfacet
  facet normal 1.000000e+00 0.000000e+00 -0.000000e+00
    outer loop
      vertex   -4.921427e+01 -9.482962e+00 2.389650e+01
      vertex   -4.921427e+01 -9.118666e+00 2.506982e+01
      vertex   -4.921427e+01 -9.916809e+00 2.420544e+01
    endloop
  endfacet
  facet normal 1.000000e+00 0.000000e+00 -0.000000e+00
    outer loop
      vertex   -4.921427e+01 -9.916809e+00 2.420544e+01
      vertex   -4.921427e+01 -9.118666e+00 2.506982e+01
      vertex   -4.921427e+01 -1.028435e+01 2.459091e+01
    endloop
  endfacet
  facet normal 1.000000e+00 0.000000e+00 0.000000e+00
    outer loop
      vertex   -4.921427e+01 -1.028435e+01 2.459091e+01
      vertex   -4.921427e+01 -9.118666e+00 2.506982e+01
      vertex   -4.921427e+01 -9.397682e+00 2.536694e+01
    endloop
  endfacet
  facet normal 1.000000e+00 0.000000e+00 -0.000000e+00
    outer loop
      vertex   -4.921427e+01 -1.028435e+01 2.459091e+01
      vertex   -4.921427e+01 -9.397682e+00 2.536694e+01
      vertex   -4.921427e+01 -1.057230e+01 2.503896e+01
    endloop
  endfacet
  facet normal 1.000000e+00 0.000000e+00 0.000000e+00
    outer loop
      vertex   -4.921427e+01 -1.057230e+01 2.503896e+01
      vertex   -4.921427e+01 -9.397682e+00 2.536694e+01
      vertex   -4.921427e+01 -9.594040e+00 2.572412e+01
    endloop
  endfacet
  facet normal 1.000000e+00 0.000000e+00 -0.000000e+00
    outer loop
      vertex   -4.921427e+01 -1.057230e+01 2.503896e+01
      vertex   -4.921427e+01 -9.594040e+00 2.572412e+01
      vertex   -4.921427e+01 -1.077025e+01 2.553342e+01
    endloop
  endfacet
  facet normal 1.000000e+00 0.000000e+00 0.000000e+00
    outer loop
      vertex   -4.921427e+01 -1.077025e+01 2.553342e+01
      vertex   -4.921427e+01 -9.594040e+00 2.572412e+01
      vertex   -4.921427e+01 -9.695404e+00 2.611891e+01
    endloop
  endfacet
  facet normal 1.000000e+00 0.000000e+00 -0.000000e+00
    outer loop
      vertex   -4.921427e+01 -1.077025e+01 2.553342e+01
      vertex   -4.921427e+01 -9.695404e+00 2.611891e+01
      vertex   -4.921427e+01 -1.087104e+01 2.605640e+01
    endloop
  endfacet
  facet normal 1.000000e+00 0.000000e+00 0.000000e+00
    outer loop
      vertex   -4.921427e+01 -1.087104e+01 2.605640e+01
      vertex   -4.921427e+01 -9.695404e+00 2.611891e+01
      vertex   -4.921427e+01 -9.695404e+00 2.652650e+01
    endloop
  endfacet
  facet normal 1.000000e+00 0.000000e+00 0.000000e+00
    outer loop
      vertex   -4.921427e+01 -1.087104e+01 2.605640e+01
      vertex   -4.921427e+01 -9.695404e+00 2.652650e+01
      vertex   -4.921427e+01 -1.087104e+01 2.658900e+01
    endloop
  endfacet
  facet normal 1.000000e+00 -0.000000e+00 0.000000e+00
    outer loop
      vertex   -4.921427e+01 -1.087104e+01 2.658900e+01
      vertex   -4.921427e+01 -9.695404e+00 2.652650e+01
      vertex   -4.921427e+01 -1.077025e+01 2.711198e+01
    endloop
  endfacet
  facet normal 1.000000e+00 0.000000e+00 0.000000e+00
    outer loop
      vertex   -4.921427e+01 -1.077025e+01 2.711198e+01
      vertex   -4.921427e+01 -9.695404e+00 2.652650e+01
      vertex   -4.921427e+01 -9.594040e+00 2.692128e+01
    endloop
  endfacet
  facet normal 1.000000e+00 -0.000000e+00 0.000000e+00
    outer loop
      vertex   -4.921427e+01 -1.077025e+01 2.711198e+01
      vertex   -4.921427e+01 -9.594040e+00 2.692128e+01
      vertex   -4.921427e+01 -1.057230e+01 2.760644e+01
    endloop
  endfacet
  facet normal 1.000000e+00 0.000000e+00 0.000000e+00
    outer loop
      vertex   -4.921427e+01 -1.057230e+01 2.760644e+01
      vertex   -4.921427e+01 -9.594040e+00 2.692128e+01
      vertex   -4.921427e+01 -9.397682e+00 2.727846e+01
    endloop
  endfacet
  facet normal 1.000000e+00 -0.000000e+00 0.000000e+00
    outer loop
      vertex   -4.921427e+01 -1.057230e+01 2.760644e+01
      vertex   -4.921427e+01 -9.397682e+00 2.727846e+01
      vertex   -4.921427e+01 -1.028435e+01 2.805450e+01
    endloop
  endfacet
  facet normal 1.000000e+00 0.000000e+00 0.000000e+00
    outer loop
      vertex   -4.921427e+01 -1.028435e+01 2.805450e+01
      vertex   -4.921427e+01 -9.397682e+00 2.727846e+01
      vertex   -4.921427e+01 -9.118666e+00 2.757558e+01
    endloop
  endfacet
  facet normal 1.000000e+00 -0.000000e+00 0.000000e+00
    outer loop
      vertex   -4.921427e+01 -1.028435e+01 2.805450e+01
      vertex   -4.921427e+01 -9.118666e+00 2.757558e+01
      vertex   -4.921427e+01 -9.916809e+00 2.843996e+01
    endloop
  endfacet
  facet normal 1.000000e+00 -0.000000e+00 0.000000e+00
    outer loop
      vertex   -4.921427e+01 -9.916809e+00 2.843996e+01
      vertex   -4.921427e+01 -9.118666e+00 2.757558e+01
      vertex   -4.921427e+01 -9.482962e+00 2.874890e+01
    endloop
  endfacet
  facet normal 1.000000e+00 0.000000e+00 0.000000e+00
    outer loop
      vertex   -4.921427e+01 -9.482962e+00 2.874890e+01
      vertex   -4.921427e+01 -9.118666e+00 2.757558e+01
      vertex   -4.921427e+01 -8.774525e+00 2.779398e+01
    endloop
  endfacet
  facet normal 1.000000e+00 -0.000000e+00 0.000000e+00
    outer loop
      vertex   -4.921427e+01 -9.482962e+00 2.874890e+01
      vertex   -4.921427e+01 -8.774525e+00 2.779398e+01
      vertex   -4.921427e+01 -8.998486e+00 2.897015e+01
    endloop
  endfacet
  facet normal 1.000000e+00 0.000000e+00 0.000000e+00
    outer loop
      vertex   -4.921427e+01 -8.998486e+00 2.897015e+01
      vertex   -4.921427e+01 -8.774525e+00 2.779398e+01
      vertex   -4.921427e+01 -8.386882e+00 2.791993e+01
    endloop
  endfacet
  facet normal 1.000000e+00 -0.000000e+00 0.000000e+00
    outer loop
      vertex   -4.921427e+01 -8.998486e+00 2.897015e+01
      vertex   -4.921427e+01 -8.386882e+00 2.791993e+01
      vertex   -4.921427e+01 -8.480894e+00 2.909572e+01
    endloop
  endfacet
  facet normal 1.000000e+00 0.000000e+00 0.000000e+00
    outer loop
      vertex   -4.921427e+01 -8.480894e+00 2.909572e+01
      vertex   -4.921427e+01 -8.386882e+00 2.791993e+01
      vertex   -4.921427e+01 -7.980095e+00 2.794552e+01
    endloop
  endfacet
  facet normal 1.000000e+00 -0.000000e+00 0.000000e+00
    outer loop
      vertex   -4.921427e+01 -8.480894e+00 2.909572e+01
      vertex   -4.921427e+01 -7.980095e+00 2.794552e+01
      vertex   -4.921427e+01 -7.948892e+00 2.912106e+01
    endloop
  endfacet
  facet normal 1.000000e+00 0.000000e+00 0.000000e+00
    outer loop
      vertex   -4.921427e+01 -7.948892e+00 2.912106e+01
      vertex   -4.921427e+01 -7.980095e+00 2.794552e+01
      vertex   -4.921427e+01 -7.421707e+00 2.904527e+01
    endloop
  endfacet
  facet normal 1.000000e+00 0.000000e+00 0.000000e+00
    outer loop
      vertex   -4.921427e+01 -7.421707e+00 2.904527e+01
      vertex   -4.921427e+01 -7.980095e+00 2.794552e+01
      vertex   -4.921427e+01 -7.579723e+00 2.786915e+01
    endloop
  endfacet
  facet normal 1.000000e+00 0.000000e+00 0.000000e+00
    outer loop
      vertex   -4.921427e+01 -7.421707e+00 2.904527e+01
      vertex   -4.921427e+01 -7.579723e+00 2.786915e+01
      vertex   -4.921427e+01 -6.918395e+00 2.887107e+01
    endloop
  endfacet
  facet normal 1.000000e+00 0.000000e+00 0.000000e+00
    outer loop
      vertex   -4.921427e+01 -6.918395e+00 2.887107e+01
      vertex   -4.921427e+01 -7.579723e+00 2.786915e+01
      vertex   -4.921427e+01 -7.210923e+00 2.769561e+01
    endloop
  endfacet
  facet normal 1.000000e+00 0.000000e+00 0.000000e+00
    outer loop
      vertex   -4.921427e+01 -6.918395e+00 2.887107e+01
      vertex   -4.921427e+01 -7.210923e+00 2.769561e+01
      vertex   -4.921427e+01 -6.457145e+00 2.860476e+01
    endloop
  endfacet
  facet normal 1.000000e+00 0.000000e+00 0.000000e+00
    outer loop
      vertex   -4.921427e+01 -6.457145e+00 2.860476e+01
      vertex   -4.921427e+01 -7.210923e+00 2.769561e+01
      vertex   -4.921427e+01 -6.896868e+00 2.743580e+01
    endloop
  endfacet
  facet normal 1.000000e+00 0.000000e+00 0.000000e+00
    outer loop
      vertex   -4.921427e+01 -6.457145e+00 2.860476e+01
      vertex   -4.921427e+01 -6.896868e+00 2.743580e+01
      vertex   -4.921427e+01 -6.054628e+00 2.825598e+01
    endloop
  endfacet
  facet normal 1.000000e+00 0.000000e+00 0.000000e+00
    outer loop
      vertex   -4.921427e+01 -6.054628e+00 2.825598e+01
      vertex   -4.921427e+01 -6.896868e+00 2.743580e+01
      vertex   -4.921427e+01 -5.725393e+00 2.783733e+01
    endloop
  endfacet
  facet normal 1.000000e+00 0.000000e+00 0.000000e+00
    outer loop
      vertex   -4.921427e+01 -5.725393e+00 2.783733e+01
      vertex   -4.921427e+01 -6.896868e+00 2.743580e+01
      vertex   -4.921427e+01 -6.657292e+00 2.710605e+01
    endloop
  endfacet
  facet normal 1.000000e+00 0.000000e+00 0.000000e+00
    outer loop
      vertex   -4.921427e+01 -5.725393e+00 2.783733e+01
      vertex   -4.921427e+01 -6.657292e+00 2.710605e+01
      vertex   -4.921427e+01 -5.481339e+00 2.736393e+01
    endloop
  endfacet
  facet normal 1.000000e+00 0.000000e+00 0.000000e+00
    outer loop
      vertex   -4.921427e+01 -5.481339e+00 2.736393e+01
      vertex   -4.921427e+01 -6.657292e+00 2.710605e+01
      vertex   -4.921427e+01 -6.507247e+00 2.672708e+01
    endloop
  endfacet
  facet normal 1.000000e+00 0.000000e+00 0.000000e+00
    outer loop
      vertex   -4.921427e+01 -5.481339e+00 2.736393e+01
      vertex   -4.921427e+01 -6.507247e+00 2.672708e+01
      vertex   -4.921427e+01 -5.331287e+00 2.685290e+01
    endloop
  endfacet
  facet normal 1.000000e+00 0.000000e+00 0.000000e+00
    outer loop
      vertex   -4.921427e+01 -5.331287e+00 2.685290e+01
      vertex   -4.921427e+01 -6.507247e+00 2.672708e+01
      vertex   -4.921427e+01 -6.456162e+00 2.632270e+01
    endloop
  endfacet
  facet normal 0.000000e+00 -6.885456e-01 7.251930e-01
    outer loop
      vertex   -4.691427e+01 -6.354831e+00 2.411707e+01
      vertex   -4.691427e+01 -5.969019e+00 2.448338e+01
      vertex   -4.810388e+01 -6.354831e+00 2.411707e+01
    endloop
  endfacet
  facet normal -4.559887e-03 -6.811085e-01 7.321683e-01
    outer loop
      vertex   -4.810388e+01 -6.354831e+00 2.411707e+01
      vertex   -4.691427e+01 -5.969019e+00 2.448338e+01
      vertex   -4.921427e+01 -6.054628e+00 2.438942e+01
    endloop
  endfacet
  facet normal 8.319947e-03 -6.548381e-01 7.557234e-01
    outer loop
      vertex   -4.810388e+01 -6.354831e+00 2.411707e+01
      vertex   -4.921427e+01 -6.054628e+00 2.438942e+01
      vertex   -4.921427e+01 -6.457145e+00 2.404064e+01
    endloop
  endfacet
  facet normal 4.003938e-03 -7.860468e-01 6.181540e-01
    outer loop
      vertex   -4.921427e+01 -6.054628e+00 2.438942e+01
      vertex   -4.691427e+01 -5.969019e+00 2.448338e+01
      vertex   -4.921427e+01 -5.725393e+00 2.480808e+01
    endloop
  endfacet
  facet normal -3.985164e-03 -8.132161e-01 5.819482e-01
    outer loop
      vertex   -4.921427e+01 -5.725393e+00 2.480808e+01
      vertex   -4.691427e+01 -5.969019e+00 2.448338e+01
      vertex   -4.691427e+01 -5.659413e+00 2.491603e+01
    endloop
  endfacet
  facet normal 3.991001e-03 -8.888284e-01 4.582229e-01
    outer loop
      vertex   -4.921427e+01 -5.725393e+00 2.480808e+01
      vertex   -4.691427e+01 -5.659413e+00 2.491603e+01
      vertex   -4.921427e+01 -5.481339e+00 2.528148e+01
    endloop
  endfacet
  facet normal -3.972199e-03 -9.085658e-01 4.177229e-01
    outer loop
      vertex   -4.921427e+01 -5.481339e+00 2.528148e+01
      vertex   -4.691427e+01 -5.659413e+00 2.491603e+01
      vertex   -4.691427e+01 -5.437178e+00 2.539940e+01
    endloop
  endfacet
  facet normal 3.978009e-03 -9.594854e-01 2.817303e-01
    outer loop
      vertex   -4.921427e+01 -5.481339e+00 2.528148e+01
      vertex   -4.691427e+01 -5.437178e+00 2.539940e+01
      vertex   -4.921427e+01 -5.331287e+00 2.579251e+01
    endloop
  endfacet
  facet normal -3.959180e-03 -9.711507e-01 2.384335e-01
    outer loop
      vertex   -4.921427e+01 -5.331287e+00 2.579251e+01
      vertex   -4.691427e+01 -5.437178e+00 2.539940e+01
      vertex   -4.691427e+01 -5.310327e+00 2.591607e+01
    endloop
  endfacet
  facet normal 3.964963e-03 -9.954641e-01 9.505530e-02
    outer loop
      vertex   -4.921427e+01 -5.331287e+00 2.579251e+01
      vertex   -4.691427e+01 -5.310327e+00 2.591607e+01
      vertex   -4.921427e+01 -5.280660e+00 2.632270e+01
    endloop
  endfacet
  facet normal -3.946106e-03 -9.987139e-01 5.054578e-02
    outer loop
      vertex   -4.921427e+01 -5.280660e+00 2.632270e+01
      vertex   -4.691427e+01 -5.310327e+00 2.591607e+01
      vertex   -4.691427e+01 -5.283436e+00 2.644740e+01
    endloop
  endfacet
  facet normal 3.951861e-03 -9.954641e-01 -9.505530e-02
    outer loop
      vertex   -4.921427e+01 -5.280660e+00 2.632270e+01
      vertex   -4.691427e+01 -5.283436e+00 2.644740e+01
      vertex   -4.921427e+01 -5.331287e+00 2.685290e+01
    endloop
  endfacet
  facet normal -3.932976e-03 -9.902614e-01 -1.391648e-01
    outer loop
      vertex   -4.921427e+01 -5.331287e+00 2.685290e+01
      vertex   -4.691427e+01 -5.283436e+00 2.644740e+01
      vertex   -4.691427e+01 -5.357474e+00 2.697424e+01
    endloop
  endfacet
  facet normal 3.938704e-03 -9.594855e-01 -2.817304e-01
    outer loop
      vertex   -4.921427e+01 -5.331287e+00 2.685290e+01
      vertex   -4.691427e+01 -5.357474e+00 2.697424e+01
      vertex   -4.921427e+01 -5.481339e+00 2.736393e+01
    endloop
  endfacet
  facet normal -3.919792e-03 -9.460980e-01 -3.238568e-01
    outer loop
      vertex   -4.921427e+01 -5.481339e+00 2.736393e+01
      vertex   -4.691427e+01 -5.357474e+00 2.697424e+01
      vertex   -4.691427e+01 -5.529771e+00 2.747757e+01
    endloop
  endfacet
  facet normal 3.925492e-03 -8.888286e-01 -4.582230e-01
    outer loop
      vertex   -4.921427e+01 -5.481339e+00 2.736393e+01
      vertex   -4.691427e+01 -5.529771e+00 2.747757e+01
      vertex   -4.921427e+01 -5.725393e+00 2.783733e+01
    endloop
  endfacet
  facet normal -3.906552e-03 -8.678163e-01 -4.968699e-01
    outer loop
      vertex   -4.921427e+01 -5.725393e+00 2.783733e+01
      vertex   -4.691427e+01 -5.529771e+00 2.747757e+01
      vertex   -4.691427e+01 -5.794114e+00 2.793927e+01
    endloop
  endfacet
  facet normal 3.912225e-03 -7.860471e-01 -6.181543e-01
    outer loop
      vertex   -4.921427e+01 -5.725393e+00 2.783733e+01
      vertex   -4.691427e+01 -5.794114e+00 2.793927e+01
      vertex   -4.921427e+01 -6.054628e+00 2.825598e+01
    endloop
  endfacet
  facet normal -3.893258e-03 -7.582393e-01 -6.519648e-01
    outer loop
      vertex   -4.921427e+01 -6.054628e+00 2.825598e+01
      vertex   -4.691427e+01 -5.794114e+00 2.793927e+01
      vertex   -4.691427e+01 -6.140970e+00 2.834266e+01
    endloop
  endfacet
  facet normal 3.898902e-03 -6.548558e-01 -7.557438e-01
    outer loop
      vertex   -4.921427e+01 -6.054628e+00 2.825598e+01
      vertex   -4.691427e+01 -6.140970e+00 2.834266e+01
      vertex   -4.921427e+01 -6.457145e+00 2.860476e+01
    endloop
  endfacet
  facet normal -3.879908e-03 -6.213185e-01 -7.835485e-01
    outer loop
      vertex   -4.921427e+01 -6.457145e+00 2.860476e+01
      vertex   -4.691427e+01 -6.140970e+00 2.834266e+01
      vertex   -4.691427e+01 -6.557830e+00 2.867321e+01
    endloop
  endfacet
  facet normal 3.885525e-03 -4.999962e-01 -8.660189e-01
    outer loop
      vertex   -4.921427e+01 -6.457145e+00 2.860476e+01
      vertex   -4.691427e+01 -6.557830e+00 2.867321e+01
      vertex   -4.921427e+01 -6.918395e+00 2.887107e+01
    endloop
  endfacet
  facet normal -3.866503e-03 -4.619918e-01 -8.868758e-01
    outer loop
      vertex   -4.921427e+01 -6.918395e+00 2.887107e+01
      vertex   -4.691427e+01 -6.557830e+00 2.867321e+01
      vertex   -4.691427e+01 -7.029662e+00 2.891900e+01
    endloop
  endfacet
  facet normal 3.872093e-03 -3.270655e-01 -9.449937e-01
    outer loop
      vertex   -4.921427e+01 -6.918395e+00 2.887107e+01
      vertex   -4.691427e+01 -7.029662e+00 2.891900e+01
      vertex   -4.921427e+01 -7.421707e+00 2.904527e+01
    endloop
  endfacet
  facet normal -3.853043e-03 -2.860046e-01 -9.582205e-01
    outer loop
      vertex   -4.921427e+01 -7.421707e+00 2.904527e+01
      vertex   -4.691427e+01 -7.029662e+00 2.891900e+01
      vertex   -4.691427e+01 -7.539451e+00 2.907116e+01
    endloop
  endfacet
  facet normal 3.858605e-03 -1.423138e-01 -9.898141e-01
    outer loop
      vertex   -4.921427e+01 -7.421707e+00 2.904527e+01
      vertex   -4.691427e+01 -7.539451e+00 2.907116e+01
      vertex   -4.921427e+01 -7.948892e+00 2.912106e+01
    endloop
  endfacet
  facet normal -3.839528e-03 -9.970341e-02 -9.950098e-01
    outer loop
      vertex   -4.921427e+01 -7.948892e+00 2.912106e+01
      vertex   -4.691427e+01 -7.539451e+00 2.907116e+01
      vertex   -4.691427e+01 -8.068812e+00 2.912420e+01
    endloop
  endfacet
  facet normal 3.845062e-03 4.758156e-02 -9.988600e-01
    outer loop
      vertex   -4.921427e+01 -7.948892e+00 2.912106e+01
      vertex   -4.691427e+01 -8.068812e+00 2.912420e+01
      vertex   -4.921427e+01 -8.480894e+00 2.909572e+01
    endloop
  endfacet
  facet normal -3.825958e-03 9.019327e-02 -9.959169e-01
    outer loop
      vertex   -4.921427e+01 -8.480894e+00 2.909572e+01
      vertex   -4.691427e+01 -8.068812e+00 2.912420e+01
      vertex   -4.691427e+01 -8.598656e+00 2.907622e+01
    endloop
  endfacet
  facet normal 3.831465e-03 2.357572e-01 -9.718044e-01
    outer loop
      vertex   -4.921427e+01 -8.480894e+00 2.909572e+01
      vertex   -4.691427e+01 -8.598656e+00 2.907622e+01
      vertex   -4.921427e+01 -8.998486e+00 2.897015e+01
    endloop
  endfacet
  facet normal -3.812333e-03 2.768374e-01 -9.609092e-01
    outer loop
      vertex   -4.921427e+01 -8.998486e+00 2.897015e+01
      vertex   -4.691427e+01 -8.598656e+00 2.907622e+01
      vertex   -4.691427e+01 -9.109875e+00 2.892894e+01
    endloop
  endfacet
  facet normal 3.817812e-03 4.154120e-01 -9.096254e-01
    outer loop
      vertex   -4.921427e+01 -8.998486e+00 2.897015e+01
      vertex   -4.691427e+01 -9.109875e+00 2.892894e+01
      vertex   -4.921427e+01 -9.482962e+00 2.874890e+01
    endloop
  endfacet
  facet normal -3.798652e-03 4.534982e-01 -8.912491e-01
    outer loop
      vertex   -4.921427e+01 -9.482962e+00 2.874890e+01
      vertex   -4.691427e+01 -9.109875e+00 2.892894e+01
      vertex   -4.691427e+01 -9.584034e+00 2.868767e+01
    endloop
  endfacet
  facet normal 3.804104e-03 5.800527e-01 -8.145701e-01
    outer loop
      vertex   -4.921427e+01 -9.482962e+00 2.874890e+01
      vertex   -4.691427e+01 -9.584034e+00 2.868767e+01
      vertex   -4.921427e+01 -9.916809e+00 2.843996e+01
    endloop
  endfacet
  facet normal -3.784917e-03 6.138050e-01 -7.894486e-01
    outer loop
      vertex   -4.921427e+01 -9.916809e+00 2.843996e+01
      vertex   -4.691427e+01 -9.584034e+00 2.868767e+01
      vertex   -4.691427e+01 -1.000403e+01 2.836112e+01
    endloop
  endfacet
  facet normal 3.790341e-03 7.237288e-01 -6.900741e-01
    outer loop
      vertex   -4.921427e+01 -9.916809e+00 2.843996e+01
      vertex   -4.691427e+01 -1.000403e+01 2.836112e+01
      vertex   -4.921427e+01 -1.028435e+01 2.805450e+01
    endloop
  endfacet
  facet normal -3.771126e-03 7.519766e-01 -6.591790e-01
    outer loop
      vertex   -4.921427e+01 -1.028435e+01 2.805450e+01
      vertex   -4.691427e+01 -1.000403e+01 2.836112e+01
      vertex   -4.691427e+01 -1.035473e+01 2.796105e+01
    endloop
  endfacet
  facet normal 3.776523e-03 8.412475e-01 -5.406370e-01
    outer loop
      vertex   -4.921427e+01 -1.028435e+01 2.805450e+01
      vertex   -4.691427e+01 -1.035473e+01 2.796105e+01
      vertex   -4.921427e+01 -1.057230e+01 2.760644e+01
    endloop
  endfacet
  facet normal -3.757281e-03 8.630304e-01 -5.051379e-01
    outer loop
      vertex   -4.921427e+01 -1.057230e+01 2.760644e+01
      vertex   -4.691427e+01 -1.035473e+01 2.796105e+01
      vertex   -4.691427e+01 -1.062347e+01 2.750191e+01
    endloop
  endfacet
  facet normal 3.762650e-03 9.283614e-01 -3.716598e-01
    outer loop
      vertex   -4.921427e+01 -1.057230e+01 2.760644e+01
      vertex   -4.691427e+01 -1.062347e+01 2.750191e+01
      vertex   -4.921427e+01 -1.077025e+01 2.711198e+01
    endloop
  endfacet
  facet normal -3.743380e-03 9.429616e-01 -3.328805e-01
    outer loop
      vertex   -4.921427e+01 -1.077025e+01 2.711198e+01
      vertex   -4.691427e+01 -1.062347e+01 2.750191e+01
      vertex   -4.691427e+01 -1.080057e+01 2.700024e+01
    endloop
  endfacet
  facet normal 3.748722e-03 9.819218e-01 -1.892499e-01
    outer loop
      vertex   -4.921427e+01 -1.077025e+01 2.711198e+01
      vertex   -4.691427e+01 -1.080057e+01 2.700024e+01
      vertex   -4.921427e+01 -1.087104e+01 2.658900e+01
    endloop
  endfacet
  facet normal -3.729424e-03 9.888875e-01 -1.486188e-01
    outer loop
      vertex   -4.921427e+01 -1.087104e+01 2.658900e+01
      vertex   -4.691427e+01 -1.080057e+01 2.700024e+01
      vertex   -4.691427e+01 -1.087963e+01 2.647413e+01
    endloop
  endfacet
  facet normal 3.734739e-03 9.999930e-01 0.000000e+00
    outer loop
      vertex   -4.921427e+01 -1.087104e+01 2.658900e+01
      vertex   -4.691427e+01 -1.087963e+01 2.647413e+01
      vertex   -4.921427e+01 -1.087104e+01 2.605640e+01
    endloop
  endfacet
  facet normal -3.715414e-03 9.991521e-01 4.100254e-02
    outer loop
      vertex   -4.921427e+01 -1.087104e+01 2.605640e+01
      vertex   -4.691427e+01 -1.087963e+01 2.647413e+01
      vertex   -4.691427e+01 -1.085782e+01 2.594257e+01
    endloop
  endfacet
  facet normal 3.720700e-03 9.819219e-01 1.892499e-01
    outer loop
      vertex   -4.921427e+01 -1.087104e+01 2.605640e+01
      vertex   -4.691427e+01 -1.085782e+01 2.594257e+01
      vertex   -4.921427e+01 -1.077025e+01 2.553342e+01
    endloop
  endfacet
  facet normal -3.701348e-03 9.733852e-01 2.291452e-01
    outer loop
      vertex   -4.921427e+01 -1.077025e+01 2.553342e+01
      vertex   -4.691427e+01 -1.085782e+01 2.594257e+01
      vertex   -4.691427e+01 -1.073591e+01 2.542471e+01
    endloop
  endfacet
  facet normal 3.706607e-03 9.283616e-01 3.716599e-01
    outer loop
      vertex   -4.921427e+01 -1.077025e+01 2.553342e+01
      vertex   -4.691427e+01 -1.073591e+01 2.542471e+01
      vertex   -4.921427e+01 -1.057230e+01 2.503896e+01
    endloop
  endfacet
  facet normal -3.687227e-03 9.125160e-01 4.090245e-01
    outer loop
      vertex   -4.921427e+01 -1.057230e+01 2.503896e+01
      vertex   -4.691427e+01 -1.073591e+01 2.542471e+01
      vertex   -4.691427e+01 -1.051830e+01 2.493924e+01
    endloop
  endfacet
  facet normal 3.692458e-03 8.412478e-01 5.406371e-01
    outer loop
      vertex   -4.921427e+01 -1.057230e+01 2.503896e+01
      vertex   -4.691427e+01 -1.051830e+01 2.493924e+01
      vertex   -4.921427e+01 -1.028435e+01 2.459091e+01
    endloop
  endfacet
  facet normal -3.673051e-03 8.187395e-01 5.741535e-01
    outer loop
      vertex   -4.921427e+01 -1.028435e+01 2.459091e+01
      vertex   -4.691427e+01 -1.051830e+01 2.493924e+01
      vertex   -4.691427e+01 -1.021284e+01 2.450366e+01
    endloop
  endfacet
  facet normal 3.678255e-03 7.237291e-01 6.900743e-01
    outer loop
      vertex   -4.921427e+01 -1.028435e+01 2.459091e+01
      vertex   -4.691427e+01 -1.021284e+01 2.450366e+01
      vertex   -4.921427e+01 -9.916809e+00 2.420544e+01
    endloop
  endfacet
  facet normal -3.658819e-03 6.954375e-01 7.185773e-01
    outer loop
      vertex   -4.921427e+01 -9.916809e+00 2.420544e+01
      vertex   -4.691427e+01 -1.021284e+01 2.450366e+01
      vertex   -4.691427e+01 -9.830550e+00 2.413367e+01
    endloop
  endfacet
  facet normal 2.592747e-18 6.395940e-01 7.687129e-01
    outer loop
      vertex   -4.921427e+01 -9.916809e+00 2.420544e+01
      vertex   -4.691427e+01 -9.830550e+00 2.413367e+01
      vertex   -4.810388e+01 -9.830550e+00 2.413367e+01
    endloop
  endfacet
  facet normal 7.589186e-03 5.800402e-01 8.145525e-01
    outer loop
      vertex   -4.921427e+01 -9.916809e+00 2.420544e+01
      vertex   -4.810388e+01 -9.830550e+00 2.413367e+01
      vertex   -4.921427e+01 -9.482962e+00 2.389650e+01
    endloop
  endfacet
  facet normal -7.738912e-03 5.466239e-01 8.373425e-01
    outer loop
      vertex   -4.921427e+01 -9.482962e+00 2.389650e+01
      vertex   -4.810388e+01 -9.830550e+00 2.413367e+01
      vertex   -4.810388e+01 -9.382717e+00 2.384132e+01
    endloop
  endfacet
  facet normal 7.698303e-03 4.154027e-01 9.096050e-01
    outer loop
      vertex   -4.921427e+01 -9.482962e+00 2.389650e+01
      vertex   -4.810388e+01 -9.382717e+00 2.384132e+01
      vertex   -4.921427e+01 -8.998486e+00 2.367525e+01
    endloop
  endfacet
  facet normal -7.847241e-03 3.775454e-01 9.259578e-01
    outer loop
      vertex   -4.921427e+01 -8.998486e+00 2.367525e+01
      vertex   -4.810388e+01 -9.382717e+00 2.384132e+01
      vertex   -4.810388e+01 -8.887491e+00 2.363940e+01
    endloop
  endfacet
  facet normal 7.805846e-03 2.357518e-01 9.717820e-01
    outer loop
      vertex   -4.921427e+01 -8.998486e+00 2.367525e+01
      vertex   -4.810388e+01 -8.887491e+00 2.363940e+01
      vertex   -4.921427e+01 -8.480894e+00 2.354968e+01
    endloop
  endfacet
  facet normal -7.953997e-03 1.947087e-01 9.808289e-01
    outer loop
      vertex   -4.921427e+01 -8.480894e+00 2.354968e+01
      vertex   -4.810388e+01 -8.887491e+00 2.363940e+01
      vertex   -4.810388e+01 -8.362917e+00 2.353527e+01
    endloop
  endfacet
  facet normal 7.911815e-03 4.758043e-02 9.988361e-01
    outer loop
      vertex   -4.921427e+01 -8.480894e+00 2.354968e+01
      vertex   -4.810388e+01 -8.362917e+00 2.353527e+01
      vertex   -4.921427e+01 -7.948892e+00 2.352434e+01
    endloop
  endfacet
  facet normal -8.059179e-03 4.776530e-03 9.999561e-01
    outer loop
      vertex   -4.921427e+01 -7.948892e+00 2.352434e+01
      vertex   -4.810388e+01 -8.362917e+00 2.353527e+01
      vertex   -4.810388e+01 -7.828113e+00 2.353271e+01
    endloop
  endfacet
  facet normal 8.016209e-03 -1.423103e-01 9.897896e-01
    outer loop
      vertex   -4.921427e+01 -7.948892e+00 2.352434e+01
      vertex   -4.810388e+01 -7.828113e+00 2.353271e+01
      vertex   -4.921427e+01 -7.421707e+00 2.360014e+01
    endloop
  endfacet
  facet normal -8.162786e-03 -1.853293e-01 9.826426e-01
    outer loop
      vertex   -4.921427e+01 -7.421707e+00 2.360014e+01
      vertex   -4.810388e+01 -7.828113e+00 2.353271e+01
      vertex   -4.810388e+01 -7.302569e+00 2.363183e+01
    endloop
  endfacet
  facet normal 8.119029e-03 -3.270572e-01 9.449697e-01
    outer loop
      vertex   -4.921427e+01 -7.421707e+00 2.360014e+01
      vertex   -4.810388e+01 -7.302569e+00 2.363183e+01
      vertex   -4.921427e+01 -6.918395e+00 2.377434e+01
    endloop
  endfacet
  facet normal -8.264819e-03 -3.686810e-01 9.295192e-01
    outer loop
      vertex   -4.921427e+01 -6.918395e+00 2.377434e+01
      vertex   -4.810388e+01 -7.302569e+00 2.363183e+01
      vertex   -4.810388e+01 -6.805436e+00 2.382901e+01
    endloop
  endfacet
  facet normal 8.220275e-03 -4.999831e-01 8.659961e-01
    outer loop
      vertex   -4.921427e+01 -6.918395e+00 2.377434e+01
      vertex   -4.810388e+01 -6.805436e+00 2.382901e+01
      vertex   -4.921427e+01 -6.457145e+00 2.404064e+01
    endloop
  endfacet
  facet normal -8.365277e-03 -5.385968e-01 8.425221e-01
    outer loop
      vertex   -4.921427e+01 -6.457145e+00 2.404064e+01
      vertex   -4.810388e+01 -6.805436e+00 2.382901e+01
      vertex   -4.810388e+01 -6.354831e+00 2.411707e+01
    endloop
  endfacet
  facet normal 0.000000e+00 1.000000e+00 0.000000e+00
    outer loop
      vertex   -3.923276e+01 -3.502250e+00 2.680000e+01
      vertex   -3.923276e+01 -3.502250e+00 2.430000e+01
      vertex   -4.191427e+01 -3.502250e+00 2.680000e+01
    endloop
  endfacet
  facet normal 0.000000e+00 1.000000e+00 0.000000e+00
    outer loop
      vertex   -4.191427e+01 -3.502250e+00 2.680000e+01
      vertex   -3.923276e+01 -3.502250e+00 2.430000e+01
      vertex   -4.791427e+01 -3.502250e+00 2.430000e+01
    endloop
  endfacet
  facet normal 0.000000e+00 1.000000e+00 0.000000e+00
    outer loop
      vertex   -4.191427e+01 -3.502250e+00 2.680000e+01
      vertex   -4.791427e+01 -3.502250e+00 2.430000e+01
      vertex   -4.251427e+01 -3.502250e+00 2.740000e+01
    endloop
  endfacet
  facet normal 0.000000e+00 1.000000e+00 0.000000e+00
    outer loop
      vertex   -4.251427e+01 -3.502250e+00 2.740000e+01
      vertex   -4.791427e+01 -3.502250e+00 2.430000e+01
      vertex   -4.791427e+01 -3.502250e+00 2.847270e+01
    endloop
  endfacet
  facet normal 0.000000e+00 1.000000e+00 0.000000e+00
    outer loop
      vertex   -4.251427e+01 -3.502250e+00 2.740000e+01
      vertex   -4.791427e+01 -3.502250e+00 2.847270e+01
      vertex   -4.251427e+01 -3.502250e+00 2.847270e+01
    endloop
  endfacet
  facet normal 0.000000e+00 0.000000e+00 -1.000000e+00
    outer loop
      vertex   -5.041427e+01 1.012881e+01 2.817270e+01
      vertex   -5.041427e+01 1.572881e+01 2.817270e+01
      vertex   -4.971427e+01 1.012881e+01 2.817270e+01
    endloop
  endfacet
  facet normal 0.000000e+00 0.000000e+00 -1.000000e+00
    outer loop
      vertex   -4.971427e+01 1.012881e+01 2.817270e+01
      vertex   -5.041427e+01 1.572881e+01 2.817270e+01
      vertex   -4.971427e+01 1.572881e+01 2.817270e+01
    endloop
  endfacet
  facet normal 1.000000e+00 0.000000e+00 -0.000000e+00
    outer loop
      vertex   -4.971427e+01 1.611953e+01 2.813097e+01
      vertex   -4.971427e+01 1.867881e+01 2.897270e+01
      vertex   -4.971427e+01 1.572881e+01 2.817270e+01
    endloop
  endfacet
  facet normal 1.000000e+00 0.000000e+00 -0.000000e+00
    outer loop
      vertex   -4.971427e+01 1.572881e+01 2.817270e+01
      vertex   -4.971427e+01 1.867881e+01 2.897270e+01
      vertex   -4.971427e+01 7.178806e+00 2.897270e+01
    endloop
  endfacet
  facet normal 1.000000e+00 0.000000e+00 0.000000e+00
    outer loop
      vertex   -4.971427e+01 1.572881e+01 2.817270e+01
      vertex   -4.971427e+01 7.178806e+00 2.897270e+01
      vertex   -4.971427e+01 1.012881e+01 2.817270e+01
    endloop
  endfacet
  facet normal 1.000000e+00 0.000000e+00 0.000000e+00
    outer loop
      vertex   -4.971427e+01 1.012881e+01 2.817270e+01
      vertex   -4.971427e+01 7.178806e+00 2.897270e+01
      vertex   -4.971427e+01 9.738084e+00 2.813097e+01
    endloop
  endfacet
  facet normal 1.000000e+00 0.000000e+00 0.000000e+00
    outer loop
      vertex   -4.971427e+01 9.738084e+00 2.813097e+01
      vertex   -4.971427e+01 7.178806e+00 2.897270e+01
      vertex   -4.971427e+01 9.364989e+00 2.800766e+01
    endloop
  endfacet
  facet normal 1.000000e+00 0.000000e+00 0.000000e+00
    outer loop
      vertex   -4.971427e+01 9.364989e+00 2.800766e+01
      vertex   -4.971427e+01 7.178806e+00 2.897270e+01
      vertex   -4.971427e+01 9.026354e+00 2.780833e+01
    endloop
  endfacet
  facet normal 1.000000e+00 0.000000e+00 0.000000e+00
    outer loop
      vertex   -4.971427e+01 9.026354e+00 2.780833e+01
      vertex   -4.971427e+01 7.178806e+00 2.897270e+01
      vertex   -4.971427e+01 8.737455e+00 2.754198e+01
    endloop
  endfacet
  facet normal 1.000000e+00 0.000000e+00 0.000000e+00
    outer loop
      vertex   -4.971427e+01 8.737455e+00 2.754198e+01
      vertex   -4.971427e+01 7.178806e+00 2.897270e+01
      vertex   -4.971427e+01 8.511327e+00 2.722062e+01
    endloop
  endfacet
  facet normal 1.000000e+00 0.000000e+00 0.000000e+00
    outer loop
      vertex   -4.971427e+01 8.511327e+00 2.722062e+01
      vertex   -4.971427e+01 7.178806e+00 2.897270e+01
      vertex   -4.971427e+01 7.178806e+00 2.647270e+01
    endloop
  endfacet
  facet normal 1.000000e+00 0.000000e+00 0.000000e+00
    outer loop
      vertex   -4.971427e+01 8.511327e+00 2.722062e+01
      vertex   -4.971427e+01 7.178806e+00 2.647270e+01
      vertex   -4.971427e+01 8.358171e+00 2.685875e+01
    endloop
  endfacet
  facet normal 1.000000e+00 0.000000e+00 0.000000e+00
    outer loop
      vertex   -4.971427e+01 8.358171e+00 2.685875e+01
      vertex   -4.971427e+01 7.178806e+00 2.647270e+01
      vertex   -4.971427e+01 8.284897e+00 2.647270e+01
    endloop
  endfacet
  facet normal 1.000000e+00 -0.000000e+00 0.000000e+00
    outer loop
      vertex   -4.971427e+01 1.611953e+01 2.813097e+01
      vertex   -4.971427e+01 1.649262e+01 2.800766e+01
      vertex   -4.971427e+01 1.867881e+01 2.897270e+01
    endloop
  endfacet
  facet normal 1.000000e+00 0.000000e+00 0.000000e+00
    outer loop
      vertex   -4.971427e+01 1.867881e+01 2.897270e+01
      vertex   -4.971427e+01 1.649262e+01 2.800766e+01
      vertex   -4.971427e+01 1.683126e+01 2.780833e+01
    endloop
  endfacet
  facet normal 1.000000e+00 0.000000e+00 0.000000e+00
    outer loop
      vertex   -4.971427e+01 1.867881e+01 2.897270e+01
      vertex   -4.971427e+01 1.683126e+01 2.780833e+01
      vertex   -4.971427e+01 1.712016e+01 2.754198e+01
    endloop
  endfacet
  facet normal 1.000000e+00 -0.000000e+00 0.000000e+00
    outer loop
      vertex   -4.971427e+01 1.712016e+01 2.754198e+01
      vertex   -4.971427e+01 1.734629e+01 2.722062e+01
      vertex   -4.971427e+01 1.867881e+01 2.897270e+01
    endloop
  endfacet
  facet normal 1.000000e+00 0.000000e+00 0.000000e+00
    outer loop
      vertex   -4.971427e+01 1.867881e+01 2.897270e+01
      vertex   -4.971427e+01 1.734629e+01 2.722062e+01
      vertex   -4.971427e+01 1.867881e+01 2.647270e+01
    endloop
  endfacet
  facet normal 1.000000e+00 0.000000e+00 0.000000e+00
    outer loop
      vertex   -4.971427e+01 1.867881e+01 2.647270e+01
      vertex   -4.971427e+01 1.734629e+01 2.722062e+01
      vertex   -4.971427e+01 1.749944e+01 2.685875e+01
    endloop
  endfacet
  facet normal 1.000000e+00 0.000000e+00 0.000000e+00
    outer loop
      vertex   -4.971427e+01 1.867881e+01 2.647270e+01
      vertex   -4.971427e+01 1.749944e+01 2.685875e+01
      vertex   -4.971427e+01 1.757272e+01 2.647270e+01
    endloop
  endfacet
  facet normal 0.000000e+00 -1.000000e+00 0.000000e+00
    outer loop
      vertex   -4.971427e+01 1.867881e+01 2.897270e+01
      vertex   -4.809666e+01 1.867881e+01 2.730000e+01
      vertex   -2.661427e+01 1.867881e+01 2.897270e+01
    endloop
  endfacet
  facet normal 0.000000e+00 -1.000000e+00 -0.000000e+00
    outer loop
      vertex   -2.661427e+01 1.867881e+01 2.897270e+01
      vertex   -4.809666e+01 1.867881e+01 2.730000e+01
      vertex   -2.411752e+01 1.867881e+01 2.730000e+01
    endloop
  endfacet
  facet normal 0.000000e+00 -1.000000e+00 0.000000e+00
    outer loop
      vertex   -2.661427e+01 1.867881e+01 2.897270e+01
      vertex   -2.411752e+01 1.867881e+01 2.730000e+01
      vertex   -2.411752e+01 1.867881e+01 2.980000e+01
    endloop
  endfacet
  facet normal 0.000000e+00 -1.000000e+00 0.000000e+00
    outer loop
      vertex   -4.971427e+01 1.867881e+01 2.897270e+01
      vertex   -4.971427e+01 1.867881e+01 2.647270e+01
      vertex   -4.809666e+01 1.867881e+01 2.730000e+01
    endloop
  endfacet
  facet normal 0.000000e+00 -1.000000e+00 0.000000e+00
    outer loop
      vertex   -4.809666e+01 1.867881e+01 2.730000e+01
      vertex   -4.971427e+01 1.867881e+01 2.647270e+01
      vertex   -4.969666e+01 1.867881e+01 2.647270e+01
    endloop
  endfacet
  facet normal 0.000000e+00 -1.000000e+00 -0.000000e+00
    outer loop
      vertex   -4.809666e+01 1.867881e+01 2.730000e+01
      vertex   -4.969666e+01 1.867881e+01 2.647270e+01
      vertex   -4.809666e+01 1.867881e+01 2.487270e+01
    endloop
  endfacet
  facet normal -0.000000e+00 -1.000000e+00 0.000000e+00
    outer loop
      vertex   -2.411752e+01 1.867881e+01 2.980000e+01
      vertex   -2.661427e+01 1.867881e+01 2.980000e+01
      vertex   -2.661427e+01 1.867881e+01 2.897270e+01
    endloop
  endfacet
  facet normal 0.000000e+00 0.000000e+00 -1.000000e+00
    outer loop
      vertex   -4.325515e+01 -1.113219e+01 2.937270e+01
      vertex   -4.691427e+01 -1.113219e+01 2.937270e+01
      vertex   -4.271427e+01 -9.764550e+00 2.937270e+01
    endloop
  endfacet
  facet normal -0.000000e+00 0.000000e+00 -1.000000e+00
    outer loop
      vertex   -4.271427e+01 -9.764550e+00 2.937270e+01
      vertex   -4.691427e+01 -1.113219e+01 2.937270e+01
      vertex   -4.691427e+01 -5.032194e+00 2.937270e+01
    endloop
  endfacet
  facet normal 0.000000e+00 0.000000e+00 -1.000000e+00
    outer loop
      vertex   -4.271427e+01 -9.764550e+00 2.937270e+01
      vertex   -4.691427e+01 -5.032194e+00 2.937270e+01
      vertex   -4.271427e+01 -6.273688e+00 2.937270e+01
    endloop
  endfacet
  facet normal 0.000000e+00 0.000000e+00 -1.000000e+00
    outer loop
      vertex   -4.271427e+01 -6.273688e+00 2.937270e+01
      vertex   -4.691427e+01 -5.032194e+00 2.937270e+01
      vertex   -4.325515e+01 -5.032194e+00 2.937270e+01
    endloop
  endfacet
  facet normal 0.000000e+00 0.000000e+00 -1.000000e+00
    outer loop
      vertex   -4.271427e+01 -6.273688e+00 2.937270e+01
      vertex   -4.325515e+01 -5.032194e+00 2.937270e+01
      vertex   -4.271427e+01 -5.032194e+00 2.937270e+01
    endloop
  endfacet
  facet normal -0.000000e+00 -0.000000e+00 -1.000000e+00
    outer loop
      vertex   -4.251427e+01 -6.273688e+00 2.937270e+01
      vertex   -4.251427e+01 -9.764550e+00 2.937270e+01
      vertex   -4.271427e+01 -6.273688e+00 2.937270e+01
    endloop
  endfacet
  facet normal 0.000000e+00 0.000000e+00 -1.000000e+00
    outer loop
      vertex   -4.271427e+01 -6.273688e+00 2.937270e+01
      vertex   -4.251427e+01 -9.764550e+00 2.937270e+01
      vertex   -4.271427e+01 -9.764550e+00 2.937270e+01
    endloop
  endfacet
  facet normal 0.000000e+00 -0.000000e+00 -1.000000e+00
    outer loop
      vertex   -4.271427e+01 -9.764550e+00 2.937270e+01
      vertex   -4.271427e+01 -1.113219e+01 2.937270e+01
      vertex   -4.325515e+01 -1.113219e+01 2.937270e+01
    endloop
  endfacet
  facet normal -0.000000e+00 -1.000000e+00 0.000000e+00
    outer loop
      vertex   -4.325515e+01 -5.032194e+00 2.430000e+01
      vertex   -4.325515e+01 -5.032194e+00 2.937270e+01
      vertex   -4.691427e+01 -5.032194e+00 2.430000e+01
    endloop
  endfacet
  facet normal 0.000000e+00 -1.000000e+00 0.000000e+00
    outer loop
      vertex   -4.691427e+01 -5.032194e+00 2.430000e+01
      vertex   -4.325515e+01 -5.032194e+00 2.937270e+01
      vertex   -4.691427e+01 -5.032194e+00 2.937270e+01
    endloop
  endfacet
  facet normal 0.000000e+00 0.000000e+00 -1.000000e+00
    outer loop
      vertex   -5.021427e+01 -1.502250e+00 2.762270e+01
      vertex   -5.021427e+01 3.097750e+00 2.762270e+01
      vertex   -4.791427e+01 -1.502250e+00 2.762270e+01
    endloop
  endfacet
  facet normal 0.000000e+00 0.000000e+00 -1.000000e+00
    outer loop
      vertex   -4.791427e+01 -1.502250e+00 2.762270e+01
      vertex   -5.021427e+01 3.097750e+00 2.762270e+01
      vertex   -4.791427e+01 3.097750e+00 2.762270e+01
    endloop
  endfacet
  facet normal 0.000000e+00 1.000000e+00 -5.124106e-16
    outer loop
      vertex   -5.021427e+01 -1.502250e+00 2.502270e+01
      vertex   -5.021427e+01 -1.502250e+00 2.762270e+01
      vertex   -4.989666e+01 -1.502250e+00 2.502270e+01
    endloop
  endfacet
  facet normal 1.047251e-16 1.000000e+00 -4.996177e-16
    outer loop
      vertex   -4.989666e+01 -1.502250e+00 2.502270e+01
      vertex   -5.021427e+01 -1.502250e+00 2.762270e+01
      vertex   -4.809666e+01 -1.502250e+00 2.540000e+01
    endloop
  endfacet
  facet normal 1.040849e-16 1.000000e+00 -4.965637e-16
    outer loop
      vertex   -4.989666e+01 -1.502250e+00 2.502270e+01
      vertex   -4.809666e+01 -1.502250e+00 2.540000e+01
      vertex   -4.809666e+01 -1.502250e+00 2.182270e+01
    endloop
  endfacet
  facet normal 0.000000e+00 1.000000e+00 -5.993912e-16
    outer loop
      vertex   -5.021427e+01 -1.502250e+00 2.762270e+01
      vertex   -4.791427e+01 -1.502250e+00 2.762270e+01
      vertex   -4.809666e+01 -1.502250e+00 2.540000e+01
    endloop
  endfacet
  facet normal 0.000000e+00 1.000000e+00 -5.993912e-16
    outer loop
      vertex   -4.809666e+01 -1.502250e+00 2.540000e+01
      vertex   -4.791427e+01 -1.502250e+00 2.762270e+01
      vertex   -4.791427e+01 -1.502250e+00 2.540000e+01
    endloop
  endfacet
  facet normal -6.930972e-01 7.208441e-01 -7.658618e-16
    outer loop
      vertex   2.090538e+01 -1.452035e+01 2.180000e+01
      vertex   2.194542e+01 -1.352035e+01 2.280000e+01
      vertex   2.428573e+01 -1.127013e+01 2.180000e+01
    endloop
  endfacet
  facet normal -6.930972e-01 7.208441e-01 0.000000e+00
    outer loop
      vertex   2.428573e+01 -1.127013e+01 2.180000e+01
      vertex   2.194542e+01 -1.352035e+01 2.280000e+01
      vertex   2.428573e+01 -1.127013e+01 2.780000e+01
    endloop
  endfacet
  facet normal -6.930972e-01 7.208441e-01 -1.400000e-17
    outer loop
      vertex   2.428573e+01 -1.127013e+01 2.780000e+01
      vertex   2.194542e+01 -1.352035e+01 2.280000e+01
      vertex   2.194542e+01 -1.352035e+01 2.780000e+01
    endloop
  endfacet
  facet normal -6.930972e-01 -7.208441e-01 3.417302e-15
    outer loop
      vertex   2.090538e+01 2.081246e+01 2.180000e+01
      vertex   2.428573e+01 1.756224e+01 2.180000e+01
      vertex   2.194542e+01 1.981246e+01 2.280000e+01
    endloop
  endfacet
  facet normal -6.930972e-01 -7.208441e-01 -1.380529e-17
    outer loop
      vertex   2.194542e+01 1.981246e+01 2.280000e+01
      vertex   2.428573e+01 1.756224e+01 2.180000e+01
      vertex   2.428573e+01 1.756224e+01 2.780000e+01
    endloop
  endfacet
  facet normal -6.930972e-01 -7.208441e-01 -5.121906e-16
    outer loop
      vertex   2.194542e+01 1.981246e+01 2.280000e+01
      vertex   2.428573e+01 1.756224e+01 2.780000e+01
      vertex   2.194542e+01 1.981246e+01 2.780000e+01
    endloop
  endfacet
  facet normal 0.000000e+00 0.000000e+00 -1.000000e+00
    outer loop
      vertex   -4.791427e+01 -3.502250e+00 2.847270e+01
      vertex   -4.791427e+01 5.097750e+00 2.847270e+01
      vertex   -4.251427e+01 -3.502250e+00 2.847270e+01
    endloop
  endfacet
  facet normal 0.000000e+00 0.000000e+00 -1.000000e+00
    outer loop
      vertex   -4.251427e+01 -3.502250e+00 2.847270e+01
      vertex   -4.791427e+01 5.097750e+00 2.847270e+01
      vertex   -4.251427e+01 5.097750e+00 2.847270e+01
    endloop
  endfacet
  facet normal -1.000000e+00 0.000000e+00 -6.623864e-15
    outer loop
      vertex   -4.251427e+01 -3.502250e+00 2.740000e+01
      vertex   -4.251427e+01 -3.502250e+00 2.847270e+01
      vertex   -4.251427e+01 5.097750e+00 2.740000e+01
    endloop
  endfacet
  facet normal -1.000000e+00 0.000000e+00 -6.623864e-15
    outer loop
      vertex   -4.251427e+01 5.097750e+00 2.740000e+01
      vertex   -4.251427e+01 -3.502250e+00 2.847270e+01
      vertex   -4.251427e+01 5.097750e+00 2.847270e+01
    endloop
  endfacet
endsolid
