solid ASCII
  facet normal 0.000000e+00 7.071068e-01 -7.071068e-01
    outer loop
      vertex   -2.208084e+01 6.551377e-01 0.000000e+00
      vertex   -2.741900e+01 6.551377e-01 0.000000e+00
      vertex   -2.223084e+01 8.051377e-01 1.500000e-01
    endloop
  endfacet
  facet normal 0.000000e+00 7.071068e-01 -7.071068e-01
    outer loop
      vertex   -2.223084e+01 8.051377e-01 1.500000e-01
      vertex   -2.741900e+01 6.551377e-01 0.000000e+00
      vertex   -2.726900e+01 8.051377e-01 1.500000e-01
    endloop
  endfacet
  facet normal 7.071068e-01 0.000000e+00 -7.071068e-01
    outer loop
      vertex   -2.726900e+01 8.051377e-01 1.500000e-01
      vertex   -2.741900e+01 6.551377e-01 0.000000e+00
      vertex   -2.726900e+01 5.760097e+00 1.500000e-01
    endloop
  endfacet
  facet normal 7.071068e-01 -1.369422e-18 -7.071068e-01
    outer loop
      vertex   -2.726900e+01 5.760097e+00 1.500000e-01
      vertex   -2.741900e+01 6.551377e-01 0.000000e+00
      vertex   -2.741900e+01 5.910097e+00 0.000000e+00
    endloop
  endfacet
  facet normal -0.000000e+00 -7.071068e-01 -7.071068e-01
    outer loop
      vertex   -2.223084e+01 5.760097e+00 1.500000e-01
      vertex   -2.726900e+01 5.760097e+00 1.500000e-01
      vertex   -2.208084e+01 5.910097e+00 0.000000e+00
    endloop
  endfacet
  facet normal -0.000000e+00 -7.071068e-01 -7.071068e-01
    outer loop
      vertex   -2.208084e+01 5.910097e+00 0.000000e+00
      vertex   -2.726900e+01 5.760097e+00 1.500000e-01
      vertex   -2.741900e+01 5.910097e+00 0.000000e+00
    endloop
  endfacet
  facet normal -7.071068e-01 0.000000e+00 -7.071068e-01
    outer loop
      vertex   -2.223084e+01 8.051377e-01 1.500000e-01
      vertex   -2.223084e+01 5.760097e+00 1.500000e-01
      vertex   -2.208084e+01 6.551377e-01 0.000000e+00
    endloop
  endfacet
  facet normal -7.071068e-01 0.000000e+00 -7.071068e-01
    outer loop
      vertex   -2.208084e+01 6.551377e-01 0.000000e+00
      vertex   -2.223084e+01 5.760097e+00 1.500000e-01
      vertex   -2.208084e+01 5.910097e+00 0.000000e+00
    endloop
  endfacet
  facet normal -1.000000e+00 0.000000e+00 0.000000e+00
    outer loop
      vertex   -2.223084e+01 5.760097e+00 1.500000e-01
      vertex   -2.223084e+01 8.051377e-01 1.500000e-01
      vertex   -2.223084e+01 5.760097e+00 1.800000e+00
    endloop
  endfacet
  facet normal -1.000000e+00 -0.000000e+00 0.000000e+00
    outer loop
      vertex   -2.223084e+01 5.760097e+00 1.800000e+00
      vertex   -2.223084e+01 8.051377e-01 1.500000e-01
      vertex   -2.223084e+01 8.051377e-01 1.800000e+00
    endloop
  endfacet
  facet normal 0.000000e+00 1.000000e+00 -0.000000e+00
    outer loop
      vertex   -2.223084e+01 8.051377e-01 1.500000e-01
      vertex   -2.726900e+01 8.051377e-01 1.500000e-01
      vertex   -2.223084e+01 8.051377e-01 1.800000e+00
    endloop
  endfacet
  facet normal 0.000000e+00 1.000000e+00 0.000000e+00
    outer loop
      vertex   -2.223084e+01 8.051377e-01 1.800000e+00
      vertex   -2.726900e+01 8.051377e-01 1.500000e-01
      vertex   -2.726900e+01 8.051377e-01 1.800000e+00
    endloop
  endfacet
  facet normal 0.000000e+00 0.000000e+00 -1.000000e+00
    outer loop
      vertex   6.320170e+00 -3.606317e-01 0.000000e+00
      vertex   2.576111e+00 -1.388348e+01 0.000000e+00
      vertex   -3.979830e+00 -3.606317e-01 0.000000e+00
    endloop
  endfacet
  facet normal 0.000000e+00 -0.000000e+00 -1.000000e+00
    outer loop
      vertex   -3.979830e+00 -3.606317e-01 0.000000e+00
      vertex   2.576111e+00 -1.388348e+01 0.000000e+00
      vertex   -8.099070e+00 -1.388348e+01 0.000000e+00
    endloop
  endfacet
  facet normal 0.000000e+00 0.000000e+00 -1.000000e+00
    outer loop
      vertex   -3.979830e+00 -3.606317e-01 0.000000e+00
      vertex   -8.099070e+00 -1.388348e+01 0.000000e+00
      vertex   -1.839907e+01 -1.388348e+01 0.000000e+00
    endloop
  endfacet
  facet normal 0.000000e+00 -0.000000e+00 -1.000000e+00
    outer loop
      vertex   6.320170e+00 5.487902e+00 0.000000e+00
      vertex   1.228648e+01 2.706335e+00 0.000000e+00
      vertex   6.320170e+00 -3.606317e-01 0.000000e+00
    endloop
  endfacet
  facet normal 0.000000e+00 0.000000e+00 -1.000000e+00
    outer loop
      vertex   6.320170e+00 -3.606317e-01 0.000000e+00
      vertex   1.228648e+01 2.706335e+00 0.000000e+00
      vertex   1.228648e+01 -5.881715e-01 0.000000e+00
    endloop
  endfacet
  facet normal 0.000000e+00 0.000000e+00 -1.000000e+00
    outer loop
      vertex   6.320170e+00 -3.606317e-01 0.000000e+00
      vertex   1.228648e+01 -5.881715e-01 0.000000e+00
      vertex   1.909446e+01 -7.657907e+00 0.000000e+00
    endloop
  endfacet
  facet normal 0.000000e+00 0.000000e+00 -1.000000e+00
    outer loop
      vertex   1.909446e+01 -7.657907e+00 0.000000e+00
      vertex   1.228648e+01 -5.881715e-01 0.000000e+00
      vertex   1.909446e+01 -5.770635e+00 0.000000e+00
    endloop
  endfacet
  facet normal 0.000000e+00 0.000000e+00 -1.000000e+00
    outer loop
      vertex   1.909446e+01 -5.770635e+00 0.000000e+00
      vertex   1.228648e+01 -5.881715e-01 0.000000e+00
      vertex   2.412507e+01 -5.881715e-01 0.000000e+00
    endloop
  endfacet
  facet normal 0.000000e+00 0.000000e+00 -1.000000e+00
    outer loop
      vertex   1.909446e+01 -5.770635e+00 0.000000e+00
      vertex   2.412507e+01 -5.881715e-01 0.000000e+00
      vertex   2.412507e+01 -5.770635e+00 0.000000e+00
    endloop
  endfacet
  facet normal 0.000000e+00 0.000000e+00 -1.000000e+00
    outer loop
      vertex   -3.979830e+00 5.487902e+00 0.000000e+00
      vertex   2.576111e+00 2.020039e+01 0.000000e+00
      vertex   6.320170e+00 5.487902e+00 0.000000e+00
    endloop
  endfacet
  facet normal 0.000000e+00 0.000000e+00 -1.000000e+00
    outer loop
      vertex   6.320170e+00 5.487902e+00 0.000000e+00
      vertex   2.576111e+00 2.020039e+01 0.000000e+00
      vertex   1.534538e+01 8.856342e+00 0.000000e+00
    endloop
  endfacet
  facet normal 0.000000e+00 0.000000e+00 -1.000000e+00
    outer loop
      vertex   6.320170e+00 5.487902e+00 0.000000e+00
      vertex   1.534538e+01 8.856342e+00 0.000000e+00
      vertex   1.534538e+01 6.688800e+00 0.000000e+00
    endloop
  endfacet
  facet normal 0.000000e+00 0.000000e+00 -1.000000e+00
    outer loop
      vertex   -3.979830e+00 -3.606317e-01 0.000000e+00
      vertex   -2.208084e+01 6.551377e-01 0.000000e+00
      vertex   -3.979830e+00 5.487902e+00 0.000000e+00
    endloop
  endfacet
  facet normal -0.000000e+00 0.000000e+00 -1.000000e+00
    outer loop
      vertex   -3.979830e+00 5.487902e+00 0.000000e+00
      vertex   -2.208084e+01 6.551377e-01 0.000000e+00
      vertex   -2.208084e+01 5.910097e+00 0.000000e+00
    endloop
  endfacet
  facet normal 0.000000e+00 0.000000e+00 -1.000000e+00
    outer loop
      vertex   -3.979830e+00 5.487902e+00 0.000000e+00
      vertex   -2.208084e+01 5.910097e+00 0.000000e+00
      vertex   -8.099070e+00 2.020039e+01 0.000000e+00
    endloop
  endfacet
  facet normal -0.000000e+00 0.000000e+00 -1.000000e+00
    outer loop
      vertex   -8.099070e+00 2.020039e+01 0.000000e+00
      vertex   -2.208084e+01 5.910097e+00 0.000000e+00
      vertex   -1.839907e+01 2.020039e+01 0.000000e+00
    endloop
  endfacet
  facet normal 0.000000e+00 0.000000e+00 -1.000000e+00
    outer loop
      vertex   -1.839907e+01 2.020039e+01 0.000000e+00
      vertex   -2.208084e+01 5.910097e+00 0.000000e+00
      vertex   -2.741900e+01 5.910097e+00 0.000000e+00
    endloop
  endfacet
  facet normal -0.000000e+00 0.000000e+00 -1.000000e+00
    outer loop
      vertex   -1.839907e+01 2.020039e+01 0.000000e+00
      vertex   -2.741900e+01 5.910097e+00 0.000000e+00
      vertex   -3.356427e+01 2.218725e+01 0.000000e+00
    endloop
  endfacet
  facet normal 0.000000e+00 0.000000e+00 -1.000000e+00
    outer loop
      vertex   -3.356427e+01 2.218725e+01 0.000000e+00
      vertex   -2.741900e+01 5.910097e+00 0.000000e+00
      vertex   -2.741900e+01 6.551377e-01 0.000000e+00
    endloop
  endfacet
  facet normal 0.000000e+00 0.000000e+00 -1.000000e+00
    outer loop
      vertex   -3.356427e+01 2.218725e+01 0.000000e+00
      vertex   -2.741900e+01 6.551377e-01 0.000000e+00
      vertex   -3.356427e+01 -1.587035e+01 0.000000e+00
    endloop
  endfacet
  facet normal 0.000000e+00 0.000000e+00 -1.000000e+00
    outer loop
      vertex   -3.356427e+01 -1.587035e+01 0.000000e+00
      vertex   -2.741900e+01 6.551377e-01 0.000000e+00
      vertex   -1.839907e+01 -1.388348e+01 0.000000e+00
    endloop
  endfacet
  facet normal 0.000000e+00 0.000000e+00 -1.000000e+00
    outer loop
      vertex   -3.356427e+01 -1.587035e+01 0.000000e+00
      vertex   -1.839907e+01 -1.388348e+01 0.000000e+00
      vertex   -1.839907e+01 -1.587035e+01 0.000000e+00
    endloop
  endfacet
  facet normal 0.000000e+00 -0.000000e+00 -1.000000e+00
    outer loop
      vertex   2.412507e+01 -7.657907e+00 0.000000e+00
      vertex   2.412507e+01 -1.098187e+01 0.000000e+00
      vertex   1.909446e+01 -7.657907e+00 0.000000e+00
    endloop
  endfacet
  facet normal 0.000000e+00 -0.000000e+00 -1.000000e+00
    outer loop
      vertex   1.909446e+01 -7.657907e+00 0.000000e+00
      vertex   2.412507e+01 -1.098187e+01 0.000000e+00
      vertex   1.732808e+01 -1.098187e+01 0.000000e+00
    endloop
  endfacet
  facet normal -0.000000e+00 0.000000e+00 -1.000000e+00
    outer loop
      vertex   1.909446e+01 -7.657907e+00 0.000000e+00
      vertex   1.732808e+01 -1.098187e+01 0.000000e+00
      vertex   6.320170e+00 -3.606317e-01 0.000000e+00
    endloop
  endfacet
  facet normal 0.000000e+00 0.000000e+00 -1.000000e+00
    outer loop
      vertex   6.320170e+00 -3.606317e-01 0.000000e+00
      vertex   1.732808e+01 -1.098187e+01 0.000000e+00
      vertex   1.287611e+01 -1.388348e+01 0.000000e+00
    endloop
  endfacet
  facet normal 0.000000e+00 -0.000000e+00 -1.000000e+00
    outer loop
      vertex   6.320170e+00 -3.606317e-01 0.000000e+00
      vertex   1.287611e+01 -1.388348e+01 0.000000e+00
      vertex   2.576111e+00 -1.388348e+01 0.000000e+00
    endloop
  endfacet
  facet normal 0.000000e+00 -0.000000e+00 -1.000000e+00
    outer loop
      vertex   1.732808e+01 -1.098187e+01 0.000000e+00
      vertex   1.732808e+01 -1.587035e+01 0.000000e+00
      vertex   1.287611e+01 -1.388348e+01 0.000000e+00
    endloop
  endfacet
  facet normal 0.000000e+00 -0.000000e+00 -1.000000e+00
    outer loop
      vertex   1.287611e+01 -1.388348e+01 0.000000e+00
      vertex   1.732808e+01 -1.587035e+01 0.000000e+00
      vertex   1.287611e+01 -1.587035e+01 0.000000e+00
    endloop
  endfacet
  facet normal 0.000000e+00 0.000000e+00 -1.000000e+00
    outer loop
      vertex   2.576111e+00 -1.587035e+01 0.000000e+00
      vertex   -8.099070e+00 -1.587035e+01 0.000000e+00
      vertex   2.576111e+00 -1.388348e+01 0.000000e+00
    endloop
  endfacet
  facet normal -0.000000e+00 0.000000e+00 -1.000000e+00
    outer loop
      vertex   2.576111e+00 -1.388348e+01 0.000000e+00
      vertex   -8.099070e+00 -1.587035e+01 0.000000e+00
      vertex   -8.099070e+00 -1.388348e+01 0.000000e+00
    endloop
  endfacet
  facet normal 0.000000e+00 0.000000e+00 -1.000000e+00
    outer loop
      vertex   -3.356427e+01 2.218725e+01 0.000000e+00
      vertex   -1.839907e+01 2.218725e+01 0.000000e+00
      vertex   -1.839907e+01 2.020039e+01 0.000000e+00
    endloop
  endfacet
  facet normal 0.000000e+00 0.000000e+00 -1.000000e+00
    outer loop
      vertex   -8.099070e+00 2.218725e+01 0.000000e+00
      vertex   2.576111e+00 2.218725e+01 0.000000e+00
      vertex   -8.099070e+00 2.020039e+01 0.000000e+00
    endloop
  endfacet
  facet normal 0.000000e+00 0.000000e+00 -1.000000e+00
    outer loop
      vertex   -8.099070e+00 2.020039e+01 0.000000e+00
      vertex   2.576111e+00 2.218725e+01 0.000000e+00
      vertex   2.576111e+00 2.020039e+01 0.000000e+00
    endloop
  endfacet
  facet normal 0.000000e+00 0.000000e+00 -1.000000e+00
    outer loop
      vertex   -8.099070e+00 2.020039e+01 0.000000e+00
      vertex   2.576111e+00 2.020039e+01 0.000000e+00
      vertex   -3.979830e+00 5.487902e+00 0.000000e+00
    endloop
  endfacet
  facet normal 0.000000e+00 0.000000e+00 -1.000000e+00
    outer loop
      vertex   2.576111e+00 2.020039e+01 0.000000e+00
      vertex   1.287611e+01 2.020039e+01 0.000000e+00
      vertex   1.534538e+01 8.856342e+00 0.000000e+00
    endloop
  endfacet
  facet normal 0.000000e+00 0.000000e+00 -1.000000e+00
    outer loop
      vertex   1.534538e+01 8.856342e+00 0.000000e+00
      vertex   1.287611e+01 2.020039e+01 0.000000e+00
      vertex   1.712001e+01 1.729340e+01 0.000000e+00
    endloop
  endfacet
  facet normal 0.000000e+00 0.000000e+00 -1.000000e+00
    outer loop
      vertex   1.534538e+01 8.856342e+00 0.000000e+00
      vertex   1.712001e+01 1.729340e+01 0.000000e+00
      vertex   1.909446e+01 1.365887e+01 0.000000e+00
    endloop
  endfacet
  facet normal 0.000000e+00 0.000000e+00 -1.000000e+00
    outer loop
      vertex   1.909446e+01 1.365887e+01 0.000000e+00
      vertex   1.712001e+01 1.729340e+01 0.000000e+00
      vertex   2.412507e+01 1.729340e+01 0.000000e+00
    endloop
  endfacet
  facet normal 0.000000e+00 0.000000e+00 -1.000000e+00
    outer loop
      vertex   1.909446e+01 1.365887e+01 0.000000e+00
      vertex   2.412507e+01 1.729340e+01 0.000000e+00
      vertex   2.412507e+01 1.365887e+01 0.000000e+00
    endloop
  endfacet
  facet normal 0.000000e+00 0.000000e+00 -1.000000e+00
    outer loop
      vertex   1.287611e+01 2.218725e+01 0.000000e+00
      vertex   1.712001e+01 2.218725e+01 0.000000e+00
      vertex   1.287611e+01 2.020039e+01 0.000000e+00
    endloop
  endfacet
  facet normal 0.000000e+00 0.000000e+00 -1.000000e+00
    outer loop
      vertex   1.287611e+01 2.020039e+01 0.000000e+00
      vertex   1.712001e+01 2.218725e+01 0.000000e+00
      vertex   1.712001e+01 1.729340e+01 0.000000e+00
    endloop
  endfacet
  facet normal 0.000000e+00 -0.000000e+00 -1.000000e+00
    outer loop
      vertex   1.909446e+01 1.365887e+01 0.000000e+00
      vertex   1.909446e+01 1.177159e+01 0.000000e+00
      vertex   1.534538e+01 8.856342e+00 0.000000e+00
    endloop
  endfacet
  facet normal 0.000000e+00 0.000000e+00 -1.000000e+00
    outer loop
      vertex   1.534538e+01 8.856342e+00 0.000000e+00
      vertex   1.909446e+01 1.177159e+01 0.000000e+00
      vertex   2.412507e+01 8.856342e+00 0.000000e+00
    endloop
  endfacet
  facet normal 0.000000e+00 0.000000e+00 -1.000000e+00
    outer loop
      vertex   2.412507e+01 8.856342e+00 0.000000e+00
      vertex   1.909446e+01 1.177159e+01 0.000000e+00
      vertex   2.412507e+01 1.177159e+01 0.000000e+00
    endloop
  endfacet
  facet normal -0.000000e+00 -0.000000e+00 -1.000000e+00
    outer loop
      vertex   1.732808e+01 6.688800e+00 0.000000e+00
      vertex   1.732808e+01 2.706335e+00 0.000000e+00
      vertex   1.534538e+01 6.688800e+00 0.000000e+00
    endloop
  endfacet
  facet normal 0.000000e+00 -0.000000e+00 -1.000000e+00
    outer loop
      vertex   1.534538e+01 6.688800e+00 0.000000e+00
      vertex   1.732808e+01 2.706335e+00 0.000000e+00
      vertex   1.228648e+01 2.706335e+00 0.000000e+00
    endloop
  endfacet
  facet normal 0.000000e+00 0.000000e+00 -1.000000e+00
    outer loop
      vertex   1.534538e+01 6.688800e+00 0.000000e+00
      vertex   1.228648e+01 2.706335e+00 0.000000e+00
      vertex   6.320170e+00 5.487902e+00 0.000000e+00
    endloop
  endfacet
  facet normal 0.000000e+00 0.000000e+00 -1.000000e+00
    outer loop
      vertex   -2.741900e+01 6.551377e-01 0.000000e+00
      vertex   -2.208084e+01 6.551377e-01 0.000000e+00
      vertex   -1.839907e+01 -1.388348e+01 0.000000e+00
    endloop
  endfacet
  facet normal 0.000000e+00 0.000000e+00 -1.000000e+00
    outer loop
      vertex   -1.839907e+01 -1.388348e+01 0.000000e+00
      vertex   -2.208084e+01 6.551377e-01 0.000000e+00
      vertex   -3.979830e+00 -3.606317e-01 0.000000e+00
    endloop
  endfacet
  facet normal -3.810904e-18 7.071068e-01 -7.071068e-01
    outer loop
      vertex   6.320170e+00 -3.606317e-01 0.000000e+00
      vertex   -3.979830e+00 -3.606317e-01 0.000000e+00
      vertex   6.170170e+00 -2.106317e-01 1.500000e-01
    endloop
  endfacet
  facet normal -1.373831e-17 7.071068e-01 -7.071068e-01
    outer loop
      vertex   6.170170e+00 -2.106317e-01 1.500000e-01
      vertex   -3.979830e+00 -3.606317e-01 0.000000e+00
      vertex   -3.829830e+00 -2.106317e-01 1.500000e-01
    endloop
  endfacet
  facet normal 7.071068e-01 0.000000e+00 -7.071068e-01
    outer loop
      vertex   -3.829830e+00 -2.106317e-01 1.500000e-01
      vertex   -3.979830e+00 -3.606317e-01 0.000000e+00
      vertex   -3.829830e+00 5.337902e+00 1.500000e-01
    endloop
  endfacet
  facet normal 7.071068e-01 -1.118580e-19 -7.071068e-01
    outer loop
      vertex   -3.829830e+00 5.337902e+00 1.500000e-01
      vertex   -3.979830e+00 -3.606317e-01 0.000000e+00
      vertex   -3.979830e+00 5.487902e+00 0.000000e+00
    endloop
  endfacet
  facet normal -0.000000e+00 -7.071068e-01 -7.071068e-01
    outer loop
      vertex   6.170170e+00 5.337902e+00 1.500000e-01
      vertex   -3.829830e+00 5.337902e+00 1.500000e-01
      vertex   6.320170e+00 5.487902e+00 0.000000e+00
    endloop
  endfacet
  facet normal -0.000000e+00 -7.071068e-01 -7.071068e-01
    outer loop
      vertex   6.320170e+00 5.487902e+00 0.000000e+00
      vertex   -3.829830e+00 5.337902e+00 1.500000e-01
      vertex   -3.979830e+00 5.487902e+00 0.000000e+00
    endloop
  endfacet
  facet normal -7.071068e-01 1.131897e-16 -7.071068e-01
    outer loop
      vertex   6.170170e+00 -2.106317e-01 1.500000e-01
      vertex   6.170170e+00 5.337902e+00 1.500000e-01
      vertex   6.320170e+00 -3.606317e-01 0.000000e+00
    endloop
  endfacet
  facet normal -7.071068e-01 1.073837e-16 -7.071068e-01
    outer loop
      vertex   6.320170e+00 -3.606317e-01 0.000000e+00
      vertex   6.170170e+00 5.337902e+00 1.500000e-01
      vertex   6.320170e+00 5.487902e+00 0.000000e+00
    endloop
  endfacet
  facet normal -1.000000e+00 0.000000e+00 5.382900e-16
    outer loop
      vertex   6.170170e+00 5.337902e+00 1.800000e+00
      vertex   6.170170e+00 5.337902e+00 1.500000e-01
      vertex   6.170170e+00 2.580356e-01 1.800000e+00
    endloop
  endfacet
  facet normal -1.000000e+00 1.600744e-16 1.031112e-15
    outer loop
      vertex   6.170170e+00 2.580356e-01 1.800000e+00
      vertex   6.170170e+00 5.337902e+00 1.500000e-01
      vertex   6.170170e+00 -2.106317e-01 1.500000e-01
    endloop
  endfacet
  facet normal -1.000000e+00 0.000000e+00 1.076580e-15
    outer loop
      vertex   6.170170e+00 2.580356e-01 1.800000e+00
      vertex   6.170170e+00 -2.106317e-01 1.500000e-01
      vertex   6.170170e+00 -2.106317e-01 1.800000e+00
    endloop
  endfacet
  facet normal -1.942890e-17 1.000000e+00 -1.682156e-17
    outer loop
      vertex   6.170170e+00 -2.106317e-01 1.500000e-01
      vertex   -3.829830e+00 -2.106317e-01 1.500000e-01
      vertex   6.170170e+00 -2.106317e-01 1.800000e+00
    endloop
  endfacet
  facet normal -2.775558e-17 1.000000e+00 3.364312e-17
    outer loop
      vertex   6.170170e+00 -2.106317e-01 1.800000e+00
      vertex   -3.829830e+00 -2.106317e-01 1.500000e-01
      vertex   -3.829830e+00 -2.106317e-01 1.800000e+00
    endloop
  endfacet
  facet normal 0.000000e+00 7.071068e-01 -7.071068e-01
    outer loop
      vertex   1.534538e+01 6.688800e+00 0.000000e+00
      vertex   1.549538e+01 6.838800e+00 1.500000e-01
      vertex   1.732808e+01 6.688800e+00 0.000000e+00
    endloop
  endfacet
  facet normal -4.652393e-17 7.071068e-01 -7.071068e-01
    outer loop
      vertex   1.732808e+01 6.688800e+00 0.000000e+00
      vertex   1.549538e+01 6.838800e+00 1.500000e-01
      vertex   1.747808e+01 6.838800e+00 1.500000e-01
    endloop
  endfacet
  facet normal 7.071068e-01 0.000000e+00 -7.071068e-01
    outer loop
      vertex   1.534538e+01 8.856342e+00 0.000000e+00
      vertex   1.549538e+01 8.706342e+00 1.500000e-01
      vertex   1.534538e+01 6.688800e+00 0.000000e+00
    endloop
  endfacet
  facet normal 7.071068e-01 -3.853332e-18 -7.071068e-01
    outer loop
      vertex   1.534538e+01 6.688800e+00 0.000000e+00
      vertex   1.549538e+01 8.706342e+00 1.500000e-01
      vertex   1.549538e+01 6.838800e+00 1.500000e-01
    endloop
  endfacet
  facet normal 0.000000e+00 -7.071068e-01 -7.071068e-01
    outer loop
      vertex   1.534538e+01 8.856342e+00 0.000000e+00
      vertex   2.412507e+01 8.856342e+00 0.000000e+00
      vertex   1.549538e+01 8.706342e+00 1.500000e-01
    endloop
  endfacet
  facet normal 0.000000e+00 -7.071068e-01 -7.071068e-01
    outer loop
      vertex   1.549538e+01 8.706342e+00 1.500000e-01
      vertex   2.412507e+01 8.856342e+00 0.000000e+00
      vertex   2.427507e+01 8.706342e+00 1.500000e-01
    endloop
  endfacet
  facet normal 0.000000e+00 7.071068e-01 -7.071068e-01
    outer loop
      vertex   1.909446e+01 1.177159e+01 0.000000e+00
      vertex   1.924446e+01 1.192159e+01 1.500000e-01
      vertex   2.412507e+01 1.177159e+01 0.000000e+00
    endloop
  endfacet
  facet normal 1.170405e-18 7.071068e-01 -7.071068e-01
    outer loop
      vertex   2.412507e+01 1.177159e+01 0.000000e+00
      vertex   1.924446e+01 1.192159e+01 1.500000e-01
      vertex   2.427507e+01 1.192159e+01 1.500000e-01
    endloop
  endfacet
  facet normal 7.071068e-01 0.000000e+00 -7.071068e-01
    outer loop
      vertex   1.909446e+01 1.365887e+01 0.000000e+00
      vertex   1.924446e+01 1.350887e+01 1.500000e-01
      vertex   1.909446e+01 1.177159e+01 0.000000e+00
    endloop
  endfacet
  facet normal 7.071068e-01 -4.533727e-18 -7.071068e-01
    outer loop
      vertex   1.909446e+01 1.177159e+01 0.000000e+00
      vertex   1.924446e+01 1.350887e+01 1.500000e-01
      vertex   1.924446e+01 1.192159e+01 1.500000e-01
    endloop
  endfacet
  facet normal 0.000000e+00 -7.071068e-01 -7.071068e-01
    outer loop
      vertex   1.909446e+01 1.365887e+01 0.000000e+00
      vertex   2.412507e+01 1.365887e+01 0.000000e+00
      vertex   1.924446e+01 1.350887e+01 1.500000e-01
    endloop
  endfacet
  facet normal 0.000000e+00 -7.071068e-01 -7.071068e-01
    outer loop
      vertex   1.924446e+01 1.350887e+01 1.500000e-01
      vertex   2.412507e+01 1.365887e+01 0.000000e+00
      vertex   2.427507e+01 1.350887e+01 1.500000e-01
    endloop
  endfacet
  facet normal 7.071068e-01 0.000000e+00 -7.071068e-01
    outer loop
      vertex   2.412507e+01 1.365887e+01 0.000000e+00
      vertex   2.412507e+01 1.729340e+01 0.000000e+00
      vertex   2.427507e+01 1.350887e+01 1.500000e-01
    endloop
  endfacet
  facet normal 7.071068e-01 0.000000e+00 -7.071068e-01
    outer loop
      vertex   2.427507e+01 1.350887e+01 1.500000e-01
      vertex   2.412507e+01 1.729340e+01 0.000000e+00
      vertex   2.427507e+01 1.744340e+01 1.500000e-01
    endloop
  endfacet
  facet normal 7.071068e-01 0.000000e+00 -7.071068e-01
    outer loop
      vertex   1.712001e+01 1.729340e+01 0.000000e+00
      vertex   1.712001e+01 2.218725e+01 0.000000e+00
      vertex   1.727001e+01 1.744340e+01 1.500000e-01
    endloop
  endfacet
  facet normal 7.071068e-01 0.000000e+00 -7.071068e-01
    outer loop
      vertex   1.727001e+01 1.744340e+01 1.500000e-01
      vertex   1.712001e+01 2.218725e+01 0.000000e+00
      vertex   1.727001e+01 2.233725e+01 1.500000e-01
    endloop
  endfacet
  facet normal 0.000000e+00 7.071068e-01 -7.071068e-01
    outer loop
      vertex   1.712001e+01 2.218725e+01 0.000000e+00
      vertex   1.287611e+01 2.218725e+01 0.000000e+00
      vertex   1.727001e+01 2.233725e+01 1.500000e-01
    endloop
  endfacet
  facet normal 1.084128e-15 7.071068e-01 -7.071068e-01
    outer loop
      vertex   1.727001e+01 2.233725e+01 1.500000e-01
      vertex   1.287611e+01 2.218725e+01 0.000000e+00
      vertex   1.272611e+01 2.233725e+01 1.500000e-01
    endloop
  endfacet
  facet normal -0.000000e+00 -7.071068e-01 -7.071068e-01
    outer loop
      vertex   2.427507e+01 -1.113187e+01 1.500000e-01
      vertex   1.747808e+01 -1.113187e+01 1.500000e-01
      vertex   2.412507e+01 -1.098187e+01 0.000000e+00
    endloop
  endfacet
  facet normal -0.000000e+00 -7.071068e-01 -7.071068e-01
    outer loop
      vertex   2.412507e+01 -1.098187e+01 0.000000e+00
      vertex   1.747808e+01 -1.113187e+01 1.500000e-01
      vertex   1.732808e+01 -1.098187e+01 0.000000e+00
    endloop
  endfacet
  facet normal -7.071068e-01 -1.896563e-15 -7.071068e-01
    outer loop
      vertex   1.287611e+01 2.020039e+01 0.000000e+00
      vertex   1.272611e+01 2.035039e+01 1.500000e-01
      vertex   1.287611e+01 2.218725e+01 0.000000e+00
    endloop
  endfacet
  facet normal -7.071068e-01 -6.335046e-16 -7.071068e-01
    outer loop
      vertex   1.287611e+01 2.218725e+01 0.000000e+00
      vertex   1.272611e+01 2.035039e+01 1.500000e-01
      vertex   1.272611e+01 2.233725e+01 1.500000e-01
    endloop
  endfacet
  facet normal 0.000000e+00 7.071068e-01 -7.071068e-01
    outer loop
      vertex   1.287611e+01 2.020039e+01 0.000000e+00
      vertex   2.576111e+00 2.020039e+01 0.000000e+00
      vertex   1.272611e+01 2.035039e+01 1.500000e-01
    endloop
  endfacet
  facet normal 0.000000e+00 7.071068e-01 -7.071068e-01
    outer loop
      vertex   1.272611e+01 2.035039e+01 1.500000e-01
      vertex   2.576111e+00 2.020039e+01 0.000000e+00
      vertex   2.726111e+00 2.035039e+01 1.500000e-01
    endloop
  endfacet
  facet normal 7.071068e-01 -3.160938e-16 -7.071068e-01
    outer loop
      vertex   2.576111e+00 2.020039e+01 0.000000e+00
      vertex   2.576111e+00 2.218725e+01 0.000000e+00
      vertex   2.726111e+00 2.035039e+01 1.500000e-01
    endloop
  endfacet
  facet normal 7.071068e-01 -3.160938e-16 -7.071068e-01
    outer loop
      vertex   2.726111e+00 2.035039e+01 1.500000e-01
      vertex   2.576111e+00 2.218725e+01 0.000000e+00
      vertex   2.726111e+00 2.233725e+01 1.500000e-01
    endloop
  endfacet
  facet normal 0.000000e+00 7.071068e-01 -7.071068e-01
    outer loop
      vertex   2.576111e+00 2.218725e+01 0.000000e+00
      vertex   -8.099070e+00 2.218725e+01 0.000000e+00
      vertex   2.726111e+00 2.233725e+01 1.500000e-01
    endloop
  endfacet
  facet normal 4.577871e-16 7.071068e-01 -7.071068e-01
    outer loop
      vertex   2.726111e+00 2.233725e+01 1.500000e-01
      vertex   -8.099070e+00 2.218725e+01 0.000000e+00
      vertex   -8.249070e+00 2.233725e+01 1.500000e-01
    endloop
  endfacet
  facet normal -7.071068e-01 -6.321876e-16 -7.071068e-01
    outer loop
      vertex   -8.099070e+00 2.020039e+01 0.000000e+00
      vertex   -8.249070e+00 2.035039e+01 1.500000e-01
      vertex   -8.099070e+00 2.218725e+01 0.000000e+00
    endloop
  endfacet
  facet normal -7.071068e-01 -2.963379e-18 -7.071068e-01
    outer loop
      vertex   -8.099070e+00 2.218725e+01 0.000000e+00
      vertex   -8.249070e+00 2.035039e+01 1.500000e-01
      vertex   -8.249070e+00 2.233725e+01 1.500000e-01
    endloop
  endfacet
  facet normal 0.000000e+00 7.071068e-01 -7.071068e-01
    outer loop
      vertex   -8.099070e+00 2.020039e+01 0.000000e+00
      vertex   -1.839907e+01 2.020039e+01 0.000000e+00
      vertex   -8.249070e+00 2.035039e+01 1.500000e-01
    endloop
  endfacet
  facet normal -1.256074e-15 7.071068e-01 -7.071068e-01
    outer loop
      vertex   -8.249070e+00 2.035039e+01 1.500000e-01
      vertex   -1.839907e+01 2.020039e+01 0.000000e+00
      vertex   -1.824907e+01 2.035039e+01 1.500000e-01
    endloop
  endfacet
  facet normal 7.071068e-01 0.000000e+00 -7.071068e-01
    outer loop
      vertex   -1.839907e+01 2.020039e+01 0.000000e+00
      vertex   -1.839907e+01 2.218725e+01 0.000000e+00
      vertex   -1.824907e+01 2.035039e+01 1.500000e-01
    endloop
  endfacet
  facet normal 7.071068e-01 0.000000e+00 -7.071068e-01
    outer loop
      vertex   -1.824907e+01 2.035039e+01 1.500000e-01
      vertex   -1.839907e+01 2.218725e+01 0.000000e+00
      vertex   -1.824907e+01 2.233725e+01 1.500000e-01
    endloop
  endfacet
  facet normal 0.000000e+00 7.071068e-01 -7.071068e-01
    outer loop
      vertex   -1.839907e+01 2.218725e+01 0.000000e+00
      vertex   -3.356427e+01 2.218725e+01 0.000000e+00
      vertex   -1.824907e+01 2.233725e+01 1.500000e-01
    endloop
  endfacet
  facet normal 4.873162e-16 7.071068e-01 -7.071068e-01
    outer loop
      vertex   -1.824907e+01 2.233725e+01 1.500000e-01
      vertex   -3.356427e+01 2.218725e+01 0.000000e+00
      vertex   -3.371427e+01 2.233725e+01 1.500000e-01
    endloop
  endfacet
  facet normal -7.071068e-01 0.000000e+00 -7.071068e-01
    outer loop
      vertex   -3.356427e+01 -1.587035e+01 0.000000e+00
      vertex   -3.371427e+01 -1.602035e+01 1.500000e-01
      vertex   -3.356427e+01 2.218725e+01 0.000000e+00
    endloop
  endfacet
  facet normal -7.071068e-01 1.023325e-19 -7.071068e-01
    outer loop
      vertex   -3.356427e+01 2.218725e+01 0.000000e+00
      vertex   -3.371427e+01 -1.602035e+01 1.500000e-01
      vertex   -3.371427e+01 2.233725e+01 1.500000e-01
    endloop
  endfacet
  facet normal 0.000000e+00 -7.071068e-01 -7.071068e-01
    outer loop
      vertex   -3.356427e+01 -1.587035e+01 0.000000e+00
      vertex   -1.839907e+01 -1.587035e+01 0.000000e+00
      vertex   -3.371427e+01 -1.602035e+01 1.500000e-01
    endloop
  endfacet
  facet normal 0.000000e+00 -7.071068e-01 -7.071068e-01
    outer loop
      vertex   -3.371427e+01 -1.602035e+01 1.500000e-01
      vertex   -1.839907e+01 -1.587035e+01 0.000000e+00
      vertex   -1.824907e+01 -1.602035e+01 1.500000e-01
    endloop
  endfacet
  facet normal 7.071068e-01 0.000000e+00 -7.071068e-01
    outer loop
      vertex   -1.824907e+01 -1.602035e+01 1.500000e-01
      vertex   -1.839907e+01 -1.587035e+01 0.000000e+00
      vertex   -1.824907e+01 -1.403348e+01 1.500000e-01
    endloop
  endfacet
  facet normal 7.071068e-01 -3.621908e-18 -7.071068e-01
    outer loop
      vertex   -1.824907e+01 -1.403348e+01 1.500000e-01
      vertex   -1.839907e+01 -1.587035e+01 0.000000e+00
      vertex   -1.839907e+01 -1.388348e+01 0.000000e+00
    endloop
  endfacet
  facet normal -0.000000e+00 -7.071068e-01 -7.071068e-01
    outer loop
      vertex   -8.249070e+00 -1.403348e+01 1.500000e-01
      vertex   -1.824907e+01 -1.403348e+01 1.500000e-01
      vertex   -8.099070e+00 -1.388348e+01 0.000000e+00
    endloop
  endfacet
  facet normal -0.000000e+00 -7.071068e-01 -7.071068e-01
    outer loop
      vertex   -8.099070e+00 -1.388348e+01 0.000000e+00
      vertex   -1.824907e+01 -1.403348e+01 1.500000e-01
      vertex   -1.839907e+01 -1.388348e+01 0.000000e+00
    endloop
  endfacet
  facet normal -7.071068e-01 0.000000e+00 -7.071068e-01
    outer loop
      vertex   -8.249070e+00 -1.602035e+01 1.500000e-01
      vertex   -8.249070e+00 -1.403348e+01 1.500000e-01
      vertex   -8.099070e+00 -1.587035e+01 0.000000e+00
    endloop
  endfacet
  facet normal -7.071068e-01 0.000000e+00 -7.071068e-01
    outer loop
      vertex   -8.099070e+00 -1.587035e+01 0.000000e+00
      vertex   -8.249070e+00 -1.403348e+01 1.500000e-01
      vertex   -8.099070e+00 -1.388348e+01 0.000000e+00
    endloop
  endfacet
  facet normal -0.000000e+00 -7.071068e-01 -7.071068e-01
    outer loop
      vertex   2.726111e+00 -1.602035e+01 1.500000e-01
      vertex   -8.249070e+00 -1.602035e+01 1.500000e-01
      vertex   2.576111e+00 -1.587035e+01 0.000000e+00
    endloop
  endfacet
  facet normal -0.000000e+00 -7.071068e-01 -7.071068e-01
    outer loop
      vertex   2.576111e+00 -1.587035e+01 0.000000e+00
      vertex   -8.249070e+00 -1.602035e+01 1.500000e-01
      vertex   -8.099070e+00 -1.587035e+01 0.000000e+00
    endloop
  endfacet
  facet normal 7.071068e-01 3.160938e-16 -7.071068e-01
    outer loop
      vertex   2.726111e+00 -1.602035e+01 1.500000e-01
      vertex   2.576111e+00 -1.587035e+01 0.000000e+00
      vertex   2.726111e+00 -1.403348e+01 1.500000e-01
    endloop
  endfacet
  facet normal 7.071068e-01 1.593640e-16 -7.071068e-01
    outer loop
      vertex   2.726111e+00 -1.403348e+01 1.500000e-01
      vertex   2.576111e+00 -1.587035e+01 0.000000e+00
      vertex   2.576111e+00 -1.388348e+01 0.000000e+00
    endloop
  endfacet
  facet normal -0.000000e+00 -7.071068e-01 -7.071068e-01
    outer loop
      vertex   1.272611e+01 -1.403348e+01 1.500000e-01
      vertex   2.726111e+00 -1.403348e+01 1.500000e-01
      vertex   1.287611e+01 -1.388348e+01 0.000000e+00
    endloop
  endfacet
  facet normal -0.000000e+00 -7.071068e-01 -7.071068e-01
    outer loop
      vertex   1.287611e+01 -1.388348e+01 0.000000e+00
      vertex   2.726111e+00 -1.403348e+01 1.500000e-01
      vertex   2.576111e+00 -1.388348e+01 0.000000e+00
    endloop
  endfacet
  facet normal -7.071068e-01 1.896563e-15 -7.071068e-01
    outer loop
      vertex   1.272611e+01 -1.602035e+01 1.500000e-01
      vertex   1.272611e+01 -1.403348e+01 1.500000e-01
      vertex   1.287611e+01 -1.587035e+01 0.000000e+00
    endloop
  endfacet
  facet normal -7.071068e-01 1.264375e-15 -7.071068e-01
    outer loop
      vertex   1.287611e+01 -1.587035e+01 0.000000e+00
      vertex   1.272611e+01 -1.403348e+01 1.500000e-01
      vertex   1.287611e+01 -1.388348e+01 0.000000e+00
    endloop
  endfacet
  facet normal -0.000000e+00 -7.071068e-01 -7.071068e-01
    outer loop
      vertex   1.747808e+01 -1.602035e+01 1.500000e-01
      vertex   1.272611e+01 -1.602035e+01 1.500000e-01
      vertex   1.732808e+01 -1.587035e+01 0.000000e+00
    endloop
  endfacet
  facet normal -0.000000e+00 -7.071068e-01 -7.071068e-01
    outer loop
      vertex   1.732808e+01 -1.587035e+01 0.000000e+00
      vertex   1.272611e+01 -1.602035e+01 1.500000e-01
      vertex   1.287611e+01 -1.587035e+01 0.000000e+00
    endloop
  endfacet
  facet normal 7.071068e-01 -2.007388e-17 -7.071068e-01
    outer loop
      vertex   1.747808e+01 -1.602035e+01 1.500000e-01
      vertex   1.732808e+01 -1.587035e+01 0.000000e+00
      vertex   1.747808e+01 -1.113187e+01 1.500000e-01
    endloop
  endfacet
  facet normal 7.071068e-01 5.353035e-19 -7.071068e-01
    outer loop
      vertex   1.747808e+01 -1.113187e+01 1.500000e-01
      vertex   1.732808e+01 -1.587035e+01 0.000000e+00
      vertex   1.732808e+01 -1.098187e+01 0.000000e+00
    endloop
  endfacet
  facet normal 7.071068e-01 2.707829e-17 -7.071068e-01
    outer loop
      vertex   2.427507e+01 -7.507907e+00 1.500000e-01
      vertex   2.427507e+01 -1.113187e+01 1.500000e-01
      vertex   2.412507e+01 -7.657907e+00 0.000000e+00
    endloop
  endfacet
  facet normal 7.071068e-01 0.000000e+00 -7.071068e-01
    outer loop
      vertex   2.412507e+01 -7.657907e+00 0.000000e+00
      vertex   2.427507e+01 -1.113187e+01 1.500000e-01
      vertex   2.412507e+01 -1.098187e+01 0.000000e+00
    endloop
  endfacet
  facet normal 0.000000e+00 7.071068e-01 -7.071068e-01
    outer loop
      vertex   2.427507e+01 -7.507907e+00 1.500000e-01
      vertex   2.412507e+01 -7.657907e+00 0.000000e+00
      vertex   1.924446e+01 -7.507907e+00 1.500000e-01
    endloop
  endfacet
  facet normal -1.236728e-16 7.071068e-01 -7.071068e-01
    outer loop
      vertex   1.924446e+01 -7.507907e+00 1.500000e-01
      vertex   2.412507e+01 -7.657907e+00 0.000000e+00
      vertex   1.909446e+01 -7.657907e+00 0.000000e+00
    endloop
  endfacet
  facet normal 0.000000e+00 7.071068e-01 -7.071068e-01
    outer loop
      vertex   1.712001e+01 1.729340e+01 0.000000e+00
      vertex   1.727001e+01 1.744340e+01 1.500000e-01
      vertex   2.412507e+01 1.729340e+01 0.000000e+00
    endloop
  endfacet
  facet normal 1.298126e-17 7.071068e-01 -7.071068e-01
    outer loop
      vertex   2.412507e+01 1.729340e+01 0.000000e+00
      vertex   1.727001e+01 1.744340e+01 1.500000e-01
      vertex   2.427507e+01 1.744340e+01 1.500000e-01
    endloop
  endfacet
  facet normal 7.071068e-01 0.000000e+00 -7.071068e-01
    outer loop
      vertex   1.924446e+01 -7.507907e+00 1.500000e-01
      vertex   1.909446e+01 -7.657907e+00 0.000000e+00
      vertex   1.924446e+01 -5.920635e+00 1.500000e-01
    endloop
  endfacet
  facet normal 7.071068e-01 -3.813048e-18 -7.071068e-01
    outer loop
      vertex   1.924446e+01 -5.920635e+00 1.500000e-01
      vertex   1.909446e+01 -7.657907e+00 0.000000e+00
      vertex   1.909446e+01 -5.770635e+00 0.000000e+00
    endloop
  endfacet
  facet normal -0.000000e+00 -7.071068e-01 -7.071068e-01
    outer loop
      vertex   2.427507e+01 -5.920635e+00 1.500000e-01
      vertex   1.924446e+01 -5.920635e+00 1.500000e-01
      vertex   2.412507e+01 -5.770635e+00 0.000000e+00
    endloop
  endfacet
  facet normal -0.000000e+00 -7.071068e-01 -7.071068e-01
    outer loop
      vertex   2.412507e+01 -5.770635e+00 0.000000e+00
      vertex   1.924446e+01 -5.920635e+00 1.500000e-01
      vertex   1.909446e+01 -5.770635e+00 0.000000e+00
    endloop
  endfacet
  facet normal 7.071068e-01 0.000000e+00 -7.071068e-01
    outer loop
      vertex   2.427507e+01 -4.381715e-01 1.500000e-01
      vertex   2.427507e+01 -5.920635e+00 1.500000e-01
      vertex   2.412507e+01 -5.881715e-01 0.000000e+00
    endloop
  endfacet
  facet normal 7.071068e-01 0.000000e+00 -7.071068e-01
    outer loop
      vertex   2.412507e+01 -5.881715e-01 0.000000e+00
      vertex   2.427507e+01 -5.920635e+00 1.500000e-01
      vertex   2.412507e+01 -5.770635e+00 0.000000e+00
    endloop
  endfacet
  facet normal 6.631247e-18 7.071068e-01 -7.071068e-01
    outer loop
      vertex   2.427507e+01 -4.381715e-01 1.500000e-01
      vertex   2.412507e+01 -5.881715e-01 0.000000e+00
      vertex   1.243648e+01 -4.381715e-01 1.500000e-01
    endloop
  endfacet
  facet normal 6.575986e-18 7.071068e-01 -7.071068e-01
    outer loop
      vertex   1.243648e+01 -4.381715e-01 1.500000e-01
      vertex   2.412507e+01 -5.881715e-01 0.000000e+00
      vertex   1.228648e+01 -5.881715e-01 0.000000e+00
    endloop
  endfacet
  facet normal 7.071068e-01 0.000000e+00 -7.071068e-01
    outer loop
      vertex   1.243648e+01 -4.381715e-01 1.500000e-01
      vertex   1.228648e+01 -5.881715e-01 0.000000e+00
      vertex   1.243648e+01 2.556335e+00 1.500000e-01
    endloop
  endfacet
  facet normal 7.071068e-01 -2.184320e-18 -7.071068e-01
    outer loop
      vertex   1.243648e+01 2.556335e+00 1.500000e-01
      vertex   1.228648e+01 -5.881715e-01 0.000000e+00
      vertex   1.228648e+01 2.706335e+00 0.000000e+00
    endloop
  endfacet
  facet normal 7.071068e-01 0.000000e+00 -7.071068e-01
    outer loop
      vertex   2.412507e+01 8.856342e+00 0.000000e+00
      vertex   2.412507e+01 1.177159e+01 0.000000e+00
      vertex   2.427507e+01 8.706342e+00 1.500000e-01
    endloop
  endfacet
  facet normal 7.071068e-01 0.000000e+00 -7.071068e-01
    outer loop
      vertex   2.427507e+01 8.706342e+00 1.500000e-01
      vertex   2.412507e+01 1.177159e+01 0.000000e+00
      vertex   2.427507e+01 1.192159e+01 1.500000e-01
    endloop
  endfacet
  facet normal -0.000000e+00 -7.071068e-01 -7.071068e-01
    outer loop
      vertex   1.747808e+01 2.556335e+00 1.500000e-01
      vertex   1.243648e+01 2.556335e+00 1.500000e-01
      vertex   1.732808e+01 2.706335e+00 0.000000e+00
    endloop
  endfacet
  facet normal -0.000000e+00 -7.071068e-01 -7.071068e-01
    outer loop
      vertex   1.732808e+01 2.706335e+00 0.000000e+00
      vertex   1.243648e+01 2.556335e+00 1.500000e-01
      vertex   1.228648e+01 2.706335e+00 0.000000e+00
    endloop
  endfacet
  facet normal 7.071068e-01 -2.291455e-17 -7.071068e-01
    outer loop
      vertex   1.747808e+01 6.838800e+00 1.500000e-01
      vertex   1.747808e+01 2.556335e+00 1.500000e-01
      vertex   1.732808e+01 6.688800e+00 0.000000e+00
    endloop
  endfacet
  facet normal 7.071068e-01 0.000000e+00 -7.071068e-01
    outer loop
      vertex   1.732808e+01 6.688800e+00 0.000000e+00
      vertex   1.747808e+01 2.556335e+00 1.500000e-01
      vertex   1.732808e+01 2.706335e+00 0.000000e+00
    endloop
  endfacet
  facet normal -1.000000e+00 -8.940483e-16 -2.153160e-15
    outer loop
      vertex   1.272611e+01 2.233725e+01 1.500000e-01
      vertex   1.272611e+01 2.035039e+01 1.500000e-01
      vertex   1.272611e+01 2.233725e+01 1.800000e+00
    endloop
  endfacet
  facet normal -1.000000e+00 -2.682145e-15 0.000000e+00
    outer loop
      vertex   1.272611e+01 2.233725e+01 1.800000e+00
      vertex   1.272611e+01 2.035039e+01 1.500000e-01
      vertex   1.272611e+01 2.035039e+01 2.556206e+00
    endloop
  endfacet
  facet normal 1.000000e+00 -4.470241e-16 -5.382900e-16
    outer loop
      vertex   2.726111e+00 2.035039e+01 1.500000e-01
      vertex   2.726111e+00 2.233725e+01 1.500000e-01
      vertex   2.726111e+00 2.035039e+01 1.800000e+00
    endloop
  endfacet
  facet normal 1.000000e+00 -0.000000e+00 0.000000e+00
    outer loop
      vertex   2.726111e+00 2.035039e+01 1.800000e+00
      vertex   2.726111e+00 2.233725e+01 1.500000e-01
      vertex   2.726111e+00 2.233725e+01 1.800000e+00
    endloop
  endfacet
  facet normal 6.474087e-16 1.000000e+00 -0.000000e+00
    outer loop
      vertex   2.726111e+00 2.233725e+01 1.500000e-01
      vertex   -8.249070e+00 2.233725e+01 1.500000e-01
      vertex   2.726111e+00 2.233725e+01 1.800000e+00
    endloop
  endfacet
  facet normal 0.000000e+00 1.000000e+00 4.306320e-15
    outer loop
      vertex   2.726111e+00 2.233725e+01 1.800000e+00
      vertex   -8.249070e+00 2.233725e+01 1.500000e-01
      vertex   -8.249070e+00 2.233725e+01 1.800000e+00
    endloop
  endfacet
  facet normal -1.000000e+00 0.000000e+00 0.000000e+00
    outer loop
      vertex   -8.249070e+00 2.233725e+01 1.500000e-01
      vertex   -8.249070e+00 2.035039e+01 1.500000e-01
      vertex   -8.249070e+00 2.233725e+01 1.800000e+00
    endloop
  endfacet
  facet normal -1.000000e+00 -0.000000e+00 0.000000e+00
    outer loop
      vertex   -8.249070e+00 2.233725e+01 1.800000e+00
      vertex   -8.249070e+00 2.035039e+01 1.500000e-01
      vertex   -8.249070e+00 2.035039e+01 1.800000e+00
    endloop
  endfacet
  facet normal 0.000000e+00 1.000000e+00 0.000000e+00
    outer loop
      vertex   2.726111e+00 2.035039e+01 1.500000e-01
      vertex   2.726111e+00 2.035039e+01 1.800000e+00
      vertex   1.272611e+01 2.035039e+01 1.500000e-01
    endloop
  endfacet
  facet normal 0.000000e+00 1.000000e+00 -0.000000e+00
    outer loop
      vertex   1.272611e+01 2.035039e+01 1.500000e-01
      vertex   2.726111e+00 2.035039e+01 1.800000e+00
      vertex   1.272611e+01 2.035039e+01 2.556206e+00
    endloop
  endfacet
  facet normal 1.294817e-15 1.000000e+00 -1.712254e-14
    outer loop
      vertex   1.272611e+01 2.035039e+01 2.556206e+00
      vertex   2.726111e+00 2.035039e+01 1.800000e+00
      vertex   -8.249070e+00 2.035039e+01 1.800000e+00
    endloop
  endfacet
  facet normal 0.000000e+00 1.000000e+00 1.879230e-14
    outer loop
      vertex   1.272611e+01 2.035039e+01 2.556206e+00
      vertex   -8.249070e+00 2.035039e+01 1.800000e+00
      vertex   -2.824852e+01 2.035039e+01 2.556206e+00
    endloop
  endfacet
  facet normal -1.776357e-15 1.000000e+00 -2.818716e-14
    outer loop
      vertex   -2.824852e+01 2.035039e+01 2.556206e+00
      vertex   -8.249070e+00 2.035039e+01 1.800000e+00
      vertex   -1.824907e+01 2.035039e+01 1.800000e+00
    endloop
  endfacet
  facet normal 3.552909e-16 1.000000e+00 0.000000e+00
    outer loop
      vertex   -2.824852e+01 2.035039e+01 2.556206e+00
      vertex   -1.824907e+01 2.035039e+01 1.800000e+00
      vertex   -2.824852e+01 2.035039e+01 1.800000e+00
    endloop
  endfacet
  facet normal -1.776357e-15 1.000000e+00 0.000000e+00
    outer loop
      vertex   -8.249070e+00 2.035039e+01 1.500000e-01
      vertex   -1.824907e+01 2.035039e+01 1.500000e-01
      vertex   -8.249070e+00 2.035039e+01 1.800000e+00
    endloop
  endfacet
  facet normal -1.776357e-15 1.000000e+00 7.649560e-31
    outer loop
      vertex   -8.249070e+00 2.035039e+01 1.800000e+00
      vertex   -1.824907e+01 2.035039e+01 1.500000e-01
      vertex   -1.824907e+01 2.035039e+01 1.800000e+00
    endloop
  endfacet
  facet normal 1.000000e+00 0.000000e+00 0.000000e+00
    outer loop
      vertex   -1.824907e+01 2.035039e+01 1.500000e-01
      vertex   -1.824907e+01 2.233725e+01 1.500000e-01
      vertex   -1.824907e+01 2.035039e+01 1.800000e+00
    endloop
  endfacet
  facet normal 1.000000e+00 -0.000000e+00 0.000000e+00
    outer loop
      vertex   -1.824907e+01 2.035039e+01 1.800000e+00
      vertex   -1.824907e+01 2.233725e+01 1.500000e-01
      vertex   -1.824907e+01 2.233725e+01 1.800000e+00
    endloop
  endfacet
  facet normal 7.105817e-16 1.000000e+00 -2.153160e-15
    outer loop
      vertex   -1.824907e+01 2.233725e+01 1.800000e+00
      vertex   -1.824907e+01 2.233725e+01 1.500000e-01
      vertex   -2.824852e+01 2.233725e+01 1.800000e+00
    endloop
  endfacet
  facet normal 6.891692e-16 1.000000e+00 -2.282926e-15
    outer loop
      vertex   -2.824852e+01 2.233725e+01 1.800000e+00
      vertex   -1.824907e+01 2.233725e+01 1.500000e-01
      vertex   -3.371427e+01 2.233725e+01 1.500000e-01
    endloop
  endfacet
  facet normal 0.000000e+00 1.000000e+00 0.000000e+00
    outer loop
      vertex   -2.824852e+01 2.233725e+01 1.800000e+00
      vertex   -3.371427e+01 2.233725e+01 1.500000e-01
      vertex   -3.371427e+01 2.233725e+01 1.800000e+00
    endloop
  endfacet
  facet normal -1.000000e+00 0.000000e+00 0.000000e+00
    outer loop
      vertex   -3.371427e+01 -1.602035e+01 1.500000e-01
      vertex   -3.371427e+01 6.058866e+00 1.800000e+00
      vertex   -3.371427e+01 2.233725e+01 1.500000e-01
    endloop
  endfacet
  facet normal -1.000000e+00 0.000000e+00 0.000000e+00
    outer loop
      vertex   -3.371427e+01 2.233725e+01 1.500000e-01
      vertex   -3.371427e+01 6.058866e+00 1.800000e+00
      vertex   -3.371427e+01 1.315845e+01 1.800000e+00
    endloop
  endfacet
  facet normal -1.000000e+00 0.000000e+00 0.000000e+00
    outer loop
      vertex   -3.371427e+01 2.233725e+01 1.500000e-01
      vertex   -3.371427e+01 1.315845e+01 1.800000e+00
      vertex   -3.371427e+01 2.233725e+01 1.800000e+00
    endloop
  endfacet
  facet normal -1.000000e+00 0.000000e+00 0.000000e+00
    outer loop
      vertex   -3.371427e+01 2.233725e+01 1.800000e+00
      vertex   -3.371427e+01 1.315845e+01 1.800000e+00
      vertex   -3.371427e+01 1.390493e+01 1.856456e+00
    endloop
  endfacet
  facet normal -1.000000e+00 0.000000e+00 0.000000e+00
    outer loop
      vertex   -3.371427e+01 2.233725e+01 1.800000e+00
      vertex   -3.371427e+01 1.390493e+01 1.856456e+00
      vertex   -3.371427e+01 1.464478e+01 1.970675e+00
    endloop
  endfacet
  facet normal -1.000000e+00 0.000000e+00 0.000000e+00
    outer loop
      vertex   -3.371427e+01 -1.602035e+01 1.800000e+00
      vertex   -3.371427e+01 -6.841549e+00 1.800000e+00
      vertex   -3.371427e+01 -1.602035e+01 1.500000e-01
    endloop
  endfacet
  facet normal -1.000000e+00 0.000000e+00 0.000000e+00
    outer loop
      vertex   -3.371427e+01 -1.602035e+01 1.500000e-01
      vertex   -3.371427e+01 -6.841549e+00 1.800000e+00
      vertex   -3.371427e+01 2.580356e-01 1.800000e+00
    endloop
  endfacet
  facet normal -1.000000e+00 0.000000e+00 0.000000e+00
    outer loop
      vertex   -3.371427e+01 -1.602035e+01 1.500000e-01
      vertex   -3.371427e+01 2.580356e-01 1.800000e+00
      vertex   -3.371427e+01 6.058866e+00 1.800000e+00
    endloop
  endfacet
  facet normal -1.000000e+00 0.000000e+00 -0.000000e+00
    outer loop
      vertex   -3.371427e+01 -1.353573e+01 2.745651e+00
      vertex   -3.371427e+01 -9.769885e+00 2.369299e+00
      vertex   -3.371427e+01 -1.602035e+01 1.800000e+00
    endloop
  endfacet
  facet normal -1.000000e+00 0.000000e+00 0.000000e+00
    outer loop
      vertex   -3.371427e+01 -1.602035e+01 1.800000e+00
      vertex   -3.371427e+01 -9.769885e+00 2.369299e+00
      vertex   -3.371427e+01 -9.056626e+00 2.141967e+00
    endloop
  endfacet
  facet normal -1.000000e+00 0.000000e+00 0.000000e+00
    outer loop
      vertex   -3.371427e+01 -1.602035e+01 1.800000e+00
      vertex   -3.371427e+01 -9.056626e+00 2.141967e+00
      vertex   -3.371427e+01 -8.327875e+00 1.970675e+00
    endloop
  endfacet
  facet normal -1.000000e+00 0.000000e+00 -0.000000e+00
    outer loop
      vertex   -3.371427e+01 -1.303343e+01 2.899900e+00
      vertex   -3.371427e+01 -1.095524e+01 2.836080e+00
      vertex   -3.371427e+01 -1.353573e+01 2.745651e+00
    endloop
  endfacet
  facet normal -1.000000e+00 0.000000e+00 0.000000e+00
    outer loop
      vertex   -3.371427e+01 -1.353573e+01 2.745651e+00
      vertex   -3.371427e+01 -1.095524e+01 2.836080e+00
      vertex   -3.371427e+01 -1.046335e+01 2.651299e+00
    endloop
  endfacet
  facet normal -1.000000e+00 0.000000e+00 0.000000e+00
    outer loop
      vertex   -3.371427e+01 -1.353573e+01 2.745651e+00
      vertex   -3.371427e+01 -1.046335e+01 2.651299e+00
      vertex   -3.371427e+01 -9.769885e+00 2.369299e+00
    endloop
  endfacet
  facet normal -1.000000e+00 0.000000e+00 0.000000e+00
    outer loop
      vertex   -3.371427e+01 -1.095524e+01 2.836080e+00
      vertex   -3.371427e+01 -1.303343e+01 2.899900e+00
      vertex   -3.371427e+01 -1.146711e+01 2.954789e+00
    endloop
  endfacet
  facet normal -1.000000e+00 -0.000000e+00 0.000000e+00
    outer loop
      vertex   -3.371427e+01 -1.146711e+01 2.954789e+00
      vertex   -3.371427e+01 -1.303343e+01 2.899900e+00
      vertex   -3.371427e+01 -1.251525e+01 2.986977e+00
    endloop
  endfacet
  facet normal -1.000000e+00 0.000000e+00 0.000000e+00
    outer loop
      vertex   -3.371427e+01 -1.146711e+01 2.954789e+00
      vertex   -3.371427e+01 -1.251525e+01 2.986977e+00
      vertex   -3.371427e+01 -1.199012e+01 3.005379e+00
    endloop
  endfacet
  facet normal -1.000000e+00 0.000000e+00 -0.000000e+00
    outer loop
      vertex   -3.371427e+01 -8.327875e+00 1.970675e+00
      vertex   -3.371427e+01 -7.588029e+00 1.856456e+00
      vertex   -3.371427e+01 -1.602035e+01 1.800000e+00
    endloop
  endfacet
  facet normal -1.000000e+00 0.000000e+00 0.000000e+00
    outer loop
      vertex   -3.371427e+01 -1.602035e+01 1.800000e+00
      vertex   -3.371427e+01 -7.588029e+00 1.856456e+00
      vertex   -3.371427e+01 -6.841549e+00 1.800000e+00
    endloop
  endfacet
  facet normal -1.000000e+00 0.000000e+00 0.000000e+00
    outer loop
      vertex   -3.371427e+01 -6.841549e+00 1.800000e+00
      vertex   -3.371427e+01 -5.990146e+00 1.865805e+00
      vertex   -3.371427e+01 2.580356e-01 1.800000e+00
    endloop
  endfacet
  facet normal -1.000000e+00 0.000000e+00 0.000000e+00
    outer loop
      vertex   -3.371427e+01 2.580356e-01 1.800000e+00
      vertex   -3.371427e+01 -5.990146e+00 1.865805e+00
      vertex   -3.371427e+01 -5.148096e+00 2.007822e+00
    endloop
  endfacet
  facet normal -1.000000e+00 0.000000e+00 0.000000e+00
    outer loop
      vertex   -3.371427e+01 2.580356e-01 1.800000e+00
      vertex   -3.371427e+01 -5.148096e+00 2.007822e+00
      vertex   -3.371427e+01 -4.322207e+00 2.224904e+00
    endloop
  endfacet
  facet normal -1.000000e+00 0.000000e+00 0.000000e+00
    outer loop
      vertex   -3.371427e+01 -4.322207e+00 2.224904e+00
      vertex   -3.371427e+01 -3.519156e+00 2.515295e+00
      vertex   -3.371427e+01 2.580356e-01 1.800000e+00
    endloop
  endfacet
  facet normal -1.000000e+00 0.000000e+00 0.000000e+00
    outer loop
      vertex   -3.371427e+01 2.580356e-01 1.800000e+00
      vertex   -3.371427e+01 -3.519156e+00 2.515295e+00
      vertex   -3.371427e+01 -2.745437e+00 2.876647e+00
    endloop
  endfacet
  facet normal -1.000000e+00 0.000000e+00 0.000000e+00
    outer loop
      vertex   -3.371427e+01 2.580356e-01 1.800000e+00
      vertex   -3.371427e+01 -2.745437e+00 2.876647e+00
      vertex   -3.371427e+01 1.438085e+00 3.485285e+00
    endloop
  endfacet
  facet normal -1.000000e+00 0.000000e+00 0.000000e+00
    outer loop
      vertex   -3.371427e+01 1.438085e+00 3.485285e+00
      vertex   -3.371427e+01 -2.745437e+00 2.876647e+00
      vertex   -3.371427e+01 -2.007304e+00 3.306040e+00
    endloop
  endfacet
  facet normal -1.000000e+00 -0.000000e+00 0.000000e+00
    outer loop
      vertex   -3.371427e+01 1.438085e+00 3.485285e+00
      vertex   -3.371427e+01 -2.007304e+00 3.306040e+00
      vertex   -3.371427e+01 1.460831e+00 3.527964e+00
    endloop
  endfacet
  facet normal -1.000000e+00 -0.000000e+00 0.000000e+00
    outer loop
      vertex   -3.371427e+01 1.460831e+00 3.527964e+00
      vertex   -3.371427e+01 -2.007304e+00 3.306040e+00
      vertex   -3.371427e+01 -1.310727e+00 3.800000e+00
    endloop
  endfacet
  facet normal -1.000000e+00 0.000000e+00 0.000000e+00
    outer loop
      vertex   -3.371427e+01 1.460831e+00 3.527964e+00
      vertex   -3.371427e+01 -1.310727e+00 3.800000e+00
      vertex   -3.371427e+01 1.472667e+00 3.574856e+00
    endloop
  endfacet
  facet normal -1.000000e+00 0.000000e+00 0.000000e+00
    outer loop
      vertex   -3.371427e+01 1.472667e+00 3.574856e+00
      vertex   -3.371427e+01 -1.310727e+00 3.800000e+00
      vertex   -3.371427e+01 1.472902e+00 3.623219e+00
    endloop
  endfacet
  facet normal -1.000000e+00 0.000000e+00 0.000000e+00
    outer loop
      vertex   -3.371427e+01 1.472902e+00 3.623219e+00
      vertex   -3.371427e+01 -1.310727e+00 3.800000e+00
      vertex   -3.371427e+01 1.461521e+00 3.670223e+00
    endloop
  endfacet
  facet normal -1.000000e+00 0.000000e+00 0.000000e+00
    outer loop
      vertex   -3.371427e+01 1.461521e+00 3.670223e+00
      vertex   -3.371427e+01 -1.310727e+00 3.800000e+00
      vertex   -3.371427e+01 1.439189e+00 3.713121e+00
    endloop
  endfacet
  facet normal -1.000000e+00 0.000000e+00 0.000000e+00
    outer loop
      vertex   -3.371427e+01 1.439189e+00 3.713121e+00
      vertex   -3.371427e+01 -1.310727e+00 3.800000e+00
      vertex   -3.371427e+01 1.407213e+00 3.749405e+00
    endloop
  endfacet
  facet normal -1.000000e+00 0.000000e+00 0.000000e+00
    outer loop
      vertex   -3.371427e+01 1.407213e+00 3.749405e+00
      vertex   -3.371427e+01 -1.310727e+00 3.800000e+00
      vertex   -3.371427e+01 1.367463e+00 3.776952e+00
    endloop
  endfacet
  facet normal -1.000000e+00 0.000000e+00 0.000000e+00
    outer loop
      vertex   -3.371427e+01 1.367463e+00 3.776952e+00
      vertex   -3.371427e+01 -1.310727e+00 3.800000e+00
      vertex   -3.371427e+01 1.274254e+00 3.800000e+00
    endloop
  endfacet
  facet normal -1.000000e+00 0.000000e+00 0.000000e+00
    outer loop
      vertex   -3.371427e+01 1.367463e+00 3.776952e+00
      vertex   -3.371427e+01 1.274254e+00 3.800000e+00
      vertex   -3.371427e+01 1.322262e+00 3.794153e+00
    endloop
  endfacet
  facet normal -1.000000e+00 0.000000e+00 0.000000e+00
    outer loop
      vertex   -3.371427e+01 4.878817e+00 3.485285e+00
      vertex   -3.371427e+01 9.062338e+00 2.876647e+00
      vertex   -3.371427e+01 6.058866e+00 1.800000e+00
    endloop
  endfacet
  facet normal -1.000000e+00 0.000000e+00 0.000000e+00
    outer loop
      vertex   -3.371427e+01 6.058866e+00 1.800000e+00
      vertex   -3.371427e+01 9.062338e+00 2.876647e+00
      vertex   -3.371427e+01 9.836058e+00 2.515295e+00
    endloop
  endfacet
  facet normal -1.000000e+00 0.000000e+00 0.000000e+00
    outer loop
      vertex   -3.371427e+01 6.058866e+00 1.800000e+00
      vertex   -3.371427e+01 9.836058e+00 2.515295e+00
      vertex   -3.371427e+01 1.063911e+01 2.224904e+00
    endloop
  endfacet
  facet normal -1.000000e+00 0.000000e+00 0.000000e+00
    outer loop
      vertex   -3.371427e+01 9.062338e+00 2.876647e+00
      vertex   -3.371427e+01 4.878817e+00 3.485285e+00
      vertex   -3.371427e+01 8.324206e+00 3.306040e+00
    endloop
  endfacet
  facet normal -1.000000e+00 0.000000e+00 0.000000e+00
    outer loop
      vertex   -3.371427e+01 8.324206e+00 3.306040e+00
      vertex   -3.371427e+01 4.878817e+00 3.485285e+00
      vertex   -3.371427e+01 4.856070e+00 3.527964e+00
    endloop
  endfacet
  facet normal -1.000000e+00 0.000000e+00 0.000000e+00
    outer loop
      vertex   -3.371427e+01 8.324206e+00 3.306040e+00
      vertex   -3.371427e+01 4.856070e+00 3.527964e+00
      vertex   -3.371427e+01 7.627628e+00 3.800000e+00
    endloop
  endfacet
  facet normal -1.000000e+00 0.000000e+00 0.000000e+00
    outer loop
      vertex   -3.371427e+01 7.627628e+00 3.800000e+00
      vertex   -3.371427e+01 4.856070e+00 3.527964e+00
      vertex   -3.371427e+01 4.844234e+00 3.574856e+00
    endloop
  endfacet
  facet normal -1.000000e+00 0.000000e+00 0.000000e+00
    outer loop
      vertex   -3.371427e+01 7.627628e+00 3.800000e+00
      vertex   -3.371427e+01 4.844234e+00 3.574856e+00
      vertex   -3.371427e+01 4.843999e+00 3.623219e+00
    endloop
  endfacet
  facet normal -1.000000e+00 0.000000e+00 0.000000e+00
    outer loop
      vertex   -3.371427e+01 4.843999e+00 3.623219e+00
      vertex   -3.371427e+01 4.855381e+00 3.670223e+00
      vertex   -3.371427e+01 7.627628e+00 3.800000e+00
    endloop
  endfacet
  facet normal -1.000000e+00 0.000000e+00 0.000000e+00
    outer loop
      vertex   -3.371427e+01 7.627628e+00 3.800000e+00
      vertex   -3.371427e+01 4.855381e+00 3.670223e+00
      vertex   -3.371427e+01 4.877712e+00 3.713121e+00
    endloop
  endfacet
  facet normal -1.000000e+00 0.000000e+00 0.000000e+00
    outer loop
      vertex   -3.371427e+01 7.627628e+00 3.800000e+00
      vertex   -3.371427e+01 4.877712e+00 3.713121e+00
      vertex   -3.371427e+01 4.909688e+00 3.749405e+00
    endloop
  endfacet
  facet normal -1.000000e+00 0.000000e+00 0.000000e+00
    outer loop
      vertex   -3.371427e+01 4.909688e+00 3.749405e+00
      vertex   -3.371427e+01 4.949438e+00 3.776952e+00
      vertex   -3.371427e+01 7.627628e+00 3.800000e+00
    endloop
  endfacet
  facet normal -1.000000e+00 0.000000e+00 0.000000e+00
    outer loop
      vertex   -3.371427e+01 7.627628e+00 3.800000e+00
      vertex   -3.371427e+01 4.949438e+00 3.776952e+00
      vertex   -3.371427e+01 5.042647e+00 3.800000e+00
    endloop
  endfacet
  facet normal -1.000000e+00 0.000000e+00 0.000000e+00
    outer loop
      vertex   -3.371427e+01 5.042647e+00 3.800000e+00
      vertex   -3.371427e+01 4.949438e+00 3.776952e+00
      vertex   -3.371427e+01 4.994639e+00 3.794153e+00
    endloop
  endfacet
  facet normal -1.000000e+00 0.000000e+00 -0.000000e+00
    outer loop
      vertex   -3.371427e+01 1.063911e+01 2.224904e+00
      vertex   -3.371427e+01 1.146500e+01 2.007822e+00
      vertex   -3.371427e+01 6.058866e+00 1.800000e+00
    endloop
  endfacet
  facet normal -1.000000e+00 0.000000e+00 0.000000e+00
    outer loop
      vertex   -3.371427e+01 6.058866e+00 1.800000e+00
      vertex   -3.371427e+01 1.146500e+01 2.007822e+00
      vertex   -3.371427e+01 1.230705e+01 1.865805e+00
    endloop
  endfacet
  facet normal -1.000000e+00 0.000000e+00 0.000000e+00
    outer loop
      vertex   -3.371427e+01 6.058866e+00 1.800000e+00
      vertex   -3.371427e+01 1.230705e+01 1.865805e+00
      vertex   -3.371427e+01 1.315845e+01 1.800000e+00
    endloop
  endfacet
  facet normal -1.000000e+00 0.000000e+00 0.000000e+00
    outer loop
      vertex   -3.371427e+01 1.464478e+01 1.970675e+00
      vertex   -3.371427e+01 1.537353e+01 2.141967e+00
      vertex   -3.371427e+01 2.233725e+01 1.800000e+00
    endloop
  endfacet
  facet normal -1.000000e+00 0.000000e+00 0.000000e+00
    outer loop
      vertex   -3.371427e+01 2.233725e+01 1.800000e+00
      vertex   -3.371427e+01 1.537353e+01 2.141967e+00
      vertex   -3.371427e+01 1.608679e+01 2.369299e+00
    endloop
  endfacet
  facet normal -1.000000e+00 0.000000e+00 0.000000e+00
    outer loop
      vertex   -3.371427e+01 2.233725e+01 1.800000e+00
      vertex   -3.371427e+01 1.608679e+01 2.369299e+00
      vertex   -3.371427e+01 1.985264e+01 2.745651e+00
    endloop
  endfacet
  facet normal -1.000000e+00 0.000000e+00 0.000000e+00
    outer loop
      vertex   -3.371427e+01 1.985264e+01 2.745651e+00
      vertex   -3.371427e+01 1.608679e+01 2.369299e+00
      vertex   -3.371427e+01 1.678025e+01 2.651299e+00
    endloop
  endfacet
  facet normal -1.000000e+00 -0.000000e+00 0.000000e+00
    outer loop
      vertex   -3.371427e+01 1.985264e+01 2.745651e+00
      vertex   -3.371427e+01 1.678025e+01 2.651299e+00
      vertex   -3.371427e+01 1.727214e+01 2.836080e+00
    endloop
  endfacet
  facet normal -1.000000e+00 0.000000e+00 0.000000e+00
    outer loop
      vertex   -3.371427e+01 1.985264e+01 2.745651e+00
      vertex   -3.371427e+01 1.727214e+01 2.836080e+00
      vertex   -3.371427e+01 1.935033e+01 2.899900e+00
    endloop
  endfacet
  facet normal -1.000000e+00 -0.000000e+00 0.000000e+00
    outer loop
      vertex   -3.371427e+01 1.935033e+01 2.899900e+00
      vertex   -3.371427e+01 1.727214e+01 2.836080e+00
      vertex   -3.371427e+01 1.778401e+01 2.954789e+00
    endloop
  endfacet
  facet normal -1.000000e+00 0.000000e+00 0.000000e+00
    outer loop
      vertex   -3.371427e+01 1.935033e+01 2.899900e+00
      vertex   -3.371427e+01 1.778401e+01 2.954789e+00
      vertex   -3.371427e+01 1.883215e+01 2.986977e+00
    endloop
  endfacet
  facet normal -1.000000e+00 -0.000000e+00 0.000000e+00
    outer loop
      vertex   -3.371427e+01 1.883215e+01 2.986977e+00
      vertex   -3.371427e+01 1.778401e+01 2.954789e+00
      vertex   -3.371427e+01 1.830702e+01 3.005379e+00
    endloop
  endfacet
  facet normal 0.000000e+00 -1.000000e+00 0.000000e+00
    outer loop
      vertex   -3.371427e+01 -1.602035e+01 1.800000e+00
      vertex   -3.371427e+01 -1.602035e+01 1.500000e-01
      vertex   -2.824852e+01 -1.602035e+01 1.800000e+00
    endloop
  endfacet
  facet normal 0.000000e+00 -1.000000e+00 -0.000000e+00
    outer loop
      vertex   -2.824852e+01 -1.602035e+01 1.800000e+00
      vertex   -3.371427e+01 -1.602035e+01 1.500000e-01
      vertex   -1.824907e+01 -1.602035e+01 1.500000e-01
    endloop
  endfacet
  facet normal 0.000000e+00 -1.000000e+00 0.000000e+00
    outer loop
      vertex   -2.824852e+01 -1.602035e+01 1.800000e+00
      vertex   -1.824907e+01 -1.602035e+01 1.500000e-01
      vertex   -1.824907e+01 -1.602035e+01 1.800000e+00
    endloop
  endfacet
  facet normal 1.000000e+00 0.000000e+00 0.000000e+00
    outer loop
      vertex   -1.824907e+01 -1.602035e+01 1.500000e-01
      vertex   -1.824907e+01 -1.403348e+01 1.500000e-01
      vertex   -1.824907e+01 -1.602035e+01 1.800000e+00
    endloop
  endfacet
  facet normal 1.000000e+00 -0.000000e+00 0.000000e+00
    outer loop
      vertex   -1.824907e+01 -1.602035e+01 1.800000e+00
      vertex   -1.824907e+01 -1.403348e+01 1.500000e-01
      vertex   -1.824907e+01 -1.403348e+01 1.800000e+00
    endloop
  endfacet
  facet normal -1.000000e+00 0.000000e+00 0.000000e+00
    outer loop
      vertex   -8.249070e+00 -1.403348e+01 1.500000e-01
      vertex   -8.249070e+00 -1.602035e+01 1.500000e-01
      vertex   -8.249070e+00 -1.403348e+01 1.800000e+00
    endloop
  endfacet
  facet normal -1.000000e+00 -0.000000e+00 0.000000e+00
    outer loop
      vertex   -8.249070e+00 -1.403348e+01 1.800000e+00
      vertex   -8.249070e+00 -1.602035e+01 1.500000e-01
      vertex   -8.249070e+00 -1.602035e+01 1.800000e+00
    endloop
  endfacet
  facet normal 0.000000e+00 -1.000000e+00 0.000000e+00
    outer loop
      vertex   -8.249070e+00 -1.602035e+01 1.500000e-01
      vertex   2.726111e+00 -1.602035e+01 1.500000e-01
      vertex   -8.249070e+00 -1.602035e+01 1.800000e+00
    endloop
  endfacet
  facet normal 0.000000e+00 -1.000000e+00 0.000000e+00
    outer loop
      vertex   -8.249070e+00 -1.602035e+01 1.800000e+00
      vertex   2.726111e+00 -1.602035e+01 1.500000e-01
      vertex   2.726111e+00 -1.602035e+01 1.800000e+00
    endloop
  endfacet
  facet normal 1.000000e+00 4.470241e-16 -0.000000e+00
    outer loop
      vertex   2.726111e+00 -1.602035e+01 1.500000e-01
      vertex   2.726111e+00 -1.403348e+01 1.500000e-01
      vertex   2.726111e+00 -1.602035e+01 1.800000e+00
    endloop
  endfacet
  facet normal 1.000000e+00 0.000000e+00 -5.382900e-16
    outer loop
      vertex   2.726111e+00 -1.602035e+01 1.800000e+00
      vertex   2.726111e+00 -1.403348e+01 1.500000e-01
      vertex   2.726111e+00 -1.403348e+01 1.800000e+00
    endloop
  endfacet
  facet normal 0.000000e+00 -1.000000e+00 0.000000e+00
    outer loop
      vertex   -1.824907e+01 -1.403348e+01 1.500000e-01
      vertex   -8.249070e+00 -1.403348e+01 1.500000e-01
      vertex   -1.824907e+01 -1.403348e+01 1.800000e+00
    endloop
  endfacet
  facet normal 0.000000e+00 -1.000000e+00 0.000000e+00
    outer loop
      vertex   -1.824907e+01 -1.403348e+01 1.800000e+00
      vertex   -8.249070e+00 -1.403348e+01 1.500000e-01
      vertex   -8.249070e+00 -1.403348e+01 1.800000e+00
    endloop
  endfacet
  facet normal 0.000000e+00 -1.000000e+00 0.000000e+00
    outer loop
      vertex   -1.824907e+01 -1.403348e+01 1.800000e+00
      vertex   -8.249070e+00 -1.403348e+01 1.800000e+00
      vertex   -2.824852e+01 -1.403348e+01 2.556206e+00
    endloop
  endfacet
  facet normal 0.000000e+00 -1.000000e+00 0.000000e+00
    outer loop
      vertex   -2.824852e+01 -1.403348e+01 2.556206e+00
      vertex   -8.249070e+00 -1.403348e+01 1.800000e+00
      vertex   1.272611e+01 -1.403348e+01 2.556206e+00
    endloop
  endfacet
  facet normal 0.000000e+00 -1.000000e+00 0.000000e+00
    outer loop
      vertex   1.272611e+01 -1.403348e+01 2.556206e+00
      vertex   -8.249070e+00 -1.403348e+01 1.800000e+00
      vertex   2.726111e+00 -1.403348e+01 1.800000e+00
    endloop
  endfacet
  facet normal 0.000000e+00 -1.000000e+00 -0.000000e+00
    outer loop
      vertex   1.272611e+01 -1.403348e+01 2.556206e+00
      vertex   2.726111e+00 -1.403348e+01 1.800000e+00
      vertex   1.272611e+01 -1.403348e+01 1.500000e-01
    endloop
  endfacet
  facet normal 0.000000e+00 -1.000000e+00 0.000000e+00
    outer loop
      vertex   1.272611e+01 -1.403348e+01 1.500000e-01
      vertex   2.726111e+00 -1.403348e+01 1.800000e+00
      vertex   2.726111e+00 -1.403348e+01 1.500000e-01
    endloop
  endfacet
  facet normal 0.000000e+00 -1.000000e+00 0.000000e+00
    outer loop
      vertex   -2.824852e+01 -1.403348e+01 2.556206e+00
      vertex   -2.824852e+01 -1.403348e+01 1.800000e+00
      vertex   -1.824907e+01 -1.403348e+01 1.800000e+00
    endloop
  endfacet
  facet normal -1.000000e+00 2.682145e-15 0.000000e+00
    outer loop
      vertex   1.272611e+01 -1.602035e+01 1.500000e-01
      vertex   1.272611e+01 -1.602035e+01 1.800000e+00
      vertex   1.272611e+01 -1.403348e+01 1.500000e-01
    endloop
  endfacet
  facet normal -1.000000e+00 8.429265e-16 -2.214719e-15
    outer loop
      vertex   1.272611e+01 -1.403348e+01 1.500000e-01
      vertex   1.272611e+01 -1.602035e+01 1.800000e+00
      vertex   1.272611e+01 -1.403348e+01 2.556206e+00
    endloop
  endfacet
  facet normal 0.000000e+00 -1.000000e+00 0.000000e+00
    outer loop
      vertex   1.272611e+01 -1.602035e+01 1.800000e+00
      vertex   1.272611e+01 -1.602035e+01 1.500000e-01
      vertex   1.528573e+01 -1.602035e+01 1.800000e+00
    endloop
  endfacet
  facet normal 0.000000e+00 -1.000000e+00 -0.000000e+00
    outer loop
      vertex   1.528573e+01 -1.602035e+01 1.800000e+00
      vertex   1.272611e+01 -1.602035e+01 1.500000e-01
      vertex   1.747808e+01 -1.602035e+01 1.500000e-01
    endloop
  endfacet
  facet normal 0.000000e+00 -1.000000e+00 0.000000e+00
    outer loop
      vertex   1.528573e+01 -1.602035e+01 1.800000e+00
      vertex   1.747808e+01 -1.602035e+01 1.500000e-01
      vertex   1.747808e+01 -1.602035e+01 1.800000e+00
    endloop
  endfacet
  facet normal 1.000000e+00 -0.000000e+00 0.000000e+00
    outer loop
      vertex   1.747808e+01 -1.602035e+01 1.500000e-01
      vertex   1.747808e+01 -1.113187e+01 1.500000e-01
      vertex   1.747808e+01 -1.602035e+01 1.800000e+00
    endloop
  endfacet
  facet normal 1.000000e+00 -0.000000e+00 0.000000e+00
    outer loop
      vertex   1.747808e+01 -1.602035e+01 1.800000e+00
      vertex   1.747808e+01 -1.113187e+01 1.500000e-01
      vertex   1.747808e+01 -1.113187e+01 1.800000e+00
    endloop
  endfacet
  facet normal 0.000000e+00 -1.000000e+00 0.000000e+00
    outer loop
      vertex   1.747808e+01 -1.113187e+01 1.500000e-01
      vertex   2.427507e+01 -1.113187e+01 1.500000e-01
      vertex   1.747808e+01 -1.113187e+01 1.800000e+00
    endloop
  endfacet
  facet normal 0.000000e+00 -1.000000e+00 0.000000e+00
    outer loop
      vertex   1.747808e+01 -1.113187e+01 1.800000e+00
      vertex   2.427507e+01 -1.113187e+01 1.500000e-01
      vertex   2.427507e+01 -1.113187e+01 1.800000e+00
    endloop
  endfacet
  facet normal 0.000000e+00 -1.209069e-01 9.926639e-01
    outer loop
      vertex   -3.371427e+01 4.994639e+00 3.794153e+00
      vertex   -3.268316e+01 4.994639e+00 3.794153e+00
      vertex   -3.371427e+01 5.042647e+00 3.800000e+00
    endloop
  endfacet
  facet normal -3.581736e-19 -1.209069e-01 9.926639e-01
    outer loop
      vertex   -3.371427e+01 5.042647e+00 3.800000e+00
      vertex   -3.268316e+01 4.994639e+00 3.794153e+00
      vertex   -3.165205e+01 4.994639e+00 3.794153e+00
    endloop
  endfacet
  facet normal -3.581736e-19 -1.209069e-01 9.926639e-01
    outer loop
      vertex   -3.371427e+01 5.042647e+00 3.800000e+00
      vertex   -3.165205e+01 4.994639e+00 3.794153e+00
      vertex   -3.062094e+01 4.994639e+00 3.794153e+00
    endloop
  endfacet
  facet normal 0.000000e+00 -3.556508e-01 9.346189e-01
    outer loop
      vertex   -3.062094e+01 4.994639e+00 3.794153e+00
      vertex   -3.165205e+01 4.994639e+00 3.794153e+00
      vertex   -3.062094e+01 4.949438e+00 3.776952e+00
    endloop
  endfacet
  facet normal 1.002196e-18 -3.556508e-01 9.346189e-01
    outer loop
      vertex   -3.062094e+01 4.994639e+00 3.794153e+00
      vertex   -3.062094e+01 4.949438e+00 3.776952e+00
      vertex   -2.958983e+01 4.949438e+00 3.776952e+00
    endloop
  endfacet
  facet normal 0.000000e+00 -5.695983e-01 8.219232e-01
    outer loop
      vertex   -2.958983e+01 4.949438e+00 3.776952e+00
      vertex   -3.062094e+01 4.949438e+00 3.776952e+00
      vertex   -2.958983e+01 4.909688e+00 3.749405e+00
    endloop
  endfacet
  facet normal -8.747204e-19 -5.695983e-01 8.219232e-01
    outer loop
      vertex   -2.958983e+01 4.949438e+00 3.776952e+00
      vertex   -2.958983e+01 4.909688e+00 3.749405e+00
      vertex   -2.855872e+01 4.909688e+00 3.749405e+00
    endloop
  endfacet
  facet normal 0.000000e+00 -7.502393e-01 6.611664e-01
    outer loop
      vertex   -2.855872e+01 4.909688e+00 3.749405e+00
      vertex   -2.958983e+01 4.909688e+00 3.749405e+00
      vertex   -2.855872e+01 4.877712e+00 3.713121e+00
    endloop
  endfacet
  facet normal 2.157175e-18 -7.502393e-01 6.611664e-01
    outer loop
      vertex   -2.855872e+01 4.909688e+00 3.749405e+00
      vertex   -2.855872e+01 4.877712e+00 3.713121e+00
      vertex   -2.752761e+01 4.877712e+00 3.713121e+00
    endloop
  endfacet
  facet normal 0.000000e+00 -8.870108e-01 4.617486e-01
    outer loop
      vertex   -2.752761e+01 4.877712e+00 3.713121e+00
      vertex   -2.855872e+01 4.877712e+00 3.713121e+00
      vertex   -2.752761e+01 4.855381e+00 3.670223e+00
    endloop
  endfacet
  facet normal -7.723341e-19 -8.870108e-01 4.617486e-01
    outer loop
      vertex   -2.752761e+01 4.877712e+00 3.713121e+00
      vertex   -2.752761e+01 4.855381e+00 3.670223e+00
      vertex   -2.649649e+01 4.855381e+00 3.670223e+00
    endloop
  endfacet
  facet normal 0.000000e+00 -9.719154e-01 2.353306e-01
    outer loop
      vertex   -2.649649e+01 4.855381e+00 3.670223e+00
      vertex   -2.752761e+01 4.855381e+00 3.670223e+00
      vertex   -2.649649e+01 4.843999e+00 3.623219e+00
    endloop
  endfacet
  facet normal -7.423442e-19 -9.719154e-01 2.353306e-01
    outer loop
      vertex   -2.649649e+01 4.855381e+00 3.670223e+00
      vertex   -2.649649e+01 4.843999e+00 3.623219e+00
      vertex   -2.546538e+01 4.843999e+00 3.623219e+00
    endloop
  endfacet
  facet normal -0.000000e+00 -9.999882e-01 -4.848118e-03
    outer loop
      vertex   -2.546538e+01 4.843999e+00 3.623219e+00
      vertex   -2.649649e+01 4.843999e+00 3.623219e+00
      vertex   -2.546538e+01 4.844234e+00 3.574856e+00
    endloop
  endfacet
  facet normal -1.481576e-20 -9.999882e-01 -4.848118e-03
    outer loop
      vertex   -2.546538e+01 4.843999e+00 3.623219e+00
      vertex   -2.546538e+01 4.844234e+00 3.574856e+00
      vertex   -2.443427e+01 4.844234e+00 3.574856e+00
    endloop
  endfacet
  facet normal -0.000000e+00 -9.695879e-01 -2.447433e-01
    outer loop
      vertex   -2.443427e+01 4.844234e+00 3.574856e+00
      vertex   -2.546538e+01 4.844234e+00 3.574856e+00
      vertex   -2.443427e+01 4.856070e+00 3.527964e+00
    endloop
  endfacet
  facet normal 8.555213e-19 -9.695879e-01 -2.447433e-01
    outer loop
      vertex   -2.443427e+01 4.844234e+00 3.574856e+00
      vertex   -2.443427e+01 4.856070e+00 3.527964e+00
      vertex   -2.340316e+01 4.856070e+00 3.527964e+00
    endloop
  endfacet
  facet normal -0.000000e+00 -8.824920e-01 -4.703275e-01
    outer loop
      vertex   -2.340316e+01 4.856070e+00 3.527964e+00
      vertex   -2.443427e+01 4.856070e+00 3.527964e+00
      vertex   -3.371427e+01 4.878817e+00 3.485285e+00
    endloop
  endfacet
  facet normal 0.000000e+00 -8.824920e-01 -4.703275e-01
    outer loop
      vertex   -2.340316e+01 4.856070e+00 3.527964e+00
      vertex   -3.371427e+01 4.878817e+00 3.485285e+00
      vertex   -2.237205e+01 4.856070e+00 3.527964e+00
    endloop
  endfacet
  facet normal 0.000000e+00 -8.824920e-01 -4.703275e-01
    outer loop
      vertex   -2.237205e+01 4.856070e+00 3.527964e+00
      vertex   -3.371427e+01 4.878817e+00 3.485285e+00
      vertex   -2.134094e+01 4.856070e+00 3.527964e+00
    endloop
  endfacet
  facet normal 0.000000e+00 -9.695879e-01 -2.447433e-01
    outer loop
      vertex   -2.237205e+01 4.856070e+00 3.527964e+00
      vertex   -2.134094e+01 4.856070e+00 3.527964e+00
      vertex   -2.237205e+01 4.844234e+00 3.574856e+00
    endloop
  endfacet
  facet normal 0.000000e+00 -9.695879e-01 -2.447433e-01
    outer loop
      vertex   -2.237205e+01 4.844234e+00 3.574856e+00
      vertex   -2.134094e+01 4.856070e+00 3.527964e+00
      vertex   -2.134094e+01 4.844234e+00 3.574856e+00
    endloop
  endfacet
  facet normal 0.000000e+00 -9.999882e-01 -4.848118e-03
    outer loop
      vertex   -2.237205e+01 4.844234e+00 3.574856e+00
      vertex   -2.134094e+01 4.844234e+00 3.574856e+00
      vertex   -2.237205e+01 4.843999e+00 3.623219e+00
    endloop
  endfacet
  facet normal 0.000000e+00 -9.999882e-01 -4.848118e-03
    outer loop
      vertex   -2.237205e+01 4.843999e+00 3.623219e+00
      vertex   -2.134094e+01 4.844234e+00 3.574856e+00
      vertex   -2.134094e+01 4.843999e+00 3.623219e+00
    endloop
  endfacet
  facet normal 0.000000e+00 -9.719154e-01 2.353306e-01
    outer loop
      vertex   -2.237205e+01 4.843999e+00 3.623219e+00
      vertex   -2.134094e+01 4.843999e+00 3.623219e+00
      vertex   -2.237205e+01 4.855381e+00 3.670223e+00
    endloop
  endfacet
  facet normal 0.000000e+00 -9.719154e-01 2.353306e-01
    outer loop
      vertex   -2.237205e+01 4.855381e+00 3.670223e+00
      vertex   -2.134094e+01 4.843999e+00 3.623219e+00
      vertex   -2.134094e+01 4.855381e+00 3.670223e+00
    endloop
  endfacet
  facet normal 0.000000e+00 -8.870108e-01 4.617486e-01
    outer loop
      vertex   -2.237205e+01 4.855381e+00 3.670223e+00
      vertex   -2.134094e+01 4.855381e+00 3.670223e+00
      vertex   -2.237205e+01 4.877712e+00 3.713121e+00
    endloop
  endfacet
  facet normal 0.000000e+00 -8.870108e-01 4.617486e-01
    outer loop
      vertex   -2.237205e+01 4.877712e+00 3.713121e+00
      vertex   -2.134094e+01 4.855381e+00 3.670223e+00
      vertex   -2.134094e+01 4.877712e+00 3.713121e+00
    endloop
  endfacet
  facet normal 0.000000e+00 -7.502393e-01 6.611664e-01
    outer loop
      vertex   -2.237205e+01 4.877712e+00 3.713121e+00
      vertex   -2.134094e+01 4.877712e+00 3.713121e+00
      vertex   -2.237205e+01 4.909688e+00 3.749405e+00
    endloop
  endfacet
  facet normal 0.000000e+00 -7.502393e-01 6.611664e-01
    outer loop
      vertex   -2.237205e+01 4.909688e+00 3.749405e+00
      vertex   -2.134094e+01 4.877712e+00 3.713121e+00
      vertex   -2.134094e+01 4.909688e+00 3.749405e+00
    endloop
  endfacet
  facet normal 0.000000e+00 -5.695983e-01 8.219232e-01
    outer loop
      vertex   -2.237205e+01 4.909688e+00 3.749405e+00
      vertex   -2.134094e+01 4.909688e+00 3.749405e+00
      vertex   -2.237205e+01 4.949438e+00 3.776952e+00
    endloop
  endfacet
  facet normal 0.000000e+00 -5.695983e-01 8.219232e-01
    outer loop
      vertex   -2.237205e+01 4.949438e+00 3.776952e+00
      vertex   -2.134094e+01 4.909688e+00 3.749405e+00
      vertex   -2.134094e+01 4.949438e+00 3.776952e+00
    endloop
  endfacet
  facet normal 0.000000e+00 -3.556508e-01 9.346189e-01
    outer loop
      vertex   -2.237205e+01 4.949438e+00 3.776952e+00
      vertex   -2.134094e+01 4.949438e+00 3.776952e+00
      vertex   -2.237205e+01 4.994639e+00 3.794153e+00
    endloop
  endfacet
  facet normal 0.000000e+00 -3.556508e-01 9.346189e-01
    outer loop
      vertex   -2.237205e+01 4.994639e+00 3.794153e+00
      vertex   -2.134094e+01 4.949438e+00 3.776952e+00
      vertex   -2.134094e+01 4.994639e+00 3.794153e+00
    endloop
  endfacet
  facet normal 0.000000e+00 -1.209069e-01 9.926639e-01
    outer loop
      vertex   -2.237205e+01 4.994639e+00 3.794153e+00
      vertex   -2.134094e+01 4.994639e+00 3.794153e+00
      vertex   -3.371427e+01 5.042647e+00 3.800000e+00
    endloop
  endfacet
  facet normal -3.581736e-19 -1.209069e-01 9.926639e-01
    outer loop
      vertex   -3.371427e+01 5.042647e+00 3.800000e+00
      vertex   -2.134094e+01 4.994639e+00 3.794153e+00
      vertex   -2.030983e+01 4.994639e+00 3.794153e+00
    endloop
  endfacet
  facet normal -3.581736e-19 -1.209069e-01 9.926639e-01
    outer loop
      vertex   -3.371427e+01 5.042647e+00 3.800000e+00
      vertex   -2.030983e+01 4.994639e+00 3.794153e+00
      vertex   -1.927872e+01 4.994639e+00 3.794153e+00
    endloop
  endfacet
  facet normal 0.000000e+00 -3.556508e-01 9.346189e-01
    outer loop
      vertex   -1.927872e+01 4.994639e+00 3.794153e+00
      vertex   -2.030983e+01 4.994639e+00 3.794153e+00
      vertex   -1.927872e+01 4.949438e+00 3.776952e+00
    endloop
  endfacet
  facet normal 1.002196e-18 -3.556508e-01 9.346189e-01
    outer loop
      vertex   -1.927872e+01 4.994639e+00 3.794153e+00
      vertex   -1.927872e+01 4.949438e+00 3.776952e+00
      vertex   -1.824761e+01 4.949438e+00 3.776952e+00
    endloop
  endfacet
  facet normal 0.000000e+00 -5.695983e-01 8.219232e-01
    outer loop
      vertex   -1.824761e+01 4.949438e+00 3.776952e+00
      vertex   -1.927872e+01 4.949438e+00 3.776952e+00
      vertex   -1.824761e+01 4.909688e+00 3.749405e+00
    endloop
  endfacet
  facet normal -8.747204e-19 -5.695983e-01 8.219232e-01
    outer loop
      vertex   -1.824761e+01 4.949438e+00 3.776952e+00
      vertex   -1.824761e+01 4.909688e+00 3.749405e+00
      vertex   -1.721649e+01 4.909688e+00 3.749405e+00
    endloop
  endfacet
  facet normal 0.000000e+00 -7.502393e-01 6.611664e-01
    outer loop
      vertex   -1.721649e+01 4.909688e+00 3.749405e+00
      vertex   -1.824761e+01 4.909688e+00 3.749405e+00
      vertex   -1.721649e+01 4.877712e+00 3.713121e+00
    endloop
  endfacet
  facet normal 2.157175e-18 -7.502393e-01 6.611664e-01
    outer loop
      vertex   -1.721649e+01 4.909688e+00 3.749405e+00
      vertex   -1.721649e+01 4.877712e+00 3.713121e+00
      vertex   -1.618538e+01 4.877712e+00 3.713121e+00
    endloop
  endfacet
  facet normal 0.000000e+00 -8.870108e-01 4.617486e-01
    outer loop
      vertex   -1.618538e+01 4.877712e+00 3.713121e+00
      vertex   -1.721649e+01 4.877712e+00 3.713121e+00
      vertex   -1.618538e+01 4.855381e+00 3.670223e+00
    endloop
  endfacet
  facet normal -7.723341e-19 -8.870108e-01 4.617486e-01
    outer loop
      vertex   -1.618538e+01 4.877712e+00 3.713121e+00
      vertex   -1.618538e+01 4.855381e+00 3.670223e+00
      vertex   -1.515427e+01 4.855381e+00 3.670223e+00
    endloop
  endfacet
  facet normal 0.000000e+00 -9.719154e-01 2.353306e-01
    outer loop
      vertex   -1.515427e+01 4.855381e+00 3.670223e+00
      vertex   -1.618538e+01 4.855381e+00 3.670223e+00
      vertex   -1.515427e+01 4.843999e+00 3.623219e+00
    endloop
  endfacet
  facet normal -7.423442e-19 -9.719154e-01 2.353306e-01
    outer loop
      vertex   -1.515427e+01 4.855381e+00 3.670223e+00
      vertex   -1.515427e+01 4.843999e+00 3.623219e+00
      vertex   -1.412316e+01 4.843999e+00 3.623219e+00
    endloop
  endfacet
  facet normal -0.000000e+00 -9.999882e-01 -4.848118e-03
    outer loop
      vertex   -1.412316e+01 4.843999e+00 3.623219e+00
      vertex   -1.515427e+01 4.843999e+00 3.623219e+00
      vertex   -1.412316e+01 4.844234e+00 3.574856e+00
    endloop
  endfacet
  facet normal -1.481576e-20 -9.999882e-01 -4.848118e-03
    outer loop
      vertex   -1.412316e+01 4.843999e+00 3.623219e+00
      vertex   -1.412316e+01 4.844234e+00 3.574856e+00
      vertex   -1.309205e+01 4.844234e+00 3.574856e+00
    endloop
  endfacet
  facet normal -0.000000e+00 -9.695879e-01 -2.447433e-01
    outer loop
      vertex   -1.309205e+01 4.844234e+00 3.574856e+00
      vertex   -1.412316e+01 4.844234e+00 3.574856e+00
      vertex   -1.309205e+01 4.856070e+00 3.527964e+00
    endloop
  endfacet
  facet normal 8.555213e-19 -9.695879e-01 -2.447433e-01
    outer loop
      vertex   -1.309205e+01 4.844234e+00 3.574856e+00
      vertex   -1.309205e+01 4.856070e+00 3.527964e+00
      vertex   -1.206094e+01 4.856070e+00 3.527964e+00
    endloop
  endfacet
  facet normal -0.000000e+00 -8.824920e-01 -4.703275e-01
    outer loop
      vertex   -1.206094e+01 4.856070e+00 3.527964e+00
      vertex   -1.309205e+01 4.856070e+00 3.527964e+00
      vertex   -3.371427e+01 4.878817e+00 3.485285e+00
    endloop
  endfacet
  facet normal 0.000000e+00 -8.824920e-01 -4.703275e-01
    outer loop
      vertex   -1.206094e+01 4.856070e+00 3.527964e+00
      vertex   -3.371427e+01 4.878817e+00 3.485285e+00
      vertex   -1.102983e+01 4.856070e+00 3.527964e+00
    endloop
  endfacet
  facet normal -3.774810e-21 -8.824920e-01 -4.703275e-01
    outer loop
      vertex   -1.102983e+01 4.856070e+00 3.527964e+00
      vertex   -3.371427e+01 4.878817e+00 3.485285e+00
      vertex   1.268573e+01 4.878817e+00 3.485285e+00
    endloop
  endfacet
  facet normal 0.000000e+00 -8.824920e-01 -4.703275e-01
    outer loop
      vertex   -1.102983e+01 4.856070e+00 3.527964e+00
      vertex   1.268573e+01 4.878817e+00 3.485285e+00
      vertex   -9.998717e+00 4.856070e+00 3.527964e+00
    endloop
  endfacet
  facet normal 0.000000e+00 -8.824920e-01 -4.703275e-01
    outer loop
      vertex   -9.998717e+00 4.856070e+00 3.527964e+00
      vertex   1.268573e+01 4.878817e+00 3.485285e+00
      vertex   -8.967606e+00 4.856070e+00 3.527964e+00
    endloop
  endfacet
  facet normal 0.000000e+00 -9.695879e-01 -2.447433e-01
    outer loop
      vertex   -9.998717e+00 4.856070e+00 3.527964e+00
      vertex   -8.967606e+00 4.856070e+00 3.527964e+00
      vertex   -9.998717e+00 4.844234e+00 3.574856e+00
    endloop
  endfacet
  facet normal 0.000000e+00 -9.695879e-01 -2.447433e-01
    outer loop
      vertex   -9.998717e+00 4.844234e+00 3.574856e+00
      vertex   -8.967606e+00 4.856070e+00 3.527964e+00
      vertex   -8.967606e+00 4.844234e+00 3.574856e+00
    endloop
  endfacet
  facet normal 0.000000e+00 -9.999882e-01 -4.848118e-03
    outer loop
      vertex   -9.998717e+00 4.844234e+00 3.574856e+00
      vertex   -8.967606e+00 4.844234e+00 3.574856e+00
      vertex   -9.998717e+00 4.843999e+00 3.623219e+00
    endloop
  endfacet
  facet normal 0.000000e+00 -9.999882e-01 -4.848118e-03
    outer loop
      vertex   -9.998717e+00 4.843999e+00 3.623219e+00
      vertex   -8.967606e+00 4.844234e+00 3.574856e+00
      vertex   -8.967606e+00 4.843999e+00 3.623219e+00
    endloop
  endfacet
  facet normal 0.000000e+00 -9.719154e-01 2.353306e-01
    outer loop
      vertex   -9.998717e+00 4.843999e+00 3.623219e+00
      vertex   -8.967606e+00 4.843999e+00 3.623219e+00
      vertex   -9.998717e+00 4.855381e+00 3.670223e+00
    endloop
  endfacet
  facet normal 0.000000e+00 -9.719154e-01 2.353306e-01
    outer loop
      vertex   -9.998717e+00 4.855381e+00 3.670223e+00
      vertex   -8.967606e+00 4.843999e+00 3.623219e+00
      vertex   -8.967606e+00 4.855381e+00 3.670223e+00
    endloop
  endfacet
  facet normal 0.000000e+00 -8.870108e-01 4.617486e-01
    outer loop
      vertex   -9.998717e+00 4.855381e+00 3.670223e+00
      vertex   -8.967606e+00 4.855381e+00 3.670223e+00
      vertex   -9.998717e+00 4.877712e+00 3.713121e+00
    endloop
  endfacet
  facet normal 0.000000e+00 -8.870108e-01 4.617486e-01
    outer loop
      vertex   -9.998717e+00 4.877712e+00 3.713121e+00
      vertex   -8.967606e+00 4.855381e+00 3.670223e+00
      vertex   -8.967606e+00 4.877712e+00 3.713121e+00
    endloop
  endfacet
  facet normal 0.000000e+00 -7.502393e-01 6.611664e-01
    outer loop
      vertex   -9.998717e+00 4.877712e+00 3.713121e+00
      vertex   -8.967606e+00 4.877712e+00 3.713121e+00
      vertex   -9.998717e+00 4.909688e+00 3.749405e+00
    endloop
  endfacet
  facet normal 0.000000e+00 -7.502393e-01 6.611664e-01
    outer loop
      vertex   -9.998717e+00 4.909688e+00 3.749405e+00
      vertex   -8.967606e+00 4.877712e+00 3.713121e+00
      vertex   -8.967606e+00 4.909688e+00 3.749405e+00
    endloop
  endfacet
  facet normal 0.000000e+00 -5.695983e-01 8.219232e-01
    outer loop
      vertex   -9.998717e+00 4.909688e+00 3.749405e+00
      vertex   -8.967606e+00 4.909688e+00 3.749405e+00
      vertex   -9.998717e+00 4.949438e+00 3.776952e+00
    endloop
  endfacet
  facet normal 0.000000e+00 -5.695983e-01 8.219232e-01
    outer loop
      vertex   -9.998717e+00 4.949438e+00 3.776952e+00
      vertex   -8.967606e+00 4.909688e+00 3.749405e+00
      vertex   -8.967606e+00 4.949438e+00 3.776952e+00
    endloop
  endfacet
  facet normal 0.000000e+00 -3.556508e-01 9.346189e-01
    outer loop
      vertex   -9.998717e+00 4.949438e+00 3.776952e+00
      vertex   -8.967606e+00 4.949438e+00 3.776952e+00
      vertex   -9.998717e+00 4.994639e+00 3.794153e+00
    endloop
  endfacet
  facet normal 0.000000e+00 -3.556508e-01 9.346189e-01
    outer loop
      vertex   -9.998717e+00 4.994639e+00 3.794153e+00
      vertex   -8.967606e+00 4.949438e+00 3.776952e+00
      vertex   -8.967606e+00 4.994639e+00 3.794153e+00
    endloop
  endfacet
  facet normal 0.000000e+00 -1.209069e-01 9.926639e-01
    outer loop
      vertex   -9.998717e+00 4.994639e+00 3.794153e+00
      vertex   -8.967606e+00 4.994639e+00 3.794153e+00
      vertex   1.268573e+01 5.042647e+00 3.800000e+00
    endloop
  endfacet
  facet normal -3.581736e-19 -1.209069e-01 9.926639e-01
    outer loop
      vertex   1.268573e+01 5.042647e+00 3.800000e+00
      vertex   -8.967606e+00 4.994639e+00 3.794153e+00
      vertex   -7.936495e+00 4.994639e+00 3.794153e+00
    endloop
  endfacet
  facet normal -3.581736e-19 -1.209069e-01 9.926639e-01
    outer loop
      vertex   1.268573e+01 5.042647e+00 3.800000e+00
      vertex   -7.936495e+00 4.994639e+00 3.794153e+00
      vertex   -6.905383e+00 4.994639e+00 3.794153e+00
    endloop
  endfacet
  facet normal 0.000000e+00 -3.556508e-01 9.346189e-01
    outer loop
      vertex   -6.905383e+00 4.994639e+00 3.794153e+00
      vertex   -7.936495e+00 4.994639e+00 3.794153e+00
      vertex   -6.905383e+00 4.949438e+00 3.776952e+00
    endloop
  endfacet
  facet normal 1.002196e-18 -3.556508e-01 9.346189e-01
    outer loop
      vertex   -6.905383e+00 4.994639e+00 3.794153e+00
      vertex   -6.905383e+00 4.949438e+00 3.776952e+00
      vertex   -5.874272e+00 4.949438e+00 3.776952e+00
    endloop
  endfacet
  facet normal 0.000000e+00 -5.695983e-01 8.219232e-01
    outer loop
      vertex   -5.874272e+00 4.949438e+00 3.776952e+00
      vertex   -6.905383e+00 4.949438e+00 3.776952e+00
      vertex   -5.874272e+00 4.909688e+00 3.749405e+00
    endloop
  endfacet
  facet normal -8.747204e-19 -5.695983e-01 8.219232e-01
    outer loop
      vertex   -5.874272e+00 4.949438e+00 3.776952e+00
      vertex   -5.874272e+00 4.909688e+00 3.749405e+00
      vertex   -4.843161e+00 4.909688e+00 3.749405e+00
    endloop
  endfacet
  facet normal 0.000000e+00 -7.502393e-01 6.611664e-01
    outer loop
      vertex   -4.843161e+00 4.909688e+00 3.749405e+00
      vertex   -5.874272e+00 4.909688e+00 3.749405e+00
      vertex   -4.843161e+00 4.877712e+00 3.713121e+00
    endloop
  endfacet
  facet normal 2.157175e-18 -7.502393e-01 6.611664e-01
    outer loop
      vertex   -4.843161e+00 4.909688e+00 3.749405e+00
      vertex   -4.843161e+00 4.877712e+00 3.713121e+00
      vertex   -3.812050e+00 4.877712e+00 3.713121e+00
    endloop
  endfacet
  facet normal 0.000000e+00 -8.870108e-01 4.617486e-01
    outer loop
      vertex   -3.812050e+00 4.877712e+00 3.713121e+00
      vertex   -4.843161e+00 4.877712e+00 3.713121e+00
      vertex   -3.812050e+00 4.855381e+00 3.670223e+00
    endloop
  endfacet
  facet normal -7.723341e-19 -8.870108e-01 4.617486e-01
    outer loop
      vertex   -3.812050e+00 4.877712e+00 3.713121e+00
      vertex   -3.812050e+00 4.855381e+00 3.670223e+00
      vertex   -2.780939e+00 4.855381e+00 3.670223e+00
    endloop
  endfacet
  facet normal 0.000000e+00 -9.719154e-01 2.353306e-01
    outer loop
      vertex   -2.780939e+00 4.855381e+00 3.670223e+00
      vertex   -3.812050e+00 4.855381e+00 3.670223e+00
      vertex   -2.780939e+00 4.843999e+00 3.623219e+00
    endloop
  endfacet
  facet normal -7.423442e-19 -9.719154e-01 2.353306e-01
    outer loop
      vertex   -2.780939e+00 4.855381e+00 3.670223e+00
      vertex   -2.780939e+00 4.843999e+00 3.623219e+00
      vertex   -1.749828e+00 4.843999e+00 3.623219e+00
    endloop
  endfacet
  facet normal -0.000000e+00 -9.999882e-01 -4.848118e-03
    outer loop
      vertex   -1.749828e+00 4.843999e+00 3.623219e+00
      vertex   -2.780939e+00 4.843999e+00 3.623219e+00
      vertex   -1.749828e+00 4.844234e+00 3.574856e+00
    endloop
  endfacet
  facet normal -1.481576e-20 -9.999882e-01 -4.848118e-03
    outer loop
      vertex   -1.749828e+00 4.843999e+00 3.623219e+00
      vertex   -1.749828e+00 4.844234e+00 3.574856e+00
      vertex   -7.187167e-01 4.844234e+00 3.574856e+00
    endloop
  endfacet
  facet normal -0.000000e+00 -9.695879e-01 -2.447433e-01
    outer loop
      vertex   -7.187167e-01 4.844234e+00 3.574856e+00
      vertex   -1.749828e+00 4.844234e+00 3.574856e+00
      vertex   -7.187167e-01 4.856070e+00 3.527964e+00
    endloop
  endfacet
  facet normal 8.555213e-19 -9.695879e-01 -2.447433e-01
    outer loop
      vertex   -7.187167e-01 4.844234e+00 3.574856e+00
      vertex   -7.187167e-01 4.856070e+00 3.527964e+00
      vertex   3.123944e-01 4.856070e+00 3.527964e+00
    endloop
  endfacet
  facet normal -0.000000e+00 -8.824920e-01 -4.703275e-01
    outer loop
      vertex   3.123944e-01 4.856070e+00 3.527964e+00
      vertex   -7.187167e-01 4.856070e+00 3.527964e+00
      vertex   1.268573e+01 4.878817e+00 3.485285e+00
    endloop
  endfacet
  facet normal 0.000000e+00 -8.824920e-01 -4.703275e-01
    outer loop
      vertex   3.123944e-01 4.856070e+00 3.527964e+00
      vertex   1.268573e+01 4.878817e+00 3.485285e+00
      vertex   1.343505e+00 4.856070e+00 3.527964e+00
    endloop
  endfacet
  facet normal 0.000000e+00 -8.824920e-01 -4.703275e-01
    outer loop
      vertex   1.343505e+00 4.856070e+00 3.527964e+00
      vertex   1.268573e+01 4.878817e+00 3.485285e+00
      vertex   2.374617e+00 4.856070e+00 3.527964e+00
    endloop
  endfacet
  facet normal 0.000000e+00 -9.695879e-01 -2.447433e-01
    outer loop
      vertex   1.343505e+00 4.856070e+00 3.527964e+00
      vertex   2.374617e+00 4.856070e+00 3.527964e+00
      vertex   1.343505e+00 4.844234e+00 3.574856e+00
    endloop
  endfacet
  facet normal 0.000000e+00 -9.695879e-01 -2.447433e-01
    outer loop
      vertex   1.343505e+00 4.844234e+00 3.574856e+00
      vertex   2.374617e+00 4.856070e+00 3.527964e+00
      vertex   2.374617e+00 4.844234e+00 3.574856e+00
    endloop
  endfacet
  facet normal 0.000000e+00 -9.999882e-01 -4.848118e-03
    outer loop
      vertex   1.343505e+00 4.844234e+00 3.574856e+00
      vertex   2.374617e+00 4.844234e+00 3.574856e+00
      vertex   1.343505e+00 4.843999e+00 3.623219e+00
    endloop
  endfacet
  facet normal 0.000000e+00 -9.999882e-01 -4.848118e-03
    outer loop
      vertex   1.343505e+00 4.843999e+00 3.623219e+00
      vertex   2.374617e+00 4.844234e+00 3.574856e+00
      vertex   2.374617e+00 4.843999e+00 3.623219e+00
    endloop
  endfacet
  facet normal 0.000000e+00 -9.719154e-01 2.353306e-01
    outer loop
      vertex   1.343505e+00 4.843999e+00 3.623219e+00
      vertex   2.374617e+00 4.843999e+00 3.623219e+00
      vertex   1.343505e+00 4.855381e+00 3.670223e+00
    endloop
  endfacet
  facet normal 0.000000e+00 -9.719154e-01 2.353306e-01
    outer loop
      vertex   1.343505e+00 4.855381e+00 3.670223e+00
      vertex   2.374617e+00 4.843999e+00 3.623219e+00
      vertex   2.374617e+00 4.855381e+00 3.670223e+00
    endloop
  endfacet
  facet normal 0.000000e+00 -8.870108e-01 4.617486e-01
    outer loop
      vertex   1.343505e+00 4.855381e+00 3.670223e+00
      vertex   2.374617e+00 4.855381e+00 3.670223e+00
      vertex   1.343505e+00 4.877712e+00 3.713121e+00
    endloop
  endfacet
  facet normal 0.000000e+00 -8.870108e-01 4.617486e-01
    outer loop
      vertex   1.343505e+00 4.877712e+00 3.713121e+00
      vertex   2.374617e+00 4.855381e+00 3.670223e+00
      vertex   2.374617e+00 4.877712e+00 3.713121e+00
    endloop
  endfacet
  facet normal 0.000000e+00 -7.502393e-01 6.611664e-01
    outer loop
      vertex   1.343505e+00 4.877712e+00 3.713121e+00
      vertex   2.374617e+00 4.877712e+00 3.713121e+00
      vertex   1.343505e+00 4.909688e+00 3.749405e+00
    endloop
  endfacet
  facet normal 0.000000e+00 -7.502393e-01 6.611664e-01
    outer loop
      vertex   1.343505e+00 4.909688e+00 3.749405e+00
      vertex   2.374617e+00 4.877712e+00 3.713121e+00
      vertex   2.374617e+00 4.909688e+00 3.749405e+00
    endloop
  endfacet
  facet normal 0.000000e+00 -5.695983e-01 8.219232e-01
    outer loop
      vertex   1.343505e+00 4.909688e+00 3.749405e+00
      vertex   2.374617e+00 4.909688e+00 3.749405e+00
      vertex   1.343505e+00 4.949438e+00 3.776952e+00
    endloop
  endfacet
  facet normal 0.000000e+00 -5.695983e-01 8.219232e-01
    outer loop
      vertex   1.343505e+00 4.949438e+00 3.776952e+00
      vertex   2.374617e+00 4.909688e+00 3.749405e+00
      vertex   2.374617e+00 4.949438e+00 3.776952e+00
    endloop
  endfacet
  facet normal 0.000000e+00 -3.556508e-01 9.346189e-01
    outer loop
      vertex   1.343505e+00 4.949438e+00 3.776952e+00
      vertex   2.374617e+00 4.949438e+00 3.776952e+00
      vertex   1.343505e+00 4.994639e+00 3.794153e+00
    endloop
  endfacet
  facet normal 0.000000e+00 -3.556508e-01 9.346189e-01
    outer loop
      vertex   1.343505e+00 4.994639e+00 3.794153e+00
      vertex   2.374617e+00 4.949438e+00 3.776952e+00
      vertex   2.374617e+00 4.994639e+00 3.794153e+00
    endloop
  endfacet
  facet normal 0.000000e+00 -1.209069e-01 9.926639e-01
    outer loop
      vertex   1.343505e+00 4.994639e+00 3.794153e+00
      vertex   2.374617e+00 4.994639e+00 3.794153e+00
      vertex   1.268573e+01 5.042647e+00 3.800000e+00
    endloop
  endfacet
  facet normal -3.581736e-19 -1.209069e-01 9.926639e-01
    outer loop
      vertex   1.268573e+01 5.042647e+00 3.800000e+00
      vertex   2.374617e+00 4.994639e+00 3.794153e+00
      vertex   3.405728e+00 4.994639e+00 3.794153e+00
    endloop
  endfacet
  facet normal -3.581736e-19 -1.209069e-01 9.926639e-01
    outer loop
      vertex   1.268573e+01 5.042647e+00 3.800000e+00
      vertex   3.405728e+00 4.994639e+00 3.794153e+00
      vertex   4.436839e+00 4.994639e+00 3.794153e+00
    endloop
  endfacet
  facet normal 0.000000e+00 -3.556508e-01 9.346189e-01
    outer loop
      vertex   4.436839e+00 4.994639e+00 3.794153e+00
      vertex   3.405728e+00 4.994639e+00 3.794153e+00
      vertex   4.436839e+00 4.949438e+00 3.776952e+00
    endloop
  endfacet
  facet normal 1.002196e-18 -3.556508e-01 9.346189e-01
    outer loop
      vertex   4.436839e+00 4.994639e+00 3.794153e+00
      vertex   4.436839e+00 4.949438e+00 3.776952e+00
      vertex   5.467950e+00 4.949438e+00 3.776952e+00
    endloop
  endfacet
  facet normal 0.000000e+00 -5.695983e-01 8.219232e-01
    outer loop
      vertex   5.467950e+00 4.949438e+00 3.776952e+00
      vertex   4.436839e+00 4.949438e+00 3.776952e+00
      vertex   5.467950e+00 4.909688e+00 3.749405e+00
    endloop
  endfacet
  facet normal -8.747204e-19 -5.695983e-01 8.219232e-01
    outer loop
      vertex   5.467950e+00 4.949438e+00 3.776952e+00
      vertex   5.467950e+00 4.909688e+00 3.749405e+00
      vertex   6.499061e+00 4.909688e+00 3.749405e+00
    endloop
  endfacet
  facet normal 0.000000e+00 -7.502393e-01 6.611664e-01
    outer loop
      vertex   6.499061e+00 4.909688e+00 3.749405e+00
      vertex   5.467950e+00 4.909688e+00 3.749405e+00
      vertex   6.499061e+00 4.877712e+00 3.713121e+00
    endloop
  endfacet
  facet normal 2.157175e-18 -7.502393e-01 6.611664e-01
    outer loop
      vertex   6.499061e+00 4.909688e+00 3.749405e+00
      vertex   6.499061e+00 4.877712e+00 3.713121e+00
      vertex   7.530172e+00 4.877712e+00 3.713121e+00
    endloop
  endfacet
  facet normal 0.000000e+00 -8.870108e-01 4.617486e-01
    outer loop
      vertex   7.530172e+00 4.877712e+00 3.713121e+00
      vertex   6.499061e+00 4.877712e+00 3.713121e+00
      vertex   7.530172e+00 4.855381e+00 3.670223e+00
    endloop
  endfacet
  facet normal -7.723341e-19 -8.870108e-01 4.617486e-01
    outer loop
      vertex   7.530172e+00 4.877712e+00 3.713121e+00
      vertex   7.530172e+00 4.855381e+00 3.670223e+00
      vertex   8.561283e+00 4.855381e+00 3.670223e+00
    endloop
  endfacet
  facet normal 0.000000e+00 -9.719154e-01 2.353306e-01
    outer loop
      vertex   8.561283e+00 4.855381e+00 3.670223e+00
      vertex   7.530172e+00 4.855381e+00 3.670223e+00
      vertex   8.561283e+00 4.843999e+00 3.623219e+00
    endloop
  endfacet
  facet normal -7.423442e-19 -9.719154e-01 2.353306e-01
    outer loop
      vertex   8.561283e+00 4.855381e+00 3.670223e+00
      vertex   8.561283e+00 4.843999e+00 3.623219e+00
      vertex   9.592394e+00 4.843999e+00 3.623219e+00
    endloop
  endfacet
  facet normal -0.000000e+00 -9.999882e-01 -4.848118e-03
    outer loop
      vertex   9.592394e+00 4.843999e+00 3.623219e+00
      vertex   8.561283e+00 4.843999e+00 3.623219e+00
      vertex   9.592394e+00 4.844234e+00 3.574856e+00
    endloop
  endfacet
  facet normal -1.481576e-20 -9.999882e-01 -4.848118e-03
    outer loop
      vertex   9.592394e+00 4.843999e+00 3.623219e+00
      vertex   9.592394e+00 4.844234e+00 3.574856e+00
      vertex   1.062351e+01 4.844234e+00 3.574856e+00
    endloop
  endfacet
  facet normal -0.000000e+00 -9.695879e-01 -2.447433e-01
    outer loop
      vertex   1.062351e+01 4.844234e+00 3.574856e+00
      vertex   9.592394e+00 4.844234e+00 3.574856e+00
      vertex   1.062351e+01 4.856070e+00 3.527964e+00
    endloop
  endfacet
  facet normal 8.555213e-19 -9.695879e-01 -2.447433e-01
    outer loop
      vertex   1.062351e+01 4.844234e+00 3.574856e+00
      vertex   1.062351e+01 4.856070e+00 3.527964e+00
      vertex   1.165462e+01 4.856070e+00 3.527964e+00
    endloop
  endfacet
  facet normal -0.000000e+00 -8.824920e-01 -4.703275e-01
    outer loop
      vertex   1.165462e+01 4.856070e+00 3.527964e+00
      vertex   1.062351e+01 4.856070e+00 3.527964e+00
      vertex   1.268573e+01 4.878817e+00 3.485285e+00
    endloop
  endfacet
  facet normal 0.000000e+00 -8.824920e-01 -4.703275e-01
    outer loop
      vertex   1.165462e+01 4.856070e+00 3.527964e+00
      vertex   1.268573e+01 4.878817e+00 3.485285e+00
      vertex   1.268573e+01 4.856070e+00 3.527964e+00
    endloop
  endfacet
  facet normal 0.000000e+00 -3.556508e-01 9.346189e-01
    outer loop
      vertex   -3.268316e+01 4.994639e+00 3.794153e+00
      vertex   -3.371427e+01 4.994639e+00 3.794153e+00
      vertex   -3.268316e+01 4.949438e+00 3.776952e+00
    endloop
  endfacet
  facet normal 0.000000e+00 -3.556508e-01 9.346189e-01
    outer loop
      vertex   -3.268316e+01 4.949438e+00 3.776952e+00
      vertex   -3.371427e+01 4.994639e+00 3.794153e+00
      vertex   -3.371427e+01 4.949438e+00 3.776952e+00
    endloop
  endfacet
  facet normal 0.000000e+00 -5.695983e-01 8.219232e-01
    outer loop
      vertex   -3.268316e+01 4.949438e+00 3.776952e+00
      vertex   -3.371427e+01 4.949438e+00 3.776952e+00
      vertex   -3.268316e+01 4.909688e+00 3.749405e+00
    endloop
  endfacet
  facet normal 0.000000e+00 -5.695983e-01 8.219232e-01
    outer loop
      vertex   -3.268316e+01 4.909688e+00 3.749405e+00
      vertex   -3.371427e+01 4.949438e+00 3.776952e+00
      vertex   -3.371427e+01 4.909688e+00 3.749405e+00
    endloop
  endfacet
  facet normal 0.000000e+00 -7.502393e-01 6.611664e-01
    outer loop
      vertex   -3.268316e+01 4.909688e+00 3.749405e+00
      vertex   -3.371427e+01 4.909688e+00 3.749405e+00
      vertex   -3.268316e+01 4.877712e+00 3.713121e+00
    endloop
  endfacet
  facet normal -6.462411e-16 -7.502393e-01 6.611664e-01
    outer loop
      vertex   -3.268316e+01 4.877712e+00 3.713121e+00
      vertex   -3.371427e+01 4.909688e+00 3.749405e+00
      vertex   -3.371427e+01 4.877712e+00 3.713121e+00
    endloop
  endfacet
  facet normal -7.640533e-16 -8.870108e-01 4.617486e-01
    outer loop
      vertex   -3.268316e+01 4.877712e+00 3.713121e+00
      vertex   -3.371427e+01 4.877712e+00 3.713121e+00
      vertex   -3.268316e+01 4.855381e+00 3.670223e+00
    endloop
  endfacet
  facet normal 0.000000e+00 -8.870108e-01 4.617486e-01
    outer loop
      vertex   -3.268316e+01 4.855381e+00 3.670223e+00
      vertex   -3.371427e+01 4.877712e+00 3.713121e+00
      vertex   -3.371427e+01 4.855381e+00 3.670223e+00
    endloop
  endfacet
  facet normal 0.000000e+00 -9.719154e-01 2.353306e-01
    outer loop
      vertex   -3.268316e+01 4.855381e+00 3.670223e+00
      vertex   -3.371427e+01 4.855381e+00 3.670223e+00
      vertex   -3.268316e+01 4.843999e+00 3.623219e+00
    endloop
  endfacet
  facet normal 8.371884e-16 -9.719154e-01 2.353306e-01
    outer loop
      vertex   -3.268316e+01 4.843999e+00 3.623219e+00
      vertex   -3.371427e+01 4.855381e+00 3.670223e+00
      vertex   -3.371427e+01 4.843999e+00 3.623219e+00
    endloop
  endfacet
  facet normal 8.613698e-16 -9.999882e-01 -4.848118e-03
    outer loop
      vertex   -3.268316e+01 4.843999e+00 3.623219e+00
      vertex   -3.371427e+01 4.843999e+00 3.623219e+00
      vertex   -3.268316e+01 4.844234e+00 3.574856e+00
    endloop
  endfacet
  facet normal -0.000000e+00 -9.999882e-01 -4.848118e-03
    outer loop
      vertex   -3.268316e+01 4.844234e+00 3.574856e+00
      vertex   -3.371427e+01 4.843999e+00 3.623219e+00
      vertex   -3.371427e+01 4.844234e+00 3.574856e+00
    endloop
  endfacet
  facet normal -0.000000e+00 -9.695879e-01 -2.447433e-01
    outer loop
      vertex   -3.268316e+01 4.844234e+00 3.574856e+00
      vertex   -3.371427e+01 4.844234e+00 3.574856e+00
      vertex   -3.268316e+01 4.856070e+00 3.527964e+00
    endloop
  endfacet
  facet normal -0.000000e+00 -9.695879e-01 -2.447433e-01
    outer loop
      vertex   -3.268316e+01 4.856070e+00 3.527964e+00
      vertex   -3.371427e+01 4.844234e+00 3.574856e+00
      vertex   -3.371427e+01 4.856070e+00 3.527964e+00
    endloop
  endfacet
  facet normal -0.000000e+00 -8.824920e-01 -4.703275e-01
    outer loop
      vertex   -3.268316e+01 4.856070e+00 3.527964e+00
      vertex   -3.371427e+01 4.856070e+00 3.527964e+00
      vertex   -3.371427e+01 4.878817e+00 3.485285e+00
    endloop
  endfacet
  facet normal 0.000000e+00 -9.695879e-01 -2.447433e-01
    outer loop
      vertex   1.165462e+01 4.856070e+00 3.527964e+00
      vertex   1.268573e+01 4.856070e+00 3.527964e+00
      vertex   1.165462e+01 4.844234e+00 3.574856e+00
    endloop
  endfacet
  facet normal 0.000000e+00 -9.695879e-01 -2.447433e-01
    outer loop
      vertex   1.165462e+01 4.844234e+00 3.574856e+00
      vertex   1.268573e+01 4.856070e+00 3.527964e+00
      vertex   1.268573e+01 4.844234e+00 3.574856e+00
    endloop
  endfacet
  facet normal 0.000000e+00 -9.999882e-01 -4.848118e-03
    outer loop
      vertex   1.165462e+01 4.844234e+00 3.574856e+00
      vertex   1.268573e+01 4.844234e+00 3.574856e+00
      vertex   1.165462e+01 4.843999e+00 3.623219e+00
    endloop
  endfacet
  facet normal -8.613698e-16 -9.999882e-01 -4.848118e-03
    outer loop
      vertex   1.165462e+01 4.843999e+00 3.623219e+00
      vertex   1.268573e+01 4.844234e+00 3.574856e+00
      vertex   1.268573e+01 4.843999e+00 3.623219e+00
    endloop
  endfacet
  facet normal -8.371884e-16 -9.719154e-01 2.353306e-01
    outer loop
      vertex   1.165462e+01 4.843999e+00 3.623219e+00
      vertex   1.268573e+01 4.843999e+00 3.623219e+00
      vertex   1.165462e+01 4.855381e+00 3.670223e+00
    endloop
  endfacet
  facet normal 0.000000e+00 -9.719154e-01 2.353306e-01
    outer loop
      vertex   1.165462e+01 4.855381e+00 3.670223e+00
      vertex   1.268573e+01 4.843999e+00 3.623219e+00
      vertex   1.268573e+01 4.855381e+00 3.670223e+00
    endloop
  endfacet
  facet normal 0.000000e+00 -8.870108e-01 4.617486e-01
    outer loop
      vertex   1.165462e+01 4.855381e+00 3.670223e+00
      vertex   1.268573e+01 4.855381e+00 3.670223e+00
      vertex   1.165462e+01 4.877712e+00 3.713121e+00
    endloop
  endfacet
  facet normal 7.640533e-16 -8.870108e-01 4.617486e-01
    outer loop
      vertex   1.165462e+01 4.877712e+00 3.713121e+00
      vertex   1.268573e+01 4.855381e+00 3.670223e+00
      vertex   1.268573e+01 4.877712e+00 3.713121e+00
    endloop
  endfacet
  facet normal 6.462411e-16 -7.502393e-01 6.611664e-01
    outer loop
      vertex   1.165462e+01 4.877712e+00 3.713121e+00
      vertex   1.268573e+01 4.877712e+00 3.713121e+00
      vertex   1.165462e+01 4.909688e+00 3.749405e+00
    endloop
  endfacet
  facet normal 0.000000e+00 -7.502393e-01 6.611664e-01
    outer loop
      vertex   1.165462e+01 4.909688e+00 3.749405e+00
      vertex   1.268573e+01 4.877712e+00 3.713121e+00
      vertex   1.268573e+01 4.909688e+00 3.749405e+00
    endloop
  endfacet
  facet normal 0.000000e+00 -5.695983e-01 8.219232e-01
    outer loop
      vertex   1.165462e+01 4.909688e+00 3.749405e+00
      vertex   1.268573e+01 4.909688e+00 3.749405e+00
      vertex   1.165462e+01 4.949438e+00 3.776952e+00
    endloop
  endfacet
  facet normal 0.000000e+00 -5.695983e-01 8.219232e-01
    outer loop
      vertex   1.165462e+01 4.949438e+00 3.776952e+00
      vertex   1.268573e+01 4.909688e+00 3.749405e+00
      vertex   1.268573e+01 4.949438e+00 3.776952e+00
    endloop
  endfacet
  facet normal 0.000000e+00 -3.556508e-01 9.346189e-01
    outer loop
      vertex   1.165462e+01 4.949438e+00 3.776952e+00
      vertex   1.268573e+01 4.949438e+00 3.776952e+00
      vertex   1.165462e+01 4.994639e+00 3.794153e+00
    endloop
  endfacet
  facet normal 8.050620e-16 -3.556508e-01 9.346189e-01
    outer loop
      vertex   1.165462e+01 4.994639e+00 3.794153e+00
      vertex   1.268573e+01 4.949438e+00 3.776952e+00
      vertex   1.268573e+01 4.994639e+00 3.794153e+00
    endloop
  endfacet
  facet normal 8.550607e-16 -1.209069e-01 9.926639e-01
    outer loop
      vertex   1.165462e+01 4.994639e+00 3.794153e+00
      vertex   1.268573e+01 4.994639e+00 3.794153e+00
      vertex   1.268573e+01 5.042647e+00 3.800000e+00
    endloop
  endfacet
  facet normal 0.000000e+00 -1.209069e-01 9.926639e-01
    outer loop
      vertex   1.268573e+01 5.042647e+00 3.800000e+00
      vertex   -3.371427e+01 5.042647e+00 3.800000e+00
      vertex   -9.998717e+00 4.994639e+00 3.794153e+00
    endloop
  endfacet
  facet normal 0.000000e+00 -1.209069e-01 9.926639e-01
    outer loop
      vertex   -9.998717e+00 4.994639e+00 3.794153e+00
      vertex   -3.371427e+01 5.042647e+00 3.800000e+00
      vertex   -1.102983e+01 4.994639e+00 3.794153e+00
    endloop
  endfacet
  facet normal 0.000000e+00 -3.556508e-01 9.346189e-01
    outer loop
      vertex   -9.998717e+00 4.994639e+00 3.794153e+00
      vertex   -1.102983e+01 4.994639e+00 3.794153e+00
      vertex   -9.998717e+00 4.949438e+00 3.776952e+00
    endloop
  endfacet
  facet normal 0.000000e+00 -3.556508e-01 9.346189e-01
    outer loop
      vertex   -9.998717e+00 4.949438e+00 3.776952e+00
      vertex   -1.102983e+01 4.994639e+00 3.794153e+00
      vertex   -1.102983e+01 4.949438e+00 3.776952e+00
    endloop
  endfacet
  facet normal 0.000000e+00 -5.695983e-01 8.219232e-01
    outer loop
      vertex   -9.998717e+00 4.949438e+00 3.776952e+00
      vertex   -1.102983e+01 4.949438e+00 3.776952e+00
      vertex   -9.998717e+00 4.909688e+00 3.749405e+00
    endloop
  endfacet
  facet normal 0.000000e+00 -5.695983e-01 8.219232e-01
    outer loop
      vertex   -9.998717e+00 4.909688e+00 3.749405e+00
      vertex   -1.102983e+01 4.949438e+00 3.776952e+00
      vertex   -1.102983e+01 4.909688e+00 3.749405e+00
    endloop
  endfacet
  facet normal 0.000000e+00 -7.502393e-01 6.611664e-01
    outer loop
      vertex   -9.998717e+00 4.909688e+00 3.749405e+00
      vertex   -1.102983e+01 4.909688e+00 3.749405e+00
      vertex   -9.998717e+00 4.877712e+00 3.713121e+00
    endloop
  endfacet
  facet normal 0.000000e+00 -7.502393e-01 6.611664e-01
    outer loop
      vertex   -9.998717e+00 4.877712e+00 3.713121e+00
      vertex   -1.102983e+01 4.909688e+00 3.749405e+00
      vertex   -1.102983e+01 4.877712e+00 3.713121e+00
    endloop
  endfacet
  facet normal 0.000000e+00 -8.870108e-01 4.617486e-01
    outer loop
      vertex   -9.998717e+00 4.877712e+00 3.713121e+00
      vertex   -1.102983e+01 4.877712e+00 3.713121e+00
      vertex   -9.998717e+00 4.855381e+00 3.670223e+00
    endloop
  endfacet
  facet normal 0.000000e+00 -8.870108e-01 4.617486e-01
    outer loop
      vertex   -9.998717e+00 4.855381e+00 3.670223e+00
      vertex   -1.102983e+01 4.877712e+00 3.713121e+00
      vertex   -1.102983e+01 4.855381e+00 3.670223e+00
    endloop
  endfacet
  facet normal 0.000000e+00 -9.719154e-01 2.353306e-01
    outer loop
      vertex   -9.998717e+00 4.855381e+00 3.670223e+00
      vertex   -1.102983e+01 4.855381e+00 3.670223e+00
      vertex   -9.998717e+00 4.843999e+00 3.623219e+00
    endloop
  endfacet
  facet normal 0.000000e+00 -9.719154e-01 2.353306e-01
    outer loop
      vertex   -9.998717e+00 4.843999e+00 3.623219e+00
      vertex   -1.102983e+01 4.855381e+00 3.670223e+00
      vertex   -1.102983e+01 4.843999e+00 3.623219e+00
    endloop
  endfacet
  facet normal -0.000000e+00 -9.999882e-01 -4.848118e-03
    outer loop
      vertex   -9.998717e+00 4.843999e+00 3.623219e+00
      vertex   -1.102983e+01 4.843999e+00 3.623219e+00
      vertex   -9.998717e+00 4.844234e+00 3.574856e+00
    endloop
  endfacet
  facet normal -0.000000e+00 -9.999882e-01 -4.848118e-03
    outer loop
      vertex   -9.998717e+00 4.844234e+00 3.574856e+00
      vertex   -1.102983e+01 4.843999e+00 3.623219e+00
      vertex   -1.102983e+01 4.844234e+00 3.574856e+00
    endloop
  endfacet
  facet normal -0.000000e+00 -9.695879e-01 -2.447433e-01
    outer loop
      vertex   -9.998717e+00 4.844234e+00 3.574856e+00
      vertex   -1.102983e+01 4.844234e+00 3.574856e+00
      vertex   -9.998717e+00 4.856070e+00 3.527964e+00
    endloop
  endfacet
  facet normal -0.000000e+00 -9.695879e-01 -2.447433e-01
    outer loop
      vertex   -9.998717e+00 4.856070e+00 3.527964e+00
      vertex   -1.102983e+01 4.844234e+00 3.574856e+00
      vertex   -1.102983e+01 4.856070e+00 3.527964e+00
    endloop
  endfacet
  facet normal 0.000000e+00 -3.556508e-01 9.346189e-01
    outer loop
      vertex   -3.165205e+01 4.994639e+00 3.794153e+00
      vertex   -3.268316e+01 4.994639e+00 3.794153e+00
      vertex   -3.165205e+01 4.949438e+00 3.776952e+00
    endloop
  endfacet
  facet normal 0.000000e+00 -3.556508e-01 9.346189e-01
    outer loop
      vertex   -3.165205e+01 4.949438e+00 3.776952e+00
      vertex   -3.268316e+01 4.994639e+00 3.794153e+00
      vertex   -3.268316e+01 4.949438e+00 3.776952e+00
    endloop
  endfacet
  facet normal 0.000000e+00 -5.695983e-01 8.219232e-01
    outer loop
      vertex   -3.165205e+01 4.949438e+00 3.776952e+00
      vertex   -3.268316e+01 4.949438e+00 3.776952e+00
      vertex   -3.165205e+01 4.909688e+00 3.749405e+00
    endloop
  endfacet
  facet normal 0.000000e+00 -5.695983e-01 8.219232e-01
    outer loop
      vertex   -3.165205e+01 4.909688e+00 3.749405e+00
      vertex   -3.268316e+01 4.949438e+00 3.776952e+00
      vertex   -3.268316e+01 4.909688e+00 3.749405e+00
    endloop
  endfacet
  facet normal 0.000000e+00 -7.502393e-01 6.611664e-01
    outer loop
      vertex   -3.165205e+01 4.909688e+00 3.749405e+00
      vertex   -3.268316e+01 4.909688e+00 3.749405e+00
      vertex   -3.165205e+01 4.877712e+00 3.713121e+00
    endloop
  endfacet
  facet normal 0.000000e+00 -7.502393e-01 6.611664e-01
    outer loop
      vertex   -3.165205e+01 4.877712e+00 3.713121e+00
      vertex   -3.268316e+01 4.909688e+00 3.749405e+00
      vertex   -3.268316e+01 4.877712e+00 3.713121e+00
    endloop
  endfacet
  facet normal 0.000000e+00 -8.870108e-01 4.617486e-01
    outer loop
      vertex   -3.165205e+01 4.877712e+00 3.713121e+00
      vertex   -3.268316e+01 4.877712e+00 3.713121e+00
      vertex   -3.165205e+01 4.855381e+00 3.670223e+00
    endloop
  endfacet
  facet normal 0.000000e+00 -8.870108e-01 4.617486e-01
    outer loop
      vertex   -3.165205e+01 4.855381e+00 3.670223e+00
      vertex   -3.268316e+01 4.877712e+00 3.713121e+00
      vertex   -3.268316e+01 4.855381e+00 3.670223e+00
    endloop
  endfacet
  facet normal 0.000000e+00 -9.719154e-01 2.353306e-01
    outer loop
      vertex   -3.165205e+01 4.855381e+00 3.670223e+00
      vertex   -3.268316e+01 4.855381e+00 3.670223e+00
      vertex   -3.165205e+01 4.843999e+00 3.623219e+00
    endloop
  endfacet
  facet normal 0.000000e+00 -9.719154e-01 2.353306e-01
    outer loop
      vertex   -3.165205e+01 4.843999e+00 3.623219e+00
      vertex   -3.268316e+01 4.855381e+00 3.670223e+00
      vertex   -3.268316e+01 4.843999e+00 3.623219e+00
    endloop
  endfacet
  facet normal -0.000000e+00 -9.999882e-01 -4.848118e-03
    outer loop
      vertex   -3.165205e+01 4.843999e+00 3.623219e+00
      vertex   -3.268316e+01 4.843999e+00 3.623219e+00
      vertex   -3.165205e+01 4.844234e+00 3.574856e+00
    endloop
  endfacet
  facet normal -0.000000e+00 -9.999882e-01 -4.848118e-03
    outer loop
      vertex   -3.165205e+01 4.844234e+00 3.574856e+00
      vertex   -3.268316e+01 4.843999e+00 3.623219e+00
      vertex   -3.268316e+01 4.844234e+00 3.574856e+00
    endloop
  endfacet
  facet normal -0.000000e+00 -9.695879e-01 -2.447433e-01
    outer loop
      vertex   -3.165205e+01 4.844234e+00 3.574856e+00
      vertex   -3.268316e+01 4.844234e+00 3.574856e+00
      vertex   -3.165205e+01 4.856070e+00 3.527964e+00
    endloop
  endfacet
  facet normal -0.000000e+00 -9.695879e-01 -2.447433e-01
    outer loop
      vertex   -3.165205e+01 4.856070e+00 3.527964e+00
      vertex   -3.268316e+01 4.844234e+00 3.574856e+00
      vertex   -3.268316e+01 4.856070e+00 3.527964e+00
    endloop
  endfacet
  facet normal -0.000000e+00 -8.824920e-01 -4.703275e-01
    outer loop
      vertex   -3.165205e+01 4.856070e+00 3.527964e+00
      vertex   -3.268316e+01 4.856070e+00 3.527964e+00
      vertex   -3.371427e+01 4.878817e+00 3.485285e+00
    endloop
  endfacet
  facet normal 0.000000e+00 -1.209069e-01 9.926639e-01
    outer loop
      vertex   -3.062094e+01 4.994639e+00 3.794153e+00
      vertex   -2.958983e+01 4.994639e+00 3.794153e+00
      vertex   -3.371427e+01 5.042647e+00 3.800000e+00
    endloop
  endfacet
  facet normal -3.581736e-19 -1.209069e-01 9.926639e-01
    outer loop
      vertex   -3.371427e+01 5.042647e+00 3.800000e+00
      vertex   -2.958983e+01 4.994639e+00 3.794153e+00
      vertex   -2.855872e+01 4.994639e+00 3.794153e+00
    endloop
  endfacet
  facet normal -3.581736e-19 -1.209069e-01 9.926639e-01
    outer loop
      vertex   -3.371427e+01 5.042647e+00 3.800000e+00
      vertex   -2.855872e+01 4.994639e+00 3.794153e+00
      vertex   -2.752761e+01 4.994639e+00 3.794153e+00
    endloop
  endfacet
  facet normal 0.000000e+00 -3.556508e-01 9.346189e-01
    outer loop
      vertex   -2.752761e+01 4.994639e+00 3.794153e+00
      vertex   -2.855872e+01 4.994639e+00 3.794153e+00
      vertex   -2.752761e+01 4.949438e+00 3.776952e+00
    endloop
  endfacet
  facet normal 1.002196e-18 -3.556508e-01 9.346189e-01
    outer loop
      vertex   -2.752761e+01 4.994639e+00 3.794153e+00
      vertex   -2.752761e+01 4.949438e+00 3.776952e+00
      vertex   -2.649649e+01 4.949438e+00 3.776952e+00
    endloop
  endfacet
  facet normal 0.000000e+00 -5.695983e-01 8.219232e-01
    outer loop
      vertex   -2.649649e+01 4.949438e+00 3.776952e+00
      vertex   -2.752761e+01 4.949438e+00 3.776952e+00
      vertex   -2.649649e+01 4.909688e+00 3.749405e+00
    endloop
  endfacet
  facet normal -8.747204e-19 -5.695983e-01 8.219232e-01
    outer loop
      vertex   -2.649649e+01 4.949438e+00 3.776952e+00
      vertex   -2.649649e+01 4.909688e+00 3.749405e+00
      vertex   -2.546538e+01 4.909688e+00 3.749405e+00
    endloop
  endfacet
  facet normal 0.000000e+00 -7.502393e-01 6.611664e-01
    outer loop
      vertex   -2.546538e+01 4.909688e+00 3.749405e+00
      vertex   -2.649649e+01 4.909688e+00 3.749405e+00
      vertex   -2.546538e+01 4.877712e+00 3.713121e+00
    endloop
  endfacet
  facet normal 2.157175e-18 -7.502393e-01 6.611664e-01
    outer loop
      vertex   -2.546538e+01 4.909688e+00 3.749405e+00
      vertex   -2.546538e+01 4.877712e+00 3.713121e+00
      vertex   -2.443427e+01 4.877712e+00 3.713121e+00
    endloop
  endfacet
  facet normal 0.000000e+00 -8.870108e-01 4.617486e-01
    outer loop
      vertex   -2.443427e+01 4.877712e+00 3.713121e+00
      vertex   -2.546538e+01 4.877712e+00 3.713121e+00
      vertex   -2.443427e+01 4.855381e+00 3.670223e+00
    endloop
  endfacet
  facet normal -7.723341e-19 -8.870108e-01 4.617486e-01
    outer loop
      vertex   -2.443427e+01 4.877712e+00 3.713121e+00
      vertex   -2.443427e+01 4.855381e+00 3.670223e+00
      vertex   -2.340316e+01 4.855381e+00 3.670223e+00
    endloop
  endfacet
  facet normal 0.000000e+00 -9.719154e-01 2.353306e-01
    outer loop
      vertex   -2.340316e+01 4.855381e+00 3.670223e+00
      vertex   -2.443427e+01 4.855381e+00 3.670223e+00
      vertex   -2.340316e+01 4.843999e+00 3.623219e+00
    endloop
  endfacet
  facet normal -7.423442e-19 -9.719154e-01 2.353306e-01
    outer loop
      vertex   -2.340316e+01 4.855381e+00 3.670223e+00
      vertex   -2.340316e+01 4.843999e+00 3.623219e+00
      vertex   -2.237205e+01 4.843999e+00 3.623219e+00
    endloop
  endfacet
  facet normal -0.000000e+00 -9.999882e-01 -4.848118e-03
    outer loop
      vertex   -2.237205e+01 4.843999e+00 3.623219e+00
      vertex   -2.340316e+01 4.843999e+00 3.623219e+00
      vertex   -2.237205e+01 4.844234e+00 3.574856e+00
    endloop
  endfacet
  facet normal 0.000000e+00 -3.556508e-01 9.346189e-01
    outer loop
      vertex   -3.062094e+01 4.994639e+00 3.794153e+00
      vertex   -2.958983e+01 4.949438e+00 3.776952e+00
      vertex   -2.958983e+01 4.994639e+00 3.794153e+00
    endloop
  endfacet
  facet normal 1.002196e-18 -3.556508e-01 9.346189e-01
    outer loop
      vertex   -2.958983e+01 4.994639e+00 3.794153e+00
      vertex   -2.958983e+01 4.949438e+00 3.776952e+00
      vertex   -2.855872e+01 4.949438e+00 3.776952e+00
    endloop
  endfacet
  facet normal 0.000000e+00 -3.556508e-01 9.346189e-01
    outer loop
      vertex   -2.958983e+01 4.994639e+00 3.794153e+00
      vertex   -2.855872e+01 4.949438e+00 3.776952e+00
      vertex   -2.855872e+01 4.994639e+00 3.794153e+00
    endloop
  endfacet
  facet normal 1.002196e-18 -3.556508e-01 9.346189e-01
    outer loop
      vertex   -2.855872e+01 4.994639e+00 3.794153e+00
      vertex   -2.855872e+01 4.949438e+00 3.776952e+00
      vertex   -2.752761e+01 4.949438e+00 3.776952e+00
    endloop
  endfacet
  facet normal 0.000000e+00 -1.209069e-01 9.926639e-01
    outer loop
      vertex   -2.752761e+01 4.994639e+00 3.794153e+00
      vertex   -2.649649e+01 4.994639e+00 3.794153e+00
      vertex   -3.371427e+01 5.042647e+00 3.800000e+00
    endloop
  endfacet
  facet normal -3.581736e-19 -1.209069e-01 9.926639e-01
    outer loop
      vertex   -3.371427e+01 5.042647e+00 3.800000e+00
      vertex   -2.649649e+01 4.994639e+00 3.794153e+00
      vertex   -2.546538e+01 4.994639e+00 3.794153e+00
    endloop
  endfacet
  facet normal -3.581736e-19 -1.209069e-01 9.926639e-01
    outer loop
      vertex   -3.371427e+01 5.042647e+00 3.800000e+00
      vertex   -2.546538e+01 4.994639e+00 3.794153e+00
      vertex   -2.443427e+01 4.994639e+00 3.794153e+00
    endloop
  endfacet
  facet normal 0.000000e+00 -3.556508e-01 9.346189e-01
    outer loop
      vertex   -2.443427e+01 4.994639e+00 3.794153e+00
      vertex   -2.546538e+01 4.994639e+00 3.794153e+00
      vertex   -2.443427e+01 4.949438e+00 3.776952e+00
    endloop
  endfacet
  facet normal 1.002196e-18 -3.556508e-01 9.346189e-01
    outer loop
      vertex   -2.443427e+01 4.994639e+00 3.794153e+00
      vertex   -2.443427e+01 4.949438e+00 3.776952e+00
      vertex   -2.340316e+01 4.949438e+00 3.776952e+00
    endloop
  endfacet
  facet normal 0.000000e+00 -5.695983e-01 8.219232e-01
    outer loop
      vertex   -2.340316e+01 4.949438e+00 3.776952e+00
      vertex   -2.443427e+01 4.949438e+00 3.776952e+00
      vertex   -2.340316e+01 4.909688e+00 3.749405e+00
    endloop
  endfacet
  facet normal -8.747204e-19 -5.695983e-01 8.219232e-01
    outer loop
      vertex   -2.340316e+01 4.949438e+00 3.776952e+00
      vertex   -2.340316e+01 4.909688e+00 3.749405e+00
      vertex   -2.237205e+01 4.909688e+00 3.749405e+00
    endloop
  endfacet
  facet normal 0.000000e+00 -7.502393e-01 6.611664e-01
    outer loop
      vertex   -2.237205e+01 4.909688e+00 3.749405e+00
      vertex   -2.340316e+01 4.909688e+00 3.749405e+00
      vertex   -2.237205e+01 4.877712e+00 3.713121e+00
    endloop
  endfacet
  facet normal 0.000000e+00 -3.556508e-01 9.346189e-01
    outer loop
      vertex   -2.752761e+01 4.994639e+00 3.794153e+00
      vertex   -2.649649e+01 4.949438e+00 3.776952e+00
      vertex   -2.649649e+01 4.994639e+00 3.794153e+00
    endloop
  endfacet
  facet normal 1.002196e-18 -3.556508e-01 9.346189e-01
    outer loop
      vertex   -2.649649e+01 4.994639e+00 3.794153e+00
      vertex   -2.649649e+01 4.949438e+00 3.776952e+00
      vertex   -2.546538e+01 4.949438e+00 3.776952e+00
    endloop
  endfacet
  facet normal 0.000000e+00 -3.556508e-01 9.346189e-01
    outer loop
      vertex   -2.649649e+01 4.994639e+00 3.794153e+00
      vertex   -2.546538e+01 4.949438e+00 3.776952e+00
      vertex   -2.546538e+01 4.994639e+00 3.794153e+00
    endloop
  endfacet
  facet normal 1.002196e-18 -3.556508e-01 9.346189e-01
    outer loop
      vertex   -2.546538e+01 4.994639e+00 3.794153e+00
      vertex   -2.546538e+01 4.949438e+00 3.776952e+00
      vertex   -2.443427e+01 4.949438e+00 3.776952e+00
    endloop
  endfacet
  facet normal 0.000000e+00 -1.209069e-01 9.926639e-01
    outer loop
      vertex   -2.237205e+01 4.994639e+00 3.794153e+00
      vertex   -3.371427e+01 5.042647e+00 3.800000e+00
      vertex   -2.340316e+01 4.994639e+00 3.794153e+00
    endloop
  endfacet
  facet normal 0.000000e+00 -1.209069e-01 9.926639e-01
    outer loop
      vertex   -2.340316e+01 4.994639e+00 3.794153e+00
      vertex   -3.371427e+01 5.042647e+00 3.800000e+00
      vertex   -2.443427e+01 4.994639e+00 3.794153e+00
    endloop
  endfacet
  facet normal 0.000000e+00 -3.556508e-01 9.346189e-01
    outer loop
      vertex   -2.340316e+01 4.994639e+00 3.794153e+00
      vertex   -2.443427e+01 4.994639e+00 3.794153e+00
      vertex   -2.340316e+01 4.949438e+00 3.776952e+00
    endloop
  endfacet
  facet normal 1.002196e-18 -3.556508e-01 9.346189e-01
    outer loop
      vertex   -2.237205e+01 4.949438e+00 3.776952e+00
      vertex   -2.237205e+01 4.994639e+00 3.794153e+00
      vertex   -2.340316e+01 4.994639e+00 3.794153e+00
    endloop
  endfacet
  facet normal 0.000000e+00 -3.556508e-01 9.346189e-01
    outer loop
      vertex   -2.237205e+01 4.949438e+00 3.776952e+00
      vertex   -2.340316e+01 4.994639e+00 3.794153e+00
      vertex   -2.340316e+01 4.949438e+00 3.776952e+00
    endloop
  endfacet
  facet normal 0.000000e+00 -3.556508e-01 9.346189e-01
    outer loop
      vertex   -2.030983e+01 4.994639e+00 3.794153e+00
      vertex   -2.134094e+01 4.994639e+00 3.794153e+00
      vertex   -2.030983e+01 4.949438e+00 3.776952e+00
    endloop
  endfacet
  facet normal 0.000000e+00 -3.556508e-01 9.346189e-01
    outer loop
      vertex   -2.030983e+01 4.949438e+00 3.776952e+00
      vertex   -2.134094e+01 4.994639e+00 3.794153e+00
      vertex   -2.134094e+01 4.949438e+00 3.776952e+00
    endloop
  endfacet
  facet normal 0.000000e+00 -5.695983e-01 8.219232e-01
    outer loop
      vertex   -2.030983e+01 4.949438e+00 3.776952e+00
      vertex   -2.134094e+01 4.949438e+00 3.776952e+00
      vertex   -2.030983e+01 4.909688e+00 3.749405e+00
    endloop
  endfacet
  facet normal 0.000000e+00 -5.695983e-01 8.219232e-01
    outer loop
      vertex   -2.030983e+01 4.909688e+00 3.749405e+00
      vertex   -2.134094e+01 4.949438e+00 3.776952e+00
      vertex   -2.134094e+01 4.909688e+00 3.749405e+00
    endloop
  endfacet
  facet normal 0.000000e+00 -7.502393e-01 6.611664e-01
    outer loop
      vertex   -2.030983e+01 4.909688e+00 3.749405e+00
      vertex   -2.134094e+01 4.909688e+00 3.749405e+00
      vertex   -2.030983e+01 4.877712e+00 3.713121e+00
    endloop
  endfacet
  facet normal 0.000000e+00 -7.502393e-01 6.611664e-01
    outer loop
      vertex   -2.030983e+01 4.877712e+00 3.713121e+00
      vertex   -2.134094e+01 4.909688e+00 3.749405e+00
      vertex   -2.134094e+01 4.877712e+00 3.713121e+00
    endloop
  endfacet
  facet normal 0.000000e+00 -8.870108e-01 4.617486e-01
    outer loop
      vertex   -2.030983e+01 4.877712e+00 3.713121e+00
      vertex   -2.134094e+01 4.877712e+00 3.713121e+00
      vertex   -2.030983e+01 4.855381e+00 3.670223e+00
    endloop
  endfacet
  facet normal 0.000000e+00 -8.870108e-01 4.617486e-01
    outer loop
      vertex   -2.030983e+01 4.855381e+00 3.670223e+00
      vertex   -2.134094e+01 4.877712e+00 3.713121e+00
      vertex   -2.134094e+01 4.855381e+00 3.670223e+00
    endloop
  endfacet
  facet normal 0.000000e+00 -9.719154e-01 2.353306e-01
    outer loop
      vertex   -2.030983e+01 4.855381e+00 3.670223e+00
      vertex   -2.134094e+01 4.855381e+00 3.670223e+00
      vertex   -2.030983e+01 4.843999e+00 3.623219e+00
    endloop
  endfacet
  facet normal 0.000000e+00 -9.719154e-01 2.353306e-01
    outer loop
      vertex   -2.030983e+01 4.843999e+00 3.623219e+00
      vertex   -2.134094e+01 4.855381e+00 3.670223e+00
      vertex   -2.134094e+01 4.843999e+00 3.623219e+00
    endloop
  endfacet
  facet normal -0.000000e+00 -9.999882e-01 -4.848118e-03
    outer loop
      vertex   -2.030983e+01 4.843999e+00 3.623219e+00
      vertex   -2.134094e+01 4.843999e+00 3.623219e+00
      vertex   -2.030983e+01 4.844234e+00 3.574856e+00
    endloop
  endfacet
  facet normal -0.000000e+00 -9.999882e-01 -4.848118e-03
    outer loop
      vertex   -2.030983e+01 4.844234e+00 3.574856e+00
      vertex   -2.134094e+01 4.843999e+00 3.623219e+00
      vertex   -2.134094e+01 4.844234e+00 3.574856e+00
    endloop
  endfacet
  facet normal -0.000000e+00 -9.695879e-01 -2.447433e-01
    outer loop
      vertex   -2.030983e+01 4.844234e+00 3.574856e+00
      vertex   -2.134094e+01 4.844234e+00 3.574856e+00
      vertex   -2.030983e+01 4.856070e+00 3.527964e+00
    endloop
  endfacet
  facet normal -0.000000e+00 -9.695879e-01 -2.447433e-01
    outer loop
      vertex   -2.030983e+01 4.856070e+00 3.527964e+00
      vertex   -2.134094e+01 4.844234e+00 3.574856e+00
      vertex   -2.134094e+01 4.856070e+00 3.527964e+00
    endloop
  endfacet
  facet normal -0.000000e+00 -8.824920e-01 -4.703275e-01
    outer loop
      vertex   -2.030983e+01 4.856070e+00 3.527964e+00
      vertex   -2.134094e+01 4.856070e+00 3.527964e+00
      vertex   -3.371427e+01 4.878817e+00 3.485285e+00
    endloop
  endfacet
  facet normal 0.000000e+00 -1.209069e-01 9.926639e-01
    outer loop
      vertex   -1.927872e+01 4.994639e+00 3.794153e+00
      vertex   -1.824761e+01 4.994639e+00 3.794153e+00
      vertex   -3.371427e+01 5.042647e+00 3.800000e+00
    endloop
  endfacet
  facet normal -3.581736e-19 -1.209069e-01 9.926639e-01
    outer loop
      vertex   -3.371427e+01 5.042647e+00 3.800000e+00
      vertex   -1.824761e+01 4.994639e+00 3.794153e+00
      vertex   -1.721649e+01 4.994639e+00 3.794153e+00
    endloop
  endfacet
  facet normal -3.581736e-19 -1.209069e-01 9.926639e-01
    outer loop
      vertex   -3.371427e+01 5.042647e+00 3.800000e+00
      vertex   -1.721649e+01 4.994639e+00 3.794153e+00
      vertex   -1.618538e+01 4.994639e+00 3.794153e+00
    endloop
  endfacet
  facet normal 0.000000e+00 -3.556508e-01 9.346189e-01
    outer loop
      vertex   -1.618538e+01 4.994639e+00 3.794153e+00
      vertex   -1.721649e+01 4.994639e+00 3.794153e+00
      vertex   -1.618538e+01 4.949438e+00 3.776952e+00
    endloop
  endfacet
  facet normal 1.002196e-18 -3.556508e-01 9.346189e-01
    outer loop
      vertex   -1.618538e+01 4.994639e+00 3.794153e+00
      vertex   -1.618538e+01 4.949438e+00 3.776952e+00
      vertex   -1.515427e+01 4.949438e+00 3.776952e+00
    endloop
  endfacet
  facet normal 0.000000e+00 -5.695983e-01 8.219232e-01
    outer loop
      vertex   -1.515427e+01 4.949438e+00 3.776952e+00
      vertex   -1.618538e+01 4.949438e+00 3.776952e+00
      vertex   -1.515427e+01 4.909688e+00 3.749405e+00
    endloop
  endfacet
  facet normal -8.747204e-19 -5.695983e-01 8.219232e-01
    outer loop
      vertex   -1.515427e+01 4.949438e+00 3.776952e+00
      vertex   -1.515427e+01 4.909688e+00 3.749405e+00
      vertex   -1.412316e+01 4.909688e+00 3.749405e+00
    endloop
  endfacet
  facet normal 0.000000e+00 -7.502393e-01 6.611664e-01
    outer loop
      vertex   -1.412316e+01 4.909688e+00 3.749405e+00
      vertex   -1.515427e+01 4.909688e+00 3.749405e+00
      vertex   -1.412316e+01 4.877712e+00 3.713121e+00
    endloop
  endfacet
  facet normal 2.157175e-18 -7.502393e-01 6.611664e-01
    outer loop
      vertex   -1.412316e+01 4.909688e+00 3.749405e+00
      vertex   -1.412316e+01 4.877712e+00 3.713121e+00
      vertex   -1.309205e+01 4.877712e+00 3.713121e+00
    endloop
  endfacet
  facet normal 0.000000e+00 -8.870108e-01 4.617486e-01
    outer loop
      vertex   -1.309205e+01 4.877712e+00 3.713121e+00
      vertex   -1.412316e+01 4.877712e+00 3.713121e+00
      vertex   -1.309205e+01 4.855381e+00 3.670223e+00
    endloop
  endfacet
  facet normal -7.723341e-19 -8.870108e-01 4.617486e-01
    outer loop
      vertex   -1.309205e+01 4.877712e+00 3.713121e+00
      vertex   -1.309205e+01 4.855381e+00 3.670223e+00
      vertex   -1.206094e+01 4.855381e+00 3.670223e+00
    endloop
  endfacet
  facet normal 0.000000e+00 -9.719154e-01 2.353306e-01
    outer loop
      vertex   -1.206094e+01 4.855381e+00 3.670223e+00
      vertex   -1.309205e+01 4.855381e+00 3.670223e+00
      vertex   -1.206094e+01 4.843999e+00 3.623219e+00
    endloop
  endfacet
  facet normal -7.423442e-19 -9.719154e-01 2.353306e-01
    outer loop
      vertex   -1.206094e+01 4.855381e+00 3.670223e+00
      vertex   -1.206094e+01 4.843999e+00 3.623219e+00
      vertex   -1.102983e+01 4.843999e+00 3.623219e+00
    endloop
  endfacet
  facet normal -0.000000e+00 -9.999882e-01 -4.848118e-03
    outer loop
      vertex   -1.102983e+01 4.843999e+00 3.623219e+00
      vertex   -1.206094e+01 4.843999e+00 3.623219e+00
      vertex   -1.102983e+01 4.844234e+00 3.574856e+00
    endloop
  endfacet
  facet normal 0.000000e+00 -3.556508e-01 9.346189e-01
    outer loop
      vertex   -1.927872e+01 4.994639e+00 3.794153e+00
      vertex   -1.824761e+01 4.949438e+00 3.776952e+00
      vertex   -1.824761e+01 4.994639e+00 3.794153e+00
    endloop
  endfacet
  facet normal 1.002196e-18 -3.556508e-01 9.346189e-01
    outer loop
      vertex   -1.824761e+01 4.994639e+00 3.794153e+00
      vertex   -1.824761e+01 4.949438e+00 3.776952e+00
      vertex   -1.721649e+01 4.949438e+00 3.776952e+00
    endloop
  endfacet
  facet normal 0.000000e+00 -3.556508e-01 9.346189e-01
    outer loop
      vertex   -1.824761e+01 4.994639e+00 3.794153e+00
      vertex   -1.721649e+01 4.949438e+00 3.776952e+00
      vertex   -1.721649e+01 4.994639e+00 3.794153e+00
    endloop
  endfacet
  facet normal 1.002196e-18 -3.556508e-01 9.346189e-01
    outer loop
      vertex   -1.721649e+01 4.994639e+00 3.794153e+00
      vertex   -1.721649e+01 4.949438e+00 3.776952e+00
      vertex   -1.618538e+01 4.949438e+00 3.776952e+00
    endloop
  endfacet
  facet normal 0.000000e+00 -1.209069e-01 9.926639e-01
    outer loop
      vertex   -1.618538e+01 4.994639e+00 3.794153e+00
      vertex   -1.515427e+01 4.994639e+00 3.794153e+00
      vertex   -3.371427e+01 5.042647e+00 3.800000e+00
    endloop
  endfacet
  facet normal -3.581736e-19 -1.209069e-01 9.926639e-01
    outer loop
      vertex   -3.371427e+01 5.042647e+00 3.800000e+00
      vertex   -1.515427e+01 4.994639e+00 3.794153e+00
      vertex   -1.412316e+01 4.994639e+00 3.794153e+00
    endloop
  endfacet
  facet normal -3.581736e-19 -1.209069e-01 9.926639e-01
    outer loop
      vertex   -3.371427e+01 5.042647e+00 3.800000e+00
      vertex   -1.412316e+01 4.994639e+00 3.794153e+00
      vertex   -1.309205e+01 4.994639e+00 3.794153e+00
    endloop
  endfacet
  facet normal 0.000000e+00 -3.556508e-01 9.346189e-01
    outer loop
      vertex   -1.309205e+01 4.994639e+00 3.794153e+00
      vertex   -1.412316e+01 4.994639e+00 3.794153e+00
      vertex   -1.309205e+01 4.949438e+00 3.776952e+00
    endloop
  endfacet
  facet normal 1.002196e-18 -3.556508e-01 9.346189e-01
    outer loop
      vertex   -1.309205e+01 4.994639e+00 3.794153e+00
      vertex   -1.309205e+01 4.949438e+00 3.776952e+00
      vertex   -1.206094e+01 4.949438e+00 3.776952e+00
    endloop
  endfacet
  facet normal 0.000000e+00 -5.695983e-01 8.219232e-01
    outer loop
      vertex   -1.206094e+01 4.949438e+00 3.776952e+00
      vertex   -1.309205e+01 4.949438e+00 3.776952e+00
      vertex   -1.206094e+01 4.909688e+00 3.749405e+00
    endloop
  endfacet
  facet normal -8.747204e-19 -5.695983e-01 8.219232e-01
    outer loop
      vertex   -1.206094e+01 4.949438e+00 3.776952e+00
      vertex   -1.206094e+01 4.909688e+00 3.749405e+00
      vertex   -1.102983e+01 4.909688e+00 3.749405e+00
    endloop
  endfacet
  facet normal 0.000000e+00 -7.502393e-01 6.611664e-01
    outer loop
      vertex   -1.102983e+01 4.909688e+00 3.749405e+00
      vertex   -1.206094e+01 4.909688e+00 3.749405e+00
      vertex   -1.102983e+01 4.877712e+00 3.713121e+00
    endloop
  endfacet
  facet normal 0.000000e+00 -3.556508e-01 9.346189e-01
    outer loop
      vertex   -1.618538e+01 4.994639e+00 3.794153e+00
      vertex   -1.515427e+01 4.949438e+00 3.776952e+00
      vertex   -1.515427e+01 4.994639e+00 3.794153e+00
    endloop
  endfacet
  facet normal 1.002196e-18 -3.556508e-01 9.346189e-01
    outer loop
      vertex   -1.515427e+01 4.994639e+00 3.794153e+00
      vertex   -1.515427e+01 4.949438e+00 3.776952e+00
      vertex   -1.412316e+01 4.949438e+00 3.776952e+00
    endloop
  endfacet
  facet normal 0.000000e+00 -3.556508e-01 9.346189e-01
    outer loop
      vertex   -1.515427e+01 4.994639e+00 3.794153e+00
      vertex   -1.412316e+01 4.949438e+00 3.776952e+00
      vertex   -1.412316e+01 4.994639e+00 3.794153e+00
    endloop
  endfacet
  facet normal 1.002196e-18 -3.556508e-01 9.346189e-01
    outer loop
      vertex   -1.412316e+01 4.994639e+00 3.794153e+00
      vertex   -1.412316e+01 4.949438e+00 3.776952e+00
      vertex   -1.309205e+01 4.949438e+00 3.776952e+00
    endloop
  endfacet
  facet normal 0.000000e+00 -1.209069e-01 9.926639e-01
    outer loop
      vertex   -1.102983e+01 4.994639e+00 3.794153e+00
      vertex   -3.371427e+01 5.042647e+00 3.800000e+00
      vertex   -1.206094e+01 4.994639e+00 3.794153e+00
    endloop
  endfacet
  facet normal 0.000000e+00 -1.209069e-01 9.926639e-01
    outer loop
      vertex   -1.206094e+01 4.994639e+00 3.794153e+00
      vertex   -3.371427e+01 5.042647e+00 3.800000e+00
      vertex   -1.309205e+01 4.994639e+00 3.794153e+00
    endloop
  endfacet
  facet normal 0.000000e+00 -3.556508e-01 9.346189e-01
    outer loop
      vertex   -1.206094e+01 4.994639e+00 3.794153e+00
      vertex   -1.309205e+01 4.994639e+00 3.794153e+00
      vertex   -1.206094e+01 4.949438e+00 3.776952e+00
    endloop
  endfacet
  facet normal 1.002196e-18 -3.556508e-01 9.346189e-01
    outer loop
      vertex   -1.102983e+01 4.949438e+00 3.776952e+00
      vertex   -1.102983e+01 4.994639e+00 3.794153e+00
      vertex   -1.206094e+01 4.994639e+00 3.794153e+00
    endloop
  endfacet
  facet normal 0.000000e+00 -3.556508e-01 9.346189e-01
    outer loop
      vertex   -1.102983e+01 4.949438e+00 3.776952e+00
      vertex   -1.206094e+01 4.994639e+00 3.794153e+00
      vertex   -1.206094e+01 4.949438e+00 3.776952e+00
    endloop
  endfacet
  facet normal 0.000000e+00 -3.556508e-01 9.346189e-01
    outer loop
      vertex   -7.936495e+00 4.994639e+00 3.794153e+00
      vertex   -8.967606e+00 4.994639e+00 3.794153e+00
      vertex   -7.936495e+00 4.949438e+00 3.776952e+00
    endloop
  endfacet
  facet normal 0.000000e+00 -3.556508e-01 9.346189e-01
    outer loop
      vertex   -7.936495e+00 4.949438e+00 3.776952e+00
      vertex   -8.967606e+00 4.994639e+00 3.794153e+00
      vertex   -8.967606e+00 4.949438e+00 3.776952e+00
    endloop
  endfacet
  facet normal 0.000000e+00 -5.695983e-01 8.219232e-01
    outer loop
      vertex   -7.936495e+00 4.949438e+00 3.776952e+00
      vertex   -8.967606e+00 4.949438e+00 3.776952e+00
      vertex   -7.936495e+00 4.909688e+00 3.749405e+00
    endloop
  endfacet
  facet normal 0.000000e+00 -5.695983e-01 8.219232e-01
    outer loop
      vertex   -7.936495e+00 4.909688e+00 3.749405e+00
      vertex   -8.967606e+00 4.949438e+00 3.776952e+00
      vertex   -8.967606e+00 4.909688e+00 3.749405e+00
    endloop
  endfacet
  facet normal 0.000000e+00 -7.502393e-01 6.611664e-01
    outer loop
      vertex   -7.936495e+00 4.909688e+00 3.749405e+00
      vertex   -8.967606e+00 4.909688e+00 3.749405e+00
      vertex   -7.936495e+00 4.877712e+00 3.713121e+00
    endloop
  endfacet
  facet normal 0.000000e+00 -7.502393e-01 6.611664e-01
    outer loop
      vertex   -7.936495e+00 4.877712e+00 3.713121e+00
      vertex   -8.967606e+00 4.909688e+00 3.749405e+00
      vertex   -8.967606e+00 4.877712e+00 3.713121e+00
    endloop
  endfacet
  facet normal 0.000000e+00 -8.870108e-01 4.617486e-01
    outer loop
      vertex   -7.936495e+00 4.877712e+00 3.713121e+00
      vertex   -8.967606e+00 4.877712e+00 3.713121e+00
      vertex   -7.936495e+00 4.855381e+00 3.670223e+00
    endloop
  endfacet
  facet normal 0.000000e+00 -8.870108e-01 4.617486e-01
    outer loop
      vertex   -7.936495e+00 4.855381e+00 3.670223e+00
      vertex   -8.967606e+00 4.877712e+00 3.713121e+00
      vertex   -8.967606e+00 4.855381e+00 3.670223e+00
    endloop
  endfacet
  facet normal 0.000000e+00 -9.719154e-01 2.353306e-01
    outer loop
      vertex   -7.936495e+00 4.855381e+00 3.670223e+00
      vertex   -8.967606e+00 4.855381e+00 3.670223e+00
      vertex   -7.936495e+00 4.843999e+00 3.623219e+00
    endloop
  endfacet
  facet normal 0.000000e+00 -9.719154e-01 2.353306e-01
    outer loop
      vertex   -7.936495e+00 4.843999e+00 3.623219e+00
      vertex   -8.967606e+00 4.855381e+00 3.670223e+00
      vertex   -8.967606e+00 4.843999e+00 3.623219e+00
    endloop
  endfacet
  facet normal -0.000000e+00 -9.999882e-01 -4.848118e-03
    outer loop
      vertex   -7.936495e+00 4.843999e+00 3.623219e+00
      vertex   -8.967606e+00 4.843999e+00 3.623219e+00
      vertex   -7.936495e+00 4.844234e+00 3.574856e+00
    endloop
  endfacet
  facet normal -0.000000e+00 -9.999882e-01 -4.848118e-03
    outer loop
      vertex   -7.936495e+00 4.844234e+00 3.574856e+00
      vertex   -8.967606e+00 4.843999e+00 3.623219e+00
      vertex   -8.967606e+00 4.844234e+00 3.574856e+00
    endloop
  endfacet
  facet normal -0.000000e+00 -9.695879e-01 -2.447433e-01
    outer loop
      vertex   -7.936495e+00 4.844234e+00 3.574856e+00
      vertex   -8.967606e+00 4.844234e+00 3.574856e+00
      vertex   -7.936495e+00 4.856070e+00 3.527964e+00
    endloop
  endfacet
  facet normal -0.000000e+00 -9.695879e-01 -2.447433e-01
    outer loop
      vertex   -7.936495e+00 4.856070e+00 3.527964e+00
      vertex   -8.967606e+00 4.844234e+00 3.574856e+00
      vertex   -8.967606e+00 4.856070e+00 3.527964e+00
    endloop
  endfacet
  facet normal -0.000000e+00 -8.824920e-01 -4.703275e-01
    outer loop
      vertex   -7.936495e+00 4.856070e+00 3.527964e+00
      vertex   -8.967606e+00 4.856070e+00 3.527964e+00
      vertex   1.268573e+01 4.878817e+00 3.485285e+00
    endloop
  endfacet
  facet normal 0.000000e+00 -1.209069e-01 9.926639e-01
    outer loop
      vertex   -6.905383e+00 4.994639e+00 3.794153e+00
      vertex   -5.874272e+00 4.994639e+00 3.794153e+00
      vertex   1.268573e+01 5.042647e+00 3.800000e+00
    endloop
  endfacet
  facet normal -3.581736e-19 -1.209069e-01 9.926639e-01
    outer loop
      vertex   1.268573e+01 5.042647e+00 3.800000e+00
      vertex   -5.874272e+00 4.994639e+00 3.794153e+00
      vertex   -4.843161e+00 4.994639e+00 3.794153e+00
    endloop
  endfacet
  facet normal -3.581736e-19 -1.209069e-01 9.926639e-01
    outer loop
      vertex   1.268573e+01 5.042647e+00 3.800000e+00
      vertex   -4.843161e+00 4.994639e+00 3.794153e+00
      vertex   -3.812050e+00 4.994639e+00 3.794153e+00
    endloop
  endfacet
  facet normal 0.000000e+00 -3.556508e-01 9.346189e-01
    outer loop
      vertex   -3.812050e+00 4.994639e+00 3.794153e+00
      vertex   -4.843161e+00 4.994639e+00 3.794153e+00
      vertex   -3.812050e+00 4.949438e+00 3.776952e+00
    endloop
  endfacet
  facet normal 1.002196e-18 -3.556508e-01 9.346189e-01
    outer loop
      vertex   -3.812050e+00 4.994639e+00 3.794153e+00
      vertex   -3.812050e+00 4.949438e+00 3.776952e+00
      vertex   -2.780939e+00 4.949438e+00 3.776952e+00
    endloop
  endfacet
  facet normal 0.000000e+00 -5.695983e-01 8.219232e-01
    outer loop
      vertex   -2.780939e+00 4.949438e+00 3.776952e+00
      vertex   -3.812050e+00 4.949438e+00 3.776952e+00
      vertex   -2.780939e+00 4.909688e+00 3.749405e+00
    endloop
  endfacet
  facet normal -8.747204e-19 -5.695983e-01 8.219232e-01
    outer loop
      vertex   -2.780939e+00 4.949438e+00 3.776952e+00
      vertex   -2.780939e+00 4.909688e+00 3.749405e+00
      vertex   -1.749828e+00 4.909688e+00 3.749405e+00
    endloop
  endfacet
  facet normal 0.000000e+00 -7.502393e-01 6.611664e-01
    outer loop
      vertex   -1.749828e+00 4.909688e+00 3.749405e+00
      vertex   -2.780939e+00 4.909688e+00 3.749405e+00
      vertex   -1.749828e+00 4.877712e+00 3.713121e+00
    endloop
  endfacet
  facet normal 2.157175e-18 -7.502393e-01 6.611664e-01
    outer loop
      vertex   -1.749828e+00 4.909688e+00 3.749405e+00
      vertex   -1.749828e+00 4.877712e+00 3.713121e+00
      vertex   -7.187167e-01 4.877712e+00 3.713121e+00
    endloop
  endfacet
  facet normal 0.000000e+00 -8.870108e-01 4.617486e-01
    outer loop
      vertex   -7.187167e-01 4.877712e+00 3.713121e+00
      vertex   -1.749828e+00 4.877712e+00 3.713121e+00
      vertex   -7.187167e-01 4.855381e+00 3.670223e+00
    endloop
  endfacet
  facet normal -7.723341e-19 -8.870108e-01 4.617486e-01
    outer loop
      vertex   -7.187167e-01 4.877712e+00 3.713121e+00
      vertex   -7.187167e-01 4.855381e+00 3.670223e+00
      vertex   3.123944e-01 4.855381e+00 3.670223e+00
    endloop
  endfacet
  facet normal 0.000000e+00 -9.719154e-01 2.353306e-01
    outer loop
      vertex   3.123944e-01 4.855381e+00 3.670223e+00
      vertex   -7.187167e-01 4.855381e+00 3.670223e+00
      vertex   3.123944e-01 4.843999e+00 3.623219e+00
    endloop
  endfacet
  facet normal -7.423442e-19 -9.719154e-01 2.353306e-01
    outer loop
      vertex   3.123944e-01 4.855381e+00 3.670223e+00
      vertex   3.123944e-01 4.843999e+00 3.623219e+00
      vertex   1.343505e+00 4.843999e+00 3.623219e+00
    endloop
  endfacet
  facet normal -0.000000e+00 -9.999882e-01 -4.848118e-03
    outer loop
      vertex   1.343505e+00 4.843999e+00 3.623219e+00
      vertex   3.123944e-01 4.843999e+00 3.623219e+00
      vertex   1.343505e+00 4.844234e+00 3.574856e+00
    endloop
  endfacet
  facet normal 0.000000e+00 -3.556508e-01 9.346189e-01
    outer loop
      vertex   -6.905383e+00 4.994639e+00 3.794153e+00
      vertex   -5.874272e+00 4.949438e+00 3.776952e+00
      vertex   -5.874272e+00 4.994639e+00 3.794153e+00
    endloop
  endfacet
  facet normal 1.002196e-18 -3.556508e-01 9.346189e-01
    outer loop
      vertex   -5.874272e+00 4.994639e+00 3.794153e+00
      vertex   -5.874272e+00 4.949438e+00 3.776952e+00
      vertex   -4.843161e+00 4.949438e+00 3.776952e+00
    endloop
  endfacet
  facet normal 0.000000e+00 -3.556508e-01 9.346189e-01
    outer loop
      vertex   -5.874272e+00 4.994639e+00 3.794153e+00
      vertex   -4.843161e+00 4.949438e+00 3.776952e+00
      vertex   -4.843161e+00 4.994639e+00 3.794153e+00
    endloop
  endfacet
  facet normal 1.002196e-18 -3.556508e-01 9.346189e-01
    outer loop
      vertex   -4.843161e+00 4.994639e+00 3.794153e+00
      vertex   -4.843161e+00 4.949438e+00 3.776952e+00
      vertex   -3.812050e+00 4.949438e+00 3.776952e+00
    endloop
  endfacet
  facet normal 0.000000e+00 -1.209069e-01 9.926639e-01
    outer loop
      vertex   -3.812050e+00 4.994639e+00 3.794153e+00
      vertex   -2.780939e+00 4.994639e+00 3.794153e+00
      vertex   1.268573e+01 5.042647e+00 3.800000e+00
    endloop
  endfacet
  facet normal -3.581736e-19 -1.209069e-01 9.926639e-01
    outer loop
      vertex   1.268573e+01 5.042647e+00 3.800000e+00
      vertex   -2.780939e+00 4.994639e+00 3.794153e+00
      vertex   -1.749828e+00 4.994639e+00 3.794153e+00
    endloop
  endfacet
  facet normal -3.581736e-19 -1.209069e-01 9.926639e-01
    outer loop
      vertex   1.268573e+01 5.042647e+00 3.800000e+00
      vertex   -1.749828e+00 4.994639e+00 3.794153e+00
      vertex   -7.187167e-01 4.994639e+00 3.794153e+00
    endloop
  endfacet
  facet normal 0.000000e+00 -3.556508e-01 9.346189e-01
    outer loop
      vertex   -7.187167e-01 4.994639e+00 3.794153e+00
      vertex   -1.749828e+00 4.994639e+00 3.794153e+00
      vertex   -7.187167e-01 4.949438e+00 3.776952e+00
    endloop
  endfacet
  facet normal 1.002196e-18 -3.556508e-01 9.346189e-01
    outer loop
      vertex   -7.187167e-01 4.994639e+00 3.794153e+00
      vertex   -7.187167e-01 4.949438e+00 3.776952e+00
      vertex   3.123944e-01 4.949438e+00 3.776952e+00
    endloop
  endfacet
  facet normal 0.000000e+00 -5.695983e-01 8.219232e-01
    outer loop
      vertex   3.123944e-01 4.949438e+00 3.776952e+00
      vertex   -7.187167e-01 4.949438e+00 3.776952e+00
      vertex   3.123944e-01 4.909688e+00 3.749405e+00
    endloop
  endfacet
  facet normal -8.747204e-19 -5.695983e-01 8.219232e-01
    outer loop
      vertex   3.123944e-01 4.949438e+00 3.776952e+00
      vertex   3.123944e-01 4.909688e+00 3.749405e+00
      vertex   1.343505e+00 4.909688e+00 3.749405e+00
    endloop
  endfacet
  facet normal 0.000000e+00 -7.502393e-01 6.611664e-01
    outer loop
      vertex   1.343505e+00 4.909688e+00 3.749405e+00
      vertex   3.123944e-01 4.909688e+00 3.749405e+00
      vertex   1.343505e+00 4.877712e+00 3.713121e+00
    endloop
  endfacet
  facet normal 0.000000e+00 -3.556508e-01 9.346189e-01
    outer loop
      vertex   -3.812050e+00 4.994639e+00 3.794153e+00
      vertex   -2.780939e+00 4.949438e+00 3.776952e+00
      vertex   -2.780939e+00 4.994639e+00 3.794153e+00
    endloop
  endfacet
  facet normal 1.002196e-18 -3.556508e-01 9.346189e-01
    outer loop
      vertex   -2.780939e+00 4.994639e+00 3.794153e+00
      vertex   -2.780939e+00 4.949438e+00 3.776952e+00
      vertex   -1.749828e+00 4.949438e+00 3.776952e+00
    endloop
  endfacet
  facet normal 0.000000e+00 -3.556508e-01 9.346189e-01
    outer loop
      vertex   -2.780939e+00 4.994639e+00 3.794153e+00
      vertex   -1.749828e+00 4.949438e+00 3.776952e+00
      vertex   -1.749828e+00 4.994639e+00 3.794153e+00
    endloop
  endfacet
  facet normal 1.002196e-18 -3.556508e-01 9.346189e-01
    outer loop
      vertex   -1.749828e+00 4.994639e+00 3.794153e+00
      vertex   -1.749828e+00 4.949438e+00 3.776952e+00
      vertex   -7.187167e-01 4.949438e+00 3.776952e+00
    endloop
  endfacet
  facet normal 0.000000e+00 -1.209069e-01 9.926639e-01
    outer loop
      vertex   1.343505e+00 4.994639e+00 3.794153e+00
      vertex   1.268573e+01 5.042647e+00 3.800000e+00
      vertex   3.123944e-01 4.994639e+00 3.794153e+00
    endloop
  endfacet
  facet normal 0.000000e+00 -1.209069e-01 9.926639e-01
    outer loop
      vertex   3.123944e-01 4.994639e+00 3.794153e+00
      vertex   1.268573e+01 5.042647e+00 3.800000e+00
      vertex   -7.187167e-01 4.994639e+00 3.794153e+00
    endloop
  endfacet
  facet normal 0.000000e+00 -3.556508e-01 9.346189e-01
    outer loop
      vertex   3.123944e-01 4.994639e+00 3.794153e+00
      vertex   -7.187167e-01 4.994639e+00 3.794153e+00
      vertex   3.123944e-01 4.949438e+00 3.776952e+00
    endloop
  endfacet
  facet normal 1.002196e-18 -3.556508e-01 9.346189e-01
    outer loop
      vertex   1.343505e+00 4.949438e+00 3.776952e+00
      vertex   1.343505e+00 4.994639e+00 3.794153e+00
      vertex   3.123944e-01 4.994639e+00 3.794153e+00
    endloop
  endfacet
  facet normal 0.000000e+00 -3.556508e-01 9.346189e-01
    outer loop
      vertex   1.343505e+00 4.949438e+00 3.776952e+00
      vertex   3.123944e-01 4.994639e+00 3.794153e+00
      vertex   3.123944e-01 4.949438e+00 3.776952e+00
    endloop
  endfacet
  facet normal 0.000000e+00 -3.556508e-01 9.346189e-01
    outer loop
      vertex   3.405728e+00 4.994639e+00 3.794153e+00
      vertex   2.374617e+00 4.994639e+00 3.794153e+00
      vertex   3.405728e+00 4.949438e+00 3.776952e+00
    endloop
  endfacet
  facet normal 0.000000e+00 -3.556508e-01 9.346189e-01
    outer loop
      vertex   3.405728e+00 4.949438e+00 3.776952e+00
      vertex   2.374617e+00 4.994639e+00 3.794153e+00
      vertex   2.374617e+00 4.949438e+00 3.776952e+00
    endloop
  endfacet
  facet normal 0.000000e+00 -5.695983e-01 8.219232e-01
    outer loop
      vertex   3.405728e+00 4.949438e+00 3.776952e+00
      vertex   2.374617e+00 4.949438e+00 3.776952e+00
      vertex   3.405728e+00 4.909688e+00 3.749405e+00
    endloop
  endfacet
  facet normal 0.000000e+00 -5.695983e-01 8.219232e-01
    outer loop
      vertex   3.405728e+00 4.909688e+00 3.749405e+00
      vertex   2.374617e+00 4.949438e+00 3.776952e+00
      vertex   2.374617e+00 4.909688e+00 3.749405e+00
    endloop
  endfacet
  facet normal 0.000000e+00 -7.502393e-01 6.611664e-01
    outer loop
      vertex   3.405728e+00 4.909688e+00 3.749405e+00
      vertex   2.374617e+00 4.909688e+00 3.749405e+00
      vertex   3.405728e+00 4.877712e+00 3.713121e+00
    endloop
  endfacet
  facet normal 0.000000e+00 -7.502393e-01 6.611664e-01
    outer loop
      vertex   3.405728e+00 4.877712e+00 3.713121e+00
      vertex   2.374617e+00 4.909688e+00 3.749405e+00
      vertex   2.374617e+00 4.877712e+00 3.713121e+00
    endloop
  endfacet
  facet normal 0.000000e+00 -8.870108e-01 4.617486e-01
    outer loop
      vertex   3.405728e+00 4.877712e+00 3.713121e+00
      vertex   2.374617e+00 4.877712e+00 3.713121e+00
      vertex   3.405728e+00 4.855381e+00 3.670223e+00
    endloop
  endfacet
  facet normal 0.000000e+00 -8.870108e-01 4.617486e-01
    outer loop
      vertex   3.405728e+00 4.855381e+00 3.670223e+00
      vertex   2.374617e+00 4.877712e+00 3.713121e+00
      vertex   2.374617e+00 4.855381e+00 3.670223e+00
    endloop
  endfacet
  facet normal 0.000000e+00 -9.719154e-01 2.353306e-01
    outer loop
      vertex   3.405728e+00 4.855381e+00 3.670223e+00
      vertex   2.374617e+00 4.855381e+00 3.670223e+00
      vertex   3.405728e+00 4.843999e+00 3.623219e+00
    endloop
  endfacet
  facet normal 0.000000e+00 -9.719154e-01 2.353306e-01
    outer loop
      vertex   3.405728e+00 4.843999e+00 3.623219e+00
      vertex   2.374617e+00 4.855381e+00 3.670223e+00
      vertex   2.374617e+00 4.843999e+00 3.623219e+00
    endloop
  endfacet
  facet normal -0.000000e+00 -9.999882e-01 -4.848118e-03
    outer loop
      vertex   3.405728e+00 4.843999e+00 3.623219e+00
      vertex   2.374617e+00 4.843999e+00 3.623219e+00
      vertex   3.405728e+00 4.844234e+00 3.574856e+00
    endloop
  endfacet
  facet normal -0.000000e+00 -9.999882e-01 -4.848118e-03
    outer loop
      vertex   3.405728e+00 4.844234e+00 3.574856e+00
      vertex   2.374617e+00 4.843999e+00 3.623219e+00
      vertex   2.374617e+00 4.844234e+00 3.574856e+00
    endloop
  endfacet
  facet normal -0.000000e+00 -9.695879e-01 -2.447433e-01
    outer loop
      vertex   3.405728e+00 4.844234e+00 3.574856e+00
      vertex   2.374617e+00 4.844234e+00 3.574856e+00
      vertex   3.405728e+00 4.856070e+00 3.527964e+00
    endloop
  endfacet
  facet normal -0.000000e+00 -9.695879e-01 -2.447433e-01
    outer loop
      vertex   3.405728e+00 4.856070e+00 3.527964e+00
      vertex   2.374617e+00 4.844234e+00 3.574856e+00
      vertex   2.374617e+00 4.856070e+00 3.527964e+00
    endloop
  endfacet
  facet normal -0.000000e+00 -8.824920e-01 -4.703275e-01
    outer loop
      vertex   3.405728e+00 4.856070e+00 3.527964e+00
      vertex   2.374617e+00 4.856070e+00 3.527964e+00
      vertex   1.268573e+01 4.878817e+00 3.485285e+00
    endloop
  endfacet
  facet normal 0.000000e+00 -1.209069e-01 9.926639e-01
    outer loop
      vertex   4.436839e+00 4.994639e+00 3.794153e+00
      vertex   5.467950e+00 4.994639e+00 3.794153e+00
      vertex   1.268573e+01 5.042647e+00 3.800000e+00
    endloop
  endfacet
  facet normal -3.581736e-19 -1.209069e-01 9.926639e-01
    outer loop
      vertex   1.268573e+01 5.042647e+00 3.800000e+00
      vertex   5.467950e+00 4.994639e+00 3.794153e+00
      vertex   6.499061e+00 4.994639e+00 3.794153e+00
    endloop
  endfacet
  facet normal -3.581736e-19 -1.209069e-01 9.926639e-01
    outer loop
      vertex   1.268573e+01 5.042647e+00 3.800000e+00
      vertex   6.499061e+00 4.994639e+00 3.794153e+00
      vertex   7.530172e+00 4.994639e+00 3.794153e+00
    endloop
  endfacet
  facet normal 0.000000e+00 -3.556508e-01 9.346189e-01
    outer loop
      vertex   7.530172e+00 4.994639e+00 3.794153e+00
      vertex   6.499061e+00 4.994639e+00 3.794153e+00
      vertex   7.530172e+00 4.949438e+00 3.776952e+00
    endloop
  endfacet
  facet normal 1.002196e-18 -3.556508e-01 9.346189e-01
    outer loop
      vertex   7.530172e+00 4.994639e+00 3.794153e+00
      vertex   7.530172e+00 4.949438e+00 3.776952e+00
      vertex   8.561283e+00 4.949438e+00 3.776952e+00
    endloop
  endfacet
  facet normal 0.000000e+00 -5.695983e-01 8.219232e-01
    outer loop
      vertex   8.561283e+00 4.949438e+00 3.776952e+00
      vertex   7.530172e+00 4.949438e+00 3.776952e+00
      vertex   8.561283e+00 4.909688e+00 3.749405e+00
    endloop
  endfacet
  facet normal -8.747204e-19 -5.695983e-01 8.219232e-01
    outer loop
      vertex   8.561283e+00 4.949438e+00 3.776952e+00
      vertex   8.561283e+00 4.909688e+00 3.749405e+00
      vertex   9.592394e+00 4.909688e+00 3.749405e+00
    endloop
  endfacet
  facet normal 0.000000e+00 -7.502393e-01 6.611664e-01
    outer loop
      vertex   9.592394e+00 4.909688e+00 3.749405e+00
      vertex   8.561283e+00 4.909688e+00 3.749405e+00
      vertex   9.592394e+00 4.877712e+00 3.713121e+00
    endloop
  endfacet
  facet normal 2.157175e-18 -7.502393e-01 6.611664e-01
    outer loop
      vertex   9.592394e+00 4.909688e+00 3.749405e+00
      vertex   9.592394e+00 4.877712e+00 3.713121e+00
      vertex   1.062351e+01 4.877712e+00 3.713121e+00
    endloop
  endfacet
  facet normal 0.000000e+00 -8.870108e-01 4.617486e-01
    outer loop
      vertex   1.062351e+01 4.877712e+00 3.713121e+00
      vertex   9.592394e+00 4.877712e+00 3.713121e+00
      vertex   1.062351e+01 4.855381e+00 3.670223e+00
    endloop
  endfacet
  facet normal -7.723341e-19 -8.870108e-01 4.617486e-01
    outer loop
      vertex   1.062351e+01 4.877712e+00 3.713121e+00
      vertex   1.062351e+01 4.855381e+00 3.670223e+00
      vertex   1.165462e+01 4.855381e+00 3.670223e+00
    endloop
  endfacet
  facet normal 0.000000e+00 -9.719154e-01 2.353306e-01
    outer loop
      vertex   1.165462e+01 4.855381e+00 3.670223e+00
      vertex   1.062351e+01 4.855381e+00 3.670223e+00
      vertex   1.165462e+01 4.843999e+00 3.623219e+00
    endloop
  endfacet
  facet normal 0.000000e+00 -3.556508e-01 9.346189e-01
    outer loop
      vertex   4.436839e+00 4.994639e+00 3.794153e+00
      vertex   5.467950e+00 4.949438e+00 3.776952e+00
      vertex   5.467950e+00 4.994639e+00 3.794153e+00
    endloop
  endfacet
  facet normal 1.002196e-18 -3.556508e-01 9.346189e-01
    outer loop
      vertex   5.467950e+00 4.994639e+00 3.794153e+00
      vertex   5.467950e+00 4.949438e+00 3.776952e+00
      vertex   6.499061e+00 4.949438e+00 3.776952e+00
    endloop
  endfacet
  facet normal 0.000000e+00 -3.556508e-01 9.346189e-01
    outer loop
      vertex   5.467950e+00 4.994639e+00 3.794153e+00
      vertex   6.499061e+00 4.949438e+00 3.776952e+00
      vertex   6.499061e+00 4.994639e+00 3.794153e+00
    endloop
  endfacet
  facet normal 1.002196e-18 -3.556508e-01 9.346189e-01
    outer loop
      vertex   6.499061e+00 4.994639e+00 3.794153e+00
      vertex   6.499061e+00 4.949438e+00 3.776952e+00
      vertex   7.530172e+00 4.949438e+00 3.776952e+00
    endloop
  endfacet
  facet normal 0.000000e+00 -1.209069e-01 9.926639e-01
    outer loop
      vertex   7.530172e+00 4.994639e+00 3.794153e+00
      vertex   8.561283e+00 4.994639e+00 3.794153e+00
      vertex   1.268573e+01 5.042647e+00 3.800000e+00
    endloop
  endfacet
  facet normal -3.581736e-19 -1.209069e-01 9.926639e-01
    outer loop
      vertex   1.268573e+01 5.042647e+00 3.800000e+00
      vertex   8.561283e+00 4.994639e+00 3.794153e+00
      vertex   9.592394e+00 4.994639e+00 3.794153e+00
    endloop
  endfacet
  facet normal -3.581736e-19 -1.209069e-01 9.926639e-01
    outer loop
      vertex   1.268573e+01 5.042647e+00 3.800000e+00
      vertex   9.592394e+00 4.994639e+00 3.794153e+00
      vertex   1.062351e+01 4.994639e+00 3.794153e+00
    endloop
  endfacet
  facet normal 0.000000e+00 -3.556508e-01 9.346189e-01
    outer loop
      vertex   1.062351e+01 4.994639e+00 3.794153e+00
      vertex   9.592394e+00 4.994639e+00 3.794153e+00
      vertex   1.062351e+01 4.949438e+00 3.776952e+00
    endloop
  endfacet
  facet normal 1.002196e-18 -3.556508e-01 9.346189e-01
    outer loop
      vertex   1.062351e+01 4.994639e+00 3.794153e+00
      vertex   1.062351e+01 4.949438e+00 3.776952e+00
      vertex   1.165462e+01 4.949438e+00 3.776952e+00
    endloop
  endfacet
  facet normal 0.000000e+00 -5.695983e-01 8.219232e-01
    outer loop
      vertex   1.165462e+01 4.949438e+00 3.776952e+00
      vertex   1.062351e+01 4.949438e+00 3.776952e+00
      vertex   1.165462e+01 4.909688e+00 3.749405e+00
    endloop
  endfacet
  facet normal 0.000000e+00 -3.556508e-01 9.346189e-01
    outer loop
      vertex   7.530172e+00 4.994639e+00 3.794153e+00
      vertex   8.561283e+00 4.949438e+00 3.776952e+00
      vertex   8.561283e+00 4.994639e+00 3.794153e+00
    endloop
  endfacet
  facet normal 1.002196e-18 -3.556508e-01 9.346189e-01
    outer loop
      vertex   8.561283e+00 4.994639e+00 3.794153e+00
      vertex   8.561283e+00 4.949438e+00 3.776952e+00
      vertex   9.592394e+00 4.949438e+00 3.776952e+00
    endloop
  endfacet
  facet normal 0.000000e+00 -3.556508e-01 9.346189e-01
    outer loop
      vertex   8.561283e+00 4.994639e+00 3.794153e+00
      vertex   9.592394e+00 4.949438e+00 3.776952e+00
      vertex   9.592394e+00 4.994639e+00 3.794153e+00
    endloop
  endfacet
  facet normal 1.002196e-18 -3.556508e-01 9.346189e-01
    outer loop
      vertex   9.592394e+00 4.994639e+00 3.794153e+00
      vertex   9.592394e+00 4.949438e+00 3.776952e+00
      vertex   1.062351e+01 4.949438e+00 3.776952e+00
    endloop
  endfacet
  facet normal 0.000000e+00 -1.209069e-01 9.926639e-01
    outer loop
      vertex   1.165462e+01 4.994639e+00 3.794153e+00
      vertex   1.268573e+01 5.042647e+00 3.800000e+00
      vertex   1.062351e+01 4.994639e+00 3.794153e+00
    endloop
  endfacet
  facet normal 1.002196e-18 -3.556508e-01 9.346189e-01
    outer loop
      vertex   1.165462e+01 4.949438e+00 3.776952e+00
      vertex   1.165462e+01 4.994639e+00 3.794153e+00
      vertex   1.062351e+01 4.994639e+00 3.794153e+00
    endloop
  endfacet
  facet normal 1.002196e-18 -3.556508e-01 9.346189e-01
    outer loop
      vertex   -3.165205e+01 4.994639e+00 3.794153e+00
      vertex   -3.165205e+01 4.949438e+00 3.776952e+00
      vertex   -3.062094e+01 4.949438e+00 3.776952e+00
    endloop
  endfacet
  facet normal 0.000000e+00 -5.695983e-01 8.219232e-01
    outer loop
      vertex   -3.062094e+01 4.949438e+00 3.776952e+00
      vertex   -3.165205e+01 4.949438e+00 3.776952e+00
      vertex   -3.062094e+01 4.909688e+00 3.749405e+00
    endloop
  endfacet
  facet normal -8.747204e-19 -5.695983e-01 8.219232e-01
    outer loop
      vertex   -3.062094e+01 4.949438e+00 3.776952e+00
      vertex   -3.062094e+01 4.909688e+00 3.749405e+00
      vertex   -2.958983e+01 4.909688e+00 3.749405e+00
    endloop
  endfacet
  facet normal 0.000000e+00 -7.502393e-01 6.611664e-01
    outer loop
      vertex   -2.958983e+01 4.909688e+00 3.749405e+00
      vertex   -3.062094e+01 4.909688e+00 3.749405e+00
      vertex   -2.958983e+01 4.877712e+00 3.713121e+00
    endloop
  endfacet
  facet normal 2.157175e-18 -7.502393e-01 6.611664e-01
    outer loop
      vertex   -2.958983e+01 4.909688e+00 3.749405e+00
      vertex   -2.958983e+01 4.877712e+00 3.713121e+00
      vertex   -2.855872e+01 4.877712e+00 3.713121e+00
    endloop
  endfacet
  facet normal 0.000000e+00 -8.870108e-01 4.617486e-01
    outer loop
      vertex   -2.855872e+01 4.877712e+00 3.713121e+00
      vertex   -2.958983e+01 4.877712e+00 3.713121e+00
      vertex   -2.855872e+01 4.855381e+00 3.670223e+00
    endloop
  endfacet
  facet normal -7.723341e-19 -8.870108e-01 4.617486e-01
    outer loop
      vertex   -2.855872e+01 4.877712e+00 3.713121e+00
      vertex   -2.855872e+01 4.855381e+00 3.670223e+00
      vertex   -2.752761e+01 4.855381e+00 3.670223e+00
    endloop
  endfacet
  facet normal 0.000000e+00 -9.719154e-01 2.353306e-01
    outer loop
      vertex   -2.752761e+01 4.855381e+00 3.670223e+00
      vertex   -2.855872e+01 4.855381e+00 3.670223e+00
      vertex   -2.752761e+01 4.843999e+00 3.623219e+00
    endloop
  endfacet
  facet normal -7.423442e-19 -9.719154e-01 2.353306e-01
    outer loop
      vertex   -2.752761e+01 4.855381e+00 3.670223e+00
      vertex   -2.752761e+01 4.843999e+00 3.623219e+00
      vertex   -2.649649e+01 4.843999e+00 3.623219e+00
    endloop
  endfacet
  facet normal -0.000000e+00 -9.999882e-01 -4.848118e-03
    outer loop
      vertex   -2.649649e+01 4.843999e+00 3.623219e+00
      vertex   -2.752761e+01 4.843999e+00 3.623219e+00
      vertex   -2.649649e+01 4.844234e+00 3.574856e+00
    endloop
  endfacet
  facet normal -1.481576e-20 -9.999882e-01 -4.848118e-03
    outer loop
      vertex   -2.649649e+01 4.843999e+00 3.623219e+00
      vertex   -2.649649e+01 4.844234e+00 3.574856e+00
      vertex   -2.546538e+01 4.844234e+00 3.574856e+00
    endloop
  endfacet
  facet normal -0.000000e+00 -9.695879e-01 -2.447433e-01
    outer loop
      vertex   -2.546538e+01 4.844234e+00 3.574856e+00
      vertex   -2.649649e+01 4.844234e+00 3.574856e+00
      vertex   -2.546538e+01 4.856070e+00 3.527964e+00
    endloop
  endfacet
  facet normal 8.555213e-19 -9.695879e-01 -2.447433e-01
    outer loop
      vertex   -2.546538e+01 4.844234e+00 3.574856e+00
      vertex   -2.546538e+01 4.856070e+00 3.527964e+00
      vertex   -2.443427e+01 4.856070e+00 3.527964e+00
    endloop
  endfacet
  facet normal -0.000000e+00 -8.824920e-01 -4.703275e-01
    outer loop
      vertex   -2.443427e+01 4.856070e+00 3.527964e+00
      vertex   -2.546538e+01 4.856070e+00 3.527964e+00
      vertex   -3.371427e+01 4.878817e+00 3.485285e+00
    endloop
  endfacet
  facet normal 0.000000e+00 -5.695983e-01 8.219232e-01
    outer loop
      vertex   -3.062094e+01 4.909688e+00 3.749405e+00
      vertex   -3.165205e+01 4.949438e+00 3.776952e+00
      vertex   -3.165205e+01 4.909688e+00 3.749405e+00
    endloop
  endfacet
  facet normal 0.000000e+00 -5.695983e-01 8.219232e-01
    outer loop
      vertex   -2.958983e+01 4.949438e+00 3.776952e+00
      vertex   -2.855872e+01 4.909688e+00 3.749405e+00
      vertex   -2.855872e+01 4.949438e+00 3.776952e+00
    endloop
  endfacet
  facet normal -8.747204e-19 -5.695983e-01 8.219232e-01
    outer loop
      vertex   -2.855872e+01 4.949438e+00 3.776952e+00
      vertex   -2.855872e+01 4.909688e+00 3.749405e+00
      vertex   -2.752761e+01 4.909688e+00 3.749405e+00
    endloop
  endfacet
  facet normal 0.000000e+00 -5.695983e-01 8.219232e-01
    outer loop
      vertex   -2.855872e+01 4.949438e+00 3.776952e+00
      vertex   -2.752761e+01 4.909688e+00 3.749405e+00
      vertex   -2.752761e+01 4.949438e+00 3.776952e+00
    endloop
  endfacet
  facet normal -8.747204e-19 -5.695983e-01 8.219232e-01
    outer loop
      vertex   -2.752761e+01 4.949438e+00 3.776952e+00
      vertex   -2.752761e+01 4.909688e+00 3.749405e+00
      vertex   -2.649649e+01 4.909688e+00 3.749405e+00
    endloop
  endfacet
  facet normal 0.000000e+00 -5.695983e-01 8.219232e-01
    outer loop
      vertex   -2.649649e+01 4.949438e+00 3.776952e+00
      vertex   -2.546538e+01 4.909688e+00 3.749405e+00
      vertex   -2.546538e+01 4.949438e+00 3.776952e+00
    endloop
  endfacet
  facet normal -8.747204e-19 -5.695983e-01 8.219232e-01
    outer loop
      vertex   -2.546538e+01 4.949438e+00 3.776952e+00
      vertex   -2.546538e+01 4.909688e+00 3.749405e+00
      vertex   -2.443427e+01 4.909688e+00 3.749405e+00
    endloop
  endfacet
  facet normal 0.000000e+00 -5.695983e-01 8.219232e-01
    outer loop
      vertex   -2.546538e+01 4.949438e+00 3.776952e+00
      vertex   -2.443427e+01 4.909688e+00 3.749405e+00
      vertex   -2.443427e+01 4.949438e+00 3.776952e+00
    endloop
  endfacet
  facet normal -8.747204e-19 -5.695983e-01 8.219232e-01
    outer loop
      vertex   -2.443427e+01 4.949438e+00 3.776952e+00
      vertex   -2.443427e+01 4.909688e+00 3.749405e+00
      vertex   -2.340316e+01 4.909688e+00 3.749405e+00
    endloop
  endfacet
  facet normal -8.747204e-19 -5.695983e-01 8.219232e-01
    outer loop
      vertex   -2.237205e+01 4.909688e+00 3.749405e+00
      vertex   -2.237205e+01 4.949438e+00 3.776952e+00
      vertex   -2.340316e+01 4.949438e+00 3.776952e+00
    endloop
  endfacet
  facet normal 1.002196e-18 -3.556508e-01 9.346189e-01
    outer loop
      vertex   -2.030983e+01 4.994639e+00 3.794153e+00
      vertex   -2.030983e+01 4.949438e+00 3.776952e+00
      vertex   -1.927872e+01 4.949438e+00 3.776952e+00
    endloop
  endfacet
  facet normal 0.000000e+00 -5.695983e-01 8.219232e-01
    outer loop
      vertex   -1.927872e+01 4.949438e+00 3.776952e+00
      vertex   -2.030983e+01 4.949438e+00 3.776952e+00
      vertex   -1.927872e+01 4.909688e+00 3.749405e+00
    endloop
  endfacet
  facet normal -8.747204e-19 -5.695983e-01 8.219232e-01
    outer loop
      vertex   -1.927872e+01 4.949438e+00 3.776952e+00
      vertex   -1.927872e+01 4.909688e+00 3.749405e+00
      vertex   -1.824761e+01 4.909688e+00 3.749405e+00
    endloop
  endfacet
  facet normal 0.000000e+00 -7.502393e-01 6.611664e-01
    outer loop
      vertex   -1.824761e+01 4.909688e+00 3.749405e+00
      vertex   -1.927872e+01 4.909688e+00 3.749405e+00
      vertex   -1.824761e+01 4.877712e+00 3.713121e+00
    endloop
  endfacet
  facet normal 2.157175e-18 -7.502393e-01 6.611664e-01
    outer loop
      vertex   -1.824761e+01 4.909688e+00 3.749405e+00
      vertex   -1.824761e+01 4.877712e+00 3.713121e+00
      vertex   -1.721649e+01 4.877712e+00 3.713121e+00
    endloop
  endfacet
  facet normal 0.000000e+00 -8.870108e-01 4.617486e-01
    outer loop
      vertex   -1.721649e+01 4.877712e+00 3.713121e+00
      vertex   -1.824761e+01 4.877712e+00 3.713121e+00
      vertex   -1.721649e+01 4.855381e+00 3.670223e+00
    endloop
  endfacet
  facet normal -7.723341e-19 -8.870108e-01 4.617486e-01
    outer loop
      vertex   -1.721649e+01 4.877712e+00 3.713121e+00
      vertex   -1.721649e+01 4.855381e+00 3.670223e+00
      vertex   -1.618538e+01 4.855381e+00 3.670223e+00
    endloop
  endfacet
  facet normal 0.000000e+00 -9.719154e-01 2.353306e-01
    outer loop
      vertex   -1.618538e+01 4.855381e+00 3.670223e+00
      vertex   -1.721649e+01 4.855381e+00 3.670223e+00
      vertex   -1.618538e+01 4.843999e+00 3.623219e+00
    endloop
  endfacet
  facet normal -7.423442e-19 -9.719154e-01 2.353306e-01
    outer loop
      vertex   -1.618538e+01 4.855381e+00 3.670223e+00
      vertex   -1.618538e+01 4.843999e+00 3.623219e+00
      vertex   -1.515427e+01 4.843999e+00 3.623219e+00
    endloop
  endfacet
  facet normal -0.000000e+00 -9.999882e-01 -4.848118e-03
    outer loop
      vertex   -1.515427e+01 4.843999e+00 3.623219e+00
      vertex   -1.618538e+01 4.843999e+00 3.623219e+00
      vertex   -1.515427e+01 4.844234e+00 3.574856e+00
    endloop
  endfacet
  facet normal -1.481576e-20 -9.999882e-01 -4.848118e-03
    outer loop
      vertex   -1.515427e+01 4.843999e+00 3.623219e+00
      vertex   -1.515427e+01 4.844234e+00 3.574856e+00
      vertex   -1.412316e+01 4.844234e+00 3.574856e+00
    endloop
  endfacet
  facet normal -0.000000e+00 -9.695879e-01 -2.447433e-01
    outer loop
      vertex   -1.412316e+01 4.844234e+00 3.574856e+00
      vertex   -1.515427e+01 4.844234e+00 3.574856e+00
      vertex   -1.412316e+01 4.856070e+00 3.527964e+00
    endloop
  endfacet
  facet normal 8.555213e-19 -9.695879e-01 -2.447433e-01
    outer loop
      vertex   -1.412316e+01 4.844234e+00 3.574856e+00
      vertex   -1.412316e+01 4.856070e+00 3.527964e+00
      vertex   -1.309205e+01 4.856070e+00 3.527964e+00
    endloop
  endfacet
  facet normal -0.000000e+00 -8.824920e-01 -4.703275e-01
    outer loop
      vertex   -1.309205e+01 4.856070e+00 3.527964e+00
      vertex   -1.412316e+01 4.856070e+00 3.527964e+00
      vertex   -3.371427e+01 4.878817e+00 3.485285e+00
    endloop
  endfacet
  facet normal 0.000000e+00 -5.695983e-01 8.219232e-01
    outer loop
      vertex   -1.927872e+01 4.909688e+00 3.749405e+00
      vertex   -2.030983e+01 4.949438e+00 3.776952e+00
      vertex   -2.030983e+01 4.909688e+00 3.749405e+00
    endloop
  endfacet
  facet normal 0.000000e+00 -5.695983e-01 8.219232e-01
    outer loop
      vertex   -1.824761e+01 4.949438e+00 3.776952e+00
      vertex   -1.721649e+01 4.909688e+00 3.749405e+00
      vertex   -1.721649e+01 4.949438e+00 3.776952e+00
    endloop
  endfacet
  facet normal -8.747204e-19 -5.695983e-01 8.219232e-01
    outer loop
      vertex   -1.721649e+01 4.949438e+00 3.776952e+00
      vertex   -1.721649e+01 4.909688e+00 3.749405e+00
      vertex   -1.618538e+01 4.909688e+00 3.749405e+00
    endloop
  endfacet
  facet normal 0.000000e+00 -5.695983e-01 8.219232e-01
    outer loop
      vertex   -1.721649e+01 4.949438e+00 3.776952e+00
      vertex   -1.618538e+01 4.909688e+00 3.749405e+00
      vertex   -1.618538e+01 4.949438e+00 3.776952e+00
    endloop
  endfacet
  facet normal -8.747204e-19 -5.695983e-01 8.219232e-01
    outer loop
      vertex   -1.618538e+01 4.949438e+00 3.776952e+00
      vertex   -1.618538e+01 4.909688e+00 3.749405e+00
      vertex   -1.515427e+01 4.909688e+00 3.749405e+00
    endloop
  endfacet
  facet normal 0.000000e+00 -5.695983e-01 8.219232e-01
    outer loop
      vertex   -1.515427e+01 4.949438e+00 3.776952e+00
      vertex   -1.412316e+01 4.909688e+00 3.749405e+00
      vertex   -1.412316e+01 4.949438e+00 3.776952e+00
    endloop
  endfacet
  facet normal -8.747204e-19 -5.695983e-01 8.219232e-01
    outer loop
      vertex   -1.412316e+01 4.949438e+00 3.776952e+00
      vertex   -1.412316e+01 4.909688e+00 3.749405e+00
      vertex   -1.309205e+01 4.909688e+00 3.749405e+00
    endloop
  endfacet
  facet normal 0.000000e+00 -5.695983e-01 8.219232e-01
    outer loop
      vertex   -1.412316e+01 4.949438e+00 3.776952e+00
      vertex   -1.309205e+01 4.909688e+00 3.749405e+00
      vertex   -1.309205e+01 4.949438e+00 3.776952e+00
    endloop
  endfacet
  facet normal -8.747204e-19 -5.695983e-01 8.219232e-01
    outer loop
      vertex   -1.309205e+01 4.949438e+00 3.776952e+00
      vertex   -1.309205e+01 4.909688e+00 3.749405e+00
      vertex   -1.206094e+01 4.909688e+00 3.749405e+00
    endloop
  endfacet
  facet normal -8.747204e-19 -5.695983e-01 8.219232e-01
    outer loop
      vertex   -1.102983e+01 4.909688e+00 3.749405e+00
      vertex   -1.102983e+01 4.949438e+00 3.776952e+00
      vertex   -1.206094e+01 4.949438e+00 3.776952e+00
    endloop
  endfacet
  facet normal 1.002196e-18 -3.556508e-01 9.346189e-01
    outer loop
      vertex   -7.936495e+00 4.994639e+00 3.794153e+00
      vertex   -7.936495e+00 4.949438e+00 3.776952e+00
      vertex   -6.905383e+00 4.949438e+00 3.776952e+00
    endloop
  endfacet
  facet normal 0.000000e+00 -5.695983e-01 8.219232e-01
    outer loop
      vertex   -6.905383e+00 4.949438e+00 3.776952e+00
      vertex   -7.936495e+00 4.949438e+00 3.776952e+00
      vertex   -6.905383e+00 4.909688e+00 3.749405e+00
    endloop
  endfacet
  facet normal -8.747204e-19 -5.695983e-01 8.219232e-01
    outer loop
      vertex   -6.905383e+00 4.949438e+00 3.776952e+00
      vertex   -6.905383e+00 4.909688e+00 3.749405e+00
      vertex   -5.874272e+00 4.909688e+00 3.749405e+00
    endloop
  endfacet
  facet normal 0.000000e+00 -7.502393e-01 6.611664e-01
    outer loop
      vertex   -5.874272e+00 4.909688e+00 3.749405e+00
      vertex   -6.905383e+00 4.909688e+00 3.749405e+00
      vertex   -5.874272e+00 4.877712e+00 3.713121e+00
    endloop
  endfacet
  facet normal 2.157175e-18 -7.502393e-01 6.611664e-01
    outer loop
      vertex   -5.874272e+00 4.909688e+00 3.749405e+00
      vertex   -5.874272e+00 4.877712e+00 3.713121e+00
      vertex   -4.843161e+00 4.877712e+00 3.713121e+00
    endloop
  endfacet
  facet normal 0.000000e+00 -8.870108e-01 4.617486e-01
    outer loop
      vertex   -4.843161e+00 4.877712e+00 3.713121e+00
      vertex   -5.874272e+00 4.877712e+00 3.713121e+00
      vertex   -4.843161e+00 4.855381e+00 3.670223e+00
    endloop
  endfacet
  facet normal -7.723341e-19 -8.870108e-01 4.617486e-01
    outer loop
      vertex   -4.843161e+00 4.877712e+00 3.713121e+00
      vertex   -4.843161e+00 4.855381e+00 3.670223e+00
      vertex   -3.812050e+00 4.855381e+00 3.670223e+00
    endloop
  endfacet
  facet normal 0.000000e+00 -9.719154e-01 2.353306e-01
    outer loop
      vertex   -3.812050e+00 4.855381e+00 3.670223e+00
      vertex   -4.843161e+00 4.855381e+00 3.670223e+00
      vertex   -3.812050e+00 4.843999e+00 3.623219e+00
    endloop
  endfacet
  facet normal -7.423442e-19 -9.719154e-01 2.353306e-01
    outer loop
      vertex   -3.812050e+00 4.855381e+00 3.670223e+00
      vertex   -3.812050e+00 4.843999e+00 3.623219e+00
      vertex   -2.780939e+00 4.843999e+00 3.623219e+00
    endloop
  endfacet
  facet normal -0.000000e+00 -9.999882e-01 -4.848118e-03
    outer loop
      vertex   -2.780939e+00 4.843999e+00 3.623219e+00
      vertex   -3.812050e+00 4.843999e+00 3.623219e+00
      vertex   -2.780939e+00 4.844234e+00 3.574856e+00
    endloop
  endfacet
  facet normal -1.481576e-20 -9.999882e-01 -4.848118e-03
    outer loop
      vertex   -2.780939e+00 4.843999e+00 3.623219e+00
      vertex   -2.780939e+00 4.844234e+00 3.574856e+00
      vertex   -1.749828e+00 4.844234e+00 3.574856e+00
    endloop
  endfacet
  facet normal -0.000000e+00 -9.695879e-01 -2.447433e-01
    outer loop
      vertex   -1.749828e+00 4.844234e+00 3.574856e+00
      vertex   -2.780939e+00 4.844234e+00 3.574856e+00
      vertex   -1.749828e+00 4.856070e+00 3.527964e+00
    endloop
  endfacet
  facet normal 8.555213e-19 -9.695879e-01 -2.447433e-01
    outer loop
      vertex   -1.749828e+00 4.844234e+00 3.574856e+00
      vertex   -1.749828e+00 4.856070e+00 3.527964e+00
      vertex   -7.187167e-01 4.856070e+00 3.527964e+00
    endloop
  endfacet
  facet normal -0.000000e+00 -8.824920e-01 -4.703275e-01
    outer loop
      vertex   -7.187167e-01 4.856070e+00 3.527964e+00
      vertex   -1.749828e+00 4.856070e+00 3.527964e+00
      vertex   1.268573e+01 4.878817e+00 3.485285e+00
    endloop
  endfacet
  facet normal 0.000000e+00 -5.695983e-01 8.219232e-01
    outer loop
      vertex   -6.905383e+00 4.909688e+00 3.749405e+00
      vertex   -7.936495e+00 4.949438e+00 3.776952e+00
      vertex   -7.936495e+00 4.909688e+00 3.749405e+00
    endloop
  endfacet
  facet normal 0.000000e+00 -5.695983e-01 8.219232e-01
    outer loop
      vertex   -5.874272e+00 4.949438e+00 3.776952e+00
      vertex   -4.843161e+00 4.909688e+00 3.749405e+00
      vertex   -4.843161e+00 4.949438e+00 3.776952e+00
    endloop
  endfacet
  facet normal -8.747204e-19 -5.695983e-01 8.219232e-01
    outer loop
      vertex   -4.843161e+00 4.949438e+00 3.776952e+00
      vertex   -4.843161e+00 4.909688e+00 3.749405e+00
      vertex   -3.812050e+00 4.909688e+00 3.749405e+00
    endloop
  endfacet
  facet normal 0.000000e+00 -5.695983e-01 8.219232e-01
    outer loop
      vertex   -4.843161e+00 4.949438e+00 3.776952e+00
      vertex   -3.812050e+00 4.909688e+00 3.749405e+00
      vertex   -3.812050e+00 4.949438e+00 3.776952e+00
    endloop
  endfacet
  facet normal -8.747204e-19 -5.695983e-01 8.219232e-01
    outer loop
      vertex   -3.812050e+00 4.949438e+00 3.776952e+00
      vertex   -3.812050e+00 4.909688e+00 3.749405e+00
      vertex   -2.780939e+00 4.909688e+00 3.749405e+00
    endloop
  endfacet
  facet normal 0.000000e+00 -5.695983e-01 8.219232e-01
    outer loop
      vertex   -2.780939e+00 4.949438e+00 3.776952e+00
      vertex   -1.749828e+00 4.909688e+00 3.749405e+00
      vertex   -1.749828e+00 4.949438e+00 3.776952e+00
    endloop
  endfacet
  facet normal -8.747204e-19 -5.695983e-01 8.219232e-01
    outer loop
      vertex   -1.749828e+00 4.949438e+00 3.776952e+00
      vertex   -1.749828e+00 4.909688e+00 3.749405e+00
      vertex   -7.187167e-01 4.909688e+00 3.749405e+00
    endloop
  endfacet
  facet normal 0.000000e+00 -5.695983e-01 8.219232e-01
    outer loop
      vertex   -1.749828e+00 4.949438e+00 3.776952e+00
      vertex   -7.187167e-01 4.909688e+00 3.749405e+00
      vertex   -7.187167e-01 4.949438e+00 3.776952e+00
    endloop
  endfacet
  facet normal -8.747204e-19 -5.695983e-01 8.219232e-01
    outer loop
      vertex   -7.187167e-01 4.949438e+00 3.776952e+00
      vertex   -7.187167e-01 4.909688e+00 3.749405e+00
      vertex   3.123944e-01 4.909688e+00 3.749405e+00
    endloop
  endfacet
  facet normal -8.747204e-19 -5.695983e-01 8.219232e-01
    outer loop
      vertex   1.343505e+00 4.909688e+00 3.749405e+00
      vertex   1.343505e+00 4.949438e+00 3.776952e+00
      vertex   3.123944e-01 4.949438e+00 3.776952e+00
    endloop
  endfacet
  facet normal 1.002196e-18 -3.556508e-01 9.346189e-01
    outer loop
      vertex   3.405728e+00 4.994639e+00 3.794153e+00
      vertex   3.405728e+00 4.949438e+00 3.776952e+00
      vertex   4.436839e+00 4.949438e+00 3.776952e+00
    endloop
  endfacet
  facet normal 0.000000e+00 -5.695983e-01 8.219232e-01
    outer loop
      vertex   4.436839e+00 4.949438e+00 3.776952e+00
      vertex   3.405728e+00 4.949438e+00 3.776952e+00
      vertex   4.436839e+00 4.909688e+00 3.749405e+00
    endloop
  endfacet
  facet normal -8.747204e-19 -5.695983e-01 8.219232e-01
    outer loop
      vertex   4.436839e+00 4.949438e+00 3.776952e+00
      vertex   4.436839e+00 4.909688e+00 3.749405e+00
      vertex   5.467950e+00 4.909688e+00 3.749405e+00
    endloop
  endfacet
  facet normal 0.000000e+00 -7.502393e-01 6.611664e-01
    outer loop
      vertex   5.467950e+00 4.909688e+00 3.749405e+00
      vertex   4.436839e+00 4.909688e+00 3.749405e+00
      vertex   5.467950e+00 4.877712e+00 3.713121e+00
    endloop
  endfacet
  facet normal 2.157175e-18 -7.502393e-01 6.611664e-01
    outer loop
      vertex   5.467950e+00 4.909688e+00 3.749405e+00
      vertex   5.467950e+00 4.877712e+00 3.713121e+00
      vertex   6.499061e+00 4.877712e+00 3.713121e+00
    endloop
  endfacet
  facet normal 0.000000e+00 -8.870108e-01 4.617486e-01
    outer loop
      vertex   6.499061e+00 4.877712e+00 3.713121e+00
      vertex   5.467950e+00 4.877712e+00 3.713121e+00
      vertex   6.499061e+00 4.855381e+00 3.670223e+00
    endloop
  endfacet
  facet normal -7.723341e-19 -8.870108e-01 4.617486e-01
    outer loop
      vertex   6.499061e+00 4.877712e+00 3.713121e+00
      vertex   6.499061e+00 4.855381e+00 3.670223e+00
      vertex   7.530172e+00 4.855381e+00 3.670223e+00
    endloop
  endfacet
  facet normal 0.000000e+00 -9.719154e-01 2.353306e-01
    outer loop
      vertex   7.530172e+00 4.855381e+00 3.670223e+00
      vertex   6.499061e+00 4.855381e+00 3.670223e+00
      vertex   7.530172e+00 4.843999e+00 3.623219e+00
    endloop
  endfacet
  facet normal -7.423442e-19 -9.719154e-01 2.353306e-01
    outer loop
      vertex   7.530172e+00 4.855381e+00 3.670223e+00
      vertex   7.530172e+00 4.843999e+00 3.623219e+00
      vertex   8.561283e+00 4.843999e+00 3.623219e+00
    endloop
  endfacet
  facet normal -0.000000e+00 -9.999882e-01 -4.848118e-03
    outer loop
      vertex   8.561283e+00 4.843999e+00 3.623219e+00
      vertex   7.530172e+00 4.843999e+00 3.623219e+00
      vertex   8.561283e+00 4.844234e+00 3.574856e+00
    endloop
  endfacet
  facet normal -1.481576e-20 -9.999882e-01 -4.848118e-03
    outer loop
      vertex   8.561283e+00 4.843999e+00 3.623219e+00
      vertex   8.561283e+00 4.844234e+00 3.574856e+00
      vertex   9.592394e+00 4.844234e+00 3.574856e+00
    endloop
  endfacet
  facet normal -0.000000e+00 -9.695879e-01 -2.447433e-01
    outer loop
      vertex   9.592394e+00 4.844234e+00 3.574856e+00
      vertex   8.561283e+00 4.844234e+00 3.574856e+00
      vertex   9.592394e+00 4.856070e+00 3.527964e+00
    endloop
  endfacet
  facet normal 8.555213e-19 -9.695879e-01 -2.447433e-01
    outer loop
      vertex   9.592394e+00 4.844234e+00 3.574856e+00
      vertex   9.592394e+00 4.856070e+00 3.527964e+00
      vertex   1.062351e+01 4.856070e+00 3.527964e+00
    endloop
  endfacet
  facet normal -0.000000e+00 -8.824920e-01 -4.703275e-01
    outer loop
      vertex   1.062351e+01 4.856070e+00 3.527964e+00
      vertex   9.592394e+00 4.856070e+00 3.527964e+00
      vertex   1.268573e+01 4.878817e+00 3.485285e+00
    endloop
  endfacet
  facet normal 0.000000e+00 -5.695983e-01 8.219232e-01
    outer loop
      vertex   4.436839e+00 4.909688e+00 3.749405e+00
      vertex   3.405728e+00 4.949438e+00 3.776952e+00
      vertex   3.405728e+00 4.909688e+00 3.749405e+00
    endloop
  endfacet
  facet normal 0.000000e+00 -5.695983e-01 8.219232e-01
    outer loop
      vertex   5.467950e+00 4.949438e+00 3.776952e+00
      vertex   6.499061e+00 4.909688e+00 3.749405e+00
      vertex   6.499061e+00 4.949438e+00 3.776952e+00
    endloop
  endfacet
  facet normal -8.747204e-19 -5.695983e-01 8.219232e-01
    outer loop
      vertex   6.499061e+00 4.949438e+00 3.776952e+00
      vertex   6.499061e+00 4.909688e+00 3.749405e+00
      vertex   7.530172e+00 4.909688e+00 3.749405e+00
    endloop
  endfacet
  facet normal 0.000000e+00 -5.695983e-01 8.219232e-01
    outer loop
      vertex   6.499061e+00 4.949438e+00 3.776952e+00
      vertex   7.530172e+00 4.909688e+00 3.749405e+00
      vertex   7.530172e+00 4.949438e+00 3.776952e+00
    endloop
  endfacet
  facet normal -8.747204e-19 -5.695983e-01 8.219232e-01
    outer loop
      vertex   7.530172e+00 4.949438e+00 3.776952e+00
      vertex   7.530172e+00 4.909688e+00 3.749405e+00
      vertex   8.561283e+00 4.909688e+00 3.749405e+00
    endloop
  endfacet
  facet normal 0.000000e+00 -5.695983e-01 8.219232e-01
    outer loop
      vertex   8.561283e+00 4.949438e+00 3.776952e+00
      vertex   9.592394e+00 4.909688e+00 3.749405e+00
      vertex   9.592394e+00 4.949438e+00 3.776952e+00
    endloop
  endfacet
  facet normal -8.747204e-19 -5.695983e-01 8.219232e-01
    outer loop
      vertex   9.592394e+00 4.949438e+00 3.776952e+00
      vertex   9.592394e+00 4.909688e+00 3.749405e+00
      vertex   1.062351e+01 4.909688e+00 3.749405e+00
    endloop
  endfacet
  facet normal 0.000000e+00 -5.695983e-01 8.219232e-01
    outer loop
      vertex   9.592394e+00 4.949438e+00 3.776952e+00
      vertex   1.062351e+01 4.909688e+00 3.749405e+00
      vertex   1.062351e+01 4.949438e+00 3.776952e+00
    endloop
  endfacet
  facet normal -8.747204e-19 -5.695983e-01 8.219232e-01
    outer loop
      vertex   1.062351e+01 4.949438e+00 3.776952e+00
      vertex   1.062351e+01 4.909688e+00 3.749405e+00
      vertex   1.165462e+01 4.909688e+00 3.749405e+00
    endloop
  endfacet
  facet normal 0.000000e+00 -7.502393e-01 6.611664e-01
    outer loop
      vertex   -3.062094e+01 4.909688e+00 3.749405e+00
      vertex   -3.165205e+01 4.909688e+00 3.749405e+00
      vertex   -3.062094e+01 4.877712e+00 3.713121e+00
    endloop
  endfacet
  facet normal 0.000000e+00 -7.502393e-01 6.611664e-01
    outer loop
      vertex   -3.062094e+01 4.877712e+00 3.713121e+00
      vertex   -3.165205e+01 4.909688e+00 3.749405e+00
      vertex   -3.165205e+01 4.877712e+00 3.713121e+00
    endloop
  endfacet
  facet normal 0.000000e+00 -8.870108e-01 4.617486e-01
    outer loop
      vertex   -3.062094e+01 4.877712e+00 3.713121e+00
      vertex   -3.165205e+01 4.877712e+00 3.713121e+00
      vertex   -3.062094e+01 4.855381e+00 3.670223e+00
    endloop
  endfacet
  facet normal 0.000000e+00 -8.870108e-01 4.617486e-01
    outer loop
      vertex   -3.062094e+01 4.855381e+00 3.670223e+00
      vertex   -3.165205e+01 4.877712e+00 3.713121e+00
      vertex   -3.165205e+01 4.855381e+00 3.670223e+00
    endloop
  endfacet
  facet normal 0.000000e+00 -9.719154e-01 2.353306e-01
    outer loop
      vertex   -3.062094e+01 4.855381e+00 3.670223e+00
      vertex   -3.165205e+01 4.855381e+00 3.670223e+00
      vertex   -3.062094e+01 4.843999e+00 3.623219e+00
    endloop
  endfacet
  facet normal 0.000000e+00 -9.719154e-01 2.353306e-01
    outer loop
      vertex   -3.062094e+01 4.843999e+00 3.623219e+00
      vertex   -3.165205e+01 4.855381e+00 3.670223e+00
      vertex   -3.165205e+01 4.843999e+00 3.623219e+00
    endloop
  endfacet
  facet normal -0.000000e+00 -9.999882e-01 -4.848118e-03
    outer loop
      vertex   -3.062094e+01 4.843999e+00 3.623219e+00
      vertex   -3.165205e+01 4.843999e+00 3.623219e+00
      vertex   -3.062094e+01 4.844234e+00 3.574856e+00
    endloop
  endfacet
  facet normal -0.000000e+00 -9.999882e-01 -4.848118e-03
    outer loop
      vertex   -3.062094e+01 4.844234e+00 3.574856e+00
      vertex   -3.165205e+01 4.843999e+00 3.623219e+00
      vertex   -3.165205e+01 4.844234e+00 3.574856e+00
    endloop
  endfacet
  facet normal -0.000000e+00 -9.695879e-01 -2.447433e-01
    outer loop
      vertex   -3.062094e+01 4.844234e+00 3.574856e+00
      vertex   -3.165205e+01 4.844234e+00 3.574856e+00
      vertex   -3.062094e+01 4.856070e+00 3.527964e+00
    endloop
  endfacet
  facet normal -0.000000e+00 -9.695879e-01 -2.447433e-01
    outer loop
      vertex   -3.062094e+01 4.856070e+00 3.527964e+00
      vertex   -3.165205e+01 4.844234e+00 3.574856e+00
      vertex   -3.165205e+01 4.856070e+00 3.527964e+00
    endloop
  endfacet
  facet normal -0.000000e+00 -8.824920e-01 -4.703275e-01
    outer loop
      vertex   -3.062094e+01 4.856070e+00 3.527964e+00
      vertex   -3.165205e+01 4.856070e+00 3.527964e+00
      vertex   -3.371427e+01 4.878817e+00 3.485285e+00
    endloop
  endfacet
  facet normal 0.000000e+00 -7.502393e-01 6.611664e-01
    outer loop
      vertex   -2.855872e+01 4.909688e+00 3.749405e+00
      vertex   -2.752761e+01 4.877712e+00 3.713121e+00
      vertex   -2.752761e+01 4.909688e+00 3.749405e+00
    endloop
  endfacet
  facet normal 2.157175e-18 -7.502393e-01 6.611664e-01
    outer loop
      vertex   -2.752761e+01 4.909688e+00 3.749405e+00
      vertex   -2.752761e+01 4.877712e+00 3.713121e+00
      vertex   -2.649649e+01 4.877712e+00 3.713121e+00
    endloop
  endfacet
  facet normal 0.000000e+00 -7.502393e-01 6.611664e-01
    outer loop
      vertex   -2.752761e+01 4.909688e+00 3.749405e+00
      vertex   -2.649649e+01 4.877712e+00 3.713121e+00
      vertex   -2.649649e+01 4.909688e+00 3.749405e+00
    endloop
  endfacet
  facet normal 2.157175e-18 -7.502393e-01 6.611664e-01
    outer loop
      vertex   -2.649649e+01 4.909688e+00 3.749405e+00
      vertex   -2.649649e+01 4.877712e+00 3.713121e+00
      vertex   -2.546538e+01 4.877712e+00 3.713121e+00
    endloop
  endfacet
  facet normal 0.000000e+00 -7.502393e-01 6.611664e-01
    outer loop
      vertex   -2.546538e+01 4.909688e+00 3.749405e+00
      vertex   -2.443427e+01 4.877712e+00 3.713121e+00
      vertex   -2.443427e+01 4.909688e+00 3.749405e+00
    endloop
  endfacet
  facet normal 2.157175e-18 -7.502393e-01 6.611664e-01
    outer loop
      vertex   -2.443427e+01 4.909688e+00 3.749405e+00
      vertex   -2.443427e+01 4.877712e+00 3.713121e+00
      vertex   -2.340316e+01 4.877712e+00 3.713121e+00
    endloop
  endfacet
  facet normal 0.000000e+00 -7.502393e-01 6.611664e-01
    outer loop
      vertex   -2.443427e+01 4.909688e+00 3.749405e+00
      vertex   -2.340316e+01 4.877712e+00 3.713121e+00
      vertex   -2.340316e+01 4.909688e+00 3.749405e+00
    endloop
  endfacet
  facet normal 2.157175e-18 -7.502393e-01 6.611664e-01
    outer loop
      vertex   -2.340316e+01 4.909688e+00 3.749405e+00
      vertex   -2.340316e+01 4.877712e+00 3.713121e+00
      vertex   -2.237205e+01 4.877712e+00 3.713121e+00
    endloop
  endfacet
  facet normal 0.000000e+00 -7.502393e-01 6.611664e-01
    outer loop
      vertex   -1.927872e+01 4.909688e+00 3.749405e+00
      vertex   -2.030983e+01 4.909688e+00 3.749405e+00
      vertex   -1.927872e+01 4.877712e+00 3.713121e+00
    endloop
  endfacet
  facet normal 0.000000e+00 -7.502393e-01 6.611664e-01
    outer loop
      vertex   -1.927872e+01 4.877712e+00 3.713121e+00
      vertex   -2.030983e+01 4.909688e+00 3.749405e+00
      vertex   -2.030983e+01 4.877712e+00 3.713121e+00
    endloop
  endfacet
  facet normal 0.000000e+00 -8.870108e-01 4.617486e-01
    outer loop
      vertex   -1.927872e+01 4.877712e+00 3.713121e+00
      vertex   -2.030983e+01 4.877712e+00 3.713121e+00
      vertex   -1.927872e+01 4.855381e+00 3.670223e+00
    endloop
  endfacet
  facet normal 0.000000e+00 -8.870108e-01 4.617486e-01
    outer loop
      vertex   -1.927872e+01 4.855381e+00 3.670223e+00
      vertex   -2.030983e+01 4.877712e+00 3.713121e+00
      vertex   -2.030983e+01 4.855381e+00 3.670223e+00
    endloop
  endfacet
  facet normal 0.000000e+00 -9.719154e-01 2.353306e-01
    outer loop
      vertex   -1.927872e+01 4.855381e+00 3.670223e+00
      vertex   -2.030983e+01 4.855381e+00 3.670223e+00
      vertex   -1.927872e+01 4.843999e+00 3.623219e+00
    endloop
  endfacet
  facet normal 0.000000e+00 -9.719154e-01 2.353306e-01
    outer loop
      vertex   -1.927872e+01 4.843999e+00 3.623219e+00
      vertex   -2.030983e+01 4.855381e+00 3.670223e+00
      vertex   -2.030983e+01 4.843999e+00 3.623219e+00
    endloop
  endfacet
  facet normal -0.000000e+00 -9.999882e-01 -4.848118e-03
    outer loop
      vertex   -1.927872e+01 4.843999e+00 3.623219e+00
      vertex   -2.030983e+01 4.843999e+00 3.623219e+00
      vertex   -1.927872e+01 4.844234e+00 3.574856e+00
    endloop
  endfacet
  facet normal -0.000000e+00 -9.999882e-01 -4.848118e-03
    outer loop
      vertex   -1.927872e+01 4.844234e+00 3.574856e+00
      vertex   -2.030983e+01 4.843999e+00 3.623219e+00
      vertex   -2.030983e+01 4.844234e+00 3.574856e+00
    endloop
  endfacet
  facet normal -0.000000e+00 -9.695879e-01 -2.447433e-01
    outer loop
      vertex   -1.927872e+01 4.844234e+00 3.574856e+00
      vertex   -2.030983e+01 4.844234e+00 3.574856e+00
      vertex   -1.927872e+01 4.856070e+00 3.527964e+00
    endloop
  endfacet
  facet normal -0.000000e+00 -9.695879e-01 -2.447433e-01
    outer loop
      vertex   -1.927872e+01 4.856070e+00 3.527964e+00
      vertex   -2.030983e+01 4.844234e+00 3.574856e+00
      vertex   -2.030983e+01 4.856070e+00 3.527964e+00
    endloop
  endfacet
  facet normal -0.000000e+00 -8.824920e-01 -4.703275e-01
    outer loop
      vertex   -1.927872e+01 4.856070e+00 3.527964e+00
      vertex   -2.030983e+01 4.856070e+00 3.527964e+00
      vertex   -3.371427e+01 4.878817e+00 3.485285e+00
    endloop
  endfacet
  facet normal 0.000000e+00 -7.502393e-01 6.611664e-01
    outer loop
      vertex   -1.721649e+01 4.909688e+00 3.749405e+00
      vertex   -1.618538e+01 4.877712e+00 3.713121e+00
      vertex   -1.618538e+01 4.909688e+00 3.749405e+00
    endloop
  endfacet
  facet normal 2.157175e-18 -7.502393e-01 6.611664e-01
    outer loop
      vertex   -1.618538e+01 4.909688e+00 3.749405e+00
      vertex   -1.618538e+01 4.877712e+00 3.713121e+00
      vertex   -1.515427e+01 4.877712e+00 3.713121e+00
    endloop
  endfacet
  facet normal 0.000000e+00 -7.502393e-01 6.611664e-01
    outer loop
      vertex   -1.618538e+01 4.909688e+00 3.749405e+00
      vertex   -1.515427e+01 4.877712e+00 3.713121e+00
      vertex   -1.515427e+01 4.909688e+00 3.749405e+00
    endloop
  endfacet
  facet normal 2.157175e-18 -7.502393e-01 6.611664e-01
    outer loop
      vertex   -1.515427e+01 4.909688e+00 3.749405e+00
      vertex   -1.515427e+01 4.877712e+00 3.713121e+00
      vertex   -1.412316e+01 4.877712e+00 3.713121e+00
    endloop
  endfacet
  facet normal 0.000000e+00 -7.502393e-01 6.611664e-01
    outer loop
      vertex   -1.412316e+01 4.909688e+00 3.749405e+00
      vertex   -1.309205e+01 4.877712e+00 3.713121e+00
      vertex   -1.309205e+01 4.909688e+00 3.749405e+00
    endloop
  endfacet
  facet normal 2.157175e-18 -7.502393e-01 6.611664e-01
    outer loop
      vertex   -1.309205e+01 4.909688e+00 3.749405e+00
      vertex   -1.309205e+01 4.877712e+00 3.713121e+00
      vertex   -1.206094e+01 4.877712e+00 3.713121e+00
    endloop
  endfacet
  facet normal 0.000000e+00 -7.502393e-01 6.611664e-01
    outer loop
      vertex   -1.309205e+01 4.909688e+00 3.749405e+00
      vertex   -1.206094e+01 4.877712e+00 3.713121e+00
      vertex   -1.206094e+01 4.909688e+00 3.749405e+00
    endloop
  endfacet
  facet normal 2.157175e-18 -7.502393e-01 6.611664e-01
    outer loop
      vertex   -1.206094e+01 4.909688e+00 3.749405e+00
      vertex   -1.206094e+01 4.877712e+00 3.713121e+00
      vertex   -1.102983e+01 4.877712e+00 3.713121e+00
    endloop
  endfacet
  facet normal 0.000000e+00 -7.502393e-01 6.611664e-01
    outer loop
      vertex   -6.905383e+00 4.909688e+00 3.749405e+00
      vertex   -7.936495e+00 4.909688e+00 3.749405e+00
      vertex   -6.905383e+00 4.877712e+00 3.713121e+00
    endloop
  endfacet
  facet normal 0.000000e+00 -7.502393e-01 6.611664e-01
    outer loop
      vertex   -6.905383e+00 4.877712e+00 3.713121e+00
      vertex   -7.936495e+00 4.909688e+00 3.749405e+00
      vertex   -7.936495e+00 4.877712e+00 3.713121e+00
    endloop
  endfacet
  facet normal 0.000000e+00 -8.870108e-01 4.617486e-01
    outer loop
      vertex   -6.905383e+00 4.877712e+00 3.713121e+00
      vertex   -7.936495e+00 4.877712e+00 3.713121e+00
      vertex   -6.905383e+00 4.855381e+00 3.670223e+00
    endloop
  endfacet
  facet normal 0.000000e+00 -8.870108e-01 4.617486e-01
    outer loop
      vertex   -6.905383e+00 4.855381e+00 3.670223e+00
      vertex   -7.936495e+00 4.877712e+00 3.713121e+00
      vertex   -7.936495e+00 4.855381e+00 3.670223e+00
    endloop
  endfacet
  facet normal 0.000000e+00 -9.719154e-01 2.353306e-01
    outer loop
      vertex   -6.905383e+00 4.855381e+00 3.670223e+00
      vertex   -7.936495e+00 4.855381e+00 3.670223e+00
      vertex   -6.905383e+00 4.843999e+00 3.623219e+00
    endloop
  endfacet
  facet normal 0.000000e+00 -9.719154e-01 2.353306e-01
    outer loop
      vertex   -6.905383e+00 4.843999e+00 3.623219e+00
      vertex   -7.936495e+00 4.855381e+00 3.670223e+00
      vertex   -7.936495e+00 4.843999e+00 3.623219e+00
    endloop
  endfacet
  facet normal -0.000000e+00 -9.999882e-01 -4.848118e-03
    outer loop
      vertex   -6.905383e+00 4.843999e+00 3.623219e+00
      vertex   -7.936495e+00 4.843999e+00 3.623219e+00
      vertex   -6.905383e+00 4.844234e+00 3.574856e+00
    endloop
  endfacet
  facet normal -0.000000e+00 -9.999882e-01 -4.848118e-03
    outer loop
      vertex   -6.905383e+00 4.844234e+00 3.574856e+00
      vertex   -7.936495e+00 4.843999e+00 3.623219e+00
      vertex   -7.936495e+00 4.844234e+00 3.574856e+00
    endloop
  endfacet
  facet normal -0.000000e+00 -9.695879e-01 -2.447433e-01
    outer loop
      vertex   -6.905383e+00 4.844234e+00 3.574856e+00
      vertex   -7.936495e+00 4.844234e+00 3.574856e+00
      vertex   -6.905383e+00 4.856070e+00 3.527964e+00
    endloop
  endfacet
  facet normal -0.000000e+00 -9.695879e-01 -2.447433e-01
    outer loop
      vertex   -6.905383e+00 4.856070e+00 3.527964e+00
      vertex   -7.936495e+00 4.844234e+00 3.574856e+00
      vertex   -7.936495e+00 4.856070e+00 3.527964e+00
    endloop
  endfacet
  facet normal -0.000000e+00 -8.824920e-01 -4.703275e-01
    outer loop
      vertex   -6.905383e+00 4.856070e+00 3.527964e+00
      vertex   -7.936495e+00 4.856070e+00 3.527964e+00
      vertex   1.268573e+01 4.878817e+00 3.485285e+00
    endloop
  endfacet
  facet normal 0.000000e+00 -7.502393e-01 6.611664e-01
    outer loop
      vertex   -4.843161e+00 4.909688e+00 3.749405e+00
      vertex   -3.812050e+00 4.877712e+00 3.713121e+00
      vertex   -3.812050e+00 4.909688e+00 3.749405e+00
    endloop
  endfacet
  facet normal 2.157175e-18 -7.502393e-01 6.611664e-01
    outer loop
      vertex   -3.812050e+00 4.909688e+00 3.749405e+00
      vertex   -3.812050e+00 4.877712e+00 3.713121e+00
      vertex   -2.780939e+00 4.877712e+00 3.713121e+00
    endloop
  endfacet
  facet normal 0.000000e+00 -7.502393e-01 6.611664e-01
    outer loop
      vertex   -3.812050e+00 4.909688e+00 3.749405e+00
      vertex   -2.780939e+00 4.877712e+00 3.713121e+00
      vertex   -2.780939e+00 4.909688e+00 3.749405e+00
    endloop
  endfacet
  facet normal 2.157175e-18 -7.502393e-01 6.611664e-01
    outer loop
      vertex   -2.780939e+00 4.909688e+00 3.749405e+00
      vertex   -2.780939e+00 4.877712e+00 3.713121e+00
      vertex   -1.749828e+00 4.877712e+00 3.713121e+00
    endloop
  endfacet
  facet normal 0.000000e+00 -7.502393e-01 6.611664e-01
    outer loop
      vertex   -1.749828e+00 4.909688e+00 3.749405e+00
      vertex   -7.187167e-01 4.877712e+00 3.713121e+00
      vertex   -7.187167e-01 4.909688e+00 3.749405e+00
    endloop
  endfacet
  facet normal 2.157175e-18 -7.502393e-01 6.611664e-01
    outer loop
      vertex   -7.187167e-01 4.909688e+00 3.749405e+00
      vertex   -7.187167e-01 4.877712e+00 3.713121e+00
      vertex   3.123944e-01 4.877712e+00 3.713121e+00
    endloop
  endfacet
  facet normal 0.000000e+00 -7.502393e-01 6.611664e-01
    outer loop
      vertex   -7.187167e-01 4.909688e+00 3.749405e+00
      vertex   3.123944e-01 4.877712e+00 3.713121e+00
      vertex   3.123944e-01 4.909688e+00 3.749405e+00
    endloop
  endfacet
  facet normal 2.157175e-18 -7.502393e-01 6.611664e-01
    outer loop
      vertex   3.123944e-01 4.909688e+00 3.749405e+00
      vertex   3.123944e-01 4.877712e+00 3.713121e+00
      vertex   1.343505e+00 4.877712e+00 3.713121e+00
    endloop
  endfacet
  facet normal 0.000000e+00 -7.502393e-01 6.611664e-01
    outer loop
      vertex   4.436839e+00 4.909688e+00 3.749405e+00
      vertex   3.405728e+00 4.909688e+00 3.749405e+00
      vertex   4.436839e+00 4.877712e+00 3.713121e+00
    endloop
  endfacet
  facet normal 0.000000e+00 -7.502393e-01 6.611664e-01
    outer loop
      vertex   4.436839e+00 4.877712e+00 3.713121e+00
      vertex   3.405728e+00 4.909688e+00 3.749405e+00
      vertex   3.405728e+00 4.877712e+00 3.713121e+00
    endloop
  endfacet
  facet normal 0.000000e+00 -8.870108e-01 4.617486e-01
    outer loop
      vertex   4.436839e+00 4.877712e+00 3.713121e+00
      vertex   3.405728e+00 4.877712e+00 3.713121e+00
      vertex   4.436839e+00 4.855381e+00 3.670223e+00
    endloop
  endfacet
  facet normal 0.000000e+00 -8.870108e-01 4.617486e-01
    outer loop
      vertex   4.436839e+00 4.855381e+00 3.670223e+00
      vertex   3.405728e+00 4.877712e+00 3.713121e+00
      vertex   3.405728e+00 4.855381e+00 3.670223e+00
    endloop
  endfacet
  facet normal 0.000000e+00 -9.719154e-01 2.353306e-01
    outer loop
      vertex   4.436839e+00 4.855381e+00 3.670223e+00
      vertex   3.405728e+00 4.855381e+00 3.670223e+00
      vertex   4.436839e+00 4.843999e+00 3.623219e+00
    endloop
  endfacet
  facet normal 0.000000e+00 -9.719154e-01 2.353306e-01
    outer loop
      vertex   4.436839e+00 4.843999e+00 3.623219e+00
      vertex   3.405728e+00 4.855381e+00 3.670223e+00
      vertex   3.405728e+00 4.843999e+00 3.623219e+00
    endloop
  endfacet
  facet normal -0.000000e+00 -9.999882e-01 -4.848118e-03
    outer loop
      vertex   4.436839e+00 4.843999e+00 3.623219e+00
      vertex   3.405728e+00 4.843999e+00 3.623219e+00
      vertex   4.436839e+00 4.844234e+00 3.574856e+00
    endloop
  endfacet
  facet normal -0.000000e+00 -9.999882e-01 -4.848118e-03
    outer loop
      vertex   4.436839e+00 4.844234e+00 3.574856e+00
      vertex   3.405728e+00 4.843999e+00 3.623219e+00
      vertex   3.405728e+00 4.844234e+00 3.574856e+00
    endloop
  endfacet
  facet normal -0.000000e+00 -9.695879e-01 -2.447433e-01
    outer loop
      vertex   4.436839e+00 4.844234e+00 3.574856e+00
      vertex   3.405728e+00 4.844234e+00 3.574856e+00
      vertex   4.436839e+00 4.856070e+00 3.527964e+00
    endloop
  endfacet
  facet normal -0.000000e+00 -9.695879e-01 -2.447433e-01
    outer loop
      vertex   4.436839e+00 4.856070e+00 3.527964e+00
      vertex   3.405728e+00 4.844234e+00 3.574856e+00
      vertex   3.405728e+00 4.856070e+00 3.527964e+00
    endloop
  endfacet
  facet normal -0.000000e+00 -8.824920e-01 -4.703275e-01
    outer loop
      vertex   4.436839e+00 4.856070e+00 3.527964e+00
      vertex   3.405728e+00 4.856070e+00 3.527964e+00
      vertex   1.268573e+01 4.878817e+00 3.485285e+00
    endloop
  endfacet
  facet normal 0.000000e+00 -7.502393e-01 6.611664e-01
    outer loop
      vertex   6.499061e+00 4.909688e+00 3.749405e+00
      vertex   7.530172e+00 4.877712e+00 3.713121e+00
      vertex   7.530172e+00 4.909688e+00 3.749405e+00
    endloop
  endfacet
  facet normal 2.157175e-18 -7.502393e-01 6.611664e-01
    outer loop
      vertex   7.530172e+00 4.909688e+00 3.749405e+00
      vertex   7.530172e+00 4.877712e+00 3.713121e+00
      vertex   8.561283e+00 4.877712e+00 3.713121e+00
    endloop
  endfacet
  facet normal 0.000000e+00 -7.502393e-01 6.611664e-01
    outer loop
      vertex   7.530172e+00 4.909688e+00 3.749405e+00
      vertex   8.561283e+00 4.877712e+00 3.713121e+00
      vertex   8.561283e+00 4.909688e+00 3.749405e+00
    endloop
  endfacet
  facet normal 2.157175e-18 -7.502393e-01 6.611664e-01
    outer loop
      vertex   8.561283e+00 4.909688e+00 3.749405e+00
      vertex   8.561283e+00 4.877712e+00 3.713121e+00
      vertex   9.592394e+00 4.877712e+00 3.713121e+00
    endloop
  endfacet
  facet normal 2.157175e-18 -7.502393e-01 6.611664e-01
    outer loop
      vertex   1.165462e+01 4.877712e+00 3.713121e+00
      vertex   1.165462e+01 4.909688e+00 3.749405e+00
      vertex   1.062351e+01 4.909688e+00 3.749405e+00
    endloop
  endfacet
  facet normal 0.000000e+00 -7.502393e-01 6.611664e-01
    outer loop
      vertex   1.165462e+01 4.877712e+00 3.713121e+00
      vertex   1.062351e+01 4.909688e+00 3.749405e+00
      vertex   1.062351e+01 4.877712e+00 3.713121e+00
    endloop
  endfacet
  facet normal 2.157175e-18 -7.502393e-01 6.611664e-01
    outer loop
      vertex   1.062351e+01 4.877712e+00 3.713121e+00
      vertex   1.062351e+01 4.909688e+00 3.749405e+00
      vertex   9.592394e+00 4.909688e+00 3.749405e+00
    endloop
  endfacet
  facet normal 2.157175e-18 -7.502393e-01 6.611664e-01
    outer loop
      vertex   -3.062094e+01 4.909688e+00 3.749405e+00
      vertex   -3.062094e+01 4.877712e+00 3.713121e+00
      vertex   -2.958983e+01 4.877712e+00 3.713121e+00
    endloop
  endfacet
  facet normal 0.000000e+00 -8.870108e-01 4.617486e-01
    outer loop
      vertex   -2.958983e+01 4.877712e+00 3.713121e+00
      vertex   -3.062094e+01 4.877712e+00 3.713121e+00
      vertex   -2.958983e+01 4.855381e+00 3.670223e+00
    endloop
  endfacet
  facet normal -7.723341e-19 -8.870108e-01 4.617486e-01
    outer loop
      vertex   -2.958983e+01 4.877712e+00 3.713121e+00
      vertex   -2.958983e+01 4.855381e+00 3.670223e+00
      vertex   -2.855872e+01 4.855381e+00 3.670223e+00
    endloop
  endfacet
  facet normal 0.000000e+00 -9.719154e-01 2.353306e-01
    outer loop
      vertex   -2.855872e+01 4.855381e+00 3.670223e+00
      vertex   -2.958983e+01 4.855381e+00 3.670223e+00
      vertex   -2.855872e+01 4.843999e+00 3.623219e+00
    endloop
  endfacet
  facet normal -7.423442e-19 -9.719154e-01 2.353306e-01
    outer loop
      vertex   -2.855872e+01 4.855381e+00 3.670223e+00
      vertex   -2.855872e+01 4.843999e+00 3.623219e+00
      vertex   -2.752761e+01 4.843999e+00 3.623219e+00
    endloop
  endfacet
  facet normal -0.000000e+00 -9.999882e-01 -4.848118e-03
    outer loop
      vertex   -2.752761e+01 4.843999e+00 3.623219e+00
      vertex   -2.855872e+01 4.843999e+00 3.623219e+00
      vertex   -2.752761e+01 4.844234e+00 3.574856e+00
    endloop
  endfacet
  facet normal -1.481576e-20 -9.999882e-01 -4.848118e-03
    outer loop
      vertex   -2.752761e+01 4.843999e+00 3.623219e+00
      vertex   -2.752761e+01 4.844234e+00 3.574856e+00
      vertex   -2.649649e+01 4.844234e+00 3.574856e+00
    endloop
  endfacet
  facet normal -0.000000e+00 -9.695879e-01 -2.447433e-01
    outer loop
      vertex   -2.649649e+01 4.844234e+00 3.574856e+00
      vertex   -2.752761e+01 4.844234e+00 3.574856e+00
      vertex   -2.649649e+01 4.856070e+00 3.527964e+00
    endloop
  endfacet
  facet normal 8.555213e-19 -9.695879e-01 -2.447433e-01
    outer loop
      vertex   -2.649649e+01 4.844234e+00 3.574856e+00
      vertex   -2.649649e+01 4.856070e+00 3.527964e+00
      vertex   -2.546538e+01 4.856070e+00 3.527964e+00
    endloop
  endfacet
  facet normal -0.000000e+00 -8.824920e-01 -4.703275e-01
    outer loop
      vertex   -2.546538e+01 4.856070e+00 3.527964e+00
      vertex   -2.649649e+01 4.856070e+00 3.527964e+00
      vertex   -3.371427e+01 4.878817e+00 3.485285e+00
    endloop
  endfacet
  facet normal 0.000000e+00 -8.870108e-01 4.617486e-01
    outer loop
      vertex   -2.958983e+01 4.855381e+00 3.670223e+00
      vertex   -3.062094e+01 4.877712e+00 3.713121e+00
      vertex   -3.062094e+01 4.855381e+00 3.670223e+00
    endloop
  endfacet
  facet normal 0.000000e+00 -8.870108e-01 4.617486e-01
    outer loop
      vertex   -2.752761e+01 4.877712e+00 3.713121e+00
      vertex   -2.649649e+01 4.855381e+00 3.670223e+00
      vertex   -2.649649e+01 4.877712e+00 3.713121e+00
    endloop
  endfacet
  facet normal -7.723341e-19 -8.870108e-01 4.617486e-01
    outer loop
      vertex   -2.649649e+01 4.877712e+00 3.713121e+00
      vertex   -2.649649e+01 4.855381e+00 3.670223e+00
      vertex   -2.546538e+01 4.855381e+00 3.670223e+00
    endloop
  endfacet
  facet normal 0.000000e+00 -8.870108e-01 4.617486e-01
    outer loop
      vertex   -2.649649e+01 4.877712e+00 3.713121e+00
      vertex   -2.546538e+01 4.855381e+00 3.670223e+00
      vertex   -2.546538e+01 4.877712e+00 3.713121e+00
    endloop
  endfacet
  facet normal -7.723341e-19 -8.870108e-01 4.617486e-01
    outer loop
      vertex   -2.546538e+01 4.877712e+00 3.713121e+00
      vertex   -2.546538e+01 4.855381e+00 3.670223e+00
      vertex   -2.443427e+01 4.855381e+00 3.670223e+00
    endloop
  endfacet
  facet normal -7.723341e-19 -8.870108e-01 4.617486e-01
    outer loop
      vertex   -2.237205e+01 4.855381e+00 3.670223e+00
      vertex   -2.237205e+01 4.877712e+00 3.713121e+00
      vertex   -2.340316e+01 4.877712e+00 3.713121e+00
    endloop
  endfacet
  facet normal 0.000000e+00 -8.870108e-01 4.617486e-01
    outer loop
      vertex   -2.237205e+01 4.855381e+00 3.670223e+00
      vertex   -2.340316e+01 4.877712e+00 3.713121e+00
      vertex   -2.340316e+01 4.855381e+00 3.670223e+00
    endloop
  endfacet
  facet normal -7.723341e-19 -8.870108e-01 4.617486e-01
    outer loop
      vertex   -2.340316e+01 4.855381e+00 3.670223e+00
      vertex   -2.340316e+01 4.877712e+00 3.713121e+00
      vertex   -2.443427e+01 4.877712e+00 3.713121e+00
    endloop
  endfacet
  facet normal 2.157175e-18 -7.502393e-01 6.611664e-01
    outer loop
      vertex   -1.927872e+01 4.909688e+00 3.749405e+00
      vertex   -1.927872e+01 4.877712e+00 3.713121e+00
      vertex   -1.824761e+01 4.877712e+00 3.713121e+00
    endloop
  endfacet
  facet normal 0.000000e+00 -8.870108e-01 4.617486e-01
    outer loop
      vertex   -1.824761e+01 4.877712e+00 3.713121e+00
      vertex   -1.927872e+01 4.877712e+00 3.713121e+00
      vertex   -1.824761e+01 4.855381e+00 3.670223e+00
    endloop
  endfacet
  facet normal -7.723341e-19 -8.870108e-01 4.617486e-01
    outer loop
      vertex   -1.824761e+01 4.877712e+00 3.713121e+00
      vertex   -1.824761e+01 4.855381e+00 3.670223e+00
      vertex   -1.721649e+01 4.855381e+00 3.670223e+00
    endloop
  endfacet
  facet normal 0.000000e+00 -9.719154e-01 2.353306e-01
    outer loop
      vertex   -1.721649e+01 4.855381e+00 3.670223e+00
      vertex   -1.824761e+01 4.855381e+00 3.670223e+00
      vertex   -1.721649e+01 4.843999e+00 3.623219e+00
    endloop
  endfacet
  facet normal -7.423442e-19 -9.719154e-01 2.353306e-01
    outer loop
      vertex   -1.721649e+01 4.855381e+00 3.670223e+00
      vertex   -1.721649e+01 4.843999e+00 3.623219e+00
      vertex   -1.618538e+01 4.843999e+00 3.623219e+00
    endloop
  endfacet
  facet normal -0.000000e+00 -9.999882e-01 -4.848118e-03
    outer loop
      vertex   -1.618538e+01 4.843999e+00 3.623219e+00
      vertex   -1.721649e+01 4.843999e+00 3.623219e+00
      vertex   -1.618538e+01 4.844234e+00 3.574856e+00
    endloop
  endfacet
  facet normal -1.481576e-20 -9.999882e-01 -4.848118e-03
    outer loop
      vertex   -1.618538e+01 4.843999e+00 3.623219e+00
      vertex   -1.618538e+01 4.844234e+00 3.574856e+00
      vertex   -1.515427e+01 4.844234e+00 3.574856e+00
    endloop
  endfacet
  facet normal -0.000000e+00 -9.695879e-01 -2.447433e-01
    outer loop
      vertex   -1.515427e+01 4.844234e+00 3.574856e+00
      vertex   -1.618538e+01 4.844234e+00 3.574856e+00
      vertex   -1.515427e+01 4.856070e+00 3.527964e+00
    endloop
  endfacet
  facet normal 8.555213e-19 -9.695879e-01 -2.447433e-01
    outer loop
      vertex   -1.515427e+01 4.844234e+00 3.574856e+00
      vertex   -1.515427e+01 4.856070e+00 3.527964e+00
      vertex   -1.412316e+01 4.856070e+00 3.527964e+00
    endloop
  endfacet
  facet normal -0.000000e+00 -8.824920e-01 -4.703275e-01
    outer loop
      vertex   -1.412316e+01 4.856070e+00 3.527964e+00
      vertex   -1.515427e+01 4.856070e+00 3.527964e+00
      vertex   -3.371427e+01 4.878817e+00 3.485285e+00
    endloop
  endfacet
  facet normal 0.000000e+00 -8.870108e-01 4.617486e-01
    outer loop
      vertex   -1.824761e+01 4.855381e+00 3.670223e+00
      vertex   -1.927872e+01 4.877712e+00 3.713121e+00
      vertex   -1.927872e+01 4.855381e+00 3.670223e+00
    endloop
  endfacet
  facet normal 0.000000e+00 -8.870108e-01 4.617486e-01
    outer loop
      vertex   -1.618538e+01 4.877712e+00 3.713121e+00
      vertex   -1.515427e+01 4.855381e+00 3.670223e+00
      vertex   -1.515427e+01 4.877712e+00 3.713121e+00
    endloop
  endfacet
  facet normal -7.723341e-19 -8.870108e-01 4.617486e-01
    outer loop
      vertex   -1.515427e+01 4.877712e+00 3.713121e+00
      vertex   -1.515427e+01 4.855381e+00 3.670223e+00
      vertex   -1.412316e+01 4.855381e+00 3.670223e+00
    endloop
  endfacet
  facet normal 0.000000e+00 -8.870108e-01 4.617486e-01
    outer loop
      vertex   -1.515427e+01 4.877712e+00 3.713121e+00
      vertex   -1.412316e+01 4.855381e+00 3.670223e+00
      vertex   -1.412316e+01 4.877712e+00 3.713121e+00
    endloop
  endfacet
  facet normal -7.723341e-19 -8.870108e-01 4.617486e-01
    outer loop
      vertex   -1.412316e+01 4.877712e+00 3.713121e+00
      vertex   -1.412316e+01 4.855381e+00 3.670223e+00
      vertex   -1.309205e+01 4.855381e+00 3.670223e+00
    endloop
  endfacet
  facet normal -7.723341e-19 -8.870108e-01 4.617486e-01
    outer loop
      vertex   -1.102983e+01 4.855381e+00 3.670223e+00
      vertex   -1.102983e+01 4.877712e+00 3.713121e+00
      vertex   -1.206094e+01 4.877712e+00 3.713121e+00
    endloop
  endfacet
  facet normal 0.000000e+00 -8.870108e-01 4.617486e-01
    outer loop
      vertex   -1.102983e+01 4.855381e+00 3.670223e+00
      vertex   -1.206094e+01 4.877712e+00 3.713121e+00
      vertex   -1.206094e+01 4.855381e+00 3.670223e+00
    endloop
  endfacet
  facet normal -7.723341e-19 -8.870108e-01 4.617486e-01
    outer loop
      vertex   -1.206094e+01 4.855381e+00 3.670223e+00
      vertex   -1.206094e+01 4.877712e+00 3.713121e+00
      vertex   -1.309205e+01 4.877712e+00 3.713121e+00
    endloop
  endfacet
  facet normal 2.157175e-18 -7.502393e-01 6.611664e-01
    outer loop
      vertex   -6.905383e+00 4.909688e+00 3.749405e+00
      vertex   -6.905383e+00 4.877712e+00 3.713121e+00
      vertex   -5.874272e+00 4.877712e+00 3.713121e+00
    endloop
  endfacet
  facet normal 0.000000e+00 -8.870108e-01 4.617486e-01
    outer loop
      vertex   -5.874272e+00 4.877712e+00 3.713121e+00
      vertex   -6.905383e+00 4.877712e+00 3.713121e+00
      vertex   -5.874272e+00 4.855381e+00 3.670223e+00
    endloop
  endfacet
  facet normal -7.723341e-19 -8.870108e-01 4.617486e-01
    outer loop
      vertex   -5.874272e+00 4.877712e+00 3.713121e+00
      vertex   -5.874272e+00 4.855381e+00 3.670223e+00
      vertex   -4.843161e+00 4.855381e+00 3.670223e+00
    endloop
  endfacet
  facet normal 0.000000e+00 -9.719154e-01 2.353306e-01
    outer loop
      vertex   -4.843161e+00 4.855381e+00 3.670223e+00
      vertex   -5.874272e+00 4.855381e+00 3.670223e+00
      vertex   -4.843161e+00 4.843999e+00 3.623219e+00
    endloop
  endfacet
  facet normal -7.423442e-19 -9.719154e-01 2.353306e-01
    outer loop
      vertex   -4.843161e+00 4.855381e+00 3.670223e+00
      vertex   -4.843161e+00 4.843999e+00 3.623219e+00
      vertex   -3.812050e+00 4.843999e+00 3.623219e+00
    endloop
  endfacet
  facet normal -0.000000e+00 -9.999882e-01 -4.848118e-03
    outer loop
      vertex   -3.812050e+00 4.843999e+00 3.623219e+00
      vertex   -4.843161e+00 4.843999e+00 3.623219e+00
      vertex   -3.812050e+00 4.844234e+00 3.574856e+00
    endloop
  endfacet
  facet normal -1.481576e-20 -9.999882e-01 -4.848118e-03
    outer loop
      vertex   -3.812050e+00 4.843999e+00 3.623219e+00
      vertex   -3.812050e+00 4.844234e+00 3.574856e+00
      vertex   -2.780939e+00 4.844234e+00 3.574856e+00
    endloop
  endfacet
  facet normal -0.000000e+00 -9.695879e-01 -2.447433e-01
    outer loop
      vertex   -2.780939e+00 4.844234e+00 3.574856e+00
      vertex   -3.812050e+00 4.844234e+00 3.574856e+00
      vertex   -2.780939e+00 4.856070e+00 3.527964e+00
    endloop
  endfacet
  facet normal 8.555213e-19 -9.695879e-01 -2.447433e-01
    outer loop
      vertex   -2.780939e+00 4.844234e+00 3.574856e+00
      vertex   -2.780939e+00 4.856070e+00 3.527964e+00
      vertex   -1.749828e+00 4.856070e+00 3.527964e+00
    endloop
  endfacet
  facet normal -0.000000e+00 -8.824920e-01 -4.703275e-01
    outer loop
      vertex   -1.749828e+00 4.856070e+00 3.527964e+00
      vertex   -2.780939e+00 4.856070e+00 3.527964e+00
      vertex   1.268573e+01 4.878817e+00 3.485285e+00
    endloop
  endfacet
  facet normal 0.000000e+00 -8.870108e-01 4.617486e-01
    outer loop
      vertex   -5.874272e+00 4.855381e+00 3.670223e+00
      vertex   -6.905383e+00 4.877712e+00 3.713121e+00
      vertex   -6.905383e+00 4.855381e+00 3.670223e+00
    endloop
  endfacet
  facet normal 0.000000e+00 -8.870108e-01 4.617486e-01
    outer loop
      vertex   -3.812050e+00 4.877712e+00 3.713121e+00
      vertex   -2.780939e+00 4.855381e+00 3.670223e+00
      vertex   -2.780939e+00 4.877712e+00 3.713121e+00
    endloop
  endfacet
  facet normal -7.723341e-19 -8.870108e-01 4.617486e-01
    outer loop
      vertex   -2.780939e+00 4.877712e+00 3.713121e+00
      vertex   -2.780939e+00 4.855381e+00 3.670223e+00
      vertex   -1.749828e+00 4.855381e+00 3.670223e+00
    endloop
  endfacet
  facet normal 0.000000e+00 -8.870108e-01 4.617486e-01
    outer loop
      vertex   -2.780939e+00 4.877712e+00 3.713121e+00
      vertex   -1.749828e+00 4.855381e+00 3.670223e+00
      vertex   -1.749828e+00 4.877712e+00 3.713121e+00
    endloop
  endfacet
  facet normal -7.723341e-19 -8.870108e-01 4.617486e-01
    outer loop
      vertex   -1.749828e+00 4.877712e+00 3.713121e+00
      vertex   -1.749828e+00 4.855381e+00 3.670223e+00
      vertex   -7.187167e-01 4.855381e+00 3.670223e+00
    endloop
  endfacet
  facet normal -7.723341e-19 -8.870108e-01 4.617486e-01
    outer loop
      vertex   1.343505e+00 4.855381e+00 3.670223e+00
      vertex   1.343505e+00 4.877712e+00 3.713121e+00
      vertex   3.123944e-01 4.877712e+00 3.713121e+00
    endloop
  endfacet
  facet normal 0.000000e+00 -8.870108e-01 4.617486e-01
    outer loop
      vertex   1.343505e+00 4.855381e+00 3.670223e+00
      vertex   3.123944e-01 4.877712e+00 3.713121e+00
      vertex   3.123944e-01 4.855381e+00 3.670223e+00
    endloop
  endfacet
  facet normal -7.723341e-19 -8.870108e-01 4.617486e-01
    outer loop
      vertex   3.123944e-01 4.855381e+00 3.670223e+00
      vertex   3.123944e-01 4.877712e+00 3.713121e+00
      vertex   -7.187167e-01 4.877712e+00 3.713121e+00
    endloop
  endfacet
  facet normal 2.157175e-18 -7.502393e-01 6.611664e-01
    outer loop
      vertex   4.436839e+00 4.909688e+00 3.749405e+00
      vertex   4.436839e+00 4.877712e+00 3.713121e+00
      vertex   5.467950e+00 4.877712e+00 3.713121e+00
    endloop
  endfacet
  facet normal 0.000000e+00 -8.870108e-01 4.617486e-01
    outer loop
      vertex   5.467950e+00 4.877712e+00 3.713121e+00
      vertex   4.436839e+00 4.877712e+00 3.713121e+00
      vertex   5.467950e+00 4.855381e+00 3.670223e+00
    endloop
  endfacet
  facet normal -7.723341e-19 -8.870108e-01 4.617486e-01
    outer loop
      vertex   5.467950e+00 4.877712e+00 3.713121e+00
      vertex   5.467950e+00 4.855381e+00 3.670223e+00
      vertex   6.499061e+00 4.855381e+00 3.670223e+00
    endloop
  endfacet
  facet normal 0.000000e+00 -9.719154e-01 2.353306e-01
    outer loop
      vertex   6.499061e+00 4.855381e+00 3.670223e+00
      vertex   5.467950e+00 4.855381e+00 3.670223e+00
      vertex   6.499061e+00 4.843999e+00 3.623219e+00
    endloop
  endfacet
  facet normal -7.423442e-19 -9.719154e-01 2.353306e-01
    outer loop
      vertex   6.499061e+00 4.855381e+00 3.670223e+00
      vertex   6.499061e+00 4.843999e+00 3.623219e+00
      vertex   7.530172e+00 4.843999e+00 3.623219e+00
    endloop
  endfacet
  facet normal -0.000000e+00 -9.999882e-01 -4.848118e-03
    outer loop
      vertex   7.530172e+00 4.843999e+00 3.623219e+00
      vertex   6.499061e+00 4.843999e+00 3.623219e+00
      vertex   7.530172e+00 4.844234e+00 3.574856e+00
    endloop
  endfacet
  facet normal -1.481576e-20 -9.999882e-01 -4.848118e-03
    outer loop
      vertex   7.530172e+00 4.843999e+00 3.623219e+00
      vertex   7.530172e+00 4.844234e+00 3.574856e+00
      vertex   8.561283e+00 4.844234e+00 3.574856e+00
    endloop
  endfacet
  facet normal -0.000000e+00 -9.695879e-01 -2.447433e-01
    outer loop
      vertex   8.561283e+00 4.844234e+00 3.574856e+00
      vertex   7.530172e+00 4.844234e+00 3.574856e+00
      vertex   8.561283e+00 4.856070e+00 3.527964e+00
    endloop
  endfacet
  facet normal 8.555213e-19 -9.695879e-01 -2.447433e-01
    outer loop
      vertex   8.561283e+00 4.844234e+00 3.574856e+00
      vertex   8.561283e+00 4.856070e+00 3.527964e+00
      vertex   9.592394e+00 4.856070e+00 3.527964e+00
    endloop
  endfacet
  facet normal -0.000000e+00 -8.824920e-01 -4.703275e-01
    outer loop
      vertex   9.592394e+00 4.856070e+00 3.527964e+00
      vertex   8.561283e+00 4.856070e+00 3.527964e+00
      vertex   1.268573e+01 4.878817e+00 3.485285e+00
    endloop
  endfacet
  facet normal 0.000000e+00 -8.870108e-01 4.617486e-01
    outer loop
      vertex   5.467950e+00 4.855381e+00 3.670223e+00
      vertex   4.436839e+00 4.877712e+00 3.713121e+00
      vertex   4.436839e+00 4.855381e+00 3.670223e+00
    endloop
  endfacet
  facet normal 0.000000e+00 -8.870108e-01 4.617486e-01
    outer loop
      vertex   7.530172e+00 4.877712e+00 3.713121e+00
      vertex   8.561283e+00 4.855381e+00 3.670223e+00
      vertex   8.561283e+00 4.877712e+00 3.713121e+00
    endloop
  endfacet
  facet normal -7.723341e-19 -8.870108e-01 4.617486e-01
    outer loop
      vertex   8.561283e+00 4.877712e+00 3.713121e+00
      vertex   8.561283e+00 4.855381e+00 3.670223e+00
      vertex   9.592394e+00 4.855381e+00 3.670223e+00
    endloop
  endfacet
  facet normal 0.000000e+00 -8.870108e-01 4.617486e-01
    outer loop
      vertex   8.561283e+00 4.877712e+00 3.713121e+00
      vertex   9.592394e+00 4.855381e+00 3.670223e+00
      vertex   9.592394e+00 4.877712e+00 3.713121e+00
    endloop
  endfacet
  facet normal -7.723341e-19 -8.870108e-01 4.617486e-01
    outer loop
      vertex   9.592394e+00 4.877712e+00 3.713121e+00
      vertex   9.592394e+00 4.855381e+00 3.670223e+00
      vertex   1.062351e+01 4.855381e+00 3.670223e+00
    endloop
  endfacet
  facet normal -7.723341e-19 -8.870108e-01 4.617486e-01
    outer loop
      vertex   1.165462e+01 4.855381e+00 3.670223e+00
      vertex   1.165462e+01 4.877712e+00 3.713121e+00
      vertex   1.062351e+01 4.877712e+00 3.713121e+00
    endloop
  endfacet
  facet normal 0.000000e+00 -9.719154e-01 2.353306e-01
    outer loop
      vertex   -2.958983e+01 4.855381e+00 3.670223e+00
      vertex   -3.062094e+01 4.855381e+00 3.670223e+00
      vertex   -2.958983e+01 4.843999e+00 3.623219e+00
    endloop
  endfacet
  facet normal 0.000000e+00 -9.719154e-01 2.353306e-01
    outer loop
      vertex   -2.958983e+01 4.843999e+00 3.623219e+00
      vertex   -3.062094e+01 4.855381e+00 3.670223e+00
      vertex   -3.062094e+01 4.843999e+00 3.623219e+00
    endloop
  endfacet
  facet normal -0.000000e+00 -9.999882e-01 -4.848118e-03
    outer loop
      vertex   -2.958983e+01 4.843999e+00 3.623219e+00
      vertex   -3.062094e+01 4.843999e+00 3.623219e+00
      vertex   -2.958983e+01 4.844234e+00 3.574856e+00
    endloop
  endfacet
  facet normal -0.000000e+00 -9.999882e-01 -4.848118e-03
    outer loop
      vertex   -2.958983e+01 4.844234e+00 3.574856e+00
      vertex   -3.062094e+01 4.843999e+00 3.623219e+00
      vertex   -3.062094e+01 4.844234e+00 3.574856e+00
    endloop
  endfacet
  facet normal -0.000000e+00 -9.695879e-01 -2.447433e-01
    outer loop
      vertex   -2.958983e+01 4.844234e+00 3.574856e+00
      vertex   -3.062094e+01 4.844234e+00 3.574856e+00
      vertex   -2.958983e+01 4.856070e+00 3.527964e+00
    endloop
  endfacet
  facet normal -0.000000e+00 -9.695879e-01 -2.447433e-01
    outer loop
      vertex   -2.958983e+01 4.856070e+00 3.527964e+00
      vertex   -3.062094e+01 4.844234e+00 3.574856e+00
      vertex   -3.062094e+01 4.856070e+00 3.527964e+00
    endloop
  endfacet
  facet normal -0.000000e+00 -8.824920e-01 -4.703275e-01
    outer loop
      vertex   -2.958983e+01 4.856070e+00 3.527964e+00
      vertex   -3.062094e+01 4.856070e+00 3.527964e+00
      vertex   -3.371427e+01 4.878817e+00 3.485285e+00
    endloop
  endfacet
  facet normal 0.000000e+00 -9.719154e-01 2.353306e-01
    outer loop
      vertex   -2.649649e+01 4.855381e+00 3.670223e+00
      vertex   -2.546538e+01 4.843999e+00 3.623219e+00
      vertex   -2.546538e+01 4.855381e+00 3.670223e+00
    endloop
  endfacet
  facet normal -7.423442e-19 -9.719154e-01 2.353306e-01
    outer loop
      vertex   -2.546538e+01 4.855381e+00 3.670223e+00
      vertex   -2.546538e+01 4.843999e+00 3.623219e+00
      vertex   -2.443427e+01 4.843999e+00 3.623219e+00
    endloop
  endfacet
  facet normal 0.000000e+00 -9.719154e-01 2.353306e-01
    outer loop
      vertex   -2.546538e+01 4.855381e+00 3.670223e+00
      vertex   -2.443427e+01 4.843999e+00 3.623219e+00
      vertex   -2.443427e+01 4.855381e+00 3.670223e+00
    endloop
  endfacet
  facet normal -7.423442e-19 -9.719154e-01 2.353306e-01
    outer loop
      vertex   -2.443427e+01 4.855381e+00 3.670223e+00
      vertex   -2.443427e+01 4.843999e+00 3.623219e+00
      vertex   -2.340316e+01 4.843999e+00 3.623219e+00
    endloop
  endfacet
  facet normal -7.423442e-19 -9.719154e-01 2.353306e-01
    outer loop
      vertex   -2.237205e+01 4.843999e+00 3.623219e+00
      vertex   -2.237205e+01 4.855381e+00 3.670223e+00
      vertex   -2.340316e+01 4.855381e+00 3.670223e+00
    endloop
  endfacet
  facet normal 0.000000e+00 -9.719154e-01 2.353306e-01
    outer loop
      vertex   -1.824761e+01 4.855381e+00 3.670223e+00
      vertex   -1.927872e+01 4.855381e+00 3.670223e+00
      vertex   -1.824761e+01 4.843999e+00 3.623219e+00
    endloop
  endfacet
  facet normal 0.000000e+00 -9.719154e-01 2.353306e-01
    outer loop
      vertex   -1.824761e+01 4.843999e+00 3.623219e+00
      vertex   -1.927872e+01 4.855381e+00 3.670223e+00
      vertex   -1.927872e+01 4.843999e+00 3.623219e+00
    endloop
  endfacet
  facet normal -0.000000e+00 -9.999882e-01 -4.848118e-03
    outer loop
      vertex   -1.824761e+01 4.843999e+00 3.623219e+00
      vertex   -1.927872e+01 4.843999e+00 3.623219e+00
      vertex   -1.824761e+01 4.844234e+00 3.574856e+00
    endloop
  endfacet
  facet normal -0.000000e+00 -9.999882e-01 -4.848118e-03
    outer loop
      vertex   -1.824761e+01 4.844234e+00 3.574856e+00
      vertex   -1.927872e+01 4.843999e+00 3.623219e+00
      vertex   -1.927872e+01 4.844234e+00 3.574856e+00
    endloop
  endfacet
  facet normal -0.000000e+00 -9.695879e-01 -2.447433e-01
    outer loop
      vertex   -1.824761e+01 4.844234e+00 3.574856e+00
      vertex   -1.927872e+01 4.844234e+00 3.574856e+00
      vertex   -1.824761e+01 4.856070e+00 3.527964e+00
    endloop
  endfacet
  facet normal -0.000000e+00 -9.695879e-01 -2.447433e-01
    outer loop
      vertex   -1.824761e+01 4.856070e+00 3.527964e+00
      vertex   -1.927872e+01 4.844234e+00 3.574856e+00
      vertex   -1.927872e+01 4.856070e+00 3.527964e+00
    endloop
  endfacet
  facet normal -0.000000e+00 -8.824920e-01 -4.703275e-01
    outer loop
      vertex   -1.824761e+01 4.856070e+00 3.527964e+00
      vertex   -1.927872e+01 4.856070e+00 3.527964e+00
      vertex   -3.371427e+01 4.878817e+00 3.485285e+00
    endloop
  endfacet
  facet normal 0.000000e+00 -9.719154e-01 2.353306e-01
    outer loop
      vertex   -1.515427e+01 4.855381e+00 3.670223e+00
      vertex   -1.412316e+01 4.843999e+00 3.623219e+00
      vertex   -1.412316e+01 4.855381e+00 3.670223e+00
    endloop
  endfacet
  facet normal -7.423442e-19 -9.719154e-01 2.353306e-01
    outer loop
      vertex   -1.412316e+01 4.855381e+00 3.670223e+00
      vertex   -1.412316e+01 4.843999e+00 3.623219e+00
      vertex   -1.309205e+01 4.843999e+00 3.623219e+00
    endloop
  endfacet
  facet normal 0.000000e+00 -9.719154e-01 2.353306e-01
    outer loop
      vertex   -1.412316e+01 4.855381e+00 3.670223e+00
      vertex   -1.309205e+01 4.843999e+00 3.623219e+00
      vertex   -1.309205e+01 4.855381e+00 3.670223e+00
    endloop
  endfacet
  facet normal -7.423442e-19 -9.719154e-01 2.353306e-01
    outer loop
      vertex   -1.309205e+01 4.855381e+00 3.670223e+00
      vertex   -1.309205e+01 4.843999e+00 3.623219e+00
      vertex   -1.206094e+01 4.843999e+00 3.623219e+00
    endloop
  endfacet
  facet normal -7.423442e-19 -9.719154e-01 2.353306e-01
    outer loop
      vertex   -1.102983e+01 4.843999e+00 3.623219e+00
      vertex   -1.102983e+01 4.855381e+00 3.670223e+00
      vertex   -1.206094e+01 4.855381e+00 3.670223e+00
    endloop
  endfacet
  facet normal 0.000000e+00 -9.719154e-01 2.353306e-01
    outer loop
      vertex   -5.874272e+00 4.855381e+00 3.670223e+00
      vertex   -6.905383e+00 4.855381e+00 3.670223e+00
      vertex   -5.874272e+00 4.843999e+00 3.623219e+00
    endloop
  endfacet
  facet normal 0.000000e+00 -9.719154e-01 2.353306e-01
    outer loop
      vertex   -5.874272e+00 4.843999e+00 3.623219e+00
      vertex   -6.905383e+00 4.855381e+00 3.670223e+00
      vertex   -6.905383e+00 4.843999e+00 3.623219e+00
    endloop
  endfacet
  facet normal -0.000000e+00 -9.999882e-01 -4.848118e-03
    outer loop
      vertex   -5.874272e+00 4.843999e+00 3.623219e+00
      vertex   -6.905383e+00 4.843999e+00 3.623219e+00
      vertex   -5.874272e+00 4.844234e+00 3.574856e+00
    endloop
  endfacet
  facet normal -0.000000e+00 -9.999882e-01 -4.848118e-03
    outer loop
      vertex   -5.874272e+00 4.844234e+00 3.574856e+00
      vertex   -6.905383e+00 4.843999e+00 3.623219e+00
      vertex   -6.905383e+00 4.844234e+00 3.574856e+00
    endloop
  endfacet
  facet normal -0.000000e+00 -9.695879e-01 -2.447433e-01
    outer loop
      vertex   -5.874272e+00 4.844234e+00 3.574856e+00
      vertex   -6.905383e+00 4.844234e+00 3.574856e+00
      vertex   -5.874272e+00 4.856070e+00 3.527964e+00
    endloop
  endfacet
  facet normal -0.000000e+00 -9.695879e-01 -2.447433e-01
    outer loop
      vertex   -5.874272e+00 4.856070e+00 3.527964e+00
      vertex   -6.905383e+00 4.844234e+00 3.574856e+00
      vertex   -6.905383e+00 4.856070e+00 3.527964e+00
    endloop
  endfacet
  facet normal -0.000000e+00 -8.824920e-01 -4.703275e-01
    outer loop
      vertex   -5.874272e+00 4.856070e+00 3.527964e+00
      vertex   -6.905383e+00 4.856070e+00 3.527964e+00
      vertex   1.268573e+01 4.878817e+00 3.485285e+00
    endloop
  endfacet
  facet normal 0.000000e+00 -9.719154e-01 2.353306e-01
    outer loop
      vertex   -2.780939e+00 4.855381e+00 3.670223e+00
      vertex   -1.749828e+00 4.843999e+00 3.623219e+00
      vertex   -1.749828e+00 4.855381e+00 3.670223e+00
    endloop
  endfacet
  facet normal -7.423442e-19 -9.719154e-01 2.353306e-01
    outer loop
      vertex   -1.749828e+00 4.855381e+00 3.670223e+00
      vertex   -1.749828e+00 4.843999e+00 3.623219e+00
      vertex   -7.187167e-01 4.843999e+00 3.623219e+00
    endloop
  endfacet
  facet normal 0.000000e+00 -9.719154e-01 2.353306e-01
    outer loop
      vertex   -1.749828e+00 4.855381e+00 3.670223e+00
      vertex   -7.187167e-01 4.843999e+00 3.623219e+00
      vertex   -7.187167e-01 4.855381e+00 3.670223e+00
    endloop
  endfacet
  facet normal -7.423442e-19 -9.719154e-01 2.353306e-01
    outer loop
      vertex   -7.187167e-01 4.855381e+00 3.670223e+00
      vertex   -7.187167e-01 4.843999e+00 3.623219e+00
      vertex   3.123944e-01 4.843999e+00 3.623219e+00
    endloop
  endfacet
  facet normal -7.423442e-19 -9.719154e-01 2.353306e-01
    outer loop
      vertex   1.343505e+00 4.843999e+00 3.623219e+00
      vertex   1.343505e+00 4.855381e+00 3.670223e+00
      vertex   3.123944e-01 4.855381e+00 3.670223e+00
    endloop
  endfacet
  facet normal 0.000000e+00 -9.719154e-01 2.353306e-01
    outer loop
      vertex   5.467950e+00 4.855381e+00 3.670223e+00
      vertex   4.436839e+00 4.855381e+00 3.670223e+00
      vertex   5.467950e+00 4.843999e+00 3.623219e+00
    endloop
  endfacet
  facet normal 0.000000e+00 -9.719154e-01 2.353306e-01
    outer loop
      vertex   5.467950e+00 4.843999e+00 3.623219e+00
      vertex   4.436839e+00 4.855381e+00 3.670223e+00
      vertex   4.436839e+00 4.843999e+00 3.623219e+00
    endloop
  endfacet
  facet normal -0.000000e+00 -9.999882e-01 -4.848118e-03
    outer loop
      vertex   5.467950e+00 4.843999e+00 3.623219e+00
      vertex   4.436839e+00 4.843999e+00 3.623219e+00
      vertex   5.467950e+00 4.844234e+00 3.574856e+00
    endloop
  endfacet
  facet normal -0.000000e+00 -9.999882e-01 -4.848118e-03
    outer loop
      vertex   5.467950e+00 4.844234e+00 3.574856e+00
      vertex   4.436839e+00 4.843999e+00 3.623219e+00
      vertex   4.436839e+00 4.844234e+00 3.574856e+00
    endloop
  endfacet
  facet normal -0.000000e+00 -9.695879e-01 -2.447433e-01
    outer loop
      vertex   5.467950e+00 4.844234e+00 3.574856e+00
      vertex   4.436839e+00 4.844234e+00 3.574856e+00
      vertex   5.467950e+00 4.856070e+00 3.527964e+00
    endloop
  endfacet
  facet normal -0.000000e+00 -9.695879e-01 -2.447433e-01
    outer loop
      vertex   5.467950e+00 4.856070e+00 3.527964e+00
      vertex   4.436839e+00 4.844234e+00 3.574856e+00
      vertex   4.436839e+00 4.856070e+00 3.527964e+00
    endloop
  endfacet
  facet normal -0.000000e+00 -8.824920e-01 -4.703275e-01
    outer loop
      vertex   5.467950e+00 4.856070e+00 3.527964e+00
      vertex   4.436839e+00 4.856070e+00 3.527964e+00
      vertex   1.268573e+01 4.878817e+00 3.485285e+00
    endloop
  endfacet
  facet normal 0.000000e+00 -9.719154e-01 2.353306e-01
    outer loop
      vertex   8.561283e+00 4.855381e+00 3.670223e+00
      vertex   9.592394e+00 4.843999e+00 3.623219e+00
      vertex   9.592394e+00 4.855381e+00 3.670223e+00
    endloop
  endfacet
  facet normal -7.423442e-19 -9.719154e-01 2.353306e-01
    outer loop
      vertex   9.592394e+00 4.855381e+00 3.670223e+00
      vertex   9.592394e+00 4.843999e+00 3.623219e+00
      vertex   1.062351e+01 4.843999e+00 3.623219e+00
    endloop
  endfacet
  facet normal 0.000000e+00 -9.719154e-01 2.353306e-01
    outer loop
      vertex   9.592394e+00 4.855381e+00 3.670223e+00
      vertex   1.062351e+01 4.843999e+00 3.623219e+00
      vertex   1.062351e+01 4.855381e+00 3.670223e+00
    endloop
  endfacet
  facet normal -7.423442e-19 -9.719154e-01 2.353306e-01
    outer loop
      vertex   1.062351e+01 4.855381e+00 3.670223e+00
      vertex   1.062351e+01 4.843999e+00 3.623219e+00
      vertex   1.165462e+01 4.843999e+00 3.623219e+00
    endloop
  endfacet
  facet normal -7.423442e-19 -9.719154e-01 2.353306e-01
    outer loop
      vertex   -2.958983e+01 4.855381e+00 3.670223e+00
      vertex   -2.958983e+01 4.843999e+00 3.623219e+00
      vertex   -2.855872e+01 4.843999e+00 3.623219e+00
    endloop
  endfacet
  facet normal -0.000000e+00 -9.999882e-01 -4.848118e-03
    outer loop
      vertex   -2.855872e+01 4.843999e+00 3.623219e+00
      vertex   -2.958983e+01 4.843999e+00 3.623219e+00
      vertex   -2.855872e+01 4.844234e+00 3.574856e+00
    endloop
  endfacet
  facet normal -1.481576e-20 -9.999882e-01 -4.848118e-03
    outer loop
      vertex   -2.855872e+01 4.843999e+00 3.623219e+00
      vertex   -2.855872e+01 4.844234e+00 3.574856e+00
      vertex   -2.752761e+01 4.844234e+00 3.574856e+00
    endloop
  endfacet
  facet normal -0.000000e+00 -9.695879e-01 -2.447433e-01
    outer loop
      vertex   -2.752761e+01 4.844234e+00 3.574856e+00
      vertex   -2.855872e+01 4.844234e+00 3.574856e+00
      vertex   -2.752761e+01 4.856070e+00 3.527964e+00
    endloop
  endfacet
  facet normal 8.555213e-19 -9.695879e-01 -2.447433e-01
    outer loop
      vertex   -2.752761e+01 4.844234e+00 3.574856e+00
      vertex   -2.752761e+01 4.856070e+00 3.527964e+00
      vertex   -2.649649e+01 4.856070e+00 3.527964e+00
    endloop
  endfacet
  facet normal -0.000000e+00 -8.824920e-01 -4.703275e-01
    outer loop
      vertex   -2.649649e+01 4.856070e+00 3.527964e+00
      vertex   -2.752761e+01 4.856070e+00 3.527964e+00
      vertex   -3.371427e+01 4.878817e+00 3.485285e+00
    endloop
  endfacet
  facet normal -0.000000e+00 -9.999882e-01 -4.848118e-03
    outer loop
      vertex   -2.855872e+01 4.844234e+00 3.574856e+00
      vertex   -2.958983e+01 4.843999e+00 3.623219e+00
      vertex   -2.958983e+01 4.844234e+00 3.574856e+00
    endloop
  endfacet
  facet normal 0.000000e+00 -9.999882e-01 -4.848118e-03
    outer loop
      vertex   -2.546538e+01 4.843999e+00 3.623219e+00
      vertex   -2.443427e+01 4.844234e+00 3.574856e+00
      vertex   -2.443427e+01 4.843999e+00 3.623219e+00
    endloop
  endfacet
  facet normal -1.481576e-20 -9.999882e-01 -4.848118e-03
    outer loop
      vertex   -2.443427e+01 4.843999e+00 3.623219e+00
      vertex   -2.443427e+01 4.844234e+00 3.574856e+00
      vertex   -2.340316e+01 4.844234e+00 3.574856e+00
    endloop
  endfacet
  facet normal 0.000000e+00 -9.999882e-01 -4.848118e-03
    outer loop
      vertex   -2.443427e+01 4.843999e+00 3.623219e+00
      vertex   -2.340316e+01 4.844234e+00 3.574856e+00
      vertex   -2.340316e+01 4.843999e+00 3.623219e+00
    endloop
  endfacet
  facet normal -1.481576e-20 -9.999882e-01 -4.848118e-03
    outer loop
      vertex   -2.340316e+01 4.843999e+00 3.623219e+00
      vertex   -2.340316e+01 4.844234e+00 3.574856e+00
      vertex   -2.237205e+01 4.844234e+00 3.574856e+00
    endloop
  endfacet
  facet normal -7.423442e-19 -9.719154e-01 2.353306e-01
    outer loop
      vertex   -1.824761e+01 4.855381e+00 3.670223e+00
      vertex   -1.824761e+01 4.843999e+00 3.623219e+00
      vertex   -1.721649e+01 4.843999e+00 3.623219e+00
    endloop
  endfacet
  facet normal -0.000000e+00 -9.999882e-01 -4.848118e-03
    outer loop
      vertex   -1.721649e+01 4.843999e+00 3.623219e+00
      vertex   -1.824761e+01 4.843999e+00 3.623219e+00
      vertex   -1.721649e+01 4.844234e+00 3.574856e+00
    endloop
  endfacet
  facet normal -1.481576e-20 -9.999882e-01 -4.848118e-03
    outer loop
      vertex   -1.721649e+01 4.843999e+00 3.623219e+00
      vertex   -1.721649e+01 4.844234e+00 3.574856e+00
      vertex   -1.618538e+01 4.844234e+00 3.574856e+00
    endloop
  endfacet
  facet normal -0.000000e+00 -9.695879e-01 -2.447433e-01
    outer loop
      vertex   -1.618538e+01 4.844234e+00 3.574856e+00
      vertex   -1.721649e+01 4.844234e+00 3.574856e+00
      vertex   -1.618538e+01 4.856070e+00 3.527964e+00
    endloop
  endfacet
  facet normal 8.555213e-19 -9.695879e-01 -2.447433e-01
    outer loop
      vertex   -1.618538e+01 4.844234e+00 3.574856e+00
      vertex   -1.618538e+01 4.856070e+00 3.527964e+00
      vertex   -1.515427e+01 4.856070e+00 3.527964e+00
    endloop
  endfacet
  facet normal -0.000000e+00 -8.824920e-01 -4.703275e-01
    outer loop
      vertex   -1.515427e+01 4.856070e+00 3.527964e+00
      vertex   -1.618538e+01 4.856070e+00 3.527964e+00
      vertex   -3.371427e+01 4.878817e+00 3.485285e+00
    endloop
  endfacet
  facet normal -0.000000e+00 -9.999882e-01 -4.848118e-03
    outer loop
      vertex   -1.721649e+01 4.844234e+00 3.574856e+00
      vertex   -1.824761e+01 4.843999e+00 3.623219e+00
      vertex   -1.824761e+01 4.844234e+00 3.574856e+00
    endloop
  endfacet
  facet normal 0.000000e+00 -9.999882e-01 -4.848118e-03
    outer loop
      vertex   -1.412316e+01 4.843999e+00 3.623219e+00
      vertex   -1.309205e+01 4.844234e+00 3.574856e+00
      vertex   -1.309205e+01 4.843999e+00 3.623219e+00
    endloop
  endfacet
  facet normal -1.481576e-20 -9.999882e-01 -4.848118e-03
    outer loop
      vertex   -1.309205e+01 4.843999e+00 3.623219e+00
      vertex   -1.309205e+01 4.844234e+00 3.574856e+00
      vertex   -1.206094e+01 4.844234e+00 3.574856e+00
    endloop
  endfacet
  facet normal 0.000000e+00 -9.999882e-01 -4.848118e-03
    outer loop
      vertex   -1.309205e+01 4.843999e+00 3.623219e+00
      vertex   -1.206094e+01 4.844234e+00 3.574856e+00
      vertex   -1.206094e+01 4.843999e+00 3.623219e+00
    endloop
  endfacet
  facet normal -1.481576e-20 -9.999882e-01 -4.848118e-03
    outer loop
      vertex   -1.206094e+01 4.843999e+00 3.623219e+00
      vertex   -1.206094e+01 4.844234e+00 3.574856e+00
      vertex   -1.102983e+01 4.844234e+00 3.574856e+00
    endloop
  endfacet
  facet normal -7.423442e-19 -9.719154e-01 2.353306e-01
    outer loop
      vertex   -5.874272e+00 4.855381e+00 3.670223e+00
      vertex   -5.874272e+00 4.843999e+00 3.623219e+00
      vertex   -4.843161e+00 4.843999e+00 3.623219e+00
    endloop
  endfacet
  facet normal -0.000000e+00 -9.999882e-01 -4.848118e-03
    outer loop
      vertex   -4.843161e+00 4.843999e+00 3.623219e+00
      vertex   -5.874272e+00 4.843999e+00 3.623219e+00
      vertex   -4.843161e+00 4.844234e+00 3.574856e+00
    endloop
  endfacet
  facet normal -1.481576e-20 -9.999882e-01 -4.848118e-03
    outer loop
      vertex   -4.843161e+00 4.843999e+00 3.623219e+00
      vertex   -4.843161e+00 4.844234e+00 3.574856e+00
      vertex   -3.812050e+00 4.844234e+00 3.574856e+00
    endloop
  endfacet
  facet normal -0.000000e+00 -9.695879e-01 -2.447433e-01
    outer loop
      vertex   -3.812050e+00 4.844234e+00 3.574856e+00
      vertex   -4.843161e+00 4.844234e+00 3.574856e+00
      vertex   -3.812050e+00 4.856070e+00 3.527964e+00
    endloop
  endfacet
  facet normal 8.555213e-19 -9.695879e-01 -2.447433e-01
    outer loop
      vertex   -3.812050e+00 4.844234e+00 3.574856e+00
      vertex   -3.812050e+00 4.856070e+00 3.527964e+00
      vertex   -2.780939e+00 4.856070e+00 3.527964e+00
    endloop
  endfacet
  facet normal -0.000000e+00 -8.824920e-01 -4.703275e-01
    outer loop
      vertex   -2.780939e+00 4.856070e+00 3.527964e+00
      vertex   -3.812050e+00 4.856070e+00 3.527964e+00
      vertex   1.268573e+01 4.878817e+00 3.485285e+00
    endloop
  endfacet
  facet normal -0.000000e+00 -9.999882e-01 -4.848118e-03
    outer loop
      vertex   -4.843161e+00 4.844234e+00 3.574856e+00
      vertex   -5.874272e+00 4.843999e+00 3.623219e+00
      vertex   -5.874272e+00 4.844234e+00 3.574856e+00
    endloop
  endfacet
  facet normal 0.000000e+00 -9.999882e-01 -4.848118e-03
    outer loop
      vertex   -1.749828e+00 4.843999e+00 3.623219e+00
      vertex   -7.187167e-01 4.844234e+00 3.574856e+00
      vertex   -7.187167e-01 4.843999e+00 3.623219e+00
    endloop
  endfacet
  facet normal -1.481576e-20 -9.999882e-01 -4.848118e-03
    outer loop
      vertex   -7.187167e-01 4.843999e+00 3.623219e+00
      vertex   -7.187167e-01 4.844234e+00 3.574856e+00
      vertex   3.123944e-01 4.844234e+00 3.574856e+00
    endloop
  endfacet
  facet normal 0.000000e+00 -9.999882e-01 -4.848118e-03
    outer loop
      vertex   -7.187167e-01 4.843999e+00 3.623219e+00
      vertex   3.123944e-01 4.844234e+00 3.574856e+00
      vertex   3.123944e-01 4.843999e+00 3.623219e+00
    endloop
  endfacet
  facet normal -1.481576e-20 -9.999882e-01 -4.848118e-03
    outer loop
      vertex   3.123944e-01 4.843999e+00 3.623219e+00
      vertex   3.123944e-01 4.844234e+00 3.574856e+00
      vertex   1.343505e+00 4.844234e+00 3.574856e+00
    endloop
  endfacet
  facet normal -7.423442e-19 -9.719154e-01 2.353306e-01
    outer loop
      vertex   5.467950e+00 4.855381e+00 3.670223e+00
      vertex   5.467950e+00 4.843999e+00 3.623219e+00
      vertex   6.499061e+00 4.843999e+00 3.623219e+00
    endloop
  endfacet
  facet normal -0.000000e+00 -9.999882e-01 -4.848118e-03
    outer loop
      vertex   6.499061e+00 4.843999e+00 3.623219e+00
      vertex   5.467950e+00 4.843999e+00 3.623219e+00
      vertex   6.499061e+00 4.844234e+00 3.574856e+00
    endloop
  endfacet
  facet normal -1.481576e-20 -9.999882e-01 -4.848118e-03
    outer loop
      vertex   6.499061e+00 4.843999e+00 3.623219e+00
      vertex   6.499061e+00 4.844234e+00 3.574856e+00
      vertex   7.530172e+00 4.844234e+00 3.574856e+00
    endloop
  endfacet
  facet normal -0.000000e+00 -9.695879e-01 -2.447433e-01
    outer loop
      vertex   7.530172e+00 4.844234e+00 3.574856e+00
      vertex   6.499061e+00 4.844234e+00 3.574856e+00
      vertex   7.530172e+00 4.856070e+00 3.527964e+00
    endloop
  endfacet
  facet normal 8.555213e-19 -9.695879e-01 -2.447433e-01
    outer loop
      vertex   7.530172e+00 4.844234e+00 3.574856e+00
      vertex   7.530172e+00 4.856070e+00 3.527964e+00
      vertex   8.561283e+00 4.856070e+00 3.527964e+00
    endloop
  endfacet
  facet normal -0.000000e+00 -8.824920e-01 -4.703275e-01
    outer loop
      vertex   8.561283e+00 4.856070e+00 3.527964e+00
      vertex   7.530172e+00 4.856070e+00 3.527964e+00
      vertex   1.268573e+01 4.878817e+00 3.485285e+00
    endloop
  endfacet
  facet normal -0.000000e+00 -9.999882e-01 -4.848118e-03
    outer loop
      vertex   6.499061e+00 4.844234e+00 3.574856e+00
      vertex   5.467950e+00 4.843999e+00 3.623219e+00
      vertex   5.467950e+00 4.844234e+00 3.574856e+00
    endloop
  endfacet
  facet normal -1.481576e-20 -9.999882e-01 -4.848118e-03
    outer loop
      vertex   1.165462e+01 4.844234e+00 3.574856e+00
      vertex   1.165462e+01 4.843999e+00 3.623219e+00
      vertex   1.062351e+01 4.843999e+00 3.623219e+00
    endloop
  endfacet
  facet normal -0.000000e+00 -9.999882e-01 -4.848118e-03
    outer loop
      vertex   1.165462e+01 4.844234e+00 3.574856e+00
      vertex   1.062351e+01 4.843999e+00 3.623219e+00
      vertex   1.062351e+01 4.844234e+00 3.574856e+00
    endloop
  endfacet
  facet normal -1.481576e-20 -9.999882e-01 -4.848118e-03
    outer loop
      vertex   1.062351e+01 4.844234e+00 3.574856e+00
      vertex   1.062351e+01 4.843999e+00 3.623219e+00
      vertex   9.592394e+00 4.843999e+00 3.623219e+00
    endloop
  endfacet
  facet normal -0.000000e+00 -9.695879e-01 -2.447433e-01
    outer loop
      vertex   -2.855872e+01 4.844234e+00 3.574856e+00
      vertex   -2.958983e+01 4.844234e+00 3.574856e+00
      vertex   -2.855872e+01 4.856070e+00 3.527964e+00
    endloop
  endfacet
  facet normal -0.000000e+00 -9.695879e-01 -2.447433e-01
    outer loop
      vertex   -2.855872e+01 4.856070e+00 3.527964e+00
      vertex   -2.958983e+01 4.844234e+00 3.574856e+00
      vertex   -2.958983e+01 4.856070e+00 3.527964e+00
    endloop
  endfacet
  facet normal -0.000000e+00 -8.824920e-01 -4.703275e-01
    outer loop
      vertex   -2.855872e+01 4.856070e+00 3.527964e+00
      vertex   -2.958983e+01 4.856070e+00 3.527964e+00
      vertex   -3.371427e+01 4.878817e+00 3.485285e+00
    endloop
  endfacet
  facet normal 8.555213e-19 -9.695879e-01 -2.447433e-01
    outer loop
      vertex   -2.237205e+01 4.856070e+00 3.527964e+00
      vertex   -2.237205e+01 4.844234e+00 3.574856e+00
      vertex   -2.340316e+01 4.844234e+00 3.574856e+00
    endloop
  endfacet
  facet normal -0.000000e+00 -9.695879e-01 -2.447433e-01
    outer loop
      vertex   -2.237205e+01 4.856070e+00 3.527964e+00
      vertex   -2.340316e+01 4.844234e+00 3.574856e+00
      vertex   -2.340316e+01 4.856070e+00 3.527964e+00
    endloop
  endfacet
  facet normal 8.555213e-19 -9.695879e-01 -2.447433e-01
    outer loop
      vertex   -2.340316e+01 4.856070e+00 3.527964e+00
      vertex   -2.340316e+01 4.844234e+00 3.574856e+00
      vertex   -2.443427e+01 4.844234e+00 3.574856e+00
    endloop
  endfacet
  facet normal -0.000000e+00 -9.695879e-01 -2.447433e-01
    outer loop
      vertex   -1.721649e+01 4.844234e+00 3.574856e+00
      vertex   -1.824761e+01 4.844234e+00 3.574856e+00
      vertex   -1.721649e+01 4.856070e+00 3.527964e+00
    endloop
  endfacet
  facet normal -0.000000e+00 -9.695879e-01 -2.447433e-01
    outer loop
      vertex   -1.721649e+01 4.856070e+00 3.527964e+00
      vertex   -1.824761e+01 4.844234e+00 3.574856e+00
      vertex   -1.824761e+01 4.856070e+00 3.527964e+00
    endloop
  endfacet
  facet normal -0.000000e+00 -8.824920e-01 -4.703275e-01
    outer loop
      vertex   -1.721649e+01 4.856070e+00 3.527964e+00
      vertex   -1.824761e+01 4.856070e+00 3.527964e+00
      vertex   -3.371427e+01 4.878817e+00 3.485285e+00
    endloop
  endfacet
  facet normal 8.555213e-19 -9.695879e-01 -2.447433e-01
    outer loop
      vertex   -1.102983e+01 4.856070e+00 3.527964e+00
      vertex   -1.102983e+01 4.844234e+00 3.574856e+00
      vertex   -1.206094e+01 4.844234e+00 3.574856e+00
    endloop
  endfacet
  facet normal -0.000000e+00 -9.695879e-01 -2.447433e-01
    outer loop
      vertex   -1.102983e+01 4.856070e+00 3.527964e+00
      vertex   -1.206094e+01 4.844234e+00 3.574856e+00
      vertex   -1.206094e+01 4.856070e+00 3.527964e+00
    endloop
  endfacet
  facet normal 8.555213e-19 -9.695879e-01 -2.447433e-01
    outer loop
      vertex   -1.206094e+01 4.856070e+00 3.527964e+00
      vertex   -1.206094e+01 4.844234e+00 3.574856e+00
      vertex   -1.309205e+01 4.844234e+00 3.574856e+00
    endloop
  endfacet
  facet normal -0.000000e+00 -9.695879e-01 -2.447433e-01
    outer loop
      vertex   -4.843161e+00 4.844234e+00 3.574856e+00
      vertex   -5.874272e+00 4.844234e+00 3.574856e+00
      vertex   -4.843161e+00 4.856070e+00 3.527964e+00
    endloop
  endfacet
  facet normal -0.000000e+00 -9.695879e-01 -2.447433e-01
    outer loop
      vertex   -4.843161e+00 4.856070e+00 3.527964e+00
      vertex   -5.874272e+00 4.844234e+00 3.574856e+00
      vertex   -5.874272e+00 4.856070e+00 3.527964e+00
    endloop
  endfacet
  facet normal -0.000000e+00 -8.824920e-01 -4.703275e-01
    outer loop
      vertex   -4.843161e+00 4.856070e+00 3.527964e+00
      vertex   -5.874272e+00 4.856070e+00 3.527964e+00
      vertex   1.268573e+01 4.878817e+00 3.485285e+00
    endloop
  endfacet
  facet normal 8.555213e-19 -9.695879e-01 -2.447433e-01
    outer loop
      vertex   1.343505e+00 4.856070e+00 3.527964e+00
      vertex   1.343505e+00 4.844234e+00 3.574856e+00
      vertex   3.123944e-01 4.844234e+00 3.574856e+00
    endloop
  endfacet
  facet normal -0.000000e+00 -9.695879e-01 -2.447433e-01
    outer loop
      vertex   1.343505e+00 4.856070e+00 3.527964e+00
      vertex   3.123944e-01 4.844234e+00 3.574856e+00
      vertex   3.123944e-01 4.856070e+00 3.527964e+00
    endloop
  endfacet
  facet normal 8.555213e-19 -9.695879e-01 -2.447433e-01
    outer loop
      vertex   3.123944e-01 4.856070e+00 3.527964e+00
      vertex   3.123944e-01 4.844234e+00 3.574856e+00
      vertex   -7.187167e-01 4.844234e+00 3.574856e+00
    endloop
  endfacet
  facet normal -0.000000e+00 -9.695879e-01 -2.447433e-01
    outer loop
      vertex   6.499061e+00 4.844234e+00 3.574856e+00
      vertex   5.467950e+00 4.844234e+00 3.574856e+00
      vertex   6.499061e+00 4.856070e+00 3.527964e+00
    endloop
  endfacet
  facet normal -0.000000e+00 -9.695879e-01 -2.447433e-01
    outer loop
      vertex   6.499061e+00 4.856070e+00 3.527964e+00
      vertex   5.467950e+00 4.844234e+00 3.574856e+00
      vertex   5.467950e+00 4.856070e+00 3.527964e+00
    endloop
  endfacet
  facet normal -0.000000e+00 -8.824920e-01 -4.703275e-01
    outer loop
      vertex   6.499061e+00 4.856070e+00 3.527964e+00
      vertex   5.467950e+00 4.856070e+00 3.527964e+00
      vertex   1.268573e+01 4.878817e+00 3.485285e+00
    endloop
  endfacet
  facet normal 8.555213e-19 -9.695879e-01 -2.447433e-01
    outer loop
      vertex   1.165462e+01 4.856070e+00 3.527964e+00
      vertex   1.165462e+01 4.844234e+00 3.574856e+00
      vertex   1.062351e+01 4.844234e+00 3.574856e+00
    endloop
  endfacet
  facet normal -1.698665e-19 -8.824920e-01 -4.703275e-01
    outer loop
      vertex   -3.371427e+01 4.878817e+00 3.485285e+00
      vertex   -2.752761e+01 4.856070e+00 3.527964e+00
      vertex   -2.855872e+01 4.856070e+00 3.527964e+00
    endloop
  endfacet
  facet normal 0.000000e+00 -9.695879e-01 -2.447433e-01
    outer loop
      vertex   -2.855872e+01 4.856070e+00 3.527964e+00
      vertex   -2.752761e+01 4.856070e+00 3.527964e+00
      vertex   -2.855872e+01 4.844234e+00 3.574856e+00
    endloop
  endfacet
  facet normal -1.698665e-19 -8.824920e-01 -4.703275e-01
    outer loop
      vertex   -3.371427e+01 4.878817e+00 3.485285e+00
      vertex   -1.618538e+01 4.856070e+00 3.527964e+00
      vertex   -1.721649e+01 4.856070e+00 3.527964e+00
    endloop
  endfacet
  facet normal 0.000000e+00 -9.695879e-01 -2.447433e-01
    outer loop
      vertex   -1.721649e+01 4.856070e+00 3.527964e+00
      vertex   -1.618538e+01 4.856070e+00 3.527964e+00
      vertex   -1.721649e+01 4.844234e+00 3.574856e+00
    endloop
  endfacet
  facet normal -1.698665e-19 -8.824920e-01 -4.703275e-01
    outer loop
      vertex   1.268573e+01 4.878817e+00 3.485285e+00
      vertex   -3.812050e+00 4.856070e+00 3.527964e+00
      vertex   -4.843161e+00 4.856070e+00 3.527964e+00
    endloop
  endfacet
  facet normal 0.000000e+00 -9.695879e-01 -2.447433e-01
    outer loop
      vertex   -4.843161e+00 4.856070e+00 3.527964e+00
      vertex   -3.812050e+00 4.856070e+00 3.527964e+00
      vertex   -4.843161e+00 4.844234e+00 3.574856e+00
    endloop
  endfacet
  facet normal -1.698665e-19 -8.824920e-01 -4.703275e-01
    outer loop
      vertex   1.268573e+01 4.878817e+00 3.485285e+00
      vertex   7.530172e+00 4.856070e+00 3.527964e+00
      vertex   6.499061e+00 4.856070e+00 3.527964e+00
    endloop
  endfacet
  facet normal 0.000000e+00 -9.695879e-01 -2.447433e-01
    outer loop
      vertex   6.499061e+00 4.856070e+00 3.527964e+00
      vertex   7.530172e+00 4.856070e+00 3.527964e+00
      vertex   6.499061e+00 4.844234e+00 3.574856e+00
    endloop
  endfacet
  facet normal 0.000000e+00 -1.511804e-14 1.000000e+00
    outer loop
      vertex   -3.371427e+01 5.042647e+00 3.800000e+00
      vertex   1.268573e+01 5.042647e+00 3.800000e+00
      vertex   -3.371427e+01 7.627628e+00 3.800000e+00
    endloop
  endfacet
  facet normal 0.000000e+00 -1.511804e-14 1.000000e+00
    outer loop
      vertex   -3.371427e+01 7.627628e+00 3.800000e+00
      vertex   1.268573e+01 5.042647e+00 3.800000e+00
      vertex   1.528573e+01 7.627628e+00 3.800000e+00
    endloop
  endfacet
  facet normal 6.410490e-15 -2.156578e-14 1.000000e+00
    outer loop
      vertex   1.528573e+01 7.627628e+00 3.800000e+00
      vertex   1.268573e+01 5.042647e+00 3.800000e+00
      vertex   1.268573e+01 1.274254e+00 3.800000e+00
    endloop
  endfacet
  facet normal -5.065841e-14 1.788608e-15 1.000000e+00
    outer loop
      vertex   1.528573e+01 7.627628e+00 3.800000e+00
      vertex   1.268573e+01 1.274254e+00 3.800000e+00
      vertex   1.528573e+01 -1.310727e+00 3.800000e+00
    endloop
  endfacet
  facet normal 0.000000e+00 5.274135e-14 1.000000e+00
    outer loop
      vertex   1.528573e+01 -1.310727e+00 3.800000e+00
      vertex   1.268573e+01 1.274254e+00 3.800000e+00
      vertex   -3.371427e+01 -1.310727e+00 3.800000e+00
    endloop
  endfacet
  facet normal 1.751473e-15 2.130270e-14 1.000000e+00
    outer loop
      vertex   -3.371427e+01 -1.310727e+00 3.800000e+00
      vertex   1.268573e+01 1.274254e+00 3.800000e+00
      vertex   -3.371427e+01 1.274254e+00 3.800000e+00
    endloop
  endfacet
  facet normal 0.000000e+00 8.824920e-01 -4.703275e-01
    outer loop
      vertex   -3.371427e+01 1.460831e+00 3.527964e+00
      vertex   -3.268316e+01 1.460831e+00 3.527964e+00
      vertex   -3.371427e+01 1.438085e+00 3.485285e+00
    endloop
  endfacet
  facet normal -7.817918e-19 8.824920e-01 -4.703275e-01
    outer loop
      vertex   -3.371427e+01 1.438085e+00 3.485285e+00
      vertex   -3.268316e+01 1.460831e+00 3.527964e+00
      vertex   -3.165205e+01 1.460831e+00 3.527964e+00
    endloop
  endfacet
  facet normal -7.817918e-19 8.824920e-01 -4.703275e-01
    outer loop
      vertex   -3.371427e+01 1.438085e+00 3.485285e+00
      vertex   -3.165205e+01 1.460831e+00 3.527964e+00
      vertex   -3.062094e+01 1.460831e+00 3.527964e+00
    endloop
  endfacet
  facet normal 0.000000e+00 9.695879e-01 -2.447433e-01
    outer loop
      vertex   -3.062094e+01 1.460831e+00 3.527964e+00
      vertex   -3.165205e+01 1.460831e+00 3.527964e+00
      vertex   -3.062094e+01 1.472667e+00 3.574856e+00
    endloop
  endfacet
  facet normal -9.331416e-19 9.695879e-01 -2.447433e-01
    outer loop
      vertex   -3.062094e+01 1.460831e+00 3.527964e+00
      vertex   -3.062094e+01 1.472667e+00 3.574856e+00
      vertex   -2.958983e+01 1.472667e+00 3.574856e+00
    endloop
  endfacet
  facet normal 0.000000e+00 9.999882e-01 -4.848118e-03
    outer loop
      vertex   -2.958983e+01 1.472667e+00 3.574856e+00
      vertex   -3.062094e+01 1.472667e+00 3.574856e+00
      vertex   -2.958983e+01 1.472902e+00 3.623219e+00
    endloop
  endfacet
  facet normal 3.913219e-21 9.999882e-01 -4.848118e-03
    outer loop
      vertex   -2.958983e+01 1.472667e+00 3.574856e+00
      vertex   -2.958983e+01 1.472902e+00 3.623219e+00
      vertex   -2.855872e+01 1.472902e+00 3.623219e+00
    endloop
  endfacet
  facet normal 0.000000e+00 9.719154e-01 2.353306e-01
    outer loop
      vertex   -2.855872e+01 1.472902e+00 3.623219e+00
      vertex   -2.958983e+01 1.472902e+00 3.623219e+00
      vertex   -2.855872e+01 1.461521e+00 3.670223e+00
    endloop
  endfacet
  facet normal -1.054484e-18 9.719154e-01 2.353306e-01
    outer loop
      vertex   -2.855872e+01 1.472902e+00 3.623219e+00
      vertex   -2.855872e+01 1.461521e+00 3.670223e+00
      vertex   -2.752761e+01 1.461521e+00 3.670223e+00
    endloop
  endfacet
  facet normal 0.000000e+00 8.870108e-01 4.617486e-01
    outer loop
      vertex   -2.752761e+01 1.461521e+00 3.670223e+00
      vertex   -2.855872e+01 1.461521e+00 3.670223e+00
      vertex   -2.752761e+01 1.439189e+00 3.713121e+00
    endloop
  endfacet
  facet normal -5.402355e-19 8.870108e-01 4.617486e-01
    outer loop
      vertex   -2.752761e+01 1.461521e+00 3.670223e+00
      vertex   -2.752761e+01 1.439189e+00 3.713121e+00
      vertex   -2.649649e+01 1.439189e+00 3.713121e+00
    endloop
  endfacet
  facet normal 0.000000e+00 7.502393e-01 6.611664e-01
    outer loop
      vertex   -2.649649e+01 1.439189e+00 3.713121e+00
      vertex   -2.752761e+01 1.439189e+00 3.713121e+00
      vertex   -2.649649e+01 1.407213e+00 3.749405e+00
    endloop
  endfacet
  facet normal -1.166763e-18 7.502393e-01 6.611664e-01
    outer loop
      vertex   -2.649649e+01 1.439189e+00 3.713121e+00
      vertex   -2.649649e+01 1.407213e+00 3.749405e+00
      vertex   -2.546538e+01 1.407213e+00 3.749405e+00
    endloop
  endfacet
  facet normal 0.000000e+00 5.695983e-01 8.219232e-01
    outer loop
      vertex   -2.546538e+01 1.407213e+00 3.749405e+00
      vertex   -2.649649e+01 1.407213e+00 3.749405e+00
      vertex   -2.546538e+01 1.367463e+00 3.776952e+00
    endloop
  endfacet
  facet normal -1.949313e-18 5.695983e-01 8.219232e-01
    outer loop
      vertex   -2.546538e+01 1.407213e+00 3.749405e+00
      vertex   -2.546538e+01 1.367463e+00 3.776952e+00
      vertex   -2.443427e+01 1.367463e+00 3.776952e+00
    endloop
  endfacet
  facet normal 0.000000e+00 3.556508e-01 9.346189e-01
    outer loop
      vertex   -2.443427e+01 1.367463e+00 3.776952e+00
      vertex   -2.546538e+01 1.367463e+00 3.776952e+00
      vertex   -2.443427e+01 1.322262e+00 3.794153e+00
    endloop
  endfacet
  facet normal 5.234583e-19 3.556508e-01 9.346189e-01
    outer loop
      vertex   -2.443427e+01 1.367463e+00 3.776952e+00
      vertex   -2.443427e+01 1.322262e+00 3.794153e+00
      vertex   -2.340316e+01 1.322262e+00 3.794153e+00
    endloop
  endfacet
  facet normal 0.000000e+00 1.209069e-01 9.926639e-01
    outer loop
      vertex   -2.340316e+01 1.322262e+00 3.794153e+00
      vertex   -2.443427e+01 1.322262e+00 3.794153e+00
      vertex   -3.371427e+01 1.274254e+00 3.800000e+00
    endloop
  endfacet
  facet normal -0.000000e+00 1.209069e-01 9.926639e-01
    outer loop
      vertex   -2.340316e+01 1.322262e+00 3.794153e+00
      vertex   -3.371427e+01 1.274254e+00 3.800000e+00
      vertex   -2.237205e+01 1.322262e+00 3.794153e+00
    endloop
  endfacet
  facet normal -0.000000e+00 1.209069e-01 9.926639e-01
    outer loop
      vertex   -2.237205e+01 1.322262e+00 3.794153e+00
      vertex   -3.371427e+01 1.274254e+00 3.800000e+00
      vertex   -2.134094e+01 1.322262e+00 3.794153e+00
    endloop
  endfacet
  facet normal -0.000000e+00 3.556508e-01 9.346189e-01
    outer loop
      vertex   -2.237205e+01 1.322262e+00 3.794153e+00
      vertex   -2.134094e+01 1.322262e+00 3.794153e+00
      vertex   -2.237205e+01 1.367463e+00 3.776952e+00
    endloop
  endfacet
  facet normal -0.000000e+00 3.556508e-01 9.346189e-01
    outer loop
      vertex   -2.237205e+01 1.367463e+00 3.776952e+00
      vertex   -2.134094e+01 1.322262e+00 3.794153e+00
      vertex   -2.134094e+01 1.367463e+00 3.776952e+00
    endloop
  endfacet
  facet normal -0.000000e+00 5.695983e-01 8.219232e-01
    outer loop
      vertex   -2.237205e+01 1.367463e+00 3.776952e+00
      vertex   -2.134094e+01 1.367463e+00 3.776952e+00
      vertex   -2.237205e+01 1.407213e+00 3.749405e+00
    endloop
  endfacet
  facet normal -0.000000e+00 5.695983e-01 8.219232e-01
    outer loop
      vertex   -2.237205e+01 1.407213e+00 3.749405e+00
      vertex   -2.134094e+01 1.367463e+00 3.776952e+00
      vertex   -2.134094e+01 1.407213e+00 3.749405e+00
    endloop
  endfacet
  facet normal -0.000000e+00 7.502393e-01 6.611664e-01
    outer loop
      vertex   -2.237205e+01 1.407213e+00 3.749405e+00
      vertex   -2.134094e+01 1.407213e+00 3.749405e+00
      vertex   -2.237205e+01 1.439189e+00 3.713121e+00
    endloop
  endfacet
  facet normal -0.000000e+00 7.502393e-01 6.611664e-01
    outer loop
      vertex   -2.237205e+01 1.439189e+00 3.713121e+00
      vertex   -2.134094e+01 1.407213e+00 3.749405e+00
      vertex   -2.134094e+01 1.439189e+00 3.713121e+00
    endloop
  endfacet
  facet normal -0.000000e+00 8.870108e-01 4.617486e-01
    outer loop
      vertex   -2.237205e+01 1.439189e+00 3.713121e+00
      vertex   -2.134094e+01 1.439189e+00 3.713121e+00
      vertex   -2.237205e+01 1.461521e+00 3.670223e+00
    endloop
  endfacet
  facet normal -0.000000e+00 8.870108e-01 4.617486e-01
    outer loop
      vertex   -2.237205e+01 1.461521e+00 3.670223e+00
      vertex   -2.134094e+01 1.439189e+00 3.713121e+00
      vertex   -2.134094e+01 1.461521e+00 3.670223e+00
    endloop
  endfacet
  facet normal -0.000000e+00 9.719154e-01 2.353306e-01
    outer loop
      vertex   -2.237205e+01 1.461521e+00 3.670223e+00
      vertex   -2.134094e+01 1.461521e+00 3.670223e+00
      vertex   -2.237205e+01 1.472902e+00 3.623219e+00
    endloop
  endfacet
  facet normal -0.000000e+00 9.719154e-01 2.353306e-01
    outer loop
      vertex   -2.237205e+01 1.472902e+00 3.623219e+00
      vertex   -2.134094e+01 1.461521e+00 3.670223e+00
      vertex   -2.134094e+01 1.472902e+00 3.623219e+00
    endloop
  endfacet
  facet normal 0.000000e+00 9.999882e-01 -4.848118e-03
    outer loop
      vertex   -2.237205e+01 1.472902e+00 3.623219e+00
      vertex   -2.134094e+01 1.472902e+00 3.623219e+00
      vertex   -2.237205e+01 1.472667e+00 3.574856e+00
    endloop
  endfacet
  facet normal 0.000000e+00 9.999882e-01 -4.848118e-03
    outer loop
      vertex   -2.237205e+01 1.472667e+00 3.574856e+00
      vertex   -2.134094e+01 1.472902e+00 3.623219e+00
      vertex   -2.134094e+01 1.472667e+00 3.574856e+00
    endloop
  endfacet
  facet normal 0.000000e+00 9.695879e-01 -2.447433e-01
    outer loop
      vertex   -2.237205e+01 1.472667e+00 3.574856e+00
      vertex   -2.134094e+01 1.472667e+00 3.574856e+00
      vertex   -2.237205e+01 1.460831e+00 3.527964e+00
    endloop
  endfacet
  facet normal 0.000000e+00 9.695879e-01 -2.447433e-01
    outer loop
      vertex   -2.237205e+01 1.460831e+00 3.527964e+00
      vertex   -2.134094e+01 1.472667e+00 3.574856e+00
      vertex   -2.134094e+01 1.460831e+00 3.527964e+00
    endloop
  endfacet
  facet normal 0.000000e+00 8.824920e-01 -4.703275e-01
    outer loop
      vertex   -2.237205e+01 1.460831e+00 3.527964e+00
      vertex   -2.134094e+01 1.460831e+00 3.527964e+00
      vertex   -3.371427e+01 1.438085e+00 3.485285e+00
    endloop
  endfacet
  facet normal -7.817918e-19 8.824920e-01 -4.703275e-01
    outer loop
      vertex   -3.371427e+01 1.438085e+00 3.485285e+00
      vertex   -2.134094e+01 1.460831e+00 3.527964e+00
      vertex   -2.030983e+01 1.460831e+00 3.527964e+00
    endloop
  endfacet
  facet normal -7.817918e-19 8.824920e-01 -4.703275e-01
    outer loop
      vertex   -3.371427e+01 1.438085e+00 3.485285e+00
      vertex   -2.030983e+01 1.460831e+00 3.527964e+00
      vertex   -1.927872e+01 1.460831e+00 3.527964e+00
    endloop
  endfacet
  facet normal 0.000000e+00 9.695879e-01 -2.447433e-01
    outer loop
      vertex   -1.927872e+01 1.460831e+00 3.527964e+00
      vertex   -2.030983e+01 1.460831e+00 3.527964e+00
      vertex   -1.927872e+01 1.472667e+00 3.574856e+00
    endloop
  endfacet
  facet normal -9.331416e-19 9.695879e-01 -2.447433e-01
    outer loop
      vertex   -1.927872e+01 1.460831e+00 3.527964e+00
      vertex   -1.927872e+01 1.472667e+00 3.574856e+00
      vertex   -1.824761e+01 1.472667e+00 3.574856e+00
    endloop
  endfacet
  facet normal 0.000000e+00 9.999882e-01 -4.848118e-03
    outer loop
      vertex   -1.824761e+01 1.472667e+00 3.574856e+00
      vertex   -1.927872e+01 1.472667e+00 3.574856e+00
      vertex   -1.824761e+01 1.472902e+00 3.623219e+00
    endloop
  endfacet
  facet normal 3.913219e-21 9.999882e-01 -4.848118e-03
    outer loop
      vertex   -1.824761e+01 1.472667e+00 3.574856e+00
      vertex   -1.824761e+01 1.472902e+00 3.623219e+00
      vertex   -1.721649e+01 1.472902e+00 3.623219e+00
    endloop
  endfacet
  facet normal 0.000000e+00 9.719154e-01 2.353306e-01
    outer loop
      vertex   -1.721649e+01 1.472902e+00 3.623219e+00
      vertex   -1.824761e+01 1.472902e+00 3.623219e+00
      vertex   -1.721649e+01 1.461521e+00 3.670223e+00
    endloop
  endfacet
  facet normal -1.054484e-18 9.719154e-01 2.353306e-01
    outer loop
      vertex   -1.721649e+01 1.472902e+00 3.623219e+00
      vertex   -1.721649e+01 1.461521e+00 3.670223e+00
      vertex   -1.618538e+01 1.461521e+00 3.670223e+00
    endloop
  endfacet
  facet normal 0.000000e+00 8.870108e-01 4.617486e-01
    outer loop
      vertex   -1.618538e+01 1.461521e+00 3.670223e+00
      vertex   -1.721649e+01 1.461521e+00 3.670223e+00
      vertex   -1.618538e+01 1.439189e+00 3.713121e+00
    endloop
  endfacet
  facet normal -5.402355e-19 8.870108e-01 4.617486e-01
    outer loop
      vertex   -1.618538e+01 1.461521e+00 3.670223e+00
      vertex   -1.618538e+01 1.439189e+00 3.713121e+00
      vertex   -1.515427e+01 1.439189e+00 3.713121e+00
    endloop
  endfacet
  facet normal 0.000000e+00 7.502393e-01 6.611664e-01
    outer loop
      vertex   -1.515427e+01 1.439189e+00 3.713121e+00
      vertex   -1.618538e+01 1.439189e+00 3.713121e+00
      vertex   -1.515427e+01 1.407213e+00 3.749405e+00
    endloop
  endfacet
  facet normal -1.166763e-18 7.502393e-01 6.611664e-01
    outer loop
      vertex   -1.515427e+01 1.439189e+00 3.713121e+00
      vertex   -1.515427e+01 1.407213e+00 3.749405e+00
      vertex   -1.412316e+01 1.407213e+00 3.749405e+00
    endloop
  endfacet
  facet normal 0.000000e+00 5.695983e-01 8.219232e-01
    outer loop
      vertex   -1.412316e+01 1.407213e+00 3.749405e+00
      vertex   -1.515427e+01 1.407213e+00 3.749405e+00
      vertex   -1.412316e+01 1.367463e+00 3.776952e+00
    endloop
  endfacet
  facet normal -1.949313e-18 5.695983e-01 8.219232e-01
    outer loop
      vertex   -1.412316e+01 1.407213e+00 3.749405e+00
      vertex   -1.412316e+01 1.367463e+00 3.776952e+00
      vertex   -1.309205e+01 1.367463e+00 3.776952e+00
    endloop
  endfacet
  facet normal 0.000000e+00 3.556508e-01 9.346189e-01
    outer loop
      vertex   -1.309205e+01 1.367463e+00 3.776952e+00
      vertex   -1.412316e+01 1.367463e+00 3.776952e+00
      vertex   -1.309205e+01 1.322262e+00 3.794153e+00
    endloop
  endfacet
  facet normal 5.234583e-19 3.556508e-01 9.346189e-01
    outer loop
      vertex   -1.309205e+01 1.367463e+00 3.776952e+00
      vertex   -1.309205e+01 1.322262e+00 3.794153e+00
      vertex   -1.206094e+01 1.322262e+00 3.794153e+00
    endloop
  endfacet
  facet normal 0.000000e+00 1.209069e-01 9.926639e-01
    outer loop
      vertex   -1.206094e+01 1.322262e+00 3.794153e+00
      vertex   -1.309205e+01 1.322262e+00 3.794153e+00
      vertex   -3.371427e+01 1.274254e+00 3.800000e+00
    endloop
  endfacet
  facet normal -0.000000e+00 1.209069e-01 9.926639e-01
    outer loop
      vertex   -1.206094e+01 1.322262e+00 3.794153e+00
      vertex   -3.371427e+01 1.274254e+00 3.800000e+00
      vertex   -1.102983e+01 1.322262e+00 3.794153e+00
    endloop
  endfacet
  facet normal 1.738629e-15 1.209069e-01 9.926639e-01
    outer loop
      vertex   -1.102983e+01 1.322262e+00 3.794153e+00
      vertex   -3.371427e+01 1.274254e+00 3.800000e+00
      vertex   1.268573e+01 1.274254e+00 3.800000e+00
    endloop
  endfacet
  facet normal -0.000000e+00 1.209069e-01 9.926639e-01
    outer loop
      vertex   -1.102983e+01 1.322262e+00 3.794153e+00
      vertex   1.268573e+01 1.274254e+00 3.800000e+00
      vertex   -9.998717e+00 1.322262e+00 3.794153e+00
    endloop
  endfacet
  facet normal -0.000000e+00 1.209069e-01 9.926639e-01
    outer loop
      vertex   -9.998717e+00 1.322262e+00 3.794153e+00
      vertex   1.268573e+01 1.274254e+00 3.800000e+00
      vertex   -8.967606e+00 1.322262e+00 3.794153e+00
    endloop
  endfacet
  facet normal -0.000000e+00 3.556508e-01 9.346189e-01
    outer loop
      vertex   -9.998717e+00 1.322262e+00 3.794153e+00
      vertex   -8.967606e+00 1.322262e+00 3.794153e+00
      vertex   -9.998717e+00 1.367463e+00 3.776952e+00
    endloop
  endfacet
  facet normal -0.000000e+00 3.556508e-01 9.346189e-01
    outer loop
      vertex   -9.998717e+00 1.367463e+00 3.776952e+00
      vertex   -8.967606e+00 1.322262e+00 3.794153e+00
      vertex   -8.967606e+00 1.367463e+00 3.776952e+00
    endloop
  endfacet
  facet normal -0.000000e+00 5.695983e-01 8.219232e-01
    outer loop
      vertex   -9.998717e+00 1.367463e+00 3.776952e+00
      vertex   -8.967606e+00 1.367463e+00 3.776952e+00
      vertex   -9.998717e+00 1.407213e+00 3.749405e+00
    endloop
  endfacet
  facet normal -0.000000e+00 5.695983e-01 8.219232e-01
    outer loop
      vertex   -9.998717e+00 1.407213e+00 3.749405e+00
      vertex   -8.967606e+00 1.367463e+00 3.776952e+00
      vertex   -8.967606e+00 1.407213e+00 3.749405e+00
    endloop
  endfacet
  facet normal -0.000000e+00 7.502393e-01 6.611664e-01
    outer loop
      vertex   -9.998717e+00 1.407213e+00 3.749405e+00
      vertex   -8.967606e+00 1.407213e+00 3.749405e+00
      vertex   -9.998717e+00 1.439189e+00 3.713121e+00
    endloop
  endfacet
  facet normal -0.000000e+00 7.502393e-01 6.611664e-01
    outer loop
      vertex   -9.998717e+00 1.439189e+00 3.713121e+00
      vertex   -8.967606e+00 1.407213e+00 3.749405e+00
      vertex   -8.967606e+00 1.439189e+00 3.713121e+00
    endloop
  endfacet
  facet normal -0.000000e+00 8.870108e-01 4.617486e-01
    outer loop
      vertex   -9.998717e+00 1.439189e+00 3.713121e+00
      vertex   -8.967606e+00 1.439189e+00 3.713121e+00
      vertex   -9.998717e+00 1.461521e+00 3.670223e+00
    endloop
  endfacet
  facet normal -0.000000e+00 8.870108e-01 4.617486e-01
    outer loop
      vertex   -9.998717e+00 1.461521e+00 3.670223e+00
      vertex   -8.967606e+00 1.439189e+00 3.713121e+00
      vertex   -8.967606e+00 1.461521e+00 3.670223e+00
    endloop
  endfacet
  facet normal -0.000000e+00 9.719154e-01 2.353306e-01
    outer loop
      vertex   -9.998717e+00 1.461521e+00 3.670223e+00
      vertex   -8.967606e+00 1.461521e+00 3.670223e+00
      vertex   -9.998717e+00 1.472902e+00 3.623219e+00
    endloop
  endfacet
  facet normal -0.000000e+00 9.719154e-01 2.353306e-01
    outer loop
      vertex   -9.998717e+00 1.472902e+00 3.623219e+00
      vertex   -8.967606e+00 1.461521e+00 3.670223e+00
      vertex   -8.967606e+00 1.472902e+00 3.623219e+00
    endloop
  endfacet
  facet normal 0.000000e+00 9.999882e-01 -4.848118e-03
    outer loop
      vertex   -9.998717e+00 1.472902e+00 3.623219e+00
      vertex   -8.967606e+00 1.472902e+00 3.623219e+00
      vertex   -9.998717e+00 1.472667e+00 3.574856e+00
    endloop
  endfacet
  facet normal 0.000000e+00 9.999882e-01 -4.848118e-03
    outer loop
      vertex   -9.998717e+00 1.472667e+00 3.574856e+00
      vertex   -8.967606e+00 1.472902e+00 3.623219e+00
      vertex   -8.967606e+00 1.472667e+00 3.574856e+00
    endloop
  endfacet
  facet normal 0.000000e+00 9.695879e-01 -2.447433e-01
    outer loop
      vertex   -9.998717e+00 1.472667e+00 3.574856e+00
      vertex   -8.967606e+00 1.472667e+00 3.574856e+00
      vertex   -9.998717e+00 1.460831e+00 3.527964e+00
    endloop
  endfacet
  facet normal 0.000000e+00 9.695879e-01 -2.447433e-01
    outer loop
      vertex   -9.998717e+00 1.460831e+00 3.527964e+00
      vertex   -8.967606e+00 1.472667e+00 3.574856e+00
      vertex   -8.967606e+00 1.460831e+00 3.527964e+00
    endloop
  endfacet
  facet normal 0.000000e+00 8.824920e-01 -4.703275e-01
    outer loop
      vertex   -9.998717e+00 1.460831e+00 3.527964e+00
      vertex   -8.967606e+00 1.460831e+00 3.527964e+00
      vertex   1.268573e+01 1.438085e+00 3.485285e+00
    endloop
  endfacet
  facet normal -7.817918e-19 8.824920e-01 -4.703275e-01
    outer loop
      vertex   1.268573e+01 1.438085e+00 3.485285e+00
      vertex   -8.967606e+00 1.460831e+00 3.527964e+00
      vertex   -7.936495e+00 1.460831e+00 3.527964e+00
    endloop
  endfacet
  facet normal -7.817918e-19 8.824920e-01 -4.703275e-01
    outer loop
      vertex   1.268573e+01 1.438085e+00 3.485285e+00
      vertex   -7.936495e+00 1.460831e+00 3.527964e+00
      vertex   -6.905383e+00 1.460831e+00 3.527964e+00
    endloop
  endfacet
  facet normal 0.000000e+00 9.695879e-01 -2.447433e-01
    outer loop
      vertex   -6.905383e+00 1.460831e+00 3.527964e+00
      vertex   -7.936495e+00 1.460831e+00 3.527964e+00
      vertex   -6.905383e+00 1.472667e+00 3.574856e+00
    endloop
  endfacet
  facet normal -9.331416e-19 9.695879e-01 -2.447433e-01
    outer loop
      vertex   -6.905383e+00 1.460831e+00 3.527964e+00
      vertex   -6.905383e+00 1.472667e+00 3.574856e+00
      vertex   -5.874272e+00 1.472667e+00 3.574856e+00
    endloop
  endfacet
  facet normal 0.000000e+00 9.999882e-01 -4.848118e-03
    outer loop
      vertex   -5.874272e+00 1.472667e+00 3.574856e+00
      vertex   -6.905383e+00 1.472667e+00 3.574856e+00
      vertex   -5.874272e+00 1.472902e+00 3.623219e+00
    endloop
  endfacet
  facet normal 3.913219e-21 9.999882e-01 -4.848118e-03
    outer loop
      vertex   -5.874272e+00 1.472667e+00 3.574856e+00
      vertex   -5.874272e+00 1.472902e+00 3.623219e+00
      vertex   -4.843161e+00 1.472902e+00 3.623219e+00
    endloop
  endfacet
  facet normal 0.000000e+00 9.719154e-01 2.353306e-01
    outer loop
      vertex   -4.843161e+00 1.472902e+00 3.623219e+00
      vertex   -5.874272e+00 1.472902e+00 3.623219e+00
      vertex   -4.843161e+00 1.461521e+00 3.670223e+00
    endloop
  endfacet
  facet normal 6.085740e-19 9.719154e-01 2.353306e-01
    outer loop
      vertex   -4.843161e+00 1.472902e+00 3.623219e+00
      vertex   -4.843161e+00 1.461521e+00 3.670223e+00
      vertex   -3.812050e+00 1.461521e+00 3.670223e+00
    endloop
  endfacet
  facet normal 0.000000e+00 8.870108e-01 4.617486e-01
    outer loop
      vertex   -3.812050e+00 1.461521e+00 3.670223e+00
      vertex   -4.843161e+00 1.461521e+00 3.670223e+00
      vertex   -3.812050e+00 1.439189e+00 3.713121e+00
    endloop
  endfacet
  facet normal -6.726116e-19 8.870108e-01 4.617486e-01
    outer loop
      vertex   -3.812050e+00 1.461521e+00 3.670223e+00
      vertex   -3.812050e+00 1.439189e+00 3.713121e+00
      vertex   -2.780939e+00 1.439189e+00 3.713121e+00
    endloop
  endfacet
  facet normal 0.000000e+00 7.502393e-01 6.611664e-01
    outer loop
      vertex   -2.780939e+00 1.439189e+00 3.713121e+00
      vertex   -3.812050e+00 1.439189e+00 3.713121e+00
      vertex   -2.780939e+00 1.407213e+00 3.749405e+00
    endloop
  endfacet
  facet normal -1.166763e-18 7.502393e-01 6.611664e-01
    outer loop
      vertex   -2.780939e+00 1.439189e+00 3.713121e+00
      vertex   -2.780939e+00 1.407213e+00 3.749405e+00
      vertex   -1.749828e+00 1.407213e+00 3.749405e+00
    endloop
  endfacet
  facet normal 0.000000e+00 5.695983e-01 8.219232e-01
    outer loop
      vertex   -1.749828e+00 1.407213e+00 3.749405e+00
      vertex   -2.780939e+00 1.407213e+00 3.749405e+00
      vertex   -1.749828e+00 1.367463e+00 3.776952e+00
    endloop
  endfacet
  facet normal -1.949313e-18 5.695983e-01 8.219232e-01
    outer loop
      vertex   -1.749828e+00 1.407213e+00 3.749405e+00
      vertex   -1.749828e+00 1.367463e+00 3.776952e+00
      vertex   -7.187167e-01 1.367463e+00 3.776952e+00
    endloop
  endfacet
  facet normal 0.000000e+00 3.556508e-01 9.346189e-01
    outer loop
      vertex   -7.187167e-01 1.367463e+00 3.776952e+00
      vertex   -1.749828e+00 1.367463e+00 3.776952e+00
      vertex   -7.187167e-01 1.322262e+00 3.794153e+00
    endloop
  endfacet
  facet normal 5.234583e-19 3.556508e-01 9.346189e-01
    outer loop
      vertex   -7.187167e-01 1.367463e+00 3.776952e+00
      vertex   -7.187167e-01 1.322262e+00 3.794153e+00
      vertex   3.123944e-01 1.322262e+00 3.794153e+00
    endloop
  endfacet
  facet normal 0.000000e+00 1.209069e-01 9.926639e-01
    outer loop
      vertex   3.123944e-01 1.322262e+00 3.794153e+00
      vertex   -7.187167e-01 1.322262e+00 3.794153e+00
      vertex   1.268573e+01 1.274254e+00 3.800000e+00
    endloop
  endfacet
  facet normal -0.000000e+00 1.209069e-01 9.926639e-01
    outer loop
      vertex   3.123944e-01 1.322262e+00 3.794153e+00
      vertex   1.268573e+01 1.274254e+00 3.800000e+00
      vertex   1.343505e+00 1.322262e+00 3.794153e+00
    endloop
  endfacet
  facet normal -0.000000e+00 1.209069e-01 9.926639e-01
    outer loop
      vertex   1.343505e+00 1.322262e+00 3.794153e+00
      vertex   1.268573e+01 1.274254e+00 3.800000e+00
      vertex   2.374617e+00 1.322262e+00 3.794153e+00
    endloop
  endfacet
  facet normal -0.000000e+00 3.556508e-01 9.346189e-01
    outer loop
      vertex   1.343505e+00 1.322262e+00 3.794153e+00
      vertex   2.374617e+00 1.322262e+00 3.794153e+00
      vertex   1.343505e+00 1.367463e+00 3.776952e+00
    endloop
  endfacet
  facet normal -0.000000e+00 3.556508e-01 9.346189e-01
    outer loop
      vertex   1.343505e+00 1.367463e+00 3.776952e+00
      vertex   2.374617e+00 1.322262e+00 3.794153e+00
      vertex   2.374617e+00 1.367463e+00 3.776952e+00
    endloop
  endfacet
  facet normal -0.000000e+00 5.695983e-01 8.219232e-01
    outer loop
      vertex   1.343505e+00 1.367463e+00 3.776952e+00
      vertex   2.374617e+00 1.367463e+00 3.776952e+00
      vertex   1.343505e+00 1.407213e+00 3.749405e+00
    endloop
  endfacet
  facet normal -0.000000e+00 5.695983e-01 8.219232e-01
    outer loop
      vertex   1.343505e+00 1.407213e+00 3.749405e+00
      vertex   2.374617e+00 1.367463e+00 3.776952e+00
      vertex   2.374617e+00 1.407213e+00 3.749405e+00
    endloop
  endfacet
  facet normal -0.000000e+00 7.502393e-01 6.611664e-01
    outer loop
      vertex   1.343505e+00 1.407213e+00 3.749405e+00
      vertex   2.374617e+00 1.407213e+00 3.749405e+00
      vertex   1.343505e+00 1.439189e+00 3.713121e+00
    endloop
  endfacet
  facet normal -0.000000e+00 7.502393e-01 6.611664e-01
    outer loop
      vertex   1.343505e+00 1.439189e+00 3.713121e+00
      vertex   2.374617e+00 1.407213e+00 3.749405e+00
      vertex   2.374617e+00 1.439189e+00 3.713121e+00
    endloop
  endfacet
  facet normal -0.000000e+00 8.870108e-01 4.617486e-01
    outer loop
      vertex   1.343505e+00 1.439189e+00 3.713121e+00
      vertex   2.374617e+00 1.439189e+00 3.713121e+00
      vertex   1.343505e+00 1.461521e+00 3.670223e+00
    endloop
  endfacet
  facet normal -0.000000e+00 8.870108e-01 4.617486e-01
    outer loop
      vertex   1.343505e+00 1.461521e+00 3.670223e+00
      vertex   2.374617e+00 1.439189e+00 3.713121e+00
      vertex   2.374617e+00 1.461521e+00 3.670223e+00
    endloop
  endfacet
  facet normal -0.000000e+00 9.719154e-01 2.353306e-01
    outer loop
      vertex   1.343505e+00 1.461521e+00 3.670223e+00
      vertex   2.374617e+00 1.461521e+00 3.670223e+00
      vertex   1.343505e+00 1.472902e+00 3.623219e+00
    endloop
  endfacet
  facet normal -0.000000e+00 9.719154e-01 2.353306e-01
    outer loop
      vertex   1.343505e+00 1.472902e+00 3.623219e+00
      vertex   2.374617e+00 1.461521e+00 3.670223e+00
      vertex   2.374617e+00 1.472902e+00 3.623219e+00
    endloop
  endfacet
  facet normal 0.000000e+00 9.999882e-01 -4.848118e-03
    outer loop
      vertex   1.343505e+00 1.472902e+00 3.623219e+00
      vertex   2.374617e+00 1.472902e+00 3.623219e+00
      vertex   1.343505e+00 1.472667e+00 3.574856e+00
    endloop
  endfacet
  facet normal 0.000000e+00 9.999882e-01 -4.848118e-03
    outer loop
      vertex   1.343505e+00 1.472667e+00 3.574856e+00
      vertex   2.374617e+00 1.472902e+00 3.623219e+00
      vertex   2.374617e+00 1.472667e+00 3.574856e+00
    endloop
  endfacet
  facet normal 0.000000e+00 9.695879e-01 -2.447433e-01
    outer loop
      vertex   1.343505e+00 1.472667e+00 3.574856e+00
      vertex   2.374617e+00 1.472667e+00 3.574856e+00
      vertex   1.343505e+00 1.460831e+00 3.527964e+00
    endloop
  endfacet
  facet normal 0.000000e+00 9.695879e-01 -2.447433e-01
    outer loop
      vertex   1.343505e+00 1.460831e+00 3.527964e+00
      vertex   2.374617e+00 1.472667e+00 3.574856e+00
      vertex   2.374617e+00 1.460831e+00 3.527964e+00
    endloop
  endfacet
  facet normal 0.000000e+00 8.824920e-01 -4.703275e-01
    outer loop
      vertex   1.343505e+00 1.460831e+00 3.527964e+00
      vertex   2.374617e+00 1.460831e+00 3.527964e+00
      vertex   1.268573e+01 1.438085e+00 3.485285e+00
    endloop
  endfacet
  facet normal -7.817918e-19 8.824920e-01 -4.703275e-01
    outer loop
      vertex   1.268573e+01 1.438085e+00 3.485285e+00
      vertex   2.374617e+00 1.460831e+00 3.527964e+00
      vertex   3.405728e+00 1.460831e+00 3.527964e+00
    endloop
  endfacet
  facet normal -7.817918e-19 8.824920e-01 -4.703275e-01
    outer loop
      vertex   1.268573e+01 1.438085e+00 3.485285e+00
      vertex   3.405728e+00 1.460831e+00 3.527964e+00
      vertex   4.436839e+00 1.460831e+00 3.527964e+00
    endloop
  endfacet
  facet normal 0.000000e+00 9.695879e-01 -2.447433e-01
    outer loop
      vertex   4.436839e+00 1.460831e+00 3.527964e+00
      vertex   3.405728e+00 1.460831e+00 3.527964e+00
      vertex   4.436839e+00 1.472667e+00 3.574856e+00
    endloop
  endfacet
  facet normal -9.331416e-19 9.695879e-01 -2.447433e-01
    outer loop
      vertex   4.436839e+00 1.460831e+00 3.527964e+00
      vertex   4.436839e+00 1.472667e+00 3.574856e+00
      vertex   5.467950e+00 1.472667e+00 3.574856e+00
    endloop
  endfacet
  facet normal 0.000000e+00 9.999882e-01 -4.848118e-03
    outer loop
      vertex   5.467950e+00 1.472667e+00 3.574856e+00
      vertex   4.436839e+00 1.472667e+00 3.574856e+00
      vertex   5.467950e+00 1.472902e+00 3.623219e+00
    endloop
  endfacet
  facet normal 3.913219e-21 9.999882e-01 -4.848118e-03
    outer loop
      vertex   5.467950e+00 1.472667e+00 3.574856e+00
      vertex   5.467950e+00 1.472902e+00 3.623219e+00
      vertex   6.499061e+00 1.472902e+00 3.623219e+00
    endloop
  endfacet
  facet normal 0.000000e+00 9.719154e-01 2.353306e-01
    outer loop
      vertex   6.499061e+00 1.472902e+00 3.623219e+00
      vertex   5.467950e+00 1.472902e+00 3.623219e+00
      vertex   6.499061e+00 1.461521e+00 3.670223e+00
    endloop
  endfacet
  facet normal 6.085740e-19 9.719154e-01 2.353306e-01
    outer loop
      vertex   6.499061e+00 1.472902e+00 3.623219e+00
      vertex   6.499061e+00 1.461521e+00 3.670223e+00
      vertex   7.530172e+00 1.461521e+00 3.670223e+00
    endloop
  endfacet
  facet normal 0.000000e+00 8.870108e-01 4.617486e-01
    outer loop
      vertex   7.530172e+00 1.461521e+00 3.670223e+00
      vertex   6.499061e+00 1.461521e+00 3.670223e+00
      vertex   7.530172e+00 1.439189e+00 3.713121e+00
    endloop
  endfacet
  facet normal -6.726116e-19 8.870108e-01 4.617486e-01
    outer loop
      vertex   7.530172e+00 1.461521e+00 3.670223e+00
      vertex   7.530172e+00 1.439189e+00 3.713121e+00
      vertex   8.561283e+00 1.439189e+00 3.713121e+00
    endloop
  endfacet
  facet normal 0.000000e+00 7.502393e-01 6.611664e-01
    outer loop
      vertex   8.561283e+00 1.439189e+00 3.713121e+00
      vertex   7.530172e+00 1.439189e+00 3.713121e+00
      vertex   8.561283e+00 1.407213e+00 3.749405e+00
    endloop
  endfacet
  facet normal -1.166763e-18 7.502393e-01 6.611664e-01
    outer loop
      vertex   8.561283e+00 1.439189e+00 3.713121e+00
      vertex   8.561283e+00 1.407213e+00 3.749405e+00
      vertex   9.592394e+00 1.407213e+00 3.749405e+00
    endloop
  endfacet
  facet normal 0.000000e+00 5.695983e-01 8.219232e-01
    outer loop
      vertex   9.592394e+00 1.407213e+00 3.749405e+00
      vertex   8.561283e+00 1.407213e+00 3.749405e+00
      vertex   9.592394e+00 1.367463e+00 3.776952e+00
    endloop
  endfacet
  facet normal -1.949313e-18 5.695983e-01 8.219232e-01
    outer loop
      vertex   9.592394e+00 1.407213e+00 3.749405e+00
      vertex   9.592394e+00 1.367463e+00 3.776952e+00
      vertex   1.062351e+01 1.367463e+00 3.776952e+00
    endloop
  endfacet
  facet normal 0.000000e+00 3.556508e-01 9.346189e-01
    outer loop
      vertex   1.062351e+01 1.367463e+00 3.776952e+00
      vertex   9.592394e+00 1.367463e+00 3.776952e+00
      vertex   1.062351e+01 1.322262e+00 3.794153e+00
    endloop
  endfacet
  facet normal 5.234583e-19 3.556508e-01 9.346189e-01
    outer loop
      vertex   1.062351e+01 1.367463e+00 3.776952e+00
      vertex   1.062351e+01 1.322262e+00 3.794153e+00
      vertex   1.165462e+01 1.322262e+00 3.794153e+00
    endloop
  endfacet
  facet normal 0.000000e+00 1.209069e-01 9.926639e-01
    outer loop
      vertex   1.165462e+01 1.322262e+00 3.794153e+00
      vertex   1.062351e+01 1.322262e+00 3.794153e+00
      vertex   1.268573e+01 1.274254e+00 3.800000e+00
    endloop
  endfacet
  facet normal -0.000000e+00 1.209069e-01 9.926639e-01
    outer loop
      vertex   1.165462e+01 1.322262e+00 3.794153e+00
      vertex   1.268573e+01 1.274254e+00 3.800000e+00
      vertex   1.268573e+01 1.322262e+00 3.794153e+00
    endloop
  endfacet
  facet normal 0.000000e+00 9.695879e-01 -2.447433e-01
    outer loop
      vertex   -3.268316e+01 1.460831e+00 3.527964e+00
      vertex   -3.371427e+01 1.460831e+00 3.527964e+00
      vertex   -3.268316e+01 1.472667e+00 3.574856e+00
    endloop
  endfacet
  facet normal 0.000000e+00 9.695879e-01 -2.447433e-01
    outer loop
      vertex   -3.268316e+01 1.472667e+00 3.574856e+00
      vertex   -3.371427e+01 1.460831e+00 3.527964e+00
      vertex   -3.371427e+01 1.472667e+00 3.574856e+00
    endloop
  endfacet
  facet normal 0.000000e+00 9.999882e-01 -4.848118e-03
    outer loop
      vertex   -3.268316e+01 1.472667e+00 3.574856e+00
      vertex   -3.371427e+01 1.472667e+00 3.574856e+00
      vertex   -3.268316e+01 1.472902e+00 3.623219e+00
    endloop
  endfacet
  facet normal 2.153425e-16 9.999882e-01 -4.848118e-03
    outer loop
      vertex   -3.268316e+01 1.472902e+00 3.623219e+00
      vertex   -3.371427e+01 1.472667e+00 3.574856e+00
      vertex   -3.371427e+01 1.472902e+00 3.623219e+00
    endloop
  endfacet
  facet normal 2.092971e-16 9.719154e-01 2.353306e-01
    outer loop
      vertex   -3.268316e+01 1.472902e+00 3.623219e+00
      vertex   -3.371427e+01 1.472902e+00 3.623219e+00
      vertex   -3.268316e+01 1.461521e+00 3.670223e+00
    endloop
  endfacet
  facet normal 0.000000e+00 9.719154e-01 2.353306e-01
    outer loop
      vertex   -3.268316e+01 1.461521e+00 3.670223e+00
      vertex   -3.371427e+01 1.472902e+00 3.623219e+00
      vertex   -3.371427e+01 1.461521e+00 3.670223e+00
    endloop
  endfacet
  facet normal 0.000000e+00 8.870108e-01 4.617486e-01
    outer loop
      vertex   -3.268316e+01 1.461521e+00 3.670223e+00
      vertex   -3.371427e+01 1.461521e+00 3.670223e+00
      vertex   -3.268316e+01 1.439189e+00 3.713121e+00
    endloop
  endfacet
  facet normal -3.820267e-16 8.870108e-01 4.617486e-01
    outer loop
      vertex   -3.268316e+01 1.439189e+00 3.713121e+00
      vertex   -3.371427e+01 1.461521e+00 3.670223e+00
      vertex   -3.371427e+01 1.439189e+00 3.713121e+00
    endloop
  endfacet
  facet normal -3.231205e-16 7.502393e-01 6.611664e-01
    outer loop
      vertex   -3.268316e+01 1.439189e+00 3.713121e+00
      vertex   -3.371427e+01 1.439189e+00 3.713121e+00
      vertex   -3.268316e+01 1.407213e+00 3.749405e+00
    endloop
  endfacet
  facet normal 0.000000e+00 7.502393e-01 6.611664e-01
    outer loop
      vertex   -3.268316e+01 1.407213e+00 3.749405e+00
      vertex   -3.371427e+01 1.439189e+00 3.713121e+00
      vertex   -3.371427e+01 1.407213e+00 3.749405e+00
    endloop
  endfacet
  facet normal 0.000000e+00 5.695983e-01 8.219232e-01
    outer loop
      vertex   -3.268316e+01 1.407213e+00 3.749405e+00
      vertex   -3.371427e+01 1.407213e+00 3.749405e+00
      vertex   -3.268316e+01 1.367463e+00 3.776952e+00
    endloop
  endfacet
  facet normal 0.000000e+00 5.695983e-01 8.219232e-01
    outer loop
      vertex   -3.268316e+01 1.367463e+00 3.776952e+00
      vertex   -3.371427e+01 1.407213e+00 3.749405e+00
      vertex   -3.371427e+01 1.367463e+00 3.776952e+00
    endloop
  endfacet
  facet normal 0.000000e+00 3.556508e-01 9.346189e-01
    outer loop
      vertex   -3.268316e+01 1.367463e+00 3.776952e+00
      vertex   -3.371427e+01 1.367463e+00 3.776952e+00
      vertex   -3.268316e+01 1.322262e+00 3.794153e+00
    endloop
  endfacet
  facet normal 0.000000e+00 3.556508e-01 9.346189e-01
    outer loop
      vertex   -3.268316e+01 1.322262e+00 3.794153e+00
      vertex   -3.371427e+01 1.367463e+00 3.776952e+00
      vertex   -3.371427e+01 1.322262e+00 3.794153e+00
    endloop
  endfacet
  facet normal 0.000000e+00 1.209069e-01 9.926639e-01
    outer loop
      vertex   -3.268316e+01 1.322262e+00 3.794153e+00
      vertex   -3.371427e+01 1.322262e+00 3.794153e+00
      vertex   -3.371427e+01 1.274254e+00 3.800000e+00
    endloop
  endfacet
  facet normal -0.000000e+00 3.556508e-01 9.346189e-01
    outer loop
      vertex   1.165462e+01 1.322262e+00 3.794153e+00
      vertex   1.268573e+01 1.322262e+00 3.794153e+00
      vertex   1.165462e+01 1.367463e+00 3.776952e+00
    endloop
  endfacet
  facet normal -0.000000e+00 3.556508e-01 9.346189e-01
    outer loop
      vertex   1.165462e+01 1.367463e+00 3.776952e+00
      vertex   1.268573e+01 1.322262e+00 3.794153e+00
      vertex   1.268573e+01 1.367463e+00 3.776952e+00
    endloop
  endfacet
  facet normal -0.000000e+00 5.695983e-01 8.219232e-01
    outer loop
      vertex   1.165462e+01 1.367463e+00 3.776952e+00
      vertex   1.268573e+01 1.367463e+00 3.776952e+00
      vertex   1.165462e+01 1.407213e+00 3.749405e+00
    endloop
  endfacet
  facet normal -0.000000e+00 5.695983e-01 8.219232e-01
    outer loop
      vertex   1.165462e+01 1.407213e+00 3.749405e+00
      vertex   1.268573e+01 1.367463e+00 3.776952e+00
      vertex   1.268573e+01 1.407213e+00 3.749405e+00
    endloop
  endfacet
  facet normal -0.000000e+00 7.502393e-01 6.611664e-01
    outer loop
      vertex   1.165462e+01 1.407213e+00 3.749405e+00
      vertex   1.268573e+01 1.407213e+00 3.749405e+00
      vertex   1.165462e+01 1.439189e+00 3.713121e+00
    endloop
  endfacet
  facet normal 3.231205e-16 7.502393e-01 6.611664e-01
    outer loop
      vertex   1.165462e+01 1.439189e+00 3.713121e+00
      vertex   1.268573e+01 1.407213e+00 3.749405e+00
      vertex   1.268573e+01 1.439189e+00 3.713121e+00
    endloop
  endfacet
  facet normal 3.820267e-16 8.870108e-01 4.617486e-01
    outer loop
      vertex   1.165462e+01 1.439189e+00 3.713121e+00
      vertex   1.268573e+01 1.439189e+00 3.713121e+00
      vertex   1.165462e+01 1.461521e+00 3.670223e+00
    endloop
  endfacet
  facet normal -0.000000e+00 8.870108e-01 4.617486e-01
    outer loop
      vertex   1.165462e+01 1.461521e+00 3.670223e+00
      vertex   1.268573e+01 1.439189e+00 3.713121e+00
      vertex   1.268573e+01 1.461521e+00 3.670223e+00
    endloop
  endfacet
  facet normal -0.000000e+00 9.719154e-01 2.353306e-01
    outer loop
      vertex   1.165462e+01 1.461521e+00 3.670223e+00
      vertex   1.268573e+01 1.461521e+00 3.670223e+00
      vertex   1.165462e+01 1.472902e+00 3.623219e+00
    endloop
  endfacet
  facet normal -2.092971e-16 9.719154e-01 2.353306e-01
    outer loop
      vertex   1.165462e+01 1.472902e+00 3.623219e+00
      vertex   1.268573e+01 1.461521e+00 3.670223e+00
      vertex   1.268573e+01 1.472902e+00 3.623219e+00
    endloop
  endfacet
  facet normal -2.153425e-16 9.999882e-01 -4.848118e-03
    outer loop
      vertex   1.165462e+01 1.472902e+00 3.623219e+00
      vertex   1.268573e+01 1.472902e+00 3.623219e+00
      vertex   1.165462e+01 1.472667e+00 3.574856e+00
    endloop
  endfacet
  facet normal 0.000000e+00 9.999882e-01 -4.848118e-03
    outer loop
      vertex   1.165462e+01 1.472667e+00 3.574856e+00
      vertex   1.268573e+01 1.472902e+00 3.623219e+00
      vertex   1.268573e+01 1.472667e+00 3.574856e+00
    endloop
  endfacet
  facet normal 0.000000e+00 9.695879e-01 -2.447433e-01
    outer loop
      vertex   1.165462e+01 1.472667e+00 3.574856e+00
      vertex   1.268573e+01 1.472667e+00 3.574856e+00
      vertex   1.165462e+01 1.460831e+00 3.527964e+00
    endloop
  endfacet
  facet normal 0.000000e+00 9.695879e-01 -2.447433e-01
    outer loop
      vertex   1.165462e+01 1.460831e+00 3.527964e+00
      vertex   1.268573e+01 1.472667e+00 3.574856e+00
      vertex   1.268573e+01 1.460831e+00 3.527964e+00
    endloop
  endfacet
  facet normal 0.000000e+00 8.824920e-01 -4.703275e-01
    outer loop
      vertex   1.165462e+01 1.460831e+00 3.527964e+00
      vertex   1.268573e+01 1.460831e+00 3.527964e+00
      vertex   1.268573e+01 1.438085e+00 3.485285e+00
    endloop
  endfacet
  facet normal 0.000000e+00 8.824920e-01 -4.703275e-01
    outer loop
      vertex   1.268573e+01 1.438085e+00 3.485285e+00
      vertex   -3.371427e+01 1.438085e+00 3.485285e+00
      vertex   -9.998717e+00 1.460831e+00 3.527964e+00
    endloop
  endfacet
  facet normal 0.000000e+00 8.824920e-01 -4.703275e-01
    outer loop
      vertex   -9.998717e+00 1.460831e+00 3.527964e+00
      vertex   -3.371427e+01 1.438085e+00 3.485285e+00
      vertex   -1.102983e+01 1.460831e+00 3.527964e+00
    endloop
  endfacet
  facet normal 0.000000e+00 9.695879e-01 -2.447433e-01
    outer loop
      vertex   -9.998717e+00 1.460831e+00 3.527964e+00
      vertex   -1.102983e+01 1.460831e+00 3.527964e+00
      vertex   -9.998717e+00 1.472667e+00 3.574856e+00
    endloop
  endfacet
  facet normal 0.000000e+00 9.695879e-01 -2.447433e-01
    outer loop
      vertex   -9.998717e+00 1.472667e+00 3.574856e+00
      vertex   -1.102983e+01 1.460831e+00 3.527964e+00
      vertex   -1.102983e+01 1.472667e+00 3.574856e+00
    endloop
  endfacet
  facet normal 0.000000e+00 9.999882e-01 -4.848118e-03
    outer loop
      vertex   -9.998717e+00 1.472667e+00 3.574856e+00
      vertex   -1.102983e+01 1.472667e+00 3.574856e+00
      vertex   -9.998717e+00 1.472902e+00 3.623219e+00
    endloop
  endfacet
  facet normal 0.000000e+00 9.999882e-01 -4.848118e-03
    outer loop
      vertex   -9.998717e+00 1.472902e+00 3.623219e+00
      vertex   -1.102983e+01 1.472667e+00 3.574856e+00
      vertex   -1.102983e+01 1.472902e+00 3.623219e+00
    endloop
  endfacet
  facet normal 0.000000e+00 9.719154e-01 2.353306e-01
    outer loop
      vertex   -9.998717e+00 1.472902e+00 3.623219e+00
      vertex   -1.102983e+01 1.472902e+00 3.623219e+00
      vertex   -9.998717e+00 1.461521e+00 3.670223e+00
    endloop
  endfacet
  facet normal 0.000000e+00 9.719154e-01 2.353306e-01
    outer loop
      vertex   -9.998717e+00 1.461521e+00 3.670223e+00
      vertex   -1.102983e+01 1.472902e+00 3.623219e+00
      vertex   -1.102983e+01 1.461521e+00 3.670223e+00
    endloop
  endfacet
  facet normal 0.000000e+00 8.870108e-01 4.617486e-01
    outer loop
      vertex   -9.998717e+00 1.461521e+00 3.670223e+00
      vertex   -1.102983e+01 1.461521e+00 3.670223e+00
      vertex   -9.998717e+00 1.439189e+00 3.713121e+00
    endloop
  endfacet
  facet normal 0.000000e+00 8.870108e-01 4.617486e-01
    outer loop
      vertex   -9.998717e+00 1.439189e+00 3.713121e+00
      vertex   -1.102983e+01 1.461521e+00 3.670223e+00
      vertex   -1.102983e+01 1.439189e+00 3.713121e+00
    endloop
  endfacet
  facet normal 0.000000e+00 7.502393e-01 6.611664e-01
    outer loop
      vertex   -9.998717e+00 1.439189e+00 3.713121e+00
      vertex   -1.102983e+01 1.439189e+00 3.713121e+00
      vertex   -9.998717e+00 1.407213e+00 3.749405e+00
    endloop
  endfacet
  facet normal 0.000000e+00 7.502393e-01 6.611664e-01
    outer loop
      vertex   -9.998717e+00 1.407213e+00 3.749405e+00
      vertex   -1.102983e+01 1.439189e+00 3.713121e+00
      vertex   -1.102983e+01 1.407213e+00 3.749405e+00
    endloop
  endfacet
  facet normal 0.000000e+00 5.695983e-01 8.219232e-01
    outer loop
      vertex   -9.998717e+00 1.407213e+00 3.749405e+00
      vertex   -1.102983e+01 1.407213e+00 3.749405e+00
      vertex   -9.998717e+00 1.367463e+00 3.776952e+00
    endloop
  endfacet
  facet normal 0.000000e+00 5.695983e-01 8.219232e-01
    outer loop
      vertex   -9.998717e+00 1.367463e+00 3.776952e+00
      vertex   -1.102983e+01 1.407213e+00 3.749405e+00
      vertex   -1.102983e+01 1.367463e+00 3.776952e+00
    endloop
  endfacet
  facet normal 0.000000e+00 3.556508e-01 9.346189e-01
    outer loop
      vertex   -9.998717e+00 1.367463e+00 3.776952e+00
      vertex   -1.102983e+01 1.367463e+00 3.776952e+00
      vertex   -9.998717e+00 1.322262e+00 3.794153e+00
    endloop
  endfacet
  facet normal 0.000000e+00 3.556508e-01 9.346189e-01
    outer loop
      vertex   -9.998717e+00 1.322262e+00 3.794153e+00
      vertex   -1.102983e+01 1.367463e+00 3.776952e+00
      vertex   -1.102983e+01 1.322262e+00 3.794153e+00
    endloop
  endfacet
  facet normal 0.000000e+00 9.695879e-01 -2.447433e-01
    outer loop
      vertex   -3.165205e+01 1.460831e+00 3.527964e+00
      vertex   -3.268316e+01 1.460831e+00 3.527964e+00
      vertex   -3.165205e+01 1.472667e+00 3.574856e+00
    endloop
  endfacet
  facet normal 0.000000e+00 9.695879e-01 -2.447433e-01
    outer loop
      vertex   -3.165205e+01 1.472667e+00 3.574856e+00
      vertex   -3.268316e+01 1.460831e+00 3.527964e+00
      vertex   -3.268316e+01 1.472667e+00 3.574856e+00
    endloop
  endfacet
  facet normal 0.000000e+00 9.999882e-01 -4.848118e-03
    outer loop
      vertex   -3.165205e+01 1.472667e+00 3.574856e+00
      vertex   -3.268316e+01 1.472667e+00 3.574856e+00
      vertex   -3.165205e+01 1.472902e+00 3.623219e+00
    endloop
  endfacet
  facet normal 0.000000e+00 9.999882e-01 -4.848118e-03
    outer loop
      vertex   -3.165205e+01 1.472902e+00 3.623219e+00
      vertex   -3.268316e+01 1.472667e+00 3.574856e+00
      vertex   -3.268316e+01 1.472902e+00 3.623219e+00
    endloop
  endfacet
  facet normal 0.000000e+00 9.719154e-01 2.353306e-01
    outer loop
      vertex   -3.165205e+01 1.472902e+00 3.623219e+00
      vertex   -3.268316e+01 1.472902e+00 3.623219e+00
      vertex   -3.165205e+01 1.461521e+00 3.670223e+00
    endloop
  endfacet
  facet normal 0.000000e+00 9.719154e-01 2.353306e-01
    outer loop
      vertex   -3.165205e+01 1.461521e+00 3.670223e+00
      vertex   -3.268316e+01 1.472902e+00 3.623219e+00
      vertex   -3.268316e+01 1.461521e+00 3.670223e+00
    endloop
  endfacet
  facet normal 0.000000e+00 8.870108e-01 4.617486e-01
    outer loop
      vertex   -3.165205e+01 1.461521e+00 3.670223e+00
      vertex   -3.268316e+01 1.461521e+00 3.670223e+00
      vertex   -3.165205e+01 1.439189e+00 3.713121e+00
    endloop
  endfacet
  facet normal 0.000000e+00 8.870108e-01 4.617486e-01
    outer loop
      vertex   -3.165205e+01 1.439189e+00 3.713121e+00
      vertex   -3.268316e+01 1.461521e+00 3.670223e+00
      vertex   -3.268316e+01 1.439189e+00 3.713121e+00
    endloop
  endfacet
  facet normal 0.000000e+00 7.502393e-01 6.611664e-01
    outer loop
      vertex   -3.165205e+01 1.439189e+00 3.713121e+00
      vertex   -3.268316e+01 1.439189e+00 3.713121e+00
      vertex   -3.165205e+01 1.407213e+00 3.749405e+00
    endloop
  endfacet
  facet normal 0.000000e+00 7.502393e-01 6.611664e-01
    outer loop
      vertex   -3.165205e+01 1.407213e+00 3.749405e+00
      vertex   -3.268316e+01 1.439189e+00 3.713121e+00
      vertex   -3.268316e+01 1.407213e+00 3.749405e+00
    endloop
  endfacet
  facet normal 0.000000e+00 5.695983e-01 8.219232e-01
    outer loop
      vertex   -3.165205e+01 1.407213e+00 3.749405e+00
      vertex   -3.268316e+01 1.407213e+00 3.749405e+00
      vertex   -3.165205e+01 1.367463e+00 3.776952e+00
    endloop
  endfacet
  facet normal 0.000000e+00 5.695983e-01 8.219232e-01
    outer loop
      vertex   -3.165205e+01 1.367463e+00 3.776952e+00
      vertex   -3.268316e+01 1.407213e+00 3.749405e+00
      vertex   -3.268316e+01 1.367463e+00 3.776952e+00
    endloop
  endfacet
  facet normal 0.000000e+00 3.556508e-01 9.346189e-01
    outer loop
      vertex   -3.165205e+01 1.367463e+00 3.776952e+00
      vertex   -3.268316e+01 1.367463e+00 3.776952e+00
      vertex   -3.165205e+01 1.322262e+00 3.794153e+00
    endloop
  endfacet
  facet normal 0.000000e+00 3.556508e-01 9.346189e-01
    outer loop
      vertex   -3.165205e+01 1.322262e+00 3.794153e+00
      vertex   -3.268316e+01 1.367463e+00 3.776952e+00
      vertex   -3.268316e+01 1.322262e+00 3.794153e+00
    endloop
  endfacet
  facet normal 0.000000e+00 1.209069e-01 9.926639e-01
    outer loop
      vertex   -3.165205e+01 1.322262e+00 3.794153e+00
      vertex   -3.268316e+01 1.322262e+00 3.794153e+00
      vertex   -3.371427e+01 1.274254e+00 3.800000e+00
    endloop
  endfacet
  facet normal 0.000000e+00 8.824920e-01 -4.703275e-01
    outer loop
      vertex   -3.062094e+01 1.460831e+00 3.527964e+00
      vertex   -2.958983e+01 1.460831e+00 3.527964e+00
      vertex   -3.371427e+01 1.438085e+00 3.485285e+00
    endloop
  endfacet
  facet normal -7.817918e-19 8.824920e-01 -4.703275e-01
    outer loop
      vertex   -3.371427e+01 1.438085e+00 3.485285e+00
      vertex   -2.958983e+01 1.460831e+00 3.527964e+00
      vertex   -2.855872e+01 1.460831e+00 3.527964e+00
    endloop
  endfacet
  facet normal -7.817918e-19 8.824920e-01 -4.703275e-01
    outer loop
      vertex   -3.371427e+01 1.438085e+00 3.485285e+00
      vertex   -2.855872e+01 1.460831e+00 3.527964e+00
      vertex   -2.752761e+01 1.460831e+00 3.527964e+00
    endloop
  endfacet
  facet normal 0.000000e+00 9.695879e-01 -2.447433e-01
    outer loop
      vertex   -2.752761e+01 1.460831e+00 3.527964e+00
      vertex   -2.855872e+01 1.460831e+00 3.527964e+00
      vertex   -2.752761e+01 1.472667e+00 3.574856e+00
    endloop
  endfacet
  facet normal -9.331416e-19 9.695879e-01 -2.447433e-01
    outer loop
      vertex   -2.752761e+01 1.460831e+00 3.527964e+00
      vertex   -2.752761e+01 1.472667e+00 3.574856e+00
      vertex   -2.649649e+01 1.472667e+00 3.574856e+00
    endloop
  endfacet
  facet normal 0.000000e+00 9.999882e-01 -4.848118e-03
    outer loop
      vertex   -2.649649e+01 1.472667e+00 3.574856e+00
      vertex   -2.752761e+01 1.472667e+00 3.574856e+00
      vertex   -2.649649e+01 1.472902e+00 3.623219e+00
    endloop
  endfacet
  facet normal 3.913219e-21 9.999882e-01 -4.848118e-03
    outer loop
      vertex   -2.649649e+01 1.472667e+00 3.574856e+00
      vertex   -2.649649e+01 1.472902e+00 3.623219e+00
      vertex   -2.546538e+01 1.472902e+00 3.623219e+00
    endloop
  endfacet
  facet normal 0.000000e+00 9.719154e-01 2.353306e-01
    outer loop
      vertex   -2.546538e+01 1.472902e+00 3.623219e+00
      vertex   -2.649649e+01 1.472902e+00 3.623219e+00
      vertex   -2.546538e+01 1.461521e+00 3.670223e+00
    endloop
  endfacet
  facet normal -1.054484e-18 9.719154e-01 2.353306e-01
    outer loop
      vertex   -2.546538e+01 1.472902e+00 3.623219e+00
      vertex   -2.546538e+01 1.461521e+00 3.670223e+00
      vertex   -2.443427e+01 1.461521e+00 3.670223e+00
    endloop
  endfacet
  facet normal 0.000000e+00 8.870108e-01 4.617486e-01
    outer loop
      vertex   -2.443427e+01 1.461521e+00 3.670223e+00
      vertex   -2.546538e+01 1.461521e+00 3.670223e+00
      vertex   -2.443427e+01 1.439189e+00 3.713121e+00
    endloop
  endfacet
  facet normal -5.402355e-19 8.870108e-01 4.617486e-01
    outer loop
      vertex   -2.443427e+01 1.461521e+00 3.670223e+00
      vertex   -2.443427e+01 1.439189e+00 3.713121e+00
      vertex   -2.340316e+01 1.439189e+00 3.713121e+00
    endloop
  endfacet
  facet normal 0.000000e+00 7.502393e-01 6.611664e-01
    outer loop
      vertex   -2.340316e+01 1.439189e+00 3.713121e+00
      vertex   -2.443427e+01 1.439189e+00 3.713121e+00
      vertex   -2.340316e+01 1.407213e+00 3.749405e+00
    endloop
  endfacet
  facet normal -1.166763e-18 7.502393e-01 6.611664e-01
    outer loop
      vertex   -2.340316e+01 1.439189e+00 3.713121e+00
      vertex   -2.340316e+01 1.407213e+00 3.749405e+00
      vertex   -2.237205e+01 1.407213e+00 3.749405e+00
    endloop
  endfacet
  facet normal 0.000000e+00 5.695983e-01 8.219232e-01
    outer loop
      vertex   -2.237205e+01 1.407213e+00 3.749405e+00
      vertex   -2.340316e+01 1.407213e+00 3.749405e+00
      vertex   -2.237205e+01 1.367463e+00 3.776952e+00
    endloop
  endfacet
  facet normal 0.000000e+00 9.695879e-01 -2.447433e-01
    outer loop
      vertex   -3.062094e+01 1.460831e+00 3.527964e+00
      vertex   -2.958983e+01 1.472667e+00 3.574856e+00
      vertex   -2.958983e+01 1.460831e+00 3.527964e+00
    endloop
  endfacet
  facet normal -9.331416e-19 9.695879e-01 -2.447433e-01
    outer loop
      vertex   -2.958983e+01 1.460831e+00 3.527964e+00
      vertex   -2.958983e+01 1.472667e+00 3.574856e+00
      vertex   -2.855872e+01 1.472667e+00 3.574856e+00
    endloop
  endfacet
  facet normal 0.000000e+00 9.695879e-01 -2.447433e-01
    outer loop
      vertex   -2.958983e+01 1.460831e+00 3.527964e+00
      vertex   -2.855872e+01 1.472667e+00 3.574856e+00
      vertex   -2.855872e+01 1.460831e+00 3.527964e+00
    endloop
  endfacet
  facet normal -9.331416e-19 9.695879e-01 -2.447433e-01
    outer loop
      vertex   -2.855872e+01 1.460831e+00 3.527964e+00
      vertex   -2.855872e+01 1.472667e+00 3.574856e+00
      vertex   -2.752761e+01 1.472667e+00 3.574856e+00
    endloop
  endfacet
  facet normal 0.000000e+00 8.824920e-01 -4.703275e-01
    outer loop
      vertex   -2.752761e+01 1.460831e+00 3.527964e+00
      vertex   -2.649649e+01 1.460831e+00 3.527964e+00
      vertex   -3.371427e+01 1.438085e+00 3.485285e+00
    endloop
  endfacet
  facet normal -7.817918e-19 8.824920e-01 -4.703275e-01
    outer loop
      vertex   -3.371427e+01 1.438085e+00 3.485285e+00
      vertex   -2.649649e+01 1.460831e+00 3.527964e+00
      vertex   -2.546538e+01 1.460831e+00 3.527964e+00
    endloop
  endfacet
  facet normal -7.817918e-19 8.824920e-01 -4.703275e-01
    outer loop
      vertex   -3.371427e+01 1.438085e+00 3.485285e+00
      vertex   -2.546538e+01 1.460831e+00 3.527964e+00
      vertex   -2.443427e+01 1.460831e+00 3.527964e+00
    endloop
  endfacet
  facet normal 0.000000e+00 9.695879e-01 -2.447433e-01
    outer loop
      vertex   -2.443427e+01 1.460831e+00 3.527964e+00
      vertex   -2.546538e+01 1.460831e+00 3.527964e+00
      vertex   -2.443427e+01 1.472667e+00 3.574856e+00
    endloop
  endfacet
  facet normal -9.331416e-19 9.695879e-01 -2.447433e-01
    outer loop
      vertex   -2.443427e+01 1.460831e+00 3.527964e+00
      vertex   -2.443427e+01 1.472667e+00 3.574856e+00
      vertex   -2.340316e+01 1.472667e+00 3.574856e+00
    endloop
  endfacet
  facet normal 0.000000e+00 9.999882e-01 -4.848118e-03
    outer loop
      vertex   -2.340316e+01 1.472667e+00 3.574856e+00
      vertex   -2.443427e+01 1.472667e+00 3.574856e+00
      vertex   -2.340316e+01 1.472902e+00 3.623219e+00
    endloop
  endfacet
  facet normal 3.913219e-21 9.999882e-01 -4.848118e-03
    outer loop
      vertex   -2.340316e+01 1.472667e+00 3.574856e+00
      vertex   -2.340316e+01 1.472902e+00 3.623219e+00
      vertex   -2.237205e+01 1.472902e+00 3.623219e+00
    endloop
  endfacet
  facet normal 0.000000e+00 9.719154e-01 2.353306e-01
    outer loop
      vertex   -2.237205e+01 1.472902e+00 3.623219e+00
      vertex   -2.340316e+01 1.472902e+00 3.623219e+00
      vertex   -2.237205e+01 1.461521e+00 3.670223e+00
    endloop
  endfacet
  facet normal 0.000000e+00 9.695879e-01 -2.447433e-01
    outer loop
      vertex   -2.752761e+01 1.460831e+00 3.527964e+00
      vertex   -2.649649e+01 1.472667e+00 3.574856e+00
      vertex   -2.649649e+01 1.460831e+00 3.527964e+00
    endloop
  endfacet
  facet normal -9.331416e-19 9.695879e-01 -2.447433e-01
    outer loop
      vertex   -2.649649e+01 1.460831e+00 3.527964e+00
      vertex   -2.649649e+01 1.472667e+00 3.574856e+00
      vertex   -2.546538e+01 1.472667e+00 3.574856e+00
    endloop
  endfacet
  facet normal 0.000000e+00 9.695879e-01 -2.447433e-01
    outer loop
      vertex   -2.649649e+01 1.460831e+00 3.527964e+00
      vertex   -2.546538e+01 1.472667e+00 3.574856e+00
      vertex   -2.546538e+01 1.460831e+00 3.527964e+00
    endloop
  endfacet
  facet normal -9.331416e-19 9.695879e-01 -2.447433e-01
    outer loop
      vertex   -2.546538e+01 1.460831e+00 3.527964e+00
      vertex   -2.546538e+01 1.472667e+00 3.574856e+00
      vertex   -2.443427e+01 1.472667e+00 3.574856e+00
    endloop
  endfacet
  facet normal 0.000000e+00 8.824920e-01 -4.703275e-01
    outer loop
      vertex   -2.237205e+01 1.460831e+00 3.527964e+00
      vertex   -3.371427e+01 1.438085e+00 3.485285e+00
      vertex   -2.340316e+01 1.460831e+00 3.527964e+00
    endloop
  endfacet
  facet normal 0.000000e+00 8.824920e-01 -4.703275e-01
    outer loop
      vertex   -2.340316e+01 1.460831e+00 3.527964e+00
      vertex   -3.371427e+01 1.438085e+00 3.485285e+00
      vertex   -2.443427e+01 1.460831e+00 3.527964e+00
    endloop
  endfacet
  facet normal 0.000000e+00 9.695879e-01 -2.447433e-01
    outer loop
      vertex   -2.340316e+01 1.460831e+00 3.527964e+00
      vertex   -2.443427e+01 1.460831e+00 3.527964e+00
      vertex   -2.340316e+01 1.472667e+00 3.574856e+00
    endloop
  endfacet
  facet normal -9.331416e-19 9.695879e-01 -2.447433e-01
    outer loop
      vertex   -2.237205e+01 1.472667e+00 3.574856e+00
      vertex   -2.237205e+01 1.460831e+00 3.527964e+00
      vertex   -2.340316e+01 1.460831e+00 3.527964e+00
    endloop
  endfacet
  facet normal 0.000000e+00 9.695879e-01 -2.447433e-01
    outer loop
      vertex   -2.237205e+01 1.472667e+00 3.574856e+00
      vertex   -2.340316e+01 1.460831e+00 3.527964e+00
      vertex   -2.340316e+01 1.472667e+00 3.574856e+00
    endloop
  endfacet
  facet normal 0.000000e+00 9.695879e-01 -2.447433e-01
    outer loop
      vertex   -2.030983e+01 1.460831e+00 3.527964e+00
      vertex   -2.134094e+01 1.460831e+00 3.527964e+00
      vertex   -2.030983e+01 1.472667e+00 3.574856e+00
    endloop
  endfacet
  facet normal 0.000000e+00 9.695879e-01 -2.447433e-01
    outer loop
      vertex   -2.030983e+01 1.472667e+00 3.574856e+00
      vertex   -2.134094e+01 1.460831e+00 3.527964e+00
      vertex   -2.134094e+01 1.472667e+00 3.574856e+00
    endloop
  endfacet
  facet normal 0.000000e+00 9.999882e-01 -4.848118e-03
    outer loop
      vertex   -2.030983e+01 1.472667e+00 3.574856e+00
      vertex   -2.134094e+01 1.472667e+00 3.574856e+00
      vertex   -2.030983e+01 1.472902e+00 3.623219e+00
    endloop
  endfacet
  facet normal 0.000000e+00 9.999882e-01 -4.848118e-03
    outer loop
      vertex   -2.030983e+01 1.472902e+00 3.623219e+00
      vertex   -2.134094e+01 1.472667e+00 3.574856e+00
      vertex   -2.134094e+01 1.472902e+00 3.623219e+00
    endloop
  endfacet
  facet normal 0.000000e+00 9.719154e-01 2.353306e-01
    outer loop
      vertex   -2.030983e+01 1.472902e+00 3.623219e+00
      vertex   -2.134094e+01 1.472902e+00 3.623219e+00
      vertex   -2.030983e+01 1.461521e+00 3.670223e+00
    endloop
  endfacet
  facet normal 0.000000e+00 9.719154e-01 2.353306e-01
    outer loop
      vertex   -2.030983e+01 1.461521e+00 3.670223e+00
      vertex   -2.134094e+01 1.472902e+00 3.623219e+00
      vertex   -2.134094e+01 1.461521e+00 3.670223e+00
    endloop
  endfacet
  facet normal 0.000000e+00 8.870108e-01 4.617486e-01
    outer loop
      vertex   -2.030983e+01 1.461521e+00 3.670223e+00
      vertex   -2.134094e+01 1.461521e+00 3.670223e+00
      vertex   -2.030983e+01 1.439189e+00 3.713121e+00
    endloop
  endfacet
  facet normal 0.000000e+00 8.870108e-01 4.617486e-01
    outer loop
      vertex   -2.030983e+01 1.439189e+00 3.713121e+00
      vertex   -2.134094e+01 1.461521e+00 3.670223e+00
      vertex   -2.134094e+01 1.439189e+00 3.713121e+00
    endloop
  endfacet
  facet normal 0.000000e+00 7.502393e-01 6.611664e-01
    outer loop
      vertex   -2.030983e+01 1.439189e+00 3.713121e+00
      vertex   -2.134094e+01 1.439189e+00 3.713121e+00
      vertex   -2.030983e+01 1.407213e+00 3.749405e+00
    endloop
  endfacet
  facet normal 0.000000e+00 7.502393e-01 6.611664e-01
    outer loop
      vertex   -2.030983e+01 1.407213e+00 3.749405e+00
      vertex   -2.134094e+01 1.439189e+00 3.713121e+00
      vertex   -2.134094e+01 1.407213e+00 3.749405e+00
    endloop
  endfacet
  facet normal 0.000000e+00 5.695983e-01 8.219232e-01
    outer loop
      vertex   -2.030983e+01 1.407213e+00 3.749405e+00
      vertex   -2.134094e+01 1.407213e+00 3.749405e+00
      vertex   -2.030983e+01 1.367463e+00 3.776952e+00
    endloop
  endfacet
  facet normal 0.000000e+00 5.695983e-01 8.219232e-01
    outer loop
      vertex   -2.030983e+01 1.367463e+00 3.776952e+00
      vertex   -2.134094e+01 1.407213e+00 3.749405e+00
      vertex   -2.134094e+01 1.367463e+00 3.776952e+00
    endloop
  endfacet
  facet normal 0.000000e+00 3.556508e-01 9.346189e-01
    outer loop
      vertex   -2.030983e+01 1.367463e+00 3.776952e+00
      vertex   -2.134094e+01 1.367463e+00 3.776952e+00
      vertex   -2.030983e+01 1.322262e+00 3.794153e+00
    endloop
  endfacet
  facet normal 0.000000e+00 3.556508e-01 9.346189e-01
    outer loop
      vertex   -2.030983e+01 1.322262e+00 3.794153e+00
      vertex   -2.134094e+01 1.367463e+00 3.776952e+00
      vertex   -2.134094e+01 1.322262e+00 3.794153e+00
    endloop
  endfacet
  facet normal 0.000000e+00 1.209069e-01 9.926639e-01
    outer loop
      vertex   -2.030983e+01 1.322262e+00 3.794153e+00
      vertex   -2.134094e+01 1.322262e+00 3.794153e+00
      vertex   -3.371427e+01 1.274254e+00 3.800000e+00
    endloop
  endfacet
  facet normal 0.000000e+00 8.824920e-01 -4.703275e-01
    outer loop
      vertex   -1.927872e+01 1.460831e+00 3.527964e+00
      vertex   -1.824761e+01 1.460831e+00 3.527964e+00
      vertex   -3.371427e+01 1.438085e+00 3.485285e+00
    endloop
  endfacet
  facet normal -7.817918e-19 8.824920e-01 -4.703275e-01
    outer loop
      vertex   -3.371427e+01 1.438085e+00 3.485285e+00
      vertex   -1.824761e+01 1.460831e+00 3.527964e+00
      vertex   -1.721649e+01 1.460831e+00 3.527964e+00
    endloop
  endfacet
  facet normal -7.817918e-19 8.824920e-01 -4.703275e-01
    outer loop
      vertex   -3.371427e+01 1.438085e+00 3.485285e+00
      vertex   -1.721649e+01 1.460831e+00 3.527964e+00
      vertex   -1.618538e+01 1.460831e+00 3.527964e+00
    endloop
  endfacet
  facet normal 0.000000e+00 9.695879e-01 -2.447433e-01
    outer loop
      vertex   -1.618538e+01 1.460831e+00 3.527964e+00
      vertex   -1.721649e+01 1.460831e+00 3.527964e+00
      vertex   -1.618538e+01 1.472667e+00 3.574856e+00
    endloop
  endfacet
  facet normal -9.331416e-19 9.695879e-01 -2.447433e-01
    outer loop
      vertex   -1.618538e+01 1.460831e+00 3.527964e+00
      vertex   -1.618538e+01 1.472667e+00 3.574856e+00
      vertex   -1.515427e+01 1.472667e+00 3.574856e+00
    endloop
  endfacet
  facet normal 0.000000e+00 9.999882e-01 -4.848118e-03
    outer loop
      vertex   -1.515427e+01 1.472667e+00 3.574856e+00
      vertex   -1.618538e+01 1.472667e+00 3.574856e+00
      vertex   -1.515427e+01 1.472902e+00 3.623219e+00
    endloop
  endfacet
  facet normal 3.913219e-21 9.999882e-01 -4.848118e-03
    outer loop
      vertex   -1.515427e+01 1.472667e+00 3.574856e+00
      vertex   -1.515427e+01 1.472902e+00 3.623219e+00
      vertex   -1.412316e+01 1.472902e+00 3.623219e+00
    endloop
  endfacet
  facet normal 0.000000e+00 9.719154e-01 2.353306e-01
    outer loop
      vertex   -1.412316e+01 1.472902e+00 3.623219e+00
      vertex   -1.515427e+01 1.472902e+00 3.623219e+00
      vertex   -1.412316e+01 1.461521e+00 3.670223e+00
    endloop
  endfacet
  facet normal -1.054484e-18 9.719154e-01 2.353306e-01
    outer loop
      vertex   -1.412316e+01 1.472902e+00 3.623219e+00
      vertex   -1.412316e+01 1.461521e+00 3.670223e+00
      vertex   -1.309205e+01 1.461521e+00 3.670223e+00
    endloop
  endfacet
  facet normal 0.000000e+00 8.870108e-01 4.617486e-01
    outer loop
      vertex   -1.309205e+01 1.461521e+00 3.670223e+00
      vertex   -1.412316e+01 1.461521e+00 3.670223e+00
      vertex   -1.309205e+01 1.439189e+00 3.713121e+00
    endloop
  endfacet
  facet normal -5.402355e-19 8.870108e-01 4.617486e-01
    outer loop
      vertex   -1.309205e+01 1.461521e+00 3.670223e+00
      vertex   -1.309205e+01 1.439189e+00 3.713121e+00
      vertex   -1.206094e+01 1.439189e+00 3.713121e+00
    endloop
  endfacet
  facet normal 0.000000e+00 7.502393e-01 6.611664e-01
    outer loop
      vertex   -1.206094e+01 1.439189e+00 3.713121e+00
      vertex   -1.309205e+01 1.439189e+00 3.713121e+00
      vertex   -1.206094e+01 1.407213e+00 3.749405e+00
    endloop
  endfacet
  facet normal -1.166763e-18 7.502393e-01 6.611664e-01
    outer loop
      vertex   -1.206094e+01 1.439189e+00 3.713121e+00
      vertex   -1.206094e+01 1.407213e+00 3.749405e+00
      vertex   -1.102983e+01 1.407213e+00 3.749405e+00
    endloop
  endfacet
  facet normal 0.000000e+00 5.695983e-01 8.219232e-01
    outer loop
      vertex   -1.102983e+01 1.407213e+00 3.749405e+00
      vertex   -1.206094e+01 1.407213e+00 3.749405e+00
      vertex   -1.102983e+01 1.367463e+00 3.776952e+00
    endloop
  endfacet
  facet normal 0.000000e+00 9.695879e-01 -2.447433e-01
    outer loop
      vertex   -1.927872e+01 1.460831e+00 3.527964e+00
      vertex   -1.824761e+01 1.472667e+00 3.574856e+00
      vertex   -1.824761e+01 1.460831e+00 3.527964e+00
    endloop
  endfacet
  facet normal -9.331416e-19 9.695879e-01 -2.447433e-01
    outer loop
      vertex   -1.824761e+01 1.460831e+00 3.527964e+00
      vertex   -1.824761e+01 1.472667e+00 3.574856e+00
      vertex   -1.721649e+01 1.472667e+00 3.574856e+00
    endloop
  endfacet
  facet normal 0.000000e+00 9.695879e-01 -2.447433e-01
    outer loop
      vertex   -1.824761e+01 1.460831e+00 3.527964e+00
      vertex   -1.721649e+01 1.472667e+00 3.574856e+00
      vertex   -1.721649e+01 1.460831e+00 3.527964e+00
    endloop
  endfacet
  facet normal -9.331416e-19 9.695879e-01 -2.447433e-01
    outer loop
      vertex   -1.721649e+01 1.460831e+00 3.527964e+00
      vertex   -1.721649e+01 1.472667e+00 3.574856e+00
      vertex   -1.618538e+01 1.472667e+00 3.574856e+00
    endloop
  endfacet
  facet normal 0.000000e+00 8.824920e-01 -4.703275e-01
    outer loop
      vertex   -1.618538e+01 1.460831e+00 3.527964e+00
      vertex   -1.515427e+01 1.460831e+00 3.527964e+00
      vertex   -3.371427e+01 1.438085e+00 3.485285e+00
    endloop
  endfacet
  facet normal -7.817918e-19 8.824920e-01 -4.703275e-01
    outer loop
      vertex   -3.371427e+01 1.438085e+00 3.485285e+00
      vertex   -1.515427e+01 1.460831e+00 3.527964e+00
      vertex   -1.412316e+01 1.460831e+00 3.527964e+00
    endloop
  endfacet
  facet normal -7.817918e-19 8.824920e-01 -4.703275e-01
    outer loop
      vertex   -3.371427e+01 1.438085e+00 3.485285e+00
      vertex   -1.412316e+01 1.460831e+00 3.527964e+00
      vertex   -1.309205e+01 1.460831e+00 3.527964e+00
    endloop
  endfacet
  facet normal 0.000000e+00 9.695879e-01 -2.447433e-01
    outer loop
      vertex   -1.309205e+01 1.460831e+00 3.527964e+00
      vertex   -1.412316e+01 1.460831e+00 3.527964e+00
      vertex   -1.309205e+01 1.472667e+00 3.574856e+00
    endloop
  endfacet
  facet normal -9.331416e-19 9.695879e-01 -2.447433e-01
    outer loop
      vertex   -1.309205e+01 1.460831e+00 3.527964e+00
      vertex   -1.309205e+01 1.472667e+00 3.574856e+00
      vertex   -1.206094e+01 1.472667e+00 3.574856e+00
    endloop
  endfacet
  facet normal 0.000000e+00 9.999882e-01 -4.848118e-03
    outer loop
      vertex   -1.206094e+01 1.472667e+00 3.574856e+00
      vertex   -1.309205e+01 1.472667e+00 3.574856e+00
      vertex   -1.206094e+01 1.472902e+00 3.623219e+00
    endloop
  endfacet
  facet normal 3.913219e-21 9.999882e-01 -4.848118e-03
    outer loop
      vertex   -1.206094e+01 1.472667e+00 3.574856e+00
      vertex   -1.206094e+01 1.472902e+00 3.623219e+00
      vertex   -1.102983e+01 1.472902e+00 3.623219e+00
    endloop
  endfacet
  facet normal 0.000000e+00 9.719154e-01 2.353306e-01
    outer loop
      vertex   -1.102983e+01 1.472902e+00 3.623219e+00
      vertex   -1.206094e+01 1.472902e+00 3.623219e+00
      vertex   -1.102983e+01 1.461521e+00 3.670223e+00
    endloop
  endfacet
  facet normal 0.000000e+00 9.695879e-01 -2.447433e-01
    outer loop
      vertex   -1.618538e+01 1.460831e+00 3.527964e+00
      vertex   -1.515427e+01 1.472667e+00 3.574856e+00
      vertex   -1.515427e+01 1.460831e+00 3.527964e+00
    endloop
  endfacet
  facet normal -9.331416e-19 9.695879e-01 -2.447433e-01
    outer loop
      vertex   -1.515427e+01 1.460831e+00 3.527964e+00
      vertex   -1.515427e+01 1.472667e+00 3.574856e+00
      vertex   -1.412316e+01 1.472667e+00 3.574856e+00
    endloop
  endfacet
  facet normal 0.000000e+00 9.695879e-01 -2.447433e-01
    outer loop
      vertex   -1.515427e+01 1.460831e+00 3.527964e+00
      vertex   -1.412316e+01 1.472667e+00 3.574856e+00
      vertex   -1.412316e+01 1.460831e+00 3.527964e+00
    endloop
  endfacet
  facet normal -9.331416e-19 9.695879e-01 -2.447433e-01
    outer loop
      vertex   -1.412316e+01 1.460831e+00 3.527964e+00
      vertex   -1.412316e+01 1.472667e+00 3.574856e+00
      vertex   -1.309205e+01 1.472667e+00 3.574856e+00
    endloop
  endfacet
  facet normal 0.000000e+00 8.824920e-01 -4.703275e-01
    outer loop
      vertex   -1.102983e+01 1.460831e+00 3.527964e+00
      vertex   -3.371427e+01 1.438085e+00 3.485285e+00
      vertex   -1.206094e+01 1.460831e+00 3.527964e+00
    endloop
  endfacet
  facet normal 0.000000e+00 8.824920e-01 -4.703275e-01
    outer loop
      vertex   -1.206094e+01 1.460831e+00 3.527964e+00
      vertex   -3.371427e+01 1.438085e+00 3.485285e+00
      vertex   -1.309205e+01 1.460831e+00 3.527964e+00
    endloop
  endfacet
  facet normal 0.000000e+00 9.695879e-01 -2.447433e-01
    outer loop
      vertex   -1.206094e+01 1.460831e+00 3.527964e+00
      vertex   -1.309205e+01 1.460831e+00 3.527964e+00
      vertex   -1.206094e+01 1.472667e+00 3.574856e+00
    endloop
  endfacet
  facet normal -9.331416e-19 9.695879e-01 -2.447433e-01
    outer loop
      vertex   -1.102983e+01 1.472667e+00 3.574856e+00
      vertex   -1.102983e+01 1.460831e+00 3.527964e+00
      vertex   -1.206094e+01 1.460831e+00 3.527964e+00
    endloop
  endfacet
  facet normal 0.000000e+00 9.695879e-01 -2.447433e-01
    outer loop
      vertex   -1.102983e+01 1.472667e+00 3.574856e+00
      vertex   -1.206094e+01 1.460831e+00 3.527964e+00
      vertex   -1.206094e+01 1.472667e+00 3.574856e+00
    endloop
  endfacet
  facet normal 0.000000e+00 9.695879e-01 -2.447433e-01
    outer loop
      vertex   -7.936495e+00 1.460831e+00 3.527964e+00
      vertex   -8.967606e+00 1.460831e+00 3.527964e+00
      vertex   -7.936495e+00 1.472667e+00 3.574856e+00
    endloop
  endfacet
  facet normal 0.000000e+00 9.695879e-01 -2.447433e-01
    outer loop
      vertex   -7.936495e+00 1.472667e+00 3.574856e+00
      vertex   -8.967606e+00 1.460831e+00 3.527964e+00
      vertex   -8.967606e+00 1.472667e+00 3.574856e+00
    endloop
  endfacet
  facet normal 0.000000e+00 9.999882e-01 -4.848118e-03
    outer loop
      vertex   -7.936495e+00 1.472667e+00 3.574856e+00
      vertex   -8.967606e+00 1.472667e+00 3.574856e+00
      vertex   -7.936495e+00 1.472902e+00 3.623219e+00
    endloop
  endfacet
  facet normal 0.000000e+00 9.999882e-01 -4.848118e-03
    outer loop
      vertex   -7.936495e+00 1.472902e+00 3.623219e+00
      vertex   -8.967606e+00 1.472667e+00 3.574856e+00
      vertex   -8.967606e+00 1.472902e+00 3.623219e+00
    endloop
  endfacet
  facet normal 0.000000e+00 9.719154e-01 2.353306e-01
    outer loop
      vertex   -7.936495e+00 1.472902e+00 3.623219e+00
      vertex   -8.967606e+00 1.472902e+00 3.623219e+00
      vertex   -7.936495e+00 1.461521e+00 3.670223e+00
    endloop
  endfacet
  facet normal 0.000000e+00 9.719154e-01 2.353306e-01
    outer loop
      vertex   -7.936495e+00 1.461521e+00 3.670223e+00
      vertex   -8.967606e+00 1.472902e+00 3.623219e+00
      vertex   -8.967606e+00 1.461521e+00 3.670223e+00
    endloop
  endfacet
  facet normal 0.000000e+00 8.870108e-01 4.617486e-01
    outer loop
      vertex   -7.936495e+00 1.461521e+00 3.670223e+00
      vertex   -8.967606e+00 1.461521e+00 3.670223e+00
      vertex   -7.936495e+00 1.439189e+00 3.713121e+00
    endloop
  endfacet
  facet normal 0.000000e+00 8.870108e-01 4.617486e-01
    outer loop
      vertex   -7.936495e+00 1.439189e+00 3.713121e+00
      vertex   -8.967606e+00 1.461521e+00 3.670223e+00
      vertex   -8.967606e+00 1.439189e+00 3.713121e+00
    endloop
  endfacet
  facet normal 0.000000e+00 7.502393e-01 6.611664e-01
    outer loop
      vertex   -7.936495e+00 1.439189e+00 3.713121e+00
      vertex   -8.967606e+00 1.439189e+00 3.713121e+00
      vertex   -7.936495e+00 1.407213e+00 3.749405e+00
    endloop
  endfacet
  facet normal 0.000000e+00 7.502393e-01 6.611664e-01
    outer loop
      vertex   -7.936495e+00 1.407213e+00 3.749405e+00
      vertex   -8.967606e+00 1.439189e+00 3.713121e+00
      vertex   -8.967606e+00 1.407213e+00 3.749405e+00
    endloop
  endfacet
  facet normal 0.000000e+00 5.695983e-01 8.219232e-01
    outer loop
      vertex   -7.936495e+00 1.407213e+00 3.749405e+00
      vertex   -8.967606e+00 1.407213e+00 3.749405e+00
      vertex   -7.936495e+00 1.367463e+00 3.776952e+00
    endloop
  endfacet
  facet normal 0.000000e+00 5.695983e-01 8.219232e-01
    outer loop
      vertex   -7.936495e+00 1.367463e+00 3.776952e+00
      vertex   -8.967606e+00 1.407213e+00 3.749405e+00
      vertex   -8.967606e+00 1.367463e+00 3.776952e+00
    endloop
  endfacet
  facet normal 0.000000e+00 3.556508e-01 9.346189e-01
    outer loop
      vertex   -7.936495e+00 1.367463e+00 3.776952e+00
      vertex   -8.967606e+00 1.367463e+00 3.776952e+00
      vertex   -7.936495e+00 1.322262e+00 3.794153e+00
    endloop
  endfacet
  facet normal 0.000000e+00 3.556508e-01 9.346189e-01
    outer loop
      vertex   -7.936495e+00 1.322262e+00 3.794153e+00
      vertex   -8.967606e+00 1.367463e+00 3.776952e+00
      vertex   -8.967606e+00 1.322262e+00 3.794153e+00
    endloop
  endfacet
  facet normal 0.000000e+00 1.209069e-01 9.926639e-01
    outer loop
      vertex   -7.936495e+00 1.322262e+00 3.794153e+00
      vertex   -8.967606e+00 1.322262e+00 3.794153e+00
      vertex   1.268573e+01 1.274254e+00 3.800000e+00
    endloop
  endfacet
  facet normal 0.000000e+00 8.824920e-01 -4.703275e-01
    outer loop
      vertex   -6.905383e+00 1.460831e+00 3.527964e+00
      vertex   -5.874272e+00 1.460831e+00 3.527964e+00
      vertex   1.268573e+01 1.438085e+00 3.485285e+00
    endloop
  endfacet
  facet normal -7.817918e-19 8.824920e-01 -4.703275e-01
    outer loop
      vertex   1.268573e+01 1.438085e+00 3.485285e+00
      vertex   -5.874272e+00 1.460831e+00 3.527964e+00
      vertex   -4.843161e+00 1.460831e+00 3.527964e+00
    endloop
  endfacet
  facet normal -7.817918e-19 8.824920e-01 -4.703275e-01
    outer loop
      vertex   1.268573e+01 1.438085e+00 3.485285e+00
      vertex   -4.843161e+00 1.460831e+00 3.527964e+00
      vertex   -3.812050e+00 1.460831e+00 3.527964e+00
    endloop
  endfacet
  facet normal 0.000000e+00 9.695879e-01 -2.447433e-01
    outer loop
      vertex   -3.812050e+00 1.460831e+00 3.527964e+00
      vertex   -4.843161e+00 1.460831e+00 3.527964e+00
      vertex   -3.812050e+00 1.472667e+00 3.574856e+00
    endloop
  endfacet
  facet normal -9.331416e-19 9.695879e-01 -2.447433e-01
    outer loop
      vertex   -3.812050e+00 1.460831e+00 3.527964e+00
      vertex   -3.812050e+00 1.472667e+00 3.574856e+00
      vertex   -2.780939e+00 1.472667e+00 3.574856e+00
    endloop
  endfacet
  facet normal 0.000000e+00 9.999882e-01 -4.848118e-03
    outer loop
      vertex   -2.780939e+00 1.472667e+00 3.574856e+00
      vertex   -3.812050e+00 1.472667e+00 3.574856e+00
      vertex   -2.780939e+00 1.472902e+00 3.623219e+00
    endloop
  endfacet
  facet normal 3.913219e-21 9.999882e-01 -4.848118e-03
    outer loop
      vertex   -2.780939e+00 1.472667e+00 3.574856e+00
      vertex   -2.780939e+00 1.472902e+00 3.623219e+00
      vertex   -1.749828e+00 1.472902e+00 3.623219e+00
    endloop
  endfacet
  facet normal 0.000000e+00 9.719154e-01 2.353306e-01
    outer loop
      vertex   -1.749828e+00 1.472902e+00 3.623219e+00
      vertex   -2.780939e+00 1.472902e+00 3.623219e+00
      vertex   -1.749828e+00 1.461521e+00 3.670223e+00
    endloop
  endfacet
  facet normal 6.085740e-19 9.719154e-01 2.353306e-01
    outer loop
      vertex   -1.749828e+00 1.472902e+00 3.623219e+00
      vertex   -1.749828e+00 1.461521e+00 3.670223e+00
      vertex   -7.187167e-01 1.461521e+00 3.670223e+00
    endloop
  endfacet
  facet normal 0.000000e+00 8.870108e-01 4.617486e-01
    outer loop
      vertex   -7.187167e-01 1.461521e+00 3.670223e+00
      vertex   -1.749828e+00 1.461521e+00 3.670223e+00
      vertex   -7.187167e-01 1.439189e+00 3.713121e+00
    endloop
  endfacet
  facet normal -6.726116e-19 8.870108e-01 4.617486e-01
    outer loop
      vertex   -7.187167e-01 1.461521e+00 3.670223e+00
      vertex   -7.187167e-01 1.439189e+00 3.713121e+00
      vertex   3.123944e-01 1.439189e+00 3.713121e+00
    endloop
  endfacet
  facet normal 0.000000e+00 7.502393e-01 6.611664e-01
    outer loop
      vertex   3.123944e-01 1.439189e+00 3.713121e+00
      vertex   -7.187167e-01 1.439189e+00 3.713121e+00
      vertex   3.123944e-01 1.407213e+00 3.749405e+00
    endloop
  endfacet
  facet normal -1.166763e-18 7.502393e-01 6.611664e-01
    outer loop
      vertex   3.123944e-01 1.439189e+00 3.713121e+00
      vertex   3.123944e-01 1.407213e+00 3.749405e+00
      vertex   1.343505e+00 1.407213e+00 3.749405e+00
    endloop
  endfacet
  facet normal 0.000000e+00 5.695983e-01 8.219232e-01
    outer loop
      vertex   1.343505e+00 1.407213e+00 3.749405e+00
      vertex   3.123944e-01 1.407213e+00 3.749405e+00
      vertex   1.343505e+00 1.367463e+00 3.776952e+00
    endloop
  endfacet
  facet normal 0.000000e+00 9.695879e-01 -2.447433e-01
    outer loop
      vertex   -6.905383e+00 1.460831e+00 3.527964e+00
      vertex   -5.874272e+00 1.472667e+00 3.574856e+00
      vertex   -5.874272e+00 1.460831e+00 3.527964e+00
    endloop
  endfacet
  facet normal -9.331416e-19 9.695879e-01 -2.447433e-01
    outer loop
      vertex   -5.874272e+00 1.460831e+00 3.527964e+00
      vertex   -5.874272e+00 1.472667e+00 3.574856e+00
      vertex   -4.843161e+00 1.472667e+00 3.574856e+00
    endloop
  endfacet
  facet normal 0.000000e+00 9.695879e-01 -2.447433e-01
    outer loop
      vertex   -5.874272e+00 1.460831e+00 3.527964e+00
      vertex   -4.843161e+00 1.472667e+00 3.574856e+00
      vertex   -4.843161e+00 1.460831e+00 3.527964e+00
    endloop
  endfacet
  facet normal -9.331416e-19 9.695879e-01 -2.447433e-01
    outer loop
      vertex   -4.843161e+00 1.460831e+00 3.527964e+00
      vertex   -4.843161e+00 1.472667e+00 3.574856e+00
      vertex   -3.812050e+00 1.472667e+00 3.574856e+00
    endloop
  endfacet
  facet normal 0.000000e+00 8.824920e-01 -4.703275e-01
    outer loop
      vertex   -3.812050e+00 1.460831e+00 3.527964e+00
      vertex   -2.780939e+00 1.460831e+00 3.527964e+00
      vertex   1.268573e+01 1.438085e+00 3.485285e+00
    endloop
  endfacet
  facet normal -7.817918e-19 8.824920e-01 -4.703275e-01
    outer loop
      vertex   1.268573e+01 1.438085e+00 3.485285e+00
      vertex   -2.780939e+00 1.460831e+00 3.527964e+00
      vertex   -1.749828e+00 1.460831e+00 3.527964e+00
    endloop
  endfacet
  facet normal -7.817918e-19 8.824920e-01 -4.703275e-01
    outer loop
      vertex   1.268573e+01 1.438085e+00 3.485285e+00
      vertex   -1.749828e+00 1.460831e+00 3.527964e+00
      vertex   -7.187167e-01 1.460831e+00 3.527964e+00
    endloop
  endfacet
  facet normal 0.000000e+00 9.695879e-01 -2.447433e-01
    outer loop
      vertex   -7.187167e-01 1.460831e+00 3.527964e+00
      vertex   -1.749828e+00 1.460831e+00 3.527964e+00
      vertex   -7.187167e-01 1.472667e+00 3.574856e+00
    endloop
  endfacet
  facet normal -9.331416e-19 9.695879e-01 -2.447433e-01
    outer loop
      vertex   -7.187167e-01 1.460831e+00 3.527964e+00
      vertex   -7.187167e-01 1.472667e+00 3.574856e+00
      vertex   3.123944e-01 1.472667e+00 3.574856e+00
    endloop
  endfacet
  facet normal 0.000000e+00 9.999882e-01 -4.848118e-03
    outer loop
      vertex   3.123944e-01 1.472667e+00 3.574856e+00
      vertex   -7.187167e-01 1.472667e+00 3.574856e+00
      vertex   3.123944e-01 1.472902e+00 3.623219e+00
    endloop
  endfacet
  facet normal 3.913219e-21 9.999882e-01 -4.848118e-03
    outer loop
      vertex   3.123944e-01 1.472667e+00 3.574856e+00
      vertex   3.123944e-01 1.472902e+00 3.623219e+00
      vertex   1.343505e+00 1.472902e+00 3.623219e+00
    endloop
  endfacet
  facet normal 0.000000e+00 9.719154e-01 2.353306e-01
    outer loop
      vertex   1.343505e+00 1.472902e+00 3.623219e+00
      vertex   3.123944e-01 1.472902e+00 3.623219e+00
      vertex   1.343505e+00 1.461521e+00 3.670223e+00
    endloop
  endfacet
  facet normal 0.000000e+00 9.695879e-01 -2.447433e-01
    outer loop
      vertex   -3.812050e+00 1.460831e+00 3.527964e+00
      vertex   -2.780939e+00 1.472667e+00 3.574856e+00
      vertex   -2.780939e+00 1.460831e+00 3.527964e+00
    endloop
  endfacet
  facet normal -9.331416e-19 9.695879e-01 -2.447433e-01
    outer loop
      vertex   -2.780939e+00 1.460831e+00 3.527964e+00
      vertex   -2.780939e+00 1.472667e+00 3.574856e+00
      vertex   -1.749828e+00 1.472667e+00 3.574856e+00
    endloop
  endfacet
  facet normal 0.000000e+00 9.695879e-01 -2.447433e-01
    outer loop
      vertex   -2.780939e+00 1.460831e+00 3.527964e+00
      vertex   -1.749828e+00 1.472667e+00 3.574856e+00
      vertex   -1.749828e+00 1.460831e+00 3.527964e+00
    endloop
  endfacet
  facet normal -9.331416e-19 9.695879e-01 -2.447433e-01
    outer loop
      vertex   -1.749828e+00 1.460831e+00 3.527964e+00
      vertex   -1.749828e+00 1.472667e+00 3.574856e+00
      vertex   -7.187167e-01 1.472667e+00 3.574856e+00
    endloop
  endfacet
  facet normal 0.000000e+00 8.824920e-01 -4.703275e-01
    outer loop
      vertex   1.343505e+00 1.460831e+00 3.527964e+00
      vertex   1.268573e+01 1.438085e+00 3.485285e+00
      vertex   3.123944e-01 1.460831e+00 3.527964e+00
    endloop
  endfacet
  facet normal 0.000000e+00 8.824920e-01 -4.703275e-01
    outer loop
      vertex   3.123944e-01 1.460831e+00 3.527964e+00
      vertex   1.268573e+01 1.438085e+00 3.485285e+00
      vertex   -7.187167e-01 1.460831e+00 3.527964e+00
    endloop
  endfacet
  facet normal 0.000000e+00 9.695879e-01 -2.447433e-01
    outer loop
      vertex   3.123944e-01 1.460831e+00 3.527964e+00
      vertex   -7.187167e-01 1.460831e+00 3.527964e+00
      vertex   3.123944e-01 1.472667e+00 3.574856e+00
    endloop
  endfacet
  facet normal -9.331416e-19 9.695879e-01 -2.447433e-01
    outer loop
      vertex   1.343505e+00 1.472667e+00 3.574856e+00
      vertex   1.343505e+00 1.460831e+00 3.527964e+00
      vertex   3.123944e-01 1.460831e+00 3.527964e+00
    endloop
  endfacet
  facet normal 0.000000e+00 9.695879e-01 -2.447433e-01
    outer loop
      vertex   1.343505e+00 1.472667e+00 3.574856e+00
      vertex   3.123944e-01 1.460831e+00 3.527964e+00
      vertex   3.123944e-01 1.472667e+00 3.574856e+00
    endloop
  endfacet
  facet normal 0.000000e+00 9.695879e-01 -2.447433e-01
    outer loop
      vertex   3.405728e+00 1.460831e+00 3.527964e+00
      vertex   2.374617e+00 1.460831e+00 3.527964e+00
      vertex   3.405728e+00 1.472667e+00 3.574856e+00
    endloop
  endfacet
  facet normal 0.000000e+00 9.695879e-01 -2.447433e-01
    outer loop
      vertex   3.405728e+00 1.472667e+00 3.574856e+00
      vertex   2.374617e+00 1.460831e+00 3.527964e+00
      vertex   2.374617e+00 1.472667e+00 3.574856e+00
    endloop
  endfacet
  facet normal 0.000000e+00 9.999882e-01 -4.848118e-03
    outer loop
      vertex   3.405728e+00 1.472667e+00 3.574856e+00
      vertex   2.374617e+00 1.472667e+00 3.574856e+00
      vertex   3.405728e+00 1.472902e+00 3.623219e+00
    endloop
  endfacet
  facet normal 0.000000e+00 9.999882e-01 -4.848118e-03
    outer loop
      vertex   3.405728e+00 1.472902e+00 3.623219e+00
      vertex   2.374617e+00 1.472667e+00 3.574856e+00
      vertex   2.374617e+00 1.472902e+00 3.623219e+00
    endloop
  endfacet
  facet normal 0.000000e+00 9.719154e-01 2.353306e-01
    outer loop
      vertex   3.405728e+00 1.472902e+00 3.623219e+00
      vertex   2.374617e+00 1.472902e+00 3.623219e+00
      vertex   3.405728e+00 1.461521e+00 3.670223e+00
    endloop
  endfacet
  facet normal 0.000000e+00 9.719154e-01 2.353306e-01
    outer loop
      vertex   3.405728e+00 1.461521e+00 3.670223e+00
      vertex   2.374617e+00 1.472902e+00 3.623219e+00
      vertex   2.374617e+00 1.461521e+00 3.670223e+00
    endloop
  endfacet
  facet normal 0.000000e+00 8.870108e-01 4.617486e-01
    outer loop
      vertex   3.405728e+00 1.461521e+00 3.670223e+00
      vertex   2.374617e+00 1.461521e+00 3.670223e+00
      vertex   3.405728e+00 1.439189e+00 3.713121e+00
    endloop
  endfacet
  facet normal 0.000000e+00 8.870108e-01 4.617486e-01
    outer loop
      vertex   3.405728e+00 1.439189e+00 3.713121e+00
      vertex   2.374617e+00 1.461521e+00 3.670223e+00
      vertex   2.374617e+00 1.439189e+00 3.713121e+00
    endloop
  endfacet
  facet normal 0.000000e+00 7.502393e-01 6.611664e-01
    outer loop
      vertex   3.405728e+00 1.439189e+00 3.713121e+00
      vertex   2.374617e+00 1.439189e+00 3.713121e+00
      vertex   3.405728e+00 1.407213e+00 3.749405e+00
    endloop
  endfacet
  facet normal 0.000000e+00 7.502393e-01 6.611664e-01
    outer loop
      vertex   3.405728e+00 1.407213e+00 3.749405e+00
      vertex   2.374617e+00 1.439189e+00 3.713121e+00
      vertex   2.374617e+00 1.407213e+00 3.749405e+00
    endloop
  endfacet
  facet normal 0.000000e+00 5.695983e-01 8.219232e-01
    outer loop
      vertex   3.405728e+00 1.407213e+00 3.749405e+00
      vertex   2.374617e+00 1.407213e+00 3.749405e+00
      vertex   3.405728e+00 1.367463e+00 3.776952e+00
    endloop
  endfacet
  facet normal 0.000000e+00 5.695983e-01 8.219232e-01
    outer loop
      vertex   3.405728e+00 1.367463e+00 3.776952e+00
      vertex   2.374617e+00 1.407213e+00 3.749405e+00
      vertex   2.374617e+00 1.367463e+00 3.776952e+00
    endloop
  endfacet
  facet normal 0.000000e+00 3.556508e-01 9.346189e-01
    outer loop
      vertex   3.405728e+00 1.367463e+00 3.776952e+00
      vertex   2.374617e+00 1.367463e+00 3.776952e+00
      vertex   3.405728e+00 1.322262e+00 3.794153e+00
    endloop
  endfacet
  facet normal 0.000000e+00 3.556508e-01 9.346189e-01
    outer loop
      vertex   3.405728e+00 1.322262e+00 3.794153e+00
      vertex   2.374617e+00 1.367463e+00 3.776952e+00
      vertex   2.374617e+00 1.322262e+00 3.794153e+00
    endloop
  endfacet
  facet normal 0.000000e+00 1.209069e-01 9.926639e-01
    outer loop
      vertex   3.405728e+00 1.322262e+00 3.794153e+00
      vertex   2.374617e+00 1.322262e+00 3.794153e+00
      vertex   1.268573e+01 1.274254e+00 3.800000e+00
    endloop
  endfacet
  facet normal 0.000000e+00 8.824920e-01 -4.703275e-01
    outer loop
      vertex   4.436839e+00 1.460831e+00 3.527964e+00
      vertex   5.467950e+00 1.460831e+00 3.527964e+00
      vertex   1.268573e+01 1.438085e+00 3.485285e+00
    endloop
  endfacet
  facet normal -7.817918e-19 8.824920e-01 -4.703275e-01
    outer loop
      vertex   1.268573e+01 1.438085e+00 3.485285e+00
      vertex   5.467950e+00 1.460831e+00 3.527964e+00
      vertex   6.499061e+00 1.460831e+00 3.527964e+00
    endloop
  endfacet
  facet normal -7.817918e-19 8.824920e-01 -4.703275e-01
    outer loop
      vertex   1.268573e+01 1.438085e+00 3.485285e+00
      vertex   6.499061e+00 1.460831e+00 3.527964e+00
      vertex   7.530172e+00 1.460831e+00 3.527964e+00
    endloop
  endfacet
  facet normal 0.000000e+00 9.695879e-01 -2.447433e-01
    outer loop
      vertex   7.530172e+00 1.460831e+00 3.527964e+00
      vertex   6.499061e+00 1.460831e+00 3.527964e+00
      vertex   7.530172e+00 1.472667e+00 3.574856e+00
    endloop
  endfacet
  facet normal -9.331416e-19 9.695879e-01 -2.447433e-01
    outer loop
      vertex   7.530172e+00 1.460831e+00 3.527964e+00
      vertex   7.530172e+00 1.472667e+00 3.574856e+00
      vertex   8.561283e+00 1.472667e+00 3.574856e+00
    endloop
  endfacet
  facet normal 0.000000e+00 9.999882e-01 -4.848118e-03
    outer loop
      vertex   8.561283e+00 1.472667e+00 3.574856e+00
      vertex   7.530172e+00 1.472667e+00 3.574856e+00
      vertex   8.561283e+00 1.472902e+00 3.623219e+00
    endloop
  endfacet
  facet normal 3.913219e-21 9.999882e-01 -4.848118e-03
    outer loop
      vertex   8.561283e+00 1.472667e+00 3.574856e+00
      vertex   8.561283e+00 1.472902e+00 3.623219e+00
      vertex   9.592394e+00 1.472902e+00 3.623219e+00
    endloop
  endfacet
  facet normal 0.000000e+00 9.719154e-01 2.353306e-01
    outer loop
      vertex   9.592394e+00 1.472902e+00 3.623219e+00
      vertex   8.561283e+00 1.472902e+00 3.623219e+00
      vertex   9.592394e+00 1.461521e+00 3.670223e+00
    endloop
  endfacet
  facet normal 6.085740e-19 9.719154e-01 2.353306e-01
    outer loop
      vertex   9.592394e+00 1.472902e+00 3.623219e+00
      vertex   9.592394e+00 1.461521e+00 3.670223e+00
      vertex   1.062351e+01 1.461521e+00 3.670223e+00
    endloop
  endfacet
  facet normal 0.000000e+00 8.870108e-01 4.617486e-01
    outer loop
      vertex   1.062351e+01 1.461521e+00 3.670223e+00
      vertex   9.592394e+00 1.461521e+00 3.670223e+00
      vertex   1.062351e+01 1.439189e+00 3.713121e+00
    endloop
  endfacet
  facet normal -6.726116e-19 8.870108e-01 4.617486e-01
    outer loop
      vertex   1.062351e+01 1.461521e+00 3.670223e+00
      vertex   1.062351e+01 1.439189e+00 3.713121e+00
      vertex   1.165462e+01 1.439189e+00 3.713121e+00
    endloop
  endfacet
  facet normal 0.000000e+00 7.502393e-01 6.611664e-01
    outer loop
      vertex   1.165462e+01 1.439189e+00 3.713121e+00
      vertex   1.062351e+01 1.439189e+00 3.713121e+00
      vertex   1.165462e+01 1.407213e+00 3.749405e+00
    endloop
  endfacet
  facet normal 0.000000e+00 9.695879e-01 -2.447433e-01
    outer loop
      vertex   4.436839e+00 1.460831e+00 3.527964e+00
      vertex   5.467950e+00 1.472667e+00 3.574856e+00
      vertex   5.467950e+00 1.460831e+00 3.527964e+00
    endloop
  endfacet
  facet normal -9.331416e-19 9.695879e-01 -2.447433e-01
    outer loop
      vertex   5.467950e+00 1.460831e+00 3.527964e+00
      vertex   5.467950e+00 1.472667e+00 3.574856e+00
      vertex   6.499061e+00 1.472667e+00 3.574856e+00
    endloop
  endfacet
  facet normal 0.000000e+00 9.695879e-01 -2.447433e-01
    outer loop
      vertex   5.467950e+00 1.460831e+00 3.527964e+00
      vertex   6.499061e+00 1.472667e+00 3.574856e+00
      vertex   6.499061e+00 1.460831e+00 3.527964e+00
    endloop
  endfacet
  facet normal -9.331416e-19 9.695879e-01 -2.447433e-01
    outer loop
      vertex   6.499061e+00 1.460831e+00 3.527964e+00
      vertex   6.499061e+00 1.472667e+00 3.574856e+00
      vertex   7.530172e+00 1.472667e+00 3.574856e+00
    endloop
  endfacet
  facet normal 0.000000e+00 8.824920e-01 -4.703275e-01
    outer loop
      vertex   7.530172e+00 1.460831e+00 3.527964e+00
      vertex   8.561283e+00 1.460831e+00 3.527964e+00
      vertex   1.268573e+01 1.438085e+00 3.485285e+00
    endloop
  endfacet
  facet normal -7.817918e-19 8.824920e-01 -4.703275e-01
    outer loop
      vertex   1.268573e+01 1.438085e+00 3.485285e+00
      vertex   8.561283e+00 1.460831e+00 3.527964e+00
      vertex   9.592394e+00 1.460831e+00 3.527964e+00
    endloop
  endfacet
  facet normal -7.817918e-19 8.824920e-01 -4.703275e-01
    outer loop
      vertex   1.268573e+01 1.438085e+00 3.485285e+00
      vertex   9.592394e+00 1.460831e+00 3.527964e+00
      vertex   1.062351e+01 1.460831e+00 3.527964e+00
    endloop
  endfacet
  facet normal 0.000000e+00 9.695879e-01 -2.447433e-01
    outer loop
      vertex   1.062351e+01 1.460831e+00 3.527964e+00
      vertex   9.592394e+00 1.460831e+00 3.527964e+00
      vertex   1.062351e+01 1.472667e+00 3.574856e+00
    endloop
  endfacet
  facet normal -9.331416e-19 9.695879e-01 -2.447433e-01
    outer loop
      vertex   1.062351e+01 1.460831e+00 3.527964e+00
      vertex   1.062351e+01 1.472667e+00 3.574856e+00
      vertex   1.165462e+01 1.472667e+00 3.574856e+00
    endloop
  endfacet
  facet normal 0.000000e+00 9.999882e-01 -4.848118e-03
    outer loop
      vertex   1.165462e+01 1.472667e+00 3.574856e+00
      vertex   1.062351e+01 1.472667e+00 3.574856e+00
      vertex   1.165462e+01 1.472902e+00 3.623219e+00
    endloop
  endfacet
  facet normal 0.000000e+00 9.695879e-01 -2.447433e-01
    outer loop
      vertex   7.530172e+00 1.460831e+00 3.527964e+00
      vertex   8.561283e+00 1.472667e+00 3.574856e+00
      vertex   8.561283e+00 1.460831e+00 3.527964e+00
    endloop
  endfacet
  facet normal -9.331416e-19 9.695879e-01 -2.447433e-01
    outer loop
      vertex   8.561283e+00 1.460831e+00 3.527964e+00
      vertex   8.561283e+00 1.472667e+00 3.574856e+00
      vertex   9.592394e+00 1.472667e+00 3.574856e+00
    endloop
  endfacet
  facet normal 0.000000e+00 9.695879e-01 -2.447433e-01
    outer loop
      vertex   8.561283e+00 1.460831e+00 3.527964e+00
      vertex   9.592394e+00 1.472667e+00 3.574856e+00
      vertex   9.592394e+00 1.460831e+00 3.527964e+00
    endloop
  endfacet
  facet normal -9.331416e-19 9.695879e-01 -2.447433e-01
    outer loop
      vertex   9.592394e+00 1.460831e+00 3.527964e+00
      vertex   9.592394e+00 1.472667e+00 3.574856e+00
      vertex   1.062351e+01 1.472667e+00 3.574856e+00
    endloop
  endfacet
  facet normal 0.000000e+00 8.824920e-01 -4.703275e-01
    outer loop
      vertex   1.165462e+01 1.460831e+00 3.527964e+00
      vertex   1.268573e+01 1.438085e+00 3.485285e+00
      vertex   1.062351e+01 1.460831e+00 3.527964e+00
    endloop
  endfacet
  facet normal -9.331416e-19 9.695879e-01 -2.447433e-01
    outer loop
      vertex   1.165462e+01 1.472667e+00 3.574856e+00
      vertex   1.165462e+01 1.460831e+00 3.527964e+00
      vertex   1.062351e+01 1.460831e+00 3.527964e+00
    endloop
  endfacet
  facet normal -9.331416e-19 9.695879e-01 -2.447433e-01
    outer loop
      vertex   -3.165205e+01 1.460831e+00 3.527964e+00
      vertex   -3.165205e+01 1.472667e+00 3.574856e+00
      vertex   -3.062094e+01 1.472667e+00 3.574856e+00
    endloop
  endfacet
  facet normal 0.000000e+00 9.999882e-01 -4.848118e-03
    outer loop
      vertex   -3.062094e+01 1.472667e+00 3.574856e+00
      vertex   -3.165205e+01 1.472667e+00 3.574856e+00
      vertex   -3.062094e+01 1.472902e+00 3.623219e+00
    endloop
  endfacet
  facet normal 3.913219e-21 9.999882e-01 -4.848118e-03
    outer loop
      vertex   -3.062094e+01 1.472667e+00 3.574856e+00
      vertex   -3.062094e+01 1.472902e+00 3.623219e+00
      vertex   -2.958983e+01 1.472902e+00 3.623219e+00
    endloop
  endfacet
  facet normal 0.000000e+00 9.719154e-01 2.353306e-01
    outer loop
      vertex   -2.958983e+01 1.472902e+00 3.623219e+00
      vertex   -3.062094e+01 1.472902e+00 3.623219e+00
      vertex   -2.958983e+01 1.461521e+00 3.670223e+00
    endloop
  endfacet
  facet normal -1.054484e-18 9.719154e-01 2.353306e-01
    outer loop
      vertex   -2.958983e+01 1.472902e+00 3.623219e+00
      vertex   -2.958983e+01 1.461521e+00 3.670223e+00
      vertex   -2.855872e+01 1.461521e+00 3.670223e+00
    endloop
  endfacet
  facet normal 0.000000e+00 8.870108e-01 4.617486e-01
    outer loop
      vertex   -2.855872e+01 1.461521e+00 3.670223e+00
      vertex   -2.958983e+01 1.461521e+00 3.670223e+00
      vertex   -2.855872e+01 1.439189e+00 3.713121e+00
    endloop
  endfacet
  facet normal -5.402355e-19 8.870108e-01 4.617486e-01
    outer loop
      vertex   -2.855872e+01 1.461521e+00 3.670223e+00
      vertex   -2.855872e+01 1.439189e+00 3.713121e+00
      vertex   -2.752761e+01 1.439189e+00 3.713121e+00
    endloop
  endfacet
  facet normal 0.000000e+00 7.502393e-01 6.611664e-01
    outer loop
      vertex   -2.752761e+01 1.439189e+00 3.713121e+00
      vertex   -2.855872e+01 1.439189e+00 3.713121e+00
      vertex   -2.752761e+01 1.407213e+00 3.749405e+00
    endloop
  endfacet
  facet normal -1.166763e-18 7.502393e-01 6.611664e-01
    outer loop
      vertex   -2.752761e+01 1.439189e+00 3.713121e+00
      vertex   -2.752761e+01 1.407213e+00 3.749405e+00
      vertex   -2.649649e+01 1.407213e+00 3.749405e+00
    endloop
  endfacet
  facet normal 0.000000e+00 5.695983e-01 8.219232e-01
    outer loop
      vertex   -2.649649e+01 1.407213e+00 3.749405e+00
      vertex   -2.752761e+01 1.407213e+00 3.749405e+00
      vertex   -2.649649e+01 1.367463e+00 3.776952e+00
    endloop
  endfacet
  facet normal -1.949313e-18 5.695983e-01 8.219232e-01
    outer loop
      vertex   -2.649649e+01 1.407213e+00 3.749405e+00
      vertex   -2.649649e+01 1.367463e+00 3.776952e+00
      vertex   -2.546538e+01 1.367463e+00 3.776952e+00
    endloop
  endfacet
  facet normal 0.000000e+00 3.556508e-01 9.346189e-01
    outer loop
      vertex   -2.546538e+01 1.367463e+00 3.776952e+00
      vertex   -2.649649e+01 1.367463e+00 3.776952e+00
      vertex   -2.546538e+01 1.322262e+00 3.794153e+00
    endloop
  endfacet
  facet normal 5.234583e-19 3.556508e-01 9.346189e-01
    outer loop
      vertex   -2.546538e+01 1.367463e+00 3.776952e+00
      vertex   -2.546538e+01 1.322262e+00 3.794153e+00
      vertex   -2.443427e+01 1.322262e+00 3.794153e+00
    endloop
  endfacet
  facet normal 0.000000e+00 1.209069e-01 9.926639e-01
    outer loop
      vertex   -2.443427e+01 1.322262e+00 3.794153e+00
      vertex   -2.546538e+01 1.322262e+00 3.794153e+00
      vertex   -3.371427e+01 1.274254e+00 3.800000e+00
    endloop
  endfacet
  facet normal 0.000000e+00 9.999882e-01 -4.848118e-03
    outer loop
      vertex   -3.062094e+01 1.472902e+00 3.623219e+00
      vertex   -3.165205e+01 1.472667e+00 3.574856e+00
      vertex   -3.165205e+01 1.472902e+00 3.623219e+00
    endloop
  endfacet
  facet normal 0.000000e+00 9.999882e-01 -4.848118e-03
    outer loop
      vertex   -2.958983e+01 1.472667e+00 3.574856e+00
      vertex   -2.855872e+01 1.472902e+00 3.623219e+00
      vertex   -2.855872e+01 1.472667e+00 3.574856e+00
    endloop
  endfacet
  facet normal 3.913219e-21 9.999882e-01 -4.848118e-03
    outer loop
      vertex   -2.855872e+01 1.472667e+00 3.574856e+00
      vertex   -2.855872e+01 1.472902e+00 3.623219e+00
      vertex   -2.752761e+01 1.472902e+00 3.623219e+00
    endloop
  endfacet
  facet normal 0.000000e+00 9.999882e-01 -4.848118e-03
    outer loop
      vertex   -2.855872e+01 1.472667e+00 3.574856e+00
      vertex   -2.752761e+01 1.472902e+00 3.623219e+00
      vertex   -2.752761e+01 1.472667e+00 3.574856e+00
    endloop
  endfacet
  facet normal 3.913219e-21 9.999882e-01 -4.848118e-03
    outer loop
      vertex   -2.752761e+01 1.472667e+00 3.574856e+00
      vertex   -2.752761e+01 1.472902e+00 3.623219e+00
      vertex   -2.649649e+01 1.472902e+00 3.623219e+00
    endloop
  endfacet
  facet normal 0.000000e+00 9.999882e-01 -4.848118e-03
    outer loop
      vertex   -2.649649e+01 1.472667e+00 3.574856e+00
      vertex   -2.546538e+01 1.472902e+00 3.623219e+00
      vertex   -2.546538e+01 1.472667e+00 3.574856e+00
    endloop
  endfacet
  facet normal 3.913219e-21 9.999882e-01 -4.848118e-03
    outer loop
      vertex   -2.546538e+01 1.472667e+00 3.574856e+00
      vertex   -2.546538e+01 1.472902e+00 3.623219e+00
      vertex   -2.443427e+01 1.472902e+00 3.623219e+00
    endloop
  endfacet
  facet normal 0.000000e+00 9.999882e-01 -4.848118e-03
    outer loop
      vertex   -2.546538e+01 1.472667e+00 3.574856e+00
      vertex   -2.443427e+01 1.472902e+00 3.623219e+00
      vertex   -2.443427e+01 1.472667e+00 3.574856e+00
    endloop
  endfacet
  facet normal 3.913219e-21 9.999882e-01 -4.848118e-03
    outer loop
      vertex   -2.443427e+01 1.472667e+00 3.574856e+00
      vertex   -2.443427e+01 1.472902e+00 3.623219e+00
      vertex   -2.340316e+01 1.472902e+00 3.623219e+00
    endloop
  endfacet
  facet normal 3.913219e-21 9.999882e-01 -4.848118e-03
    outer loop
      vertex   -2.237205e+01 1.472902e+00 3.623219e+00
      vertex   -2.237205e+01 1.472667e+00 3.574856e+00
      vertex   -2.340316e+01 1.472667e+00 3.574856e+00
    endloop
  endfacet
  facet normal -9.331416e-19 9.695879e-01 -2.447433e-01
    outer loop
      vertex   -2.030983e+01 1.460831e+00 3.527964e+00
      vertex   -2.030983e+01 1.472667e+00 3.574856e+00
      vertex   -1.927872e+01 1.472667e+00 3.574856e+00
    endloop
  endfacet
  facet normal 0.000000e+00 9.999882e-01 -4.848118e-03
    outer loop
      vertex   -1.927872e+01 1.472667e+00 3.574856e+00
      vertex   -2.030983e+01 1.472667e+00 3.574856e+00
      vertex   -1.927872e+01 1.472902e+00 3.623219e+00
    endloop
  endfacet
  facet normal 3.913219e-21 9.999882e-01 -4.848118e-03
    outer loop
      vertex   -1.927872e+01 1.472667e+00 3.574856e+00
      vertex   -1.927872e+01 1.472902e+00 3.623219e+00
      vertex   -1.824761e+01 1.472902e+00 3.623219e+00
    endloop
  endfacet
  facet normal 0.000000e+00 9.719154e-01 2.353306e-01
    outer loop
      vertex   -1.824761e+01 1.472902e+00 3.623219e+00
      vertex   -1.927872e+01 1.472902e+00 3.623219e+00
      vertex   -1.824761e+01 1.461521e+00 3.670223e+00
    endloop
  endfacet
  facet normal -1.054484e-18 9.719154e-01 2.353306e-01
    outer loop
      vertex   -1.824761e+01 1.472902e+00 3.623219e+00
      vertex   -1.824761e+01 1.461521e+00 3.670223e+00
      vertex   -1.721649e+01 1.461521e+00 3.670223e+00
    endloop
  endfacet
  facet normal 0.000000e+00 8.870108e-01 4.617486e-01
    outer loop
      vertex   -1.721649e+01 1.461521e+00 3.670223e+00
      vertex   -1.824761e+01 1.461521e+00 3.670223e+00
      vertex   -1.721649e+01 1.439189e+00 3.713121e+00
    endloop
  endfacet
  facet normal -5.402355e-19 8.870108e-01 4.617486e-01
    outer loop
      vertex   -1.721649e+01 1.461521e+00 3.670223e+00
      vertex   -1.721649e+01 1.439189e+00 3.713121e+00
      vertex   -1.618538e+01 1.439189e+00 3.713121e+00
    endloop
  endfacet
  facet normal 0.000000e+00 7.502393e-01 6.611664e-01
    outer loop
      vertex   -1.618538e+01 1.439189e+00 3.713121e+00
      vertex   -1.721649e+01 1.439189e+00 3.713121e+00
      vertex   -1.618538e+01 1.407213e+00 3.749405e+00
    endloop
  endfacet
  facet normal -1.166763e-18 7.502393e-01 6.611664e-01
    outer loop
      vertex   -1.618538e+01 1.439189e+00 3.713121e+00
      vertex   -1.618538e+01 1.407213e+00 3.749405e+00
      vertex   -1.515427e+01 1.407213e+00 3.749405e+00
    endloop
  endfacet
  facet normal 0.000000e+00 5.695983e-01 8.219232e-01
    outer loop
      vertex   -1.515427e+01 1.407213e+00 3.749405e+00
      vertex   -1.618538e+01 1.407213e+00 3.749405e+00
      vertex   -1.515427e+01 1.367463e+00 3.776952e+00
    endloop
  endfacet
  facet normal -1.949313e-18 5.695983e-01 8.219232e-01
    outer loop
      vertex   -1.515427e+01 1.407213e+00 3.749405e+00
      vertex   -1.515427e+01 1.367463e+00 3.776952e+00
      vertex   -1.412316e+01 1.367463e+00 3.776952e+00
    endloop
  endfacet
  facet normal 0.000000e+00 3.556508e-01 9.346189e-01
    outer loop
      vertex   -1.412316e+01 1.367463e+00 3.776952e+00
      vertex   -1.515427e+01 1.367463e+00 3.776952e+00
      vertex   -1.412316e+01 1.322262e+00 3.794153e+00
    endloop
  endfacet
  facet normal 5.234583e-19 3.556508e-01 9.346189e-01
    outer loop
      vertex   -1.412316e+01 1.367463e+00 3.776952e+00
      vertex   -1.412316e+01 1.322262e+00 3.794153e+00
      vertex   -1.309205e+01 1.322262e+00 3.794153e+00
    endloop
  endfacet
  facet normal 0.000000e+00 1.209069e-01 9.926639e-01
    outer loop
      vertex   -1.309205e+01 1.322262e+00 3.794153e+00
      vertex   -1.412316e+01 1.322262e+00 3.794153e+00
      vertex   -3.371427e+01 1.274254e+00 3.800000e+00
    endloop
  endfacet
  facet normal 0.000000e+00 9.999882e-01 -4.848118e-03
    outer loop
      vertex   -1.927872e+01 1.472902e+00 3.623219e+00
      vertex   -2.030983e+01 1.472667e+00 3.574856e+00
      vertex   -2.030983e+01 1.472902e+00 3.623219e+00
    endloop
  endfacet
  facet normal 0.000000e+00 9.999882e-01 -4.848118e-03
    outer loop
      vertex   -1.824761e+01 1.472667e+00 3.574856e+00
      vertex   -1.721649e+01 1.472902e+00 3.623219e+00
      vertex   -1.721649e+01 1.472667e+00 3.574856e+00
    endloop
  endfacet
  facet normal 3.913219e-21 9.999882e-01 -4.848118e-03
    outer loop
      vertex   -1.721649e+01 1.472667e+00 3.574856e+00
      vertex   -1.721649e+01 1.472902e+00 3.623219e+00
      vertex   -1.618538e+01 1.472902e+00 3.623219e+00
    endloop
  endfacet
  facet normal 0.000000e+00 9.999882e-01 -4.848118e-03
    outer loop
      vertex   -1.721649e+01 1.472667e+00 3.574856e+00
      vertex   -1.618538e+01 1.472902e+00 3.623219e+00
      vertex   -1.618538e+01 1.472667e+00 3.574856e+00
    endloop
  endfacet
  facet normal 3.913219e-21 9.999882e-01 -4.848118e-03
    outer loop
      vertex   -1.618538e+01 1.472667e+00 3.574856e+00
      vertex   -1.618538e+01 1.472902e+00 3.623219e+00
      vertex   -1.515427e+01 1.472902e+00 3.623219e+00
    endloop
  endfacet
  facet normal 0.000000e+00 9.999882e-01 -4.848118e-03
    outer loop
      vertex   -1.515427e+01 1.472667e+00 3.574856e+00
      vertex   -1.412316e+01 1.472902e+00 3.623219e+00
      vertex   -1.412316e+01 1.472667e+00 3.574856e+00
    endloop
  endfacet
  facet normal 3.913219e-21 9.999882e-01 -4.848118e-03
    outer loop
      vertex   -1.412316e+01 1.472667e+00 3.574856e+00
      vertex   -1.412316e+01 1.472902e+00 3.623219e+00
      vertex   -1.309205e+01 1.472902e+00 3.623219e+00
    endloop
  endfacet
  facet normal 0.000000e+00 9.999882e-01 -4.848118e-03
    outer loop
      vertex   -1.412316e+01 1.472667e+00 3.574856e+00
      vertex   -1.309205e+01 1.472902e+00 3.623219e+00
      vertex   -1.309205e+01 1.472667e+00 3.574856e+00
    endloop
  endfacet
  facet normal 3.913219e-21 9.999882e-01 -4.848118e-03
    outer loop
      vertex   -1.309205e+01 1.472667e+00 3.574856e+00
      vertex   -1.309205e+01 1.472902e+00 3.623219e+00
      vertex   -1.206094e+01 1.472902e+00 3.623219e+00
    endloop
  endfacet
  facet normal 3.913219e-21 9.999882e-01 -4.848118e-03
    outer loop
      vertex   -1.102983e+01 1.472902e+00 3.623219e+00
      vertex   -1.102983e+01 1.472667e+00 3.574856e+00
      vertex   -1.206094e+01 1.472667e+00 3.574856e+00
    endloop
  endfacet
  facet normal -9.331416e-19 9.695879e-01 -2.447433e-01
    outer loop
      vertex   -7.936495e+00 1.460831e+00 3.527964e+00
      vertex   -7.936495e+00 1.472667e+00 3.574856e+00
      vertex   -6.905383e+00 1.472667e+00 3.574856e+00
    endloop
  endfacet
  facet normal 0.000000e+00 9.999882e-01 -4.848118e-03
    outer loop
      vertex   -6.905383e+00 1.472667e+00 3.574856e+00
      vertex   -7.936495e+00 1.472667e+00 3.574856e+00
      vertex   -6.905383e+00 1.472902e+00 3.623219e+00
    endloop
  endfacet
  facet normal 3.913219e-21 9.999882e-01 -4.848118e-03
    outer loop
      vertex   -6.905383e+00 1.472667e+00 3.574856e+00
      vertex   -6.905383e+00 1.472902e+00 3.623219e+00
      vertex   -5.874272e+00 1.472902e+00 3.623219e+00
    endloop
  endfacet
  facet normal 0.000000e+00 9.719154e-01 2.353306e-01
    outer loop
      vertex   -5.874272e+00 1.472902e+00 3.623219e+00
      vertex   -6.905383e+00 1.472902e+00 3.623219e+00
      vertex   -5.874272e+00 1.461521e+00 3.670223e+00
    endloop
  endfacet
  facet normal 6.085740e-19 9.719154e-01 2.353306e-01
    outer loop
      vertex   -5.874272e+00 1.472902e+00 3.623219e+00
      vertex   -5.874272e+00 1.461521e+00 3.670223e+00
      vertex   -4.843161e+00 1.461521e+00 3.670223e+00
    endloop
  endfacet
  facet normal 0.000000e+00 8.870108e-01 4.617486e-01
    outer loop
      vertex   -4.843161e+00 1.461521e+00 3.670223e+00
      vertex   -5.874272e+00 1.461521e+00 3.670223e+00
      vertex   -4.843161e+00 1.439189e+00 3.713121e+00
    endloop
  endfacet
  facet normal -6.726116e-19 8.870108e-01 4.617486e-01
    outer loop
      vertex   -4.843161e+00 1.461521e+00 3.670223e+00
      vertex   -4.843161e+00 1.439189e+00 3.713121e+00
      vertex   -3.812050e+00 1.439189e+00 3.713121e+00
    endloop
  endfacet
  facet normal 0.000000e+00 7.502393e-01 6.611664e-01
    outer loop
      vertex   -3.812050e+00 1.439189e+00 3.713121e+00
      vertex   -4.843161e+00 1.439189e+00 3.713121e+00
      vertex   -3.812050e+00 1.407213e+00 3.749405e+00
    endloop
  endfacet
  facet normal -1.166763e-18 7.502393e-01 6.611664e-01
    outer loop
      vertex   -3.812050e+00 1.439189e+00 3.713121e+00
      vertex   -3.812050e+00 1.407213e+00 3.749405e+00
      vertex   -2.780939e+00 1.407213e+00 3.749405e+00
    endloop
  endfacet
  facet normal 0.000000e+00 5.695983e-01 8.219232e-01
    outer loop
      vertex   -2.780939e+00 1.407213e+00 3.749405e+00
      vertex   -3.812050e+00 1.407213e+00 3.749405e+00
      vertex   -2.780939e+00 1.367463e+00 3.776952e+00
    endloop
  endfacet
  facet normal -1.949313e-18 5.695983e-01 8.219232e-01
    outer loop
      vertex   -2.780939e+00 1.407213e+00 3.749405e+00
      vertex   -2.780939e+00 1.367463e+00 3.776952e+00
      vertex   -1.749828e+00 1.367463e+00 3.776952e+00
    endloop
  endfacet
  facet normal 0.000000e+00 3.556508e-01 9.346189e-01
    outer loop
      vertex   -1.749828e+00 1.367463e+00 3.776952e+00
      vertex   -2.780939e+00 1.367463e+00 3.776952e+00
      vertex   -1.749828e+00 1.322262e+00 3.794153e+00
    endloop
  endfacet
  facet normal 5.234583e-19 3.556508e-01 9.346189e-01
    outer loop
      vertex   -1.749828e+00 1.367463e+00 3.776952e+00
      vertex   -1.749828e+00 1.322262e+00 3.794153e+00
      vertex   -7.187167e-01 1.322262e+00 3.794153e+00
    endloop
  endfacet
  facet normal 0.000000e+00 1.209069e-01 9.926639e-01
    outer loop
      vertex   -7.187167e-01 1.322262e+00 3.794153e+00
      vertex   -1.749828e+00 1.322262e+00 3.794153e+00
      vertex   1.268573e+01 1.274254e+00 3.800000e+00
    endloop
  endfacet
  facet normal 0.000000e+00 9.999882e-01 -4.848118e-03
    outer loop
      vertex   -6.905383e+00 1.472902e+00 3.623219e+00
      vertex   -7.936495e+00 1.472667e+00 3.574856e+00
      vertex   -7.936495e+00 1.472902e+00 3.623219e+00
    endloop
  endfacet
  facet normal 0.000000e+00 9.999882e-01 -4.848118e-03
    outer loop
      vertex   -5.874272e+00 1.472667e+00 3.574856e+00
      vertex   -4.843161e+00 1.472902e+00 3.623219e+00
      vertex   -4.843161e+00 1.472667e+00 3.574856e+00
    endloop
  endfacet
  facet normal 3.913219e-21 9.999882e-01 -4.848118e-03
    outer loop
      vertex   -4.843161e+00 1.472667e+00 3.574856e+00
      vertex   -4.843161e+00 1.472902e+00 3.623219e+00
      vertex   -3.812050e+00 1.472902e+00 3.623219e+00
    endloop
  endfacet
  facet normal 0.000000e+00 9.999882e-01 -4.848118e-03
    outer loop
      vertex   -4.843161e+00 1.472667e+00 3.574856e+00
      vertex   -3.812050e+00 1.472902e+00 3.623219e+00
      vertex   -3.812050e+00 1.472667e+00 3.574856e+00
    endloop
  endfacet
  facet normal 3.913219e-21 9.999882e-01 -4.848118e-03
    outer loop
      vertex   -3.812050e+00 1.472667e+00 3.574856e+00
      vertex   -3.812050e+00 1.472902e+00 3.623219e+00
      vertex   -2.780939e+00 1.472902e+00 3.623219e+00
    endloop
  endfacet
  facet normal 0.000000e+00 9.999882e-01 -4.848118e-03
    outer loop
      vertex   -2.780939e+00 1.472667e+00 3.574856e+00
      vertex   -1.749828e+00 1.472902e+00 3.623219e+00
      vertex   -1.749828e+00 1.472667e+00 3.574856e+00
    endloop
  endfacet
  facet normal 3.913219e-21 9.999882e-01 -4.848118e-03
    outer loop
      vertex   -1.749828e+00 1.472667e+00 3.574856e+00
      vertex   -1.749828e+00 1.472902e+00 3.623219e+00
      vertex   -7.187167e-01 1.472902e+00 3.623219e+00
    endloop
  endfacet
  facet normal 0.000000e+00 9.999882e-01 -4.848118e-03
    outer loop
      vertex   -1.749828e+00 1.472667e+00 3.574856e+00
      vertex   -7.187167e-01 1.472902e+00 3.623219e+00
      vertex   -7.187167e-01 1.472667e+00 3.574856e+00
    endloop
  endfacet
  facet normal 3.913219e-21 9.999882e-01 -4.848118e-03
    outer loop
      vertex   -7.187167e-01 1.472667e+00 3.574856e+00
      vertex   -7.187167e-01 1.472902e+00 3.623219e+00
      vertex   3.123944e-01 1.472902e+00 3.623219e+00
    endloop
  endfacet
  facet normal 3.913219e-21 9.999882e-01 -4.848118e-03
    outer loop
      vertex   1.343505e+00 1.472902e+00 3.623219e+00
      vertex   1.343505e+00 1.472667e+00 3.574856e+00
      vertex   3.123944e-01 1.472667e+00 3.574856e+00
    endloop
  endfacet
  facet normal -9.331416e-19 9.695879e-01 -2.447433e-01
    outer loop
      vertex   3.405728e+00 1.460831e+00 3.527964e+00
      vertex   3.405728e+00 1.472667e+00 3.574856e+00
      vertex   4.436839e+00 1.472667e+00 3.574856e+00
    endloop
  endfacet
  facet normal 0.000000e+00 9.999882e-01 -4.848118e-03
    outer loop
      vertex   4.436839e+00 1.472667e+00 3.574856e+00
      vertex   3.405728e+00 1.472667e+00 3.574856e+00
      vertex   4.436839e+00 1.472902e+00 3.623219e+00
    endloop
  endfacet
  facet normal 3.913219e-21 9.999882e-01 -4.848118e-03
    outer loop
      vertex   4.436839e+00 1.472667e+00 3.574856e+00
      vertex   4.436839e+00 1.472902e+00 3.623219e+00
      vertex   5.467950e+00 1.472902e+00 3.623219e+00
    endloop
  endfacet
  facet normal 0.000000e+00 9.719154e-01 2.353306e-01
    outer loop
      vertex   5.467950e+00 1.472902e+00 3.623219e+00
      vertex   4.436839e+00 1.472902e+00 3.623219e+00
      vertex   5.467950e+00 1.461521e+00 3.670223e+00
    endloop
  endfacet
  facet normal 6.085740e-19 9.719154e-01 2.353306e-01
    outer loop
      vertex   5.467950e+00 1.472902e+00 3.623219e+00
      vertex   5.467950e+00 1.461521e+00 3.670223e+00
      vertex   6.499061e+00 1.461521e+00 3.670223e+00
    endloop
  endfacet
  facet normal 0.000000e+00 8.870108e-01 4.617486e-01
    outer loop
      vertex   6.499061e+00 1.461521e+00 3.670223e+00
      vertex   5.467950e+00 1.461521e+00 3.670223e+00
      vertex   6.499061e+00 1.439189e+00 3.713121e+00
    endloop
  endfacet
  facet normal -6.726116e-19 8.870108e-01 4.617486e-01
    outer loop
      vertex   6.499061e+00 1.461521e+00 3.670223e+00
      vertex   6.499061e+00 1.439189e+00 3.713121e+00
      vertex   7.530172e+00 1.439189e+00 3.713121e+00
    endloop
  endfacet
  facet normal 0.000000e+00 7.502393e-01 6.611664e-01
    outer loop
      vertex   7.530172e+00 1.439189e+00 3.713121e+00
      vertex   6.499061e+00 1.439189e+00 3.713121e+00
      vertex   7.530172e+00 1.407213e+00 3.749405e+00
    endloop
  endfacet
  facet normal -1.166763e-18 7.502393e-01 6.611664e-01
    outer loop
      vertex   7.530172e+00 1.439189e+00 3.713121e+00
      vertex   7.530172e+00 1.407213e+00 3.749405e+00
      vertex   8.561283e+00 1.407213e+00 3.749405e+00
    endloop
  endfacet
  facet normal 0.000000e+00 5.695983e-01 8.219232e-01
    outer loop
      vertex   8.561283e+00 1.407213e+00 3.749405e+00
      vertex   7.530172e+00 1.407213e+00 3.749405e+00
      vertex   8.561283e+00 1.367463e+00 3.776952e+00
    endloop
  endfacet
  facet normal -1.949313e-18 5.695983e-01 8.219232e-01
    outer loop
      vertex   8.561283e+00 1.407213e+00 3.749405e+00
      vertex   8.561283e+00 1.367463e+00 3.776952e+00
      vertex   9.592394e+00 1.367463e+00 3.776952e+00
    endloop
  endfacet
  facet normal 0.000000e+00 3.556508e-01 9.346189e-01
    outer loop
      vertex   9.592394e+00 1.367463e+00 3.776952e+00
      vertex   8.561283e+00 1.367463e+00 3.776952e+00
      vertex   9.592394e+00 1.322262e+00 3.794153e+00
    endloop
  endfacet
  facet normal 5.234583e-19 3.556508e-01 9.346189e-01
    outer loop
      vertex   9.592394e+00 1.367463e+00 3.776952e+00
      vertex   9.592394e+00 1.322262e+00 3.794153e+00
      vertex   1.062351e+01 1.322262e+00 3.794153e+00
    endloop
  endfacet
  facet normal 0.000000e+00 1.209069e-01 9.926639e-01
    outer loop
      vertex   1.062351e+01 1.322262e+00 3.794153e+00
      vertex   9.592394e+00 1.322262e+00 3.794153e+00
      vertex   1.268573e+01 1.274254e+00 3.800000e+00
    endloop
  endfacet
  facet normal 0.000000e+00 9.999882e-01 -4.848118e-03
    outer loop
      vertex   4.436839e+00 1.472902e+00 3.623219e+00
      vertex   3.405728e+00 1.472667e+00 3.574856e+00
      vertex   3.405728e+00 1.472902e+00 3.623219e+00
    endloop
  endfacet
  facet normal 0.000000e+00 9.999882e-01 -4.848118e-03
    outer loop
      vertex   5.467950e+00 1.472667e+00 3.574856e+00
      vertex   6.499061e+00 1.472902e+00 3.623219e+00
      vertex   6.499061e+00 1.472667e+00 3.574856e+00
    endloop
  endfacet
  facet normal 3.913219e-21 9.999882e-01 -4.848118e-03
    outer loop
      vertex   6.499061e+00 1.472667e+00 3.574856e+00
      vertex   6.499061e+00 1.472902e+00 3.623219e+00
      vertex   7.530172e+00 1.472902e+00 3.623219e+00
    endloop
  endfacet
  facet normal 0.000000e+00 9.999882e-01 -4.848118e-03
    outer loop
      vertex   6.499061e+00 1.472667e+00 3.574856e+00
      vertex   7.530172e+00 1.472902e+00 3.623219e+00
      vertex   7.530172e+00 1.472667e+00 3.574856e+00
    endloop
  endfacet
  facet normal 3.913219e-21 9.999882e-01 -4.848118e-03
    outer loop
      vertex   7.530172e+00 1.472667e+00 3.574856e+00
      vertex   7.530172e+00 1.472902e+00 3.623219e+00
      vertex   8.561283e+00 1.472902e+00 3.623219e+00
    endloop
  endfacet
  facet normal 0.000000e+00 9.999882e-01 -4.848118e-03
    outer loop
      vertex   8.561283e+00 1.472667e+00 3.574856e+00
      vertex   9.592394e+00 1.472902e+00 3.623219e+00
      vertex   9.592394e+00 1.472667e+00 3.574856e+00
    endloop
  endfacet
  facet normal 3.913219e-21 9.999882e-01 -4.848118e-03
    outer loop
      vertex   9.592394e+00 1.472667e+00 3.574856e+00
      vertex   9.592394e+00 1.472902e+00 3.623219e+00
      vertex   1.062351e+01 1.472902e+00 3.623219e+00
    endloop
  endfacet
  facet normal 0.000000e+00 9.999882e-01 -4.848118e-03
    outer loop
      vertex   9.592394e+00 1.472667e+00 3.574856e+00
      vertex   1.062351e+01 1.472902e+00 3.623219e+00
      vertex   1.062351e+01 1.472667e+00 3.574856e+00
    endloop
  endfacet
  facet normal 3.913219e-21 9.999882e-01 -4.848118e-03
    outer loop
      vertex   1.062351e+01 1.472667e+00 3.574856e+00
      vertex   1.062351e+01 1.472902e+00 3.623219e+00
      vertex   1.165462e+01 1.472902e+00 3.623219e+00
    endloop
  endfacet
  facet normal 0.000000e+00 9.719154e-01 2.353306e-01
    outer loop
      vertex   -3.062094e+01 1.472902e+00 3.623219e+00
      vertex   -3.165205e+01 1.472902e+00 3.623219e+00
      vertex   -3.062094e+01 1.461521e+00 3.670223e+00
    endloop
  endfacet
  facet normal 0.000000e+00 9.719154e-01 2.353306e-01
    outer loop
      vertex   -3.062094e+01 1.461521e+00 3.670223e+00
      vertex   -3.165205e+01 1.472902e+00 3.623219e+00
      vertex   -3.165205e+01 1.461521e+00 3.670223e+00
    endloop
  endfacet
  facet normal 0.000000e+00 8.870108e-01 4.617486e-01
    outer loop
      vertex   -3.062094e+01 1.461521e+00 3.670223e+00
      vertex   -3.165205e+01 1.461521e+00 3.670223e+00
      vertex   -3.062094e+01 1.439189e+00 3.713121e+00
    endloop
  endfacet
  facet normal 0.000000e+00 8.870108e-01 4.617486e-01
    outer loop
      vertex   -3.062094e+01 1.439189e+00 3.713121e+00
      vertex   -3.165205e+01 1.461521e+00 3.670223e+00
      vertex   -3.165205e+01 1.439189e+00 3.713121e+00
    endloop
  endfacet
  facet normal 0.000000e+00 7.502393e-01 6.611664e-01
    outer loop
      vertex   -3.062094e+01 1.439189e+00 3.713121e+00
      vertex   -3.165205e+01 1.439189e+00 3.713121e+00
      vertex   -3.062094e+01 1.407213e+00 3.749405e+00
    endloop
  endfacet
  facet normal 0.000000e+00 7.502393e-01 6.611664e-01
    outer loop
      vertex   -3.062094e+01 1.407213e+00 3.749405e+00
      vertex   -3.165205e+01 1.439189e+00 3.713121e+00
      vertex   -3.165205e+01 1.407213e+00 3.749405e+00
    endloop
  endfacet
  facet normal 0.000000e+00 5.695983e-01 8.219232e-01
    outer loop
      vertex   -3.062094e+01 1.407213e+00 3.749405e+00
      vertex   -3.165205e+01 1.407213e+00 3.749405e+00
      vertex   -3.062094e+01 1.367463e+00 3.776952e+00
    endloop
  endfacet
  facet normal 0.000000e+00 5.695983e-01 8.219232e-01
    outer loop
      vertex   -3.062094e+01 1.367463e+00 3.776952e+00
      vertex   -3.165205e+01 1.407213e+00 3.749405e+00
      vertex   -3.165205e+01 1.367463e+00 3.776952e+00
    endloop
  endfacet
  facet normal 0.000000e+00 3.556508e-01 9.346189e-01
    outer loop
      vertex   -3.062094e+01 1.367463e+00 3.776952e+00
      vertex   -3.165205e+01 1.367463e+00 3.776952e+00
      vertex   -3.062094e+01 1.322262e+00 3.794153e+00
    endloop
  endfacet
  facet normal 0.000000e+00 3.556508e-01 9.346189e-01
    outer loop
      vertex   -3.062094e+01 1.322262e+00 3.794153e+00
      vertex   -3.165205e+01 1.367463e+00 3.776952e+00
      vertex   -3.165205e+01 1.322262e+00 3.794153e+00
    endloop
  endfacet
  facet normal 0.000000e+00 1.209069e-01 9.926639e-01
    outer loop
      vertex   -3.062094e+01 1.322262e+00 3.794153e+00
      vertex   -3.165205e+01 1.322262e+00 3.794153e+00
      vertex   -3.371427e+01 1.274254e+00 3.800000e+00
    endloop
  endfacet
  facet normal -0.000000e+00 9.719154e-01 2.353306e-01
    outer loop
      vertex   -2.855872e+01 1.472902e+00 3.623219e+00
      vertex   -2.752761e+01 1.461521e+00 3.670223e+00
      vertex   -2.752761e+01 1.472902e+00 3.623219e+00
    endloop
  endfacet
  facet normal -1.054484e-18 9.719154e-01 2.353306e-01
    outer loop
      vertex   -2.752761e+01 1.472902e+00 3.623219e+00
      vertex   -2.752761e+01 1.461521e+00 3.670223e+00
      vertex   -2.649649e+01 1.461521e+00 3.670223e+00
    endloop
  endfacet
  facet normal -0.000000e+00 9.719154e-01 2.353306e-01
    outer loop
      vertex   -2.752761e+01 1.472902e+00 3.623219e+00
      vertex   -2.649649e+01 1.461521e+00 3.670223e+00
      vertex   -2.649649e+01 1.472902e+00 3.623219e+00
    endloop
  endfacet
  facet normal -1.054484e-18 9.719154e-01 2.353306e-01
    outer loop
      vertex   -2.649649e+01 1.472902e+00 3.623219e+00
      vertex   -2.649649e+01 1.461521e+00 3.670223e+00
      vertex   -2.546538e+01 1.461521e+00 3.670223e+00
    endloop
  endfacet
  facet normal -0.000000e+00 9.719154e-01 2.353306e-01
    outer loop
      vertex   -2.546538e+01 1.472902e+00 3.623219e+00
      vertex   -2.443427e+01 1.461521e+00 3.670223e+00
      vertex   -2.443427e+01 1.472902e+00 3.623219e+00
    endloop
  endfacet
  facet normal -1.054484e-18 9.719154e-01 2.353306e-01
    outer loop
      vertex   -2.443427e+01 1.472902e+00 3.623219e+00
      vertex   -2.443427e+01 1.461521e+00 3.670223e+00
      vertex   -2.340316e+01 1.461521e+00 3.670223e+00
    endloop
  endfacet
  facet normal -0.000000e+00 9.719154e-01 2.353306e-01
    outer loop
      vertex   -2.443427e+01 1.472902e+00 3.623219e+00
      vertex   -2.340316e+01 1.461521e+00 3.670223e+00
      vertex   -2.340316e+01 1.472902e+00 3.623219e+00
    endloop
  endfacet
  facet normal -1.054484e-18 9.719154e-01 2.353306e-01
    outer loop
      vertex   -2.340316e+01 1.472902e+00 3.623219e+00
      vertex   -2.340316e+01 1.461521e+00 3.670223e+00
      vertex   -2.237205e+01 1.461521e+00 3.670223e+00
    endloop
  endfacet
  facet normal 0.000000e+00 9.719154e-01 2.353306e-01
    outer loop
      vertex   -1.927872e+01 1.472902e+00 3.623219e+00
      vertex   -2.030983e+01 1.472902e+00 3.623219e+00
      vertex   -1.927872e+01 1.461521e+00 3.670223e+00
    endloop
  endfacet
  facet normal 0.000000e+00 9.719154e-01 2.353306e-01
    outer loop
      vertex   -1.927872e+01 1.461521e+00 3.670223e+00
      vertex   -2.030983e+01 1.472902e+00 3.623219e+00
      vertex   -2.030983e+01 1.461521e+00 3.670223e+00
    endloop
  endfacet
  facet normal 0.000000e+00 8.870108e-01 4.617486e-01
    outer loop
      vertex   -1.927872e+01 1.461521e+00 3.670223e+00
      vertex   -2.030983e+01 1.461521e+00 3.670223e+00
      vertex   -1.927872e+01 1.439189e+00 3.713121e+00
    endloop
  endfacet
  facet normal 0.000000e+00 8.870108e-01 4.617486e-01
    outer loop
      vertex   -1.927872e+01 1.439189e+00 3.713121e+00
      vertex   -2.030983e+01 1.461521e+00 3.670223e+00
      vertex   -2.030983e+01 1.439189e+00 3.713121e+00
    endloop
  endfacet
  facet normal 0.000000e+00 7.502393e-01 6.611664e-01
    outer loop
      vertex   -1.927872e+01 1.439189e+00 3.713121e+00
      vertex   -2.030983e+01 1.439189e+00 3.713121e+00
      vertex   -1.927872e+01 1.407213e+00 3.749405e+00
    endloop
  endfacet
  facet normal 0.000000e+00 7.502393e-01 6.611664e-01
    outer loop
      vertex   -1.927872e+01 1.407213e+00 3.749405e+00
      vertex   -2.030983e+01 1.439189e+00 3.713121e+00
      vertex   -2.030983e+01 1.407213e+00 3.749405e+00
    endloop
  endfacet
  facet normal 0.000000e+00 5.695983e-01 8.219232e-01
    outer loop
      vertex   -1.927872e+01 1.407213e+00 3.749405e+00
      vertex   -2.030983e+01 1.407213e+00 3.749405e+00
      vertex   -1.927872e+01 1.367463e+00 3.776952e+00
    endloop
  endfacet
  facet normal 0.000000e+00 5.695983e-01 8.219232e-01
    outer loop
      vertex   -1.927872e+01 1.367463e+00 3.776952e+00
      vertex   -2.030983e+01 1.407213e+00 3.749405e+00
      vertex   -2.030983e+01 1.367463e+00 3.776952e+00
    endloop
  endfacet
  facet normal 0.000000e+00 3.556508e-01 9.346189e-01
    outer loop
      vertex   -1.927872e+01 1.367463e+00 3.776952e+00
      vertex   -2.030983e+01 1.367463e+00 3.776952e+00
      vertex   -1.927872e+01 1.322262e+00 3.794153e+00
    endloop
  endfacet
  facet normal 0.000000e+00 3.556508e-01 9.346189e-01
    outer loop
      vertex   -1.927872e+01 1.322262e+00 3.794153e+00
      vertex   -2.030983e+01 1.367463e+00 3.776952e+00
      vertex   -2.030983e+01 1.322262e+00 3.794153e+00
    endloop
  endfacet
  facet normal 0.000000e+00 1.209069e-01 9.926639e-01
    outer loop
      vertex   -1.927872e+01 1.322262e+00 3.794153e+00
      vertex   -2.030983e+01 1.322262e+00 3.794153e+00
      vertex   -3.371427e+01 1.274254e+00 3.800000e+00
    endloop
  endfacet
  facet normal -0.000000e+00 9.719154e-01 2.353306e-01
    outer loop
      vertex   -1.721649e+01 1.472902e+00 3.623219e+00
      vertex   -1.618538e+01 1.461521e+00 3.670223e+00
      vertex   -1.618538e+01 1.472902e+00 3.623219e+00
    endloop
  endfacet
  facet normal -1.054484e-18 9.719154e-01 2.353306e-01
    outer loop
      vertex   -1.618538e+01 1.472902e+00 3.623219e+00
      vertex   -1.618538e+01 1.461521e+00 3.670223e+00
      vertex   -1.515427e+01 1.461521e+00 3.670223e+00
    endloop
  endfacet
  facet normal -0.000000e+00 9.719154e-01 2.353306e-01
    outer loop
      vertex   -1.618538e+01 1.472902e+00 3.623219e+00
      vertex   -1.515427e+01 1.461521e+00 3.670223e+00
      vertex   -1.515427e+01 1.472902e+00 3.623219e+00
    endloop
  endfacet
  facet normal -1.054484e-18 9.719154e-01 2.353306e-01
    outer loop
      vertex   -1.515427e+01 1.472902e+00 3.623219e+00
      vertex   -1.515427e+01 1.461521e+00 3.670223e+00
      vertex   -1.412316e+01 1.461521e+00 3.670223e+00
    endloop
  endfacet
  facet normal -0.000000e+00 9.719154e-01 2.353306e-01
    outer loop
      vertex   -1.412316e+01 1.472902e+00 3.623219e+00
      vertex   -1.309205e+01 1.461521e+00 3.670223e+00
      vertex   -1.309205e+01 1.472902e+00 3.623219e+00
    endloop
  endfacet
  facet normal -1.054484e-18 9.719154e-01 2.353306e-01
    outer loop
      vertex   -1.309205e+01 1.472902e+00 3.623219e+00
      vertex   -1.309205e+01 1.461521e+00 3.670223e+00
      vertex   -1.206094e+01 1.461521e+00 3.670223e+00
    endloop
  endfacet
  facet normal -0.000000e+00 9.719154e-01 2.353306e-01
    outer loop
      vertex   -1.309205e+01 1.472902e+00 3.623219e+00
      vertex   -1.206094e+01 1.461521e+00 3.670223e+00
      vertex   -1.206094e+01 1.472902e+00 3.623219e+00
    endloop
  endfacet
  facet normal -1.054484e-18 9.719154e-01 2.353306e-01
    outer loop
      vertex   -1.206094e+01 1.472902e+00 3.623219e+00
      vertex   -1.206094e+01 1.461521e+00 3.670223e+00
      vertex   -1.102983e+01 1.461521e+00 3.670223e+00
    endloop
  endfacet
  facet normal 0.000000e+00 9.719154e-01 2.353306e-01
    outer loop
      vertex   -6.905383e+00 1.472902e+00 3.623219e+00
      vertex   -7.936495e+00 1.472902e+00 3.623219e+00
      vertex   -6.905383e+00 1.461521e+00 3.670223e+00
    endloop
  endfacet
  facet normal -2.027091e-16 9.719154e-01 2.353306e-01
    outer loop
      vertex   -6.905383e+00 1.461521e+00 3.670223e+00
      vertex   -7.936495e+00 1.472902e+00 3.623219e+00
      vertex   -7.936495e+00 1.461521e+00 3.670223e+00
    endloop
  endfacet
  facet normal -3.977410e-16 8.870108e-01 4.617486e-01
    outer loop
      vertex   -6.905383e+00 1.461521e+00 3.670223e+00
      vertex   -7.936495e+00 1.461521e+00 3.670223e+00
      vertex   -6.905383e+00 1.439189e+00 3.713121e+00
    endloop
  endfacet
  facet normal 0.000000e+00 8.870108e-01 4.617486e-01
    outer loop
      vertex   -6.905383e+00 1.439189e+00 3.713121e+00
      vertex   -7.936495e+00 1.461521e+00 3.670223e+00
      vertex   -7.936495e+00 1.439189e+00 3.713121e+00
    endloop
  endfacet
  facet normal 0.000000e+00 7.502393e-01 6.611664e-01
    outer loop
      vertex   -6.905383e+00 1.439189e+00 3.713121e+00
      vertex   -7.936495e+00 1.439189e+00 3.713121e+00
      vertex   -6.905383e+00 1.407213e+00 3.749405e+00
    endloop
  endfacet
  facet normal 0.000000e+00 7.502393e-01 6.611664e-01
    outer loop
      vertex   -6.905383e+00 1.407213e+00 3.749405e+00
      vertex   -7.936495e+00 1.439189e+00 3.713121e+00
      vertex   -7.936495e+00 1.407213e+00 3.749405e+00
    endloop
  endfacet
  facet normal 0.000000e+00 5.695983e-01 8.219232e-01
    outer loop
      vertex   -6.905383e+00 1.407213e+00 3.749405e+00
      vertex   -7.936495e+00 1.407213e+00 3.749405e+00
      vertex   -6.905383e+00 1.367463e+00 3.776952e+00
    endloop
  endfacet
  facet normal 0.000000e+00 5.695983e-01 8.219232e-01
    outer loop
      vertex   -6.905383e+00 1.367463e+00 3.776952e+00
      vertex   -7.936495e+00 1.407213e+00 3.749405e+00
      vertex   -7.936495e+00 1.367463e+00 3.776952e+00
    endloop
  endfacet
  facet normal 0.000000e+00 3.556508e-01 9.346189e-01
    outer loop
      vertex   -6.905383e+00 1.367463e+00 3.776952e+00
      vertex   -7.936495e+00 1.367463e+00 3.776952e+00
      vertex   -6.905383e+00 1.322262e+00 3.794153e+00
    endloop
  endfacet
  facet normal 0.000000e+00 3.556508e-01 9.346189e-01
    outer loop
      vertex   -6.905383e+00 1.322262e+00 3.794153e+00
      vertex   -7.936495e+00 1.367463e+00 3.776952e+00
      vertex   -7.936495e+00 1.322262e+00 3.794153e+00
    endloop
  endfacet
  facet normal 0.000000e+00 1.209069e-01 9.926639e-01
    outer loop
      vertex   -6.905383e+00 1.322262e+00 3.794153e+00
      vertex   -7.936495e+00 1.322262e+00 3.794153e+00
      vertex   1.268573e+01 1.274254e+00 3.800000e+00
    endloop
  endfacet
  facet normal -0.000000e+00 9.719154e-01 2.353306e-01
    outer loop
      vertex   -4.843161e+00 1.472902e+00 3.623219e+00
      vertex   -3.812050e+00 1.461521e+00 3.670223e+00
      vertex   -3.812050e+00 1.472902e+00 3.623219e+00
    endloop
  endfacet
  facet normal 6.085740e-19 9.719154e-01 2.353306e-01
    outer loop
      vertex   -3.812050e+00 1.472902e+00 3.623219e+00
      vertex   -3.812050e+00 1.461521e+00 3.670223e+00
      vertex   -2.780939e+00 1.461521e+00 3.670223e+00
    endloop
  endfacet
  facet normal -0.000000e+00 9.719154e-01 2.353306e-01
    outer loop
      vertex   -3.812050e+00 1.472902e+00 3.623219e+00
      vertex   -2.780939e+00 1.461521e+00 3.670223e+00
      vertex   -2.780939e+00 1.472902e+00 3.623219e+00
    endloop
  endfacet
  facet normal 6.085740e-19 9.719154e-01 2.353306e-01
    outer loop
      vertex   -2.780939e+00 1.472902e+00 3.623219e+00
      vertex   -2.780939e+00 1.461521e+00 3.670223e+00
      vertex   -1.749828e+00 1.461521e+00 3.670223e+00
    endloop
  endfacet
  facet normal -0.000000e+00 9.719154e-01 2.353306e-01
    outer loop
      vertex   -1.749828e+00 1.472902e+00 3.623219e+00
      vertex   -7.187167e-01 1.461521e+00 3.670223e+00
      vertex   -7.187167e-01 1.472902e+00 3.623219e+00
    endloop
  endfacet
  facet normal 6.085740e-19 9.719154e-01 2.353306e-01
    outer loop
      vertex   -7.187167e-01 1.472902e+00 3.623219e+00
      vertex   -7.187167e-01 1.461521e+00 3.670223e+00
      vertex   3.123944e-01 1.461521e+00 3.670223e+00
    endloop
  endfacet
  facet normal -0.000000e+00 9.719154e-01 2.353306e-01
    outer loop
      vertex   -7.187167e-01 1.472902e+00 3.623219e+00
      vertex   3.123944e-01 1.461521e+00 3.670223e+00
      vertex   3.123944e-01 1.472902e+00 3.623219e+00
    endloop
  endfacet
  facet normal 6.085740e-19 9.719154e-01 2.353306e-01
    outer loop
      vertex   3.123944e-01 1.472902e+00 3.623219e+00
      vertex   3.123944e-01 1.461521e+00 3.670223e+00
      vertex   1.343505e+00 1.461521e+00 3.670223e+00
    endloop
  endfacet
  facet normal 0.000000e+00 9.719154e-01 2.353306e-01
    outer loop
      vertex   4.436839e+00 1.472902e+00 3.623219e+00
      vertex   3.405728e+00 1.472902e+00 3.623219e+00
      vertex   4.436839e+00 1.461521e+00 3.670223e+00
    endloop
  endfacet
  facet normal 0.000000e+00 9.719154e-01 2.353306e-01
    outer loop
      vertex   4.436839e+00 1.461521e+00 3.670223e+00
      vertex   3.405728e+00 1.472902e+00 3.623219e+00
      vertex   3.405728e+00 1.461521e+00 3.670223e+00
    endloop
  endfacet
  facet normal 0.000000e+00 8.870108e-01 4.617486e-01
    outer loop
      vertex   4.436839e+00 1.461521e+00 3.670223e+00
      vertex   3.405728e+00 1.461521e+00 3.670223e+00
      vertex   4.436839e+00 1.439189e+00 3.713121e+00
    endloop
  endfacet
  facet normal 0.000000e+00 8.870108e-01 4.617486e-01
    outer loop
      vertex   4.436839e+00 1.439189e+00 3.713121e+00
      vertex   3.405728e+00 1.461521e+00 3.670223e+00
      vertex   3.405728e+00 1.439189e+00 3.713121e+00
    endloop
  endfacet
  facet normal 0.000000e+00 7.502393e-01 6.611664e-01
    outer loop
      vertex   4.436839e+00 1.439189e+00 3.713121e+00
      vertex   3.405728e+00 1.439189e+00 3.713121e+00
      vertex   4.436839e+00 1.407213e+00 3.749405e+00
    endloop
  endfacet
  facet normal 0.000000e+00 7.502393e-01 6.611664e-01
    outer loop
      vertex   4.436839e+00 1.407213e+00 3.749405e+00
      vertex   3.405728e+00 1.439189e+00 3.713121e+00
      vertex   3.405728e+00 1.407213e+00 3.749405e+00
    endloop
  endfacet
  facet normal 0.000000e+00 5.695983e-01 8.219232e-01
    outer loop
      vertex   4.436839e+00 1.407213e+00 3.749405e+00
      vertex   3.405728e+00 1.407213e+00 3.749405e+00
      vertex   4.436839e+00 1.367463e+00 3.776952e+00
    endloop
  endfacet
  facet normal 0.000000e+00 5.695983e-01 8.219232e-01
    outer loop
      vertex   4.436839e+00 1.367463e+00 3.776952e+00
      vertex   3.405728e+00 1.407213e+00 3.749405e+00
      vertex   3.405728e+00 1.367463e+00 3.776952e+00
    endloop
  endfacet
  facet normal 0.000000e+00 3.556508e-01 9.346189e-01
    outer loop
      vertex   4.436839e+00 1.367463e+00 3.776952e+00
      vertex   3.405728e+00 1.367463e+00 3.776952e+00
      vertex   4.436839e+00 1.322262e+00 3.794153e+00
    endloop
  endfacet
  facet normal 0.000000e+00 3.556508e-01 9.346189e-01
    outer loop
      vertex   4.436839e+00 1.322262e+00 3.794153e+00
      vertex   3.405728e+00 1.367463e+00 3.776952e+00
      vertex   3.405728e+00 1.322262e+00 3.794153e+00
    endloop
  endfacet
  facet normal 0.000000e+00 1.209069e-01 9.926639e-01
    outer loop
      vertex   4.436839e+00 1.322262e+00 3.794153e+00
      vertex   3.405728e+00 1.322262e+00 3.794153e+00
      vertex   1.268573e+01 1.274254e+00 3.800000e+00
    endloop
  endfacet
  facet normal -0.000000e+00 9.719154e-01 2.353306e-01
    outer loop
      vertex   6.499061e+00 1.472902e+00 3.623219e+00
      vertex   7.530172e+00 1.461521e+00 3.670223e+00
      vertex   7.530172e+00 1.472902e+00 3.623219e+00
    endloop
  endfacet
  facet normal 6.085740e-19 9.719154e-01 2.353306e-01
    outer loop
      vertex   7.530172e+00 1.472902e+00 3.623219e+00
      vertex   7.530172e+00 1.461521e+00 3.670223e+00
      vertex   8.561283e+00 1.461521e+00 3.670223e+00
    endloop
  endfacet
  facet normal -0.000000e+00 9.719154e-01 2.353306e-01
    outer loop
      vertex   7.530172e+00 1.472902e+00 3.623219e+00
      vertex   8.561283e+00 1.461521e+00 3.670223e+00
      vertex   8.561283e+00 1.472902e+00 3.623219e+00
    endloop
  endfacet
  facet normal 6.085740e-19 9.719154e-01 2.353306e-01
    outer loop
      vertex   8.561283e+00 1.472902e+00 3.623219e+00
      vertex   8.561283e+00 1.461521e+00 3.670223e+00
      vertex   9.592394e+00 1.461521e+00 3.670223e+00
    endloop
  endfacet
  facet normal 6.085740e-19 9.719154e-01 2.353306e-01
    outer loop
      vertex   1.165462e+01 1.461521e+00 3.670223e+00
      vertex   1.165462e+01 1.472902e+00 3.623219e+00
      vertex   1.062351e+01 1.472902e+00 3.623219e+00
    endloop
  endfacet
  facet normal 0.000000e+00 9.719154e-01 2.353306e-01
    outer loop
      vertex   1.165462e+01 1.461521e+00 3.670223e+00
      vertex   1.062351e+01 1.472902e+00 3.623219e+00
      vertex   1.062351e+01 1.461521e+00 3.670223e+00
    endloop
  endfacet
  facet normal 6.085740e-19 9.719154e-01 2.353306e-01
    outer loop
      vertex   1.062351e+01 1.461521e+00 3.670223e+00
      vertex   1.062351e+01 1.472902e+00 3.623219e+00
      vertex   9.592394e+00 1.472902e+00 3.623219e+00
    endloop
  endfacet
  facet normal -1.054484e-18 9.719154e-01 2.353306e-01
    outer loop
      vertex   -3.062094e+01 1.472902e+00 3.623219e+00
      vertex   -3.062094e+01 1.461521e+00 3.670223e+00
      vertex   -2.958983e+01 1.461521e+00 3.670223e+00
    endloop
  endfacet
  facet normal 0.000000e+00 8.870108e-01 4.617486e-01
    outer loop
      vertex   -2.958983e+01 1.461521e+00 3.670223e+00
      vertex   -3.062094e+01 1.461521e+00 3.670223e+00
      vertex   -2.958983e+01 1.439189e+00 3.713121e+00
    endloop
  endfacet
  facet normal -5.402355e-19 8.870108e-01 4.617486e-01
    outer loop
      vertex   -2.958983e+01 1.461521e+00 3.670223e+00
      vertex   -2.958983e+01 1.439189e+00 3.713121e+00
      vertex   -2.855872e+01 1.439189e+00 3.713121e+00
    endloop
  endfacet
  facet normal 0.000000e+00 7.502393e-01 6.611664e-01
    outer loop
      vertex   -2.855872e+01 1.439189e+00 3.713121e+00
      vertex   -2.958983e+01 1.439189e+00 3.713121e+00
      vertex   -2.855872e+01 1.407213e+00 3.749405e+00
    endloop
  endfacet
  facet normal -1.166763e-18 7.502393e-01 6.611664e-01
    outer loop
      vertex   -2.855872e+01 1.439189e+00 3.713121e+00
      vertex   -2.855872e+01 1.407213e+00 3.749405e+00
      vertex   -2.752761e+01 1.407213e+00 3.749405e+00
    endloop
  endfacet
  facet normal 0.000000e+00 5.695983e-01 8.219232e-01
    outer loop
      vertex   -2.752761e+01 1.407213e+00 3.749405e+00
      vertex   -2.855872e+01 1.407213e+00 3.749405e+00
      vertex   -2.752761e+01 1.367463e+00 3.776952e+00
    endloop
  endfacet
  facet normal -1.949313e-18 5.695983e-01 8.219232e-01
    outer loop
      vertex   -2.752761e+01 1.407213e+00 3.749405e+00
      vertex   -2.752761e+01 1.367463e+00 3.776952e+00
      vertex   -2.649649e+01 1.367463e+00 3.776952e+00
    endloop
  endfacet
  facet normal 0.000000e+00 3.556508e-01 9.346189e-01
    outer loop
      vertex   -2.649649e+01 1.367463e+00 3.776952e+00
      vertex   -2.752761e+01 1.367463e+00 3.776952e+00
      vertex   -2.649649e+01 1.322262e+00 3.794153e+00
    endloop
  endfacet
  facet normal 5.234583e-19 3.556508e-01 9.346189e-01
    outer loop
      vertex   -2.649649e+01 1.367463e+00 3.776952e+00
      vertex   -2.649649e+01 1.322262e+00 3.794153e+00
      vertex   -2.546538e+01 1.322262e+00 3.794153e+00
    endloop
  endfacet
  facet normal 0.000000e+00 1.209069e-01 9.926639e-01
    outer loop
      vertex   -2.546538e+01 1.322262e+00 3.794153e+00
      vertex   -2.649649e+01 1.322262e+00 3.794153e+00
      vertex   -3.371427e+01 1.274254e+00 3.800000e+00
    endloop
  endfacet
  facet normal 0.000000e+00 8.870108e-01 4.617486e-01
    outer loop
      vertex   -2.958983e+01 1.439189e+00 3.713121e+00
      vertex   -3.062094e+01 1.461521e+00 3.670223e+00
      vertex   -3.062094e+01 1.439189e+00 3.713121e+00
    endloop
  endfacet
  facet normal -0.000000e+00 8.870108e-01 4.617486e-01
    outer loop
      vertex   -2.752761e+01 1.461521e+00 3.670223e+00
      vertex   -2.649649e+01 1.439189e+00 3.713121e+00
      vertex   -2.649649e+01 1.461521e+00 3.670223e+00
    endloop
  endfacet
  facet normal -5.402355e-19 8.870108e-01 4.617486e-01
    outer loop
      vertex   -2.649649e+01 1.461521e+00 3.670223e+00
      vertex   -2.649649e+01 1.439189e+00 3.713121e+00
      vertex   -2.546538e+01 1.439189e+00 3.713121e+00
    endloop
  endfacet
  facet normal -0.000000e+00 8.870108e-01 4.617486e-01
    outer loop
      vertex   -2.649649e+01 1.461521e+00 3.670223e+00
      vertex   -2.546538e+01 1.439189e+00 3.713121e+00
      vertex   -2.546538e+01 1.461521e+00 3.670223e+00
    endloop
  endfacet
  facet normal -5.402355e-19 8.870108e-01 4.617486e-01
    outer loop
      vertex   -2.546538e+01 1.461521e+00 3.670223e+00
      vertex   -2.546538e+01 1.439189e+00 3.713121e+00
      vertex   -2.443427e+01 1.439189e+00 3.713121e+00
    endloop
  endfacet
  facet normal -5.402355e-19 8.870108e-01 4.617486e-01
    outer loop
      vertex   -2.237205e+01 1.439189e+00 3.713121e+00
      vertex   -2.237205e+01 1.461521e+00 3.670223e+00
      vertex   -2.340316e+01 1.461521e+00 3.670223e+00
    endloop
  endfacet
  facet normal 0.000000e+00 8.870108e-01 4.617486e-01
    outer loop
      vertex   -2.237205e+01 1.439189e+00 3.713121e+00
      vertex   -2.340316e+01 1.461521e+00 3.670223e+00
      vertex   -2.340316e+01 1.439189e+00 3.713121e+00
    endloop
  endfacet
  facet normal -5.402355e-19 8.870108e-01 4.617486e-01
    outer loop
      vertex   -2.340316e+01 1.439189e+00 3.713121e+00
      vertex   -2.340316e+01 1.461521e+00 3.670223e+00
      vertex   -2.443427e+01 1.461521e+00 3.670223e+00
    endloop
  endfacet
  facet normal -1.054484e-18 9.719154e-01 2.353306e-01
    outer loop
      vertex   -1.927872e+01 1.472902e+00 3.623219e+00
      vertex   -1.927872e+01 1.461521e+00 3.670223e+00
      vertex   -1.824761e+01 1.461521e+00 3.670223e+00
    endloop
  endfacet
  facet normal 0.000000e+00 8.870108e-01 4.617486e-01
    outer loop
      vertex   -1.824761e+01 1.461521e+00 3.670223e+00
      vertex   -1.927872e+01 1.461521e+00 3.670223e+00
      vertex   -1.824761e+01 1.439189e+00 3.713121e+00
    endloop
  endfacet
  facet normal -5.402355e-19 8.870108e-01 4.617486e-01
    outer loop
      vertex   -1.824761e+01 1.461521e+00 3.670223e+00
      vertex   -1.824761e+01 1.439189e+00 3.713121e+00
      vertex   -1.721649e+01 1.439189e+00 3.713121e+00
    endloop
  endfacet
  facet normal 0.000000e+00 7.502393e-01 6.611664e-01
    outer loop
      vertex   -1.721649e+01 1.439189e+00 3.713121e+00
      vertex   -1.824761e+01 1.439189e+00 3.713121e+00
      vertex   -1.721649e+01 1.407213e+00 3.749405e+00
    endloop
  endfacet
  facet normal -1.166763e-18 7.502393e-01 6.611664e-01
    outer loop
      vertex   -1.721649e+01 1.439189e+00 3.713121e+00
      vertex   -1.721649e+01 1.407213e+00 3.749405e+00
      vertex   -1.618538e+01 1.407213e+00 3.749405e+00
    endloop
  endfacet
  facet normal 0.000000e+00 5.695983e-01 8.219232e-01
    outer loop
      vertex   -1.618538e+01 1.407213e+00 3.749405e+00
      vertex   -1.721649e+01 1.407213e+00 3.749405e+00
      vertex   -1.618538e+01 1.367463e+00 3.776952e+00
    endloop
  endfacet
  facet normal -1.949313e-18 5.695983e-01 8.219232e-01
    outer loop
      vertex   -1.618538e+01 1.407213e+00 3.749405e+00
      vertex   -1.618538e+01 1.367463e+00 3.776952e+00
      vertex   -1.515427e+01 1.367463e+00 3.776952e+00
    endloop
  endfacet
  facet normal 0.000000e+00 3.556508e-01 9.346189e-01
    outer loop
      vertex   -1.515427e+01 1.367463e+00 3.776952e+00
      vertex   -1.618538e+01 1.367463e+00 3.776952e+00
      vertex   -1.515427e+01 1.322262e+00 3.794153e+00
    endloop
  endfacet
  facet normal 5.234583e-19 3.556508e-01 9.346189e-01
    outer loop
      vertex   -1.515427e+01 1.367463e+00 3.776952e+00
      vertex   -1.515427e+01 1.322262e+00 3.794153e+00
      vertex   -1.412316e+01 1.322262e+00 3.794153e+00
    endloop
  endfacet
  facet normal 0.000000e+00 1.209069e-01 9.926639e-01
    outer loop
      vertex   -1.412316e+01 1.322262e+00 3.794153e+00
      vertex   -1.515427e+01 1.322262e+00 3.794153e+00
      vertex   -3.371427e+01 1.274254e+00 3.800000e+00
    endloop
  endfacet
  facet normal 0.000000e+00 8.870108e-01 4.617486e-01
    outer loop
      vertex   -1.824761e+01 1.439189e+00 3.713121e+00
      vertex   -1.927872e+01 1.461521e+00 3.670223e+00
      vertex   -1.927872e+01 1.439189e+00 3.713121e+00
    endloop
  endfacet
  facet normal -0.000000e+00 8.870108e-01 4.617486e-01
    outer loop
      vertex   -1.618538e+01 1.461521e+00 3.670223e+00
      vertex   -1.515427e+01 1.439189e+00 3.713121e+00
      vertex   -1.515427e+01 1.461521e+00 3.670223e+00
    endloop
  endfacet
  facet normal -5.402355e-19 8.870108e-01 4.617486e-01
    outer loop
      vertex   -1.515427e+01 1.461521e+00 3.670223e+00
      vertex   -1.515427e+01 1.439189e+00 3.713121e+00
      vertex   -1.412316e+01 1.439189e+00 3.713121e+00
    endloop
  endfacet
  facet normal -0.000000e+00 8.870108e-01 4.617486e-01
    outer loop
      vertex   -1.515427e+01 1.461521e+00 3.670223e+00
      vertex   -1.412316e+01 1.439189e+00 3.713121e+00
      vertex   -1.412316e+01 1.461521e+00 3.670223e+00
    endloop
  endfacet
  facet normal -5.402355e-19 8.870108e-01 4.617486e-01
    outer loop
      vertex   -1.412316e+01 1.461521e+00 3.670223e+00
      vertex   -1.412316e+01 1.439189e+00 3.713121e+00
      vertex   -1.309205e+01 1.439189e+00 3.713121e+00
    endloop
  endfacet
  facet normal -5.402355e-19 8.870108e-01 4.617486e-01
    outer loop
      vertex   -1.102983e+01 1.439189e+00 3.713121e+00
      vertex   -1.102983e+01 1.461521e+00 3.670223e+00
      vertex   -1.206094e+01 1.461521e+00 3.670223e+00
    endloop
  endfacet
  facet normal 0.000000e+00 8.870108e-01 4.617486e-01
    outer loop
      vertex   -1.102983e+01 1.439189e+00 3.713121e+00
      vertex   -1.206094e+01 1.461521e+00 3.670223e+00
      vertex   -1.206094e+01 1.439189e+00 3.713121e+00
    endloop
  endfacet
  facet normal -5.402355e-19 8.870108e-01 4.617486e-01
    outer loop
      vertex   -1.206094e+01 1.439189e+00 3.713121e+00
      vertex   -1.206094e+01 1.461521e+00 3.670223e+00
      vertex   -1.309205e+01 1.461521e+00 3.670223e+00
    endloop
  endfacet
  facet normal 6.085740e-19 9.719154e-01 2.353306e-01
    outer loop
      vertex   -6.905383e+00 1.472902e+00 3.623219e+00
      vertex   -6.905383e+00 1.461521e+00 3.670223e+00
      vertex   -5.874272e+00 1.461521e+00 3.670223e+00
    endloop
  endfacet
  facet normal 0.000000e+00 8.870108e-01 4.617486e-01
    outer loop
      vertex   -5.874272e+00 1.461521e+00 3.670223e+00
      vertex   -6.905383e+00 1.461521e+00 3.670223e+00
      vertex   -5.874272e+00 1.439189e+00 3.713121e+00
    endloop
  endfacet
  facet normal -6.726116e-19 8.870108e-01 4.617486e-01
    outer loop
      vertex   -5.874272e+00 1.461521e+00 3.670223e+00
      vertex   -5.874272e+00 1.439189e+00 3.713121e+00
      vertex   -4.843161e+00 1.439189e+00 3.713121e+00
    endloop
  endfacet
  facet normal 0.000000e+00 7.502393e-01 6.611664e-01
    outer loop
      vertex   -4.843161e+00 1.439189e+00 3.713121e+00
      vertex   -5.874272e+00 1.439189e+00 3.713121e+00
      vertex   -4.843161e+00 1.407213e+00 3.749405e+00
    endloop
  endfacet
  facet normal -1.166763e-18 7.502393e-01 6.611664e-01
    outer loop
      vertex   -4.843161e+00 1.439189e+00 3.713121e+00
      vertex   -4.843161e+00 1.407213e+00 3.749405e+00
      vertex   -3.812050e+00 1.407213e+00 3.749405e+00
    endloop
  endfacet
  facet normal 0.000000e+00 5.695983e-01 8.219232e-01
    outer loop
      vertex   -3.812050e+00 1.407213e+00 3.749405e+00
      vertex   -4.843161e+00 1.407213e+00 3.749405e+00
      vertex   -3.812050e+00 1.367463e+00 3.776952e+00
    endloop
  endfacet
  facet normal -1.949313e-18 5.695983e-01 8.219232e-01
    outer loop
      vertex   -3.812050e+00 1.407213e+00 3.749405e+00
      vertex   -3.812050e+00 1.367463e+00 3.776952e+00
      vertex   -2.780939e+00 1.367463e+00 3.776952e+00
    endloop
  endfacet
  facet normal 0.000000e+00 3.556508e-01 9.346189e-01
    outer loop
      vertex   -2.780939e+00 1.367463e+00 3.776952e+00
      vertex   -3.812050e+00 1.367463e+00 3.776952e+00
      vertex   -2.780939e+00 1.322262e+00 3.794153e+00
    endloop
  endfacet
  facet normal 5.234583e-19 3.556508e-01 9.346189e-01
    outer loop
      vertex   -2.780939e+00 1.367463e+00 3.776952e+00
      vertex   -2.780939e+00 1.322262e+00 3.794153e+00
      vertex   -1.749828e+00 1.322262e+00 3.794153e+00
    endloop
  endfacet
  facet normal 0.000000e+00 1.209069e-01 9.926639e-01
    outer loop
      vertex   -1.749828e+00 1.322262e+00 3.794153e+00
      vertex   -2.780939e+00 1.322262e+00 3.794153e+00
      vertex   1.268573e+01 1.274254e+00 3.800000e+00
    endloop
  endfacet
  facet normal 0.000000e+00 8.870108e-01 4.617486e-01
    outer loop
      vertex   -5.874272e+00 1.439189e+00 3.713121e+00
      vertex   -6.905383e+00 1.461521e+00 3.670223e+00
      vertex   -6.905383e+00 1.439189e+00 3.713121e+00
    endloop
  endfacet
  facet normal -0.000000e+00 8.870108e-01 4.617486e-01
    outer loop
      vertex   -3.812050e+00 1.461521e+00 3.670223e+00
      vertex   -2.780939e+00 1.439189e+00 3.713121e+00
      vertex   -2.780939e+00 1.461521e+00 3.670223e+00
    endloop
  endfacet
  facet normal -6.726116e-19 8.870108e-01 4.617486e-01
    outer loop
      vertex   -2.780939e+00 1.461521e+00 3.670223e+00
      vertex   -2.780939e+00 1.439189e+00 3.713121e+00
      vertex   -1.749828e+00 1.439189e+00 3.713121e+00
    endloop
  endfacet
  facet normal -0.000000e+00 8.870108e-01 4.617486e-01
    outer loop
      vertex   -2.780939e+00 1.461521e+00 3.670223e+00
      vertex   -1.749828e+00 1.439189e+00 3.713121e+00
      vertex   -1.749828e+00 1.461521e+00 3.670223e+00
    endloop
  endfacet
  facet normal -6.726116e-19 8.870108e-01 4.617486e-01
    outer loop
      vertex   -1.749828e+00 1.461521e+00 3.670223e+00
      vertex   -1.749828e+00 1.439189e+00 3.713121e+00
      vertex   -7.187167e-01 1.439189e+00 3.713121e+00
    endloop
  endfacet
  facet normal -6.726116e-19 8.870108e-01 4.617486e-01
    outer loop
      vertex   1.343505e+00 1.439189e+00 3.713121e+00
      vertex   1.343505e+00 1.461521e+00 3.670223e+00
      vertex   3.123944e-01 1.461521e+00 3.670223e+00
    endloop
  endfacet
  facet normal 0.000000e+00 8.870108e-01 4.617486e-01
    outer loop
      vertex   1.343505e+00 1.439189e+00 3.713121e+00
      vertex   3.123944e-01 1.461521e+00 3.670223e+00
      vertex   3.123944e-01 1.439189e+00 3.713121e+00
    endloop
  endfacet
  facet normal -6.726116e-19 8.870108e-01 4.617486e-01
    outer loop
      vertex   3.123944e-01 1.439189e+00 3.713121e+00
      vertex   3.123944e-01 1.461521e+00 3.670223e+00
      vertex   -7.187167e-01 1.461521e+00 3.670223e+00
    endloop
  endfacet
  facet normal 6.085740e-19 9.719154e-01 2.353306e-01
    outer loop
      vertex   4.436839e+00 1.472902e+00 3.623219e+00
      vertex   4.436839e+00 1.461521e+00 3.670223e+00
      vertex   5.467950e+00 1.461521e+00 3.670223e+00
    endloop
  endfacet
  facet normal 0.000000e+00 8.870108e-01 4.617486e-01
    outer loop
      vertex   5.467950e+00 1.461521e+00 3.670223e+00
      vertex   4.436839e+00 1.461521e+00 3.670223e+00
      vertex   5.467950e+00 1.439189e+00 3.713121e+00
    endloop
  endfacet
  facet normal -6.726116e-19 8.870108e-01 4.617486e-01
    outer loop
      vertex   5.467950e+00 1.461521e+00 3.670223e+00
      vertex   5.467950e+00 1.439189e+00 3.713121e+00
      vertex   6.499061e+00 1.439189e+00 3.713121e+00
    endloop
  endfacet
  facet normal 0.000000e+00 7.502393e-01 6.611664e-01
    outer loop
      vertex   6.499061e+00 1.439189e+00 3.713121e+00
      vertex   5.467950e+00 1.439189e+00 3.713121e+00
      vertex   6.499061e+00 1.407213e+00 3.749405e+00
    endloop
  endfacet
  facet normal -1.166763e-18 7.502393e-01 6.611664e-01
    outer loop
      vertex   6.499061e+00 1.439189e+00 3.713121e+00
      vertex   6.499061e+00 1.407213e+00 3.749405e+00
      vertex   7.530172e+00 1.407213e+00 3.749405e+00
    endloop
  endfacet
  facet normal 0.000000e+00 5.695983e-01 8.219232e-01
    outer loop
      vertex   7.530172e+00 1.407213e+00 3.749405e+00
      vertex   6.499061e+00 1.407213e+00 3.749405e+00
      vertex   7.530172e+00 1.367463e+00 3.776952e+00
    endloop
  endfacet
  facet normal -1.949313e-18 5.695983e-01 8.219232e-01
    outer loop
      vertex   7.530172e+00 1.407213e+00 3.749405e+00
      vertex   7.530172e+00 1.367463e+00 3.776952e+00
      vertex   8.561283e+00 1.367463e+00 3.776952e+00
    endloop
  endfacet
  facet normal 0.000000e+00 3.556508e-01 9.346189e-01
    outer loop
      vertex   8.561283e+00 1.367463e+00 3.776952e+00
      vertex   7.530172e+00 1.367463e+00 3.776952e+00
      vertex   8.561283e+00 1.322262e+00 3.794153e+00
    endloop
  endfacet
  facet normal 5.234583e-19 3.556508e-01 9.346189e-01
    outer loop
      vertex   8.561283e+00 1.367463e+00 3.776952e+00
      vertex   8.561283e+00 1.322262e+00 3.794153e+00
      vertex   9.592394e+00 1.322262e+00 3.794153e+00
    endloop
  endfacet
  facet normal 0.000000e+00 1.209069e-01 9.926639e-01
    outer loop
      vertex   9.592394e+00 1.322262e+00 3.794153e+00
      vertex   8.561283e+00 1.322262e+00 3.794153e+00
      vertex   1.268573e+01 1.274254e+00 3.800000e+00
    endloop
  endfacet
  facet normal 0.000000e+00 8.870108e-01 4.617486e-01
    outer loop
      vertex   5.467950e+00 1.439189e+00 3.713121e+00
      vertex   4.436839e+00 1.461521e+00 3.670223e+00
      vertex   4.436839e+00 1.439189e+00 3.713121e+00
    endloop
  endfacet
  facet normal -0.000000e+00 8.870108e-01 4.617486e-01
    outer loop
      vertex   7.530172e+00 1.461521e+00 3.670223e+00
      vertex   8.561283e+00 1.439189e+00 3.713121e+00
      vertex   8.561283e+00 1.461521e+00 3.670223e+00
    endloop
  endfacet
  facet normal -6.726116e-19 8.870108e-01 4.617486e-01
    outer loop
      vertex   8.561283e+00 1.461521e+00 3.670223e+00
      vertex   8.561283e+00 1.439189e+00 3.713121e+00
      vertex   9.592394e+00 1.439189e+00 3.713121e+00
    endloop
  endfacet
  facet normal -0.000000e+00 8.870108e-01 4.617486e-01
    outer loop
      vertex   8.561283e+00 1.461521e+00 3.670223e+00
      vertex   9.592394e+00 1.439189e+00 3.713121e+00
      vertex   9.592394e+00 1.461521e+00 3.670223e+00
    endloop
  endfacet
  facet normal -6.726116e-19 8.870108e-01 4.617486e-01
    outer loop
      vertex   9.592394e+00 1.461521e+00 3.670223e+00
      vertex   9.592394e+00 1.439189e+00 3.713121e+00
      vertex   1.062351e+01 1.439189e+00 3.713121e+00
    endloop
  endfacet
  facet normal -6.726116e-19 8.870108e-01 4.617486e-01
    outer loop
      vertex   1.165462e+01 1.439189e+00 3.713121e+00
      vertex   1.165462e+01 1.461521e+00 3.670223e+00
      vertex   1.062351e+01 1.461521e+00 3.670223e+00
    endloop
  endfacet
  facet normal 0.000000e+00 7.502393e-01 6.611664e-01
    outer loop
      vertex   -2.958983e+01 1.439189e+00 3.713121e+00
      vertex   -3.062094e+01 1.439189e+00 3.713121e+00
      vertex   -2.958983e+01 1.407213e+00 3.749405e+00
    endloop
  endfacet
  facet normal 0.000000e+00 7.502393e-01 6.611664e-01
    outer loop
      vertex   -2.958983e+01 1.407213e+00 3.749405e+00
      vertex   -3.062094e+01 1.439189e+00 3.713121e+00
      vertex   -3.062094e+01 1.407213e+00 3.749405e+00
    endloop
  endfacet
  facet normal 0.000000e+00 5.695983e-01 8.219232e-01
    outer loop
      vertex   -2.958983e+01 1.407213e+00 3.749405e+00
      vertex   -3.062094e+01 1.407213e+00 3.749405e+00
      vertex   -2.958983e+01 1.367463e+00 3.776952e+00
    endloop
  endfacet
  facet normal 0.000000e+00 5.695983e-01 8.219232e-01
    outer loop
      vertex   -2.958983e+01 1.367463e+00 3.776952e+00
      vertex   -3.062094e+01 1.407213e+00 3.749405e+00
      vertex   -3.062094e+01 1.367463e+00 3.776952e+00
    endloop
  endfacet
  facet normal 0.000000e+00 3.556508e-01 9.346189e-01
    outer loop
      vertex   -2.958983e+01 1.367463e+00 3.776952e+00
      vertex   -3.062094e+01 1.367463e+00 3.776952e+00
      vertex   -2.958983e+01 1.322262e+00 3.794153e+00
    endloop
  endfacet
  facet normal 0.000000e+00 3.556508e-01 9.346189e-01
    outer loop
      vertex   -2.958983e+01 1.322262e+00 3.794153e+00
      vertex   -3.062094e+01 1.367463e+00 3.776952e+00
      vertex   -3.062094e+01 1.322262e+00 3.794153e+00
    endloop
  endfacet
  facet normal 0.000000e+00 1.209069e-01 9.926639e-01
    outer loop
      vertex   -2.958983e+01 1.322262e+00 3.794153e+00
      vertex   -3.062094e+01 1.322262e+00 3.794153e+00
      vertex   -3.371427e+01 1.274254e+00 3.800000e+00
    endloop
  endfacet
  facet normal -0.000000e+00 7.502393e-01 6.611664e-01
    outer loop
      vertex   -2.649649e+01 1.439189e+00 3.713121e+00
      vertex   -2.546538e+01 1.407213e+00 3.749405e+00
      vertex   -2.546538e+01 1.439189e+00 3.713121e+00
    endloop
  endfacet
  facet normal -1.166763e-18 7.502393e-01 6.611664e-01
    outer loop
      vertex   -2.546538e+01 1.439189e+00 3.713121e+00
      vertex   -2.546538e+01 1.407213e+00 3.749405e+00
      vertex   -2.443427e+01 1.407213e+00 3.749405e+00
    endloop
  endfacet
  facet normal -0.000000e+00 7.502393e-01 6.611664e-01
    outer loop
      vertex   -2.546538e+01 1.439189e+00 3.713121e+00
      vertex   -2.443427e+01 1.407213e+00 3.749405e+00
      vertex   -2.443427e+01 1.439189e+00 3.713121e+00
    endloop
  endfacet
  facet normal -1.166763e-18 7.502393e-01 6.611664e-01
    outer loop
      vertex   -2.443427e+01 1.439189e+00 3.713121e+00
      vertex   -2.443427e+01 1.407213e+00 3.749405e+00
      vertex   -2.340316e+01 1.407213e+00 3.749405e+00
    endloop
  endfacet
  facet normal -1.166763e-18 7.502393e-01 6.611664e-01
    outer loop
      vertex   -2.237205e+01 1.407213e+00 3.749405e+00
      vertex   -2.237205e+01 1.439189e+00 3.713121e+00
      vertex   -2.340316e+01 1.439189e+00 3.713121e+00
    endloop
  endfacet
  facet normal 0.000000e+00 7.502393e-01 6.611664e-01
    outer loop
      vertex   -1.824761e+01 1.439189e+00 3.713121e+00
      vertex   -1.927872e+01 1.439189e+00 3.713121e+00
      vertex   -1.824761e+01 1.407213e+00 3.749405e+00
    endloop
  endfacet
  facet normal 0.000000e+00 7.502393e-01 6.611664e-01
    outer loop
      vertex   -1.824761e+01 1.407213e+00 3.749405e+00
      vertex   -1.927872e+01 1.439189e+00 3.713121e+00
      vertex   -1.927872e+01 1.407213e+00 3.749405e+00
    endloop
  endfacet
  facet normal 0.000000e+00 5.695983e-01 8.219232e-01
    outer loop
      vertex   -1.824761e+01 1.407213e+00 3.749405e+00
      vertex   -1.927872e+01 1.407213e+00 3.749405e+00
      vertex   -1.824761e+01 1.367463e+00 3.776952e+00
    endloop
  endfacet
  facet normal 0.000000e+00 5.695983e-01 8.219232e-01
    outer loop
      vertex   -1.824761e+01 1.367463e+00 3.776952e+00
      vertex   -1.927872e+01 1.407213e+00 3.749405e+00
      vertex   -1.927872e+01 1.367463e+00 3.776952e+00
    endloop
  endfacet
  facet normal 0.000000e+00 3.556508e-01 9.346189e-01
    outer loop
      vertex   -1.824761e+01 1.367463e+00 3.776952e+00
      vertex   -1.927872e+01 1.367463e+00 3.776952e+00
      vertex   -1.824761e+01 1.322262e+00 3.794153e+00
    endloop
  endfacet
  facet normal 0.000000e+00 3.556508e-01 9.346189e-01
    outer loop
      vertex   -1.824761e+01 1.322262e+00 3.794153e+00
      vertex   -1.927872e+01 1.367463e+00 3.776952e+00
      vertex   -1.927872e+01 1.322262e+00 3.794153e+00
    endloop
  endfacet
  facet normal 0.000000e+00 1.209069e-01 9.926639e-01
    outer loop
      vertex   -1.824761e+01 1.322262e+00 3.794153e+00
      vertex   -1.927872e+01 1.322262e+00 3.794153e+00
      vertex   -3.371427e+01 1.274254e+00 3.800000e+00
    endloop
  endfacet
  facet normal -0.000000e+00 7.502393e-01 6.611664e-01
    outer loop
      vertex   -1.515427e+01 1.439189e+00 3.713121e+00
      vertex   -1.412316e+01 1.407213e+00 3.749405e+00
      vertex   -1.412316e+01 1.439189e+00 3.713121e+00
    endloop
  endfacet
  facet normal -1.166763e-18 7.502393e-01 6.611664e-01
    outer loop
      vertex   -1.412316e+01 1.439189e+00 3.713121e+00
      vertex   -1.412316e+01 1.407213e+00 3.749405e+00
      vertex   -1.309205e+01 1.407213e+00 3.749405e+00
    endloop
  endfacet
  facet normal -0.000000e+00 7.502393e-01 6.611664e-01
    outer loop
      vertex   -1.412316e+01 1.439189e+00 3.713121e+00
      vertex   -1.309205e+01 1.407213e+00 3.749405e+00
      vertex   -1.309205e+01 1.439189e+00 3.713121e+00
    endloop
  endfacet
  facet normal -1.166763e-18 7.502393e-01 6.611664e-01
    outer loop
      vertex   -1.309205e+01 1.439189e+00 3.713121e+00
      vertex   -1.309205e+01 1.407213e+00 3.749405e+00
      vertex   -1.206094e+01 1.407213e+00 3.749405e+00
    endloop
  endfacet
  facet normal -1.166763e-18 7.502393e-01 6.611664e-01
    outer loop
      vertex   -1.102983e+01 1.407213e+00 3.749405e+00
      vertex   -1.102983e+01 1.439189e+00 3.713121e+00
      vertex   -1.206094e+01 1.439189e+00 3.713121e+00
    endloop
  endfacet
  facet normal 0.000000e+00 7.502393e-01 6.611664e-01
    outer loop
      vertex   -5.874272e+00 1.439189e+00 3.713121e+00
      vertex   -6.905383e+00 1.439189e+00 3.713121e+00
      vertex   -5.874272e+00 1.407213e+00 3.749405e+00
    endloop
  endfacet
  facet normal 0.000000e+00 7.502393e-01 6.611664e-01
    outer loop
      vertex   -5.874272e+00 1.407213e+00 3.749405e+00
      vertex   -6.905383e+00 1.439189e+00 3.713121e+00
      vertex   -6.905383e+00 1.407213e+00 3.749405e+00
    endloop
  endfacet
  facet normal 0.000000e+00 5.695983e-01 8.219232e-01
    outer loop
      vertex   -5.874272e+00 1.407213e+00 3.749405e+00
      vertex   -6.905383e+00 1.407213e+00 3.749405e+00
      vertex   -5.874272e+00 1.367463e+00 3.776952e+00
    endloop
  endfacet
  facet normal 0.000000e+00 5.695983e-01 8.219232e-01
    outer loop
      vertex   -5.874272e+00 1.367463e+00 3.776952e+00
      vertex   -6.905383e+00 1.407213e+00 3.749405e+00
      vertex   -6.905383e+00 1.367463e+00 3.776952e+00
    endloop
  endfacet
  facet normal 0.000000e+00 3.556508e-01 9.346189e-01
    outer loop
      vertex   -5.874272e+00 1.367463e+00 3.776952e+00
      vertex   -6.905383e+00 1.367463e+00 3.776952e+00
      vertex   -5.874272e+00 1.322262e+00 3.794153e+00
    endloop
  endfacet
  facet normal 0.000000e+00 3.556508e-01 9.346189e-01
    outer loop
      vertex   -5.874272e+00 1.322262e+00 3.794153e+00
      vertex   -6.905383e+00 1.367463e+00 3.776952e+00
      vertex   -6.905383e+00 1.322262e+00 3.794153e+00
    endloop
  endfacet
  facet normal 0.000000e+00 1.209069e-01 9.926639e-01
    outer loop
      vertex   -5.874272e+00 1.322262e+00 3.794153e+00
      vertex   -6.905383e+00 1.322262e+00 3.794153e+00
      vertex   1.268573e+01 1.274254e+00 3.800000e+00
    endloop
  endfacet
  facet normal -0.000000e+00 7.502393e-01 6.611664e-01
    outer loop
      vertex   -2.780939e+00 1.439189e+00 3.713121e+00
      vertex   -1.749828e+00 1.407213e+00 3.749405e+00
      vertex   -1.749828e+00 1.439189e+00 3.713121e+00
    endloop
  endfacet
  facet normal -1.166763e-18 7.502393e-01 6.611664e-01
    outer loop
      vertex   -1.749828e+00 1.439189e+00 3.713121e+00
      vertex   -1.749828e+00 1.407213e+00 3.749405e+00
      vertex   -7.187167e-01 1.407213e+00 3.749405e+00
    endloop
  endfacet
  facet normal -0.000000e+00 7.502393e-01 6.611664e-01
    outer loop
      vertex   -1.749828e+00 1.439189e+00 3.713121e+00
      vertex   -7.187167e-01 1.407213e+00 3.749405e+00
      vertex   -7.187167e-01 1.439189e+00 3.713121e+00
    endloop
  endfacet
  facet normal -1.166763e-18 7.502393e-01 6.611664e-01
    outer loop
      vertex   -7.187167e-01 1.439189e+00 3.713121e+00
      vertex   -7.187167e-01 1.407213e+00 3.749405e+00
      vertex   3.123944e-01 1.407213e+00 3.749405e+00
    endloop
  endfacet
  facet normal -1.166763e-18 7.502393e-01 6.611664e-01
    outer loop
      vertex   1.343505e+00 1.407213e+00 3.749405e+00
      vertex   1.343505e+00 1.439189e+00 3.713121e+00
      vertex   3.123944e-01 1.439189e+00 3.713121e+00
    endloop
  endfacet
  facet normal 0.000000e+00 7.502393e-01 6.611664e-01
    outer loop
      vertex   5.467950e+00 1.439189e+00 3.713121e+00
      vertex   4.436839e+00 1.439189e+00 3.713121e+00
      vertex   5.467950e+00 1.407213e+00 3.749405e+00
    endloop
  endfacet
  facet normal 0.000000e+00 7.502393e-01 6.611664e-01
    outer loop
      vertex   5.467950e+00 1.407213e+00 3.749405e+00
      vertex   4.436839e+00 1.439189e+00 3.713121e+00
      vertex   4.436839e+00 1.407213e+00 3.749405e+00
    endloop
  endfacet
  facet normal 0.000000e+00 5.695983e-01 8.219232e-01
    outer loop
      vertex   5.467950e+00 1.407213e+00 3.749405e+00
      vertex   4.436839e+00 1.407213e+00 3.749405e+00
      vertex   5.467950e+00 1.367463e+00 3.776952e+00
    endloop
  endfacet
  facet normal 0.000000e+00 5.695983e-01 8.219232e-01
    outer loop
      vertex   5.467950e+00 1.367463e+00 3.776952e+00
      vertex   4.436839e+00 1.407213e+00 3.749405e+00
      vertex   4.436839e+00 1.367463e+00 3.776952e+00
    endloop
  endfacet
  facet normal 0.000000e+00 3.556508e-01 9.346189e-01
    outer loop
      vertex   5.467950e+00 1.367463e+00 3.776952e+00
      vertex   4.436839e+00 1.367463e+00 3.776952e+00
      vertex   5.467950e+00 1.322262e+00 3.794153e+00
    endloop
  endfacet
  facet normal 0.000000e+00 3.556508e-01 9.346189e-01
    outer loop
      vertex   5.467950e+00 1.322262e+00 3.794153e+00
      vertex   4.436839e+00 1.367463e+00 3.776952e+00
      vertex   4.436839e+00 1.322262e+00 3.794153e+00
    endloop
  endfacet
  facet normal 0.000000e+00 1.209069e-01 9.926639e-01
    outer loop
      vertex   5.467950e+00 1.322262e+00 3.794153e+00
      vertex   4.436839e+00 1.322262e+00 3.794153e+00
      vertex   1.268573e+01 1.274254e+00 3.800000e+00
    endloop
  endfacet
  facet normal -0.000000e+00 7.502393e-01 6.611664e-01
    outer loop
      vertex   8.561283e+00 1.439189e+00 3.713121e+00
      vertex   9.592394e+00 1.407213e+00 3.749405e+00
      vertex   9.592394e+00 1.439189e+00 3.713121e+00
    endloop
  endfacet
  facet normal -1.166763e-18 7.502393e-01 6.611664e-01
    outer loop
      vertex   9.592394e+00 1.439189e+00 3.713121e+00
      vertex   9.592394e+00 1.407213e+00 3.749405e+00
      vertex   1.062351e+01 1.407213e+00 3.749405e+00
    endloop
  endfacet
  facet normal -0.000000e+00 7.502393e-01 6.611664e-01
    outer loop
      vertex   9.592394e+00 1.439189e+00 3.713121e+00
      vertex   1.062351e+01 1.407213e+00 3.749405e+00
      vertex   1.062351e+01 1.439189e+00 3.713121e+00
    endloop
  endfacet
  facet normal -1.166763e-18 7.502393e-01 6.611664e-01
    outer loop
      vertex   1.062351e+01 1.439189e+00 3.713121e+00
      vertex   1.062351e+01 1.407213e+00 3.749405e+00
      vertex   1.165462e+01 1.407213e+00 3.749405e+00
    endloop
  endfacet
  facet normal -1.166763e-18 7.502393e-01 6.611664e-01
    outer loop
      vertex   -2.958983e+01 1.439189e+00 3.713121e+00
      vertex   -2.958983e+01 1.407213e+00 3.749405e+00
      vertex   -2.855872e+01 1.407213e+00 3.749405e+00
    endloop
  endfacet
  facet normal 0.000000e+00 5.695983e-01 8.219232e-01
    outer loop
      vertex   -2.855872e+01 1.407213e+00 3.749405e+00
      vertex   -2.958983e+01 1.407213e+00 3.749405e+00
      vertex   -2.855872e+01 1.367463e+00 3.776952e+00
    endloop
  endfacet
  facet normal -1.949313e-18 5.695983e-01 8.219232e-01
    outer loop
      vertex   -2.855872e+01 1.407213e+00 3.749405e+00
      vertex   -2.855872e+01 1.367463e+00 3.776952e+00
      vertex   -2.752761e+01 1.367463e+00 3.776952e+00
    endloop
  endfacet
  facet normal 0.000000e+00 3.556508e-01 9.346189e-01
    outer loop
      vertex   -2.752761e+01 1.367463e+00 3.776952e+00
      vertex   -2.855872e+01 1.367463e+00 3.776952e+00
      vertex   -2.752761e+01 1.322262e+00 3.794153e+00
    endloop
  endfacet
  facet normal 5.234583e-19 3.556508e-01 9.346189e-01
    outer loop
      vertex   -2.752761e+01 1.367463e+00 3.776952e+00
      vertex   -2.752761e+01 1.322262e+00 3.794153e+00
      vertex   -2.649649e+01 1.322262e+00 3.794153e+00
    endloop
  endfacet
  facet normal 0.000000e+00 1.209069e-01 9.926639e-01
    outer loop
      vertex   -2.649649e+01 1.322262e+00 3.794153e+00
      vertex   -2.752761e+01 1.322262e+00 3.794153e+00
      vertex   -3.371427e+01 1.274254e+00 3.800000e+00
    endloop
  endfacet
  facet normal 0.000000e+00 5.695983e-01 8.219232e-01
    outer loop
      vertex   -2.855872e+01 1.367463e+00 3.776952e+00
      vertex   -2.958983e+01 1.407213e+00 3.749405e+00
      vertex   -2.958983e+01 1.367463e+00 3.776952e+00
    endloop
  endfacet
  facet normal -0.000000e+00 5.695983e-01 8.219232e-01
    outer loop
      vertex   -2.546538e+01 1.407213e+00 3.749405e+00
      vertex   -2.443427e+01 1.367463e+00 3.776952e+00
      vertex   -2.443427e+01 1.407213e+00 3.749405e+00
    endloop
  endfacet
  facet normal -1.949313e-18 5.695983e-01 8.219232e-01
    outer loop
      vertex   -2.443427e+01 1.407213e+00 3.749405e+00
      vertex   -2.443427e+01 1.367463e+00 3.776952e+00
      vertex   -2.340316e+01 1.367463e+00 3.776952e+00
    endloop
  endfacet
  facet normal -0.000000e+00 5.695983e-01 8.219232e-01
    outer loop
      vertex   -2.443427e+01 1.407213e+00 3.749405e+00
      vertex   -2.340316e+01 1.367463e+00 3.776952e+00
      vertex   -2.340316e+01 1.407213e+00 3.749405e+00
    endloop
  endfacet
  facet normal -1.949313e-18 5.695983e-01 8.219232e-01
    outer loop
      vertex   -2.340316e+01 1.407213e+00 3.749405e+00
      vertex   -2.340316e+01 1.367463e+00 3.776952e+00
      vertex   -2.237205e+01 1.367463e+00 3.776952e+00
    endloop
  endfacet
  facet normal -1.166763e-18 7.502393e-01 6.611664e-01
    outer loop
      vertex   -1.824761e+01 1.439189e+00 3.713121e+00
      vertex   -1.824761e+01 1.407213e+00 3.749405e+00
      vertex   -1.721649e+01 1.407213e+00 3.749405e+00
    endloop
  endfacet
  facet normal 0.000000e+00 5.695983e-01 8.219232e-01
    outer loop
      vertex   -1.721649e+01 1.407213e+00 3.749405e+00
      vertex   -1.824761e+01 1.407213e+00 3.749405e+00
      vertex   -1.721649e+01 1.367463e+00 3.776952e+00
    endloop
  endfacet
  facet normal -1.949313e-18 5.695983e-01 8.219232e-01
    outer loop
      vertex   -1.721649e+01 1.407213e+00 3.749405e+00
      vertex   -1.721649e+01 1.367463e+00 3.776952e+00
      vertex   -1.618538e+01 1.367463e+00 3.776952e+00
    endloop
  endfacet
  facet normal 0.000000e+00 3.556508e-01 9.346189e-01
    outer loop
      vertex   -1.618538e+01 1.367463e+00 3.776952e+00
      vertex   -1.721649e+01 1.367463e+00 3.776952e+00
      vertex   -1.618538e+01 1.322262e+00 3.794153e+00
    endloop
  endfacet
  facet normal 5.234583e-19 3.556508e-01 9.346189e-01
    outer loop
      vertex   -1.618538e+01 1.367463e+00 3.776952e+00
      vertex   -1.618538e+01 1.322262e+00 3.794153e+00
      vertex   -1.515427e+01 1.322262e+00 3.794153e+00
    endloop
  endfacet
  facet normal 0.000000e+00 1.209069e-01 9.926639e-01
    outer loop
      vertex   -1.515427e+01 1.322262e+00 3.794153e+00
      vertex   -1.618538e+01 1.322262e+00 3.794153e+00
      vertex   -3.371427e+01 1.274254e+00 3.800000e+00
    endloop
  endfacet
  facet normal 0.000000e+00 5.695983e-01 8.219232e-01
    outer loop
      vertex   -1.721649e+01 1.367463e+00 3.776952e+00
      vertex   -1.824761e+01 1.407213e+00 3.749405e+00
      vertex   -1.824761e+01 1.367463e+00 3.776952e+00
    endloop
  endfacet
  facet normal -0.000000e+00 5.695983e-01 8.219232e-01
    outer loop
      vertex   -1.412316e+01 1.407213e+00 3.749405e+00
      vertex   -1.309205e+01 1.367463e+00 3.776952e+00
      vertex   -1.309205e+01 1.407213e+00 3.749405e+00
    endloop
  endfacet
  facet normal -1.949313e-18 5.695983e-01 8.219232e-01
    outer loop
      vertex   -1.309205e+01 1.407213e+00 3.749405e+00
      vertex   -1.309205e+01 1.367463e+00 3.776952e+00
      vertex   -1.206094e+01 1.367463e+00 3.776952e+00
    endloop
  endfacet
  facet normal -0.000000e+00 5.695983e-01 8.219232e-01
    outer loop
      vertex   -1.309205e+01 1.407213e+00 3.749405e+00
      vertex   -1.206094e+01 1.367463e+00 3.776952e+00
      vertex   -1.206094e+01 1.407213e+00 3.749405e+00
    endloop
  endfacet
  facet normal -1.949313e-18 5.695983e-01 8.219232e-01
    outer loop
      vertex   -1.206094e+01 1.407213e+00 3.749405e+00
      vertex   -1.206094e+01 1.367463e+00 3.776952e+00
      vertex   -1.102983e+01 1.367463e+00 3.776952e+00
    endloop
  endfacet
  facet normal -1.166763e-18 7.502393e-01 6.611664e-01
    outer loop
      vertex   -5.874272e+00 1.439189e+00 3.713121e+00
      vertex   -5.874272e+00 1.407213e+00 3.749405e+00
      vertex   -4.843161e+00 1.407213e+00 3.749405e+00
    endloop
  endfacet
  facet normal 0.000000e+00 5.695983e-01 8.219232e-01
    outer loop
      vertex   -4.843161e+00 1.407213e+00 3.749405e+00
      vertex   -5.874272e+00 1.407213e+00 3.749405e+00
      vertex   -4.843161e+00 1.367463e+00 3.776952e+00
    endloop
  endfacet
  facet normal -1.949313e-18 5.695983e-01 8.219232e-01
    outer loop
      vertex   -4.843161e+00 1.407213e+00 3.749405e+00
      vertex   -4.843161e+00 1.367463e+00 3.776952e+00
      vertex   -3.812050e+00 1.367463e+00 3.776952e+00
    endloop
  endfacet
  facet normal 0.000000e+00 3.556508e-01 9.346189e-01
    outer loop
      vertex   -3.812050e+00 1.367463e+00 3.776952e+00
      vertex   -4.843161e+00 1.367463e+00 3.776952e+00
      vertex   -3.812050e+00 1.322262e+00 3.794153e+00
    endloop
  endfacet
  facet normal 5.234583e-19 3.556508e-01 9.346189e-01
    outer loop
      vertex   -3.812050e+00 1.367463e+00 3.776952e+00
      vertex   -3.812050e+00 1.322262e+00 3.794153e+00
      vertex   -2.780939e+00 1.322262e+00 3.794153e+00
    endloop
  endfacet
  facet normal 0.000000e+00 1.209069e-01 9.926639e-01
    outer loop
      vertex   -2.780939e+00 1.322262e+00 3.794153e+00
      vertex   -3.812050e+00 1.322262e+00 3.794153e+00
      vertex   1.268573e+01 1.274254e+00 3.800000e+00
    endloop
  endfacet
  facet normal 0.000000e+00 5.695983e-01 8.219232e-01
    outer loop
      vertex   -4.843161e+00 1.367463e+00 3.776952e+00
      vertex   -5.874272e+00 1.407213e+00 3.749405e+00
      vertex   -5.874272e+00 1.367463e+00 3.776952e+00
    endloop
  endfacet
  facet normal -0.000000e+00 5.695983e-01 8.219232e-01
    outer loop
      vertex   -1.749828e+00 1.407213e+00 3.749405e+00
      vertex   -7.187167e-01 1.367463e+00 3.776952e+00
      vertex   -7.187167e-01 1.407213e+00 3.749405e+00
    endloop
  endfacet
  facet normal -1.949313e-18 5.695983e-01 8.219232e-01
    outer loop
      vertex   -7.187167e-01 1.407213e+00 3.749405e+00
      vertex   -7.187167e-01 1.367463e+00 3.776952e+00
      vertex   3.123944e-01 1.367463e+00 3.776952e+00
    endloop
  endfacet
  facet normal -0.000000e+00 5.695983e-01 8.219232e-01
    outer loop
      vertex   -7.187167e-01 1.407213e+00 3.749405e+00
      vertex   3.123944e-01 1.367463e+00 3.776952e+00
      vertex   3.123944e-01 1.407213e+00 3.749405e+00
    endloop
  endfacet
  facet normal -1.949313e-18 5.695983e-01 8.219232e-01
    outer loop
      vertex   3.123944e-01 1.407213e+00 3.749405e+00
      vertex   3.123944e-01 1.367463e+00 3.776952e+00
      vertex   1.343505e+00 1.367463e+00 3.776952e+00
    endloop
  endfacet
  facet normal -1.166763e-18 7.502393e-01 6.611664e-01
    outer loop
      vertex   5.467950e+00 1.439189e+00 3.713121e+00
      vertex   5.467950e+00 1.407213e+00 3.749405e+00
      vertex   6.499061e+00 1.407213e+00 3.749405e+00
    endloop
  endfacet
  facet normal 0.000000e+00 5.695983e-01 8.219232e-01
    outer loop
      vertex   6.499061e+00 1.407213e+00 3.749405e+00
      vertex   5.467950e+00 1.407213e+00 3.749405e+00
      vertex   6.499061e+00 1.367463e+00 3.776952e+00
    endloop
  endfacet
  facet normal -1.949313e-18 5.695983e-01 8.219232e-01
    outer loop
      vertex   6.499061e+00 1.407213e+00 3.749405e+00
      vertex   6.499061e+00 1.367463e+00 3.776952e+00
      vertex   7.530172e+00 1.367463e+00 3.776952e+00
    endloop
  endfacet
  facet normal 0.000000e+00 3.556508e-01 9.346189e-01
    outer loop
      vertex   7.530172e+00 1.367463e+00 3.776952e+00
      vertex   6.499061e+00 1.367463e+00 3.776952e+00
      vertex   7.530172e+00 1.322262e+00 3.794153e+00
    endloop
  endfacet
  facet normal 5.234583e-19 3.556508e-01 9.346189e-01
    outer loop
      vertex   7.530172e+00 1.367463e+00 3.776952e+00
      vertex   7.530172e+00 1.322262e+00 3.794153e+00
      vertex   8.561283e+00 1.322262e+00 3.794153e+00
    endloop
  endfacet
  facet normal 0.000000e+00 1.209069e-01 9.926639e-01
    outer loop
      vertex   8.561283e+00 1.322262e+00 3.794153e+00
      vertex   7.530172e+00 1.322262e+00 3.794153e+00
      vertex   1.268573e+01 1.274254e+00 3.800000e+00
    endloop
  endfacet
  facet normal 0.000000e+00 5.695983e-01 8.219232e-01
    outer loop
      vertex   6.499061e+00 1.367463e+00 3.776952e+00
      vertex   5.467950e+00 1.407213e+00 3.749405e+00
      vertex   5.467950e+00 1.367463e+00 3.776952e+00
    endloop
  endfacet
  facet normal -1.949313e-18 5.695983e-01 8.219232e-01
    outer loop
      vertex   1.165462e+01 1.367463e+00 3.776952e+00
      vertex   1.165462e+01 1.407213e+00 3.749405e+00
      vertex   1.062351e+01 1.407213e+00 3.749405e+00
    endloop
  endfacet
  facet normal 0.000000e+00 5.695983e-01 8.219232e-01
    outer loop
      vertex   1.165462e+01 1.367463e+00 3.776952e+00
      vertex   1.062351e+01 1.407213e+00 3.749405e+00
      vertex   1.062351e+01 1.367463e+00 3.776952e+00
    endloop
  endfacet
  facet normal -1.949313e-18 5.695983e-01 8.219232e-01
    outer loop
      vertex   1.062351e+01 1.367463e+00 3.776952e+00
      vertex   1.062351e+01 1.407213e+00 3.749405e+00
      vertex   9.592394e+00 1.407213e+00 3.749405e+00
    endloop
  endfacet
  facet normal 0.000000e+00 3.556508e-01 9.346189e-01
    outer loop
      vertex   -2.855872e+01 1.367463e+00 3.776952e+00
      vertex   -2.958983e+01 1.367463e+00 3.776952e+00
      vertex   -2.855872e+01 1.322262e+00 3.794153e+00
    endloop
  endfacet
  facet normal 0.000000e+00 3.556508e-01 9.346189e-01
    outer loop
      vertex   -2.855872e+01 1.322262e+00 3.794153e+00
      vertex   -2.958983e+01 1.367463e+00 3.776952e+00
      vertex   -2.958983e+01 1.322262e+00 3.794153e+00
    endloop
  endfacet
  facet normal 0.000000e+00 1.209069e-01 9.926639e-01
    outer loop
      vertex   -2.855872e+01 1.322262e+00 3.794153e+00
      vertex   -2.958983e+01 1.322262e+00 3.794153e+00
      vertex   -3.371427e+01 1.274254e+00 3.800000e+00
    endloop
  endfacet
  facet normal 5.234583e-19 3.556508e-01 9.346189e-01
    outer loop
      vertex   -2.237205e+01 1.322262e+00 3.794153e+00
      vertex   -2.237205e+01 1.367463e+00 3.776952e+00
      vertex   -2.340316e+01 1.367463e+00 3.776952e+00
    endloop
  endfacet
  facet normal 0.000000e+00 3.556508e-01 9.346189e-01
    outer loop
      vertex   -2.237205e+01 1.322262e+00 3.794153e+00
      vertex   -2.340316e+01 1.367463e+00 3.776952e+00
      vertex   -2.340316e+01 1.322262e+00 3.794153e+00
    endloop
  endfacet
  facet normal 5.234583e-19 3.556508e-01 9.346189e-01
    outer loop
      vertex   -2.340316e+01 1.322262e+00 3.794153e+00
      vertex   -2.340316e+01 1.367463e+00 3.776952e+00
      vertex   -2.443427e+01 1.367463e+00 3.776952e+00
    endloop
  endfacet
  facet normal 0.000000e+00 3.556508e-01 9.346189e-01
    outer loop
      vertex   -1.721649e+01 1.367463e+00 3.776952e+00
      vertex   -1.824761e+01 1.367463e+00 3.776952e+00
      vertex   -1.721649e+01 1.322262e+00 3.794153e+00
    endloop
  endfacet
  facet normal 0.000000e+00 3.556508e-01 9.346189e-01
    outer loop
      vertex   -1.721649e+01 1.322262e+00 3.794153e+00
      vertex   -1.824761e+01 1.367463e+00 3.776952e+00
      vertex   -1.824761e+01 1.322262e+00 3.794153e+00
    endloop
  endfacet
  facet normal 0.000000e+00 1.209069e-01 9.926639e-01
    outer loop
      vertex   -1.721649e+01 1.322262e+00 3.794153e+00
      vertex   -1.824761e+01 1.322262e+00 3.794153e+00
      vertex   -3.371427e+01 1.274254e+00 3.800000e+00
    endloop
  endfacet
  facet normal 5.234583e-19 3.556508e-01 9.346189e-01
    outer loop
      vertex   -1.102983e+01 1.322262e+00 3.794153e+00
      vertex   -1.102983e+01 1.367463e+00 3.776952e+00
      vertex   -1.206094e+01 1.367463e+00 3.776952e+00
    endloop
  endfacet
  facet normal 0.000000e+00 3.556508e-01 9.346189e-01
    outer loop
      vertex   -1.102983e+01 1.322262e+00 3.794153e+00
      vertex   -1.206094e+01 1.367463e+00 3.776952e+00
      vertex   -1.206094e+01 1.322262e+00 3.794153e+00
    endloop
  endfacet
  facet normal 5.234583e-19 3.556508e-01 9.346189e-01
    outer loop
      vertex   -1.206094e+01 1.322262e+00 3.794153e+00
      vertex   -1.206094e+01 1.367463e+00 3.776952e+00
      vertex   -1.309205e+01 1.367463e+00 3.776952e+00
    endloop
  endfacet
  facet normal 0.000000e+00 3.556508e-01 9.346189e-01
    outer loop
      vertex   -4.843161e+00 1.367463e+00 3.776952e+00
      vertex   -5.874272e+00 1.367463e+00 3.776952e+00
      vertex   -4.843161e+00 1.322262e+00 3.794153e+00
    endloop
  endfacet
  facet normal 0.000000e+00 3.556508e-01 9.346189e-01
    outer loop
      vertex   -4.843161e+00 1.322262e+00 3.794153e+00
      vertex   -5.874272e+00 1.367463e+00 3.776952e+00
      vertex   -5.874272e+00 1.322262e+00 3.794153e+00
    endloop
  endfacet
  facet normal 0.000000e+00 1.209069e-01 9.926639e-01
    outer loop
      vertex   -4.843161e+00 1.322262e+00 3.794153e+00
      vertex   -5.874272e+00 1.322262e+00 3.794153e+00
      vertex   1.268573e+01 1.274254e+00 3.800000e+00
    endloop
  endfacet
  facet normal 5.234583e-19 3.556508e-01 9.346189e-01
    outer loop
      vertex   1.343505e+00 1.322262e+00 3.794153e+00
      vertex   1.343505e+00 1.367463e+00 3.776952e+00
      vertex   3.123944e-01 1.367463e+00 3.776952e+00
    endloop
  endfacet
  facet normal 0.000000e+00 3.556508e-01 9.346189e-01
    outer loop
      vertex   1.343505e+00 1.322262e+00 3.794153e+00
      vertex   3.123944e-01 1.367463e+00 3.776952e+00
      vertex   3.123944e-01 1.322262e+00 3.794153e+00
    endloop
  endfacet
  facet normal 5.234583e-19 3.556508e-01 9.346189e-01
    outer loop
      vertex   3.123944e-01 1.322262e+00 3.794153e+00
      vertex   3.123944e-01 1.367463e+00 3.776952e+00
      vertex   -7.187167e-01 1.367463e+00 3.776952e+00
    endloop
  endfacet
  facet normal 0.000000e+00 3.556508e-01 9.346189e-01
    outer loop
      vertex   6.499061e+00 1.367463e+00 3.776952e+00
      vertex   5.467950e+00 1.367463e+00 3.776952e+00
      vertex   6.499061e+00 1.322262e+00 3.794153e+00
    endloop
  endfacet
  facet normal 0.000000e+00 3.556508e-01 9.346189e-01
    outer loop
      vertex   6.499061e+00 1.322262e+00 3.794153e+00
      vertex   5.467950e+00 1.367463e+00 3.776952e+00
      vertex   5.467950e+00 1.322262e+00 3.794153e+00
    endloop
  endfacet
  facet normal 0.000000e+00 1.209069e-01 9.926639e-01
    outer loop
      vertex   6.499061e+00 1.322262e+00 3.794153e+00
      vertex   5.467950e+00 1.322262e+00 3.794153e+00
      vertex   1.268573e+01 1.274254e+00 3.800000e+00
    endloop
  endfacet
  facet normal 5.234583e-19 3.556508e-01 9.346189e-01
    outer loop
      vertex   1.165462e+01 1.322262e+00 3.794153e+00
      vertex   1.165462e+01 1.367463e+00 3.776952e+00
      vertex   1.062351e+01 1.367463e+00 3.776952e+00
    endloop
  endfacet
  facet normal 2.621958e-19 1.209069e-01 9.926639e-01
    outer loop
      vertex   -3.371427e+01 1.274254e+00 3.800000e+00
      vertex   -2.752761e+01 1.322262e+00 3.794153e+00
      vertex   -2.855872e+01 1.322262e+00 3.794153e+00
    endloop
  endfacet
  facet normal -0.000000e+00 3.556508e-01 9.346189e-01
    outer loop
      vertex   -2.855872e+01 1.322262e+00 3.794153e+00
      vertex   -2.752761e+01 1.322262e+00 3.794153e+00
      vertex   -2.855872e+01 1.367463e+00 3.776952e+00
    endloop
  endfacet
  facet normal 2.621958e-19 1.209069e-01 9.926639e-01
    outer loop
      vertex   -3.371427e+01 1.274254e+00 3.800000e+00
      vertex   -1.618538e+01 1.322262e+00 3.794153e+00
      vertex   -1.721649e+01 1.322262e+00 3.794153e+00
    endloop
  endfacet
  facet normal -0.000000e+00 3.556508e-01 9.346189e-01
    outer loop
      vertex   -1.721649e+01 1.322262e+00 3.794153e+00
      vertex   -1.618538e+01 1.322262e+00 3.794153e+00
      vertex   -1.721649e+01 1.367463e+00 3.776952e+00
    endloop
  endfacet
  facet normal -3.264429e-19 1.209069e-01 9.926639e-01
    outer loop
      vertex   1.268573e+01 1.274254e+00 3.800000e+00
      vertex   -3.812050e+00 1.322262e+00 3.794153e+00
      vertex   -4.843161e+00 1.322262e+00 3.794153e+00
    endloop
  endfacet
  facet normal -0.000000e+00 3.556508e-01 9.346189e-01
    outer loop
      vertex   -4.843161e+00 1.322262e+00 3.794153e+00
      vertex   -3.812050e+00 1.322262e+00 3.794153e+00
      vertex   -4.843161e+00 1.367463e+00 3.776952e+00
    endloop
  endfacet
  facet normal -3.264429e-19 1.209069e-01 9.926639e-01
    outer loop
      vertex   1.268573e+01 1.274254e+00 3.800000e+00
      vertex   7.530172e+00 1.322262e+00 3.794153e+00
      vertex   6.499061e+00 1.322262e+00 3.794153e+00
    endloop
  endfacet
  facet normal -0.000000e+00 3.556508e-01 9.346189e-01
    outer loop
      vertex   6.499061e+00 1.322262e+00 3.794153e+00
      vertex   7.530172e+00 1.322262e+00 3.794153e+00
      vertex   6.499061e+00 1.367463e+00 3.776952e+00
    endloop
  endfacet
  facet normal 0.000000e+00 -2.935556e-01 9.559420e-01
    outer loop
      vertex   1.528573e+01 -1.303343e+01 2.899900e+00
      vertex   5.485728e+00 -1.303343e+01 2.899900e+00
      vertex   1.528573e+01 -1.353573e+01 2.745651e+00
    endloop
  endfacet
  facet normal -1.237550e-19 -2.935556e-01 9.559420e-01
    outer loop
      vertex   1.528573e+01 -1.353573e+01 2.745651e+00
      vertex   5.485728e+00 -1.303343e+01 2.899900e+00
      vertex   -4.314272e+00 -1.303343e+01 2.899900e+00
    endloop
  endfacet
  facet normal -1.237550e-19 -2.935556e-01 9.559420e-01
    outer loop
      vertex   1.528573e+01 -1.353573e+01 2.745651e+00
      vertex   -4.314272e+00 -1.303343e+01 2.899900e+00
      vertex   -1.411427e+01 -1.303343e+01 2.899900e+00
    endloop
  endfacet
  facet normal 0.000000e+00 -1.657186e-01 9.861731e-01
    outer loop
      vertex   -1.411427e+01 -1.303343e+01 2.899900e+00
      vertex   -4.314272e+00 -1.303343e+01 2.899900e+00
      vertex   -1.411427e+01 -1.251525e+01 2.986977e+00
    endloop
  endfacet
  facet normal 3.237689e-19 -1.657186e-01 9.861731e-01
    outer loop
      vertex   -1.411427e+01 -1.303343e+01 2.899900e+00
      vertex   -1.411427e+01 -1.251525e+01 2.986977e+00
      vertex   -2.391427e+01 -1.251525e+01 2.986977e+00
    endloop
  endfacet
  facet normal 0.000000e+00 -3.502186e-02 9.993865e-01
    outer loop
      vertex   -2.391427e+01 -1.251525e+01 2.986977e+00
      vertex   -1.411427e+01 -1.251525e+01 2.986977e+00
      vertex   -2.391427e+01 -1.199012e+01 3.005379e+00
    endloop
  endfacet
  facet normal 6.166050e-20 -3.502186e-02 9.993865e-01
    outer loop
      vertex   -2.391427e+01 -1.251525e+01 2.986977e+00
      vertex   -2.391427e+01 -1.199012e+01 3.005379e+00
      vertex   -3.371427e+01 -1.199012e+01 3.005379e+00
    endloop
  endfacet
  facet normal -0.000000e+00 9.627918e-02 9.953544e-01
    outer loop
      vertex   -3.371427e+01 -1.199012e+01 3.005379e+00
      vertex   -2.391427e+01 -1.199012e+01 3.005379e+00
      vertex   -3.371427e+01 -1.146711e+01 2.954789e+00
    endloop
  endfacet
  facet normal -0.000000e+00 9.627918e-02 9.953544e-01
    outer loop
      vertex   -3.371427e+01 -1.146711e+01 2.954789e+00
      vertex   -2.391427e+01 -1.199012e+01 3.005379e+00
      vertex   -2.391427e+01 -1.146711e+01 2.954789e+00
    endloop
  endfacet
  facet normal -0.000000e+00 2.259188e-01 9.741461e-01
    outer loop
      vertex   -3.371427e+01 -1.146711e+01 2.954789e+00
      vertex   -2.391427e+01 -1.146711e+01 2.954789e+00
      vertex   -3.371427e+01 -1.095524e+01 2.836080e+00
    endloop
  endfacet
  facet normal -0.000000e+00 2.259188e-01 9.741461e-01
    outer loop
      vertex   -3.371427e+01 -1.095524e+01 2.836080e+00
      vertex   -2.391427e+01 -1.146711e+01 2.954789e+00
      vertex   -2.391427e+01 -1.095524e+01 2.836080e+00
    endloop
  endfacet
  facet normal -0.000000e+00 3.516599e-01 9.361278e-01
    outer loop
      vertex   -3.371427e+01 -1.095524e+01 2.836080e+00
      vertex   -2.391427e+01 -1.095524e+01 2.836080e+00
      vertex   -3.371427e+01 -1.046335e+01 2.651299e+00
    endloop
  endfacet
  facet normal -1.038374e-18 3.516599e-01 9.361278e-01
    outer loop
      vertex   -3.371427e+01 -1.046335e+01 2.651299e+00
      vertex   -2.391427e+01 -1.095524e+01 2.836080e+00
      vertex   -1.411427e+01 -1.095524e+01 2.836080e+00
    endloop
  endfacet
  facet normal 8.590154e-17 3.516599e-01 9.361278e-01
    outer loop
      vertex   -3.371427e+01 -1.046335e+01 2.651299e+00
      vertex   -1.411427e+01 -1.095524e+01 2.836080e+00
      vertex   -4.314272e+00 -1.095524e+01 2.836080e+00
    endloop
  endfacet
  facet normal 3.775684e-17 2.259188e-01 9.741461e-01
    outer loop
      vertex   -4.314272e+00 -1.095524e+01 2.836080e+00
      vertex   -1.411427e+01 -1.095524e+01 2.836080e+00
      vertex   -4.314272e+00 -1.146711e+01 2.954789e+00
    endloop
  endfacet
  facet normal 4.761252e-20 2.259188e-01 9.741461e-01
    outer loop
      vertex   -4.314272e+00 -1.095524e+01 2.836080e+00
      vertex   -4.314272e+00 -1.146711e+01 2.954789e+00
      vertex   5.485728e+00 -1.146711e+01 2.954789e+00
    endloop
  endfacet
  facet normal 0.000000e+00 9.627918e-02 9.953544e-01
    outer loop
      vertex   5.485728e+00 -1.146711e+01 2.954789e+00
      vertex   -4.314272e+00 -1.146711e+01 2.954789e+00
      vertex   5.485728e+00 -1.199012e+01 3.005379e+00
    endloop
  endfacet
  facet normal 1.090539e-19 9.627918e-02 9.953544e-01
    outer loop
      vertex   5.485728e+00 -1.146711e+01 2.954789e+00
      vertex   5.485728e+00 -1.199012e+01 3.005379e+00
      vertex   1.528573e+01 -1.199012e+01 3.005379e+00
    endloop
  endfacet
  facet normal 0.000000e+00 -3.502186e-02 9.993865e-01
    outer loop
      vertex   1.528573e+01 -1.199012e+01 3.005379e+00
      vertex   5.485728e+00 -1.199012e+01 3.005379e+00
      vertex   1.528573e+01 -1.251525e+01 2.986977e+00
    endloop
  endfacet
  facet normal 4.528743e-17 -3.502186e-02 9.993865e-01
    outer loop
      vertex   1.528573e+01 -1.251525e+01 2.986977e+00
      vertex   5.485728e+00 -1.199012e+01 3.005379e+00
      vertex   5.485728e+00 -1.251525e+01 2.986977e+00
    endloop
  endfacet
  facet normal 4.468866e-17 -1.657186e-01 9.861731e-01
    outer loop
      vertex   1.528573e+01 -1.251525e+01 2.986977e+00
      vertex   5.485728e+00 -1.251525e+01 2.986977e+00
      vertex   1.528573e+01 -1.303343e+01 2.899900e+00
    endloop
  endfacet
  facet normal 0.000000e+00 -1.657186e-01 9.861731e-01
    outer loop
      vertex   1.528573e+01 -1.303343e+01 2.899900e+00
      vertex   5.485728e+00 -1.251525e+01 2.986977e+00
      vertex   5.485728e+00 -1.303343e+01 2.899900e+00
    endloop
  endfacet
  facet normal 1.090539e-19 9.627918e-02 9.953544e-01
    outer loop
      vertex   1.528573e+01 -1.199012e+01 3.005379e+00
      vertex   1.528573e+01 -1.146711e+01 2.954789e+00
      vertex   5.485728e+00 -1.146711e+01 2.954789e+00
    endloop
  endfacet
  facet normal -0.000000e+00 2.259188e-01 9.741461e-01
    outer loop
      vertex   5.485728e+00 -1.146711e+01 2.954789e+00
      vertex   1.528573e+01 -1.146711e+01 2.954789e+00
      vertex   5.485728e+00 -1.095524e+01 2.836080e+00
    endloop
  endfacet
  facet normal 4.761252e-20 2.259188e-01 9.741461e-01
    outer loop
      vertex   5.485728e+00 -1.146711e+01 2.954789e+00
      vertex   5.485728e+00 -1.095524e+01 2.836080e+00
      vertex   -4.314272e+00 -1.095524e+01 2.836080e+00
    endloop
  endfacet
  facet normal -0.000000e+00 3.516599e-01 9.361278e-01
    outer loop
      vertex   -4.314272e+00 -1.095524e+01 2.836080e+00
      vertex   5.485728e+00 -1.095524e+01 2.836080e+00
      vertex   1.528573e+01 -1.046335e+01 2.651299e+00
    endloop
  endfacet
  facet normal -2.315229e-19 3.516599e-01 9.361278e-01
    outer loop
      vertex   -4.314272e+00 -1.095524e+01 2.836080e+00
      vertex   1.528573e+01 -1.046335e+01 2.651299e+00
      vertex   -3.371427e+01 -1.046335e+01 2.651299e+00
    endloop
  endfacet
  facet normal 4.451537e-17 2.259188e-01 9.741461e-01
    outer loop
      vertex   1.528573e+01 -1.146711e+01 2.954789e+00
      vertex   1.528573e+01 -1.095524e+01 2.836080e+00
      vertex   5.485728e+00 -1.095524e+01 2.836080e+00
    endloop
  endfacet
  facet normal 4.242084e-17 3.516599e-01 9.361278e-01
    outer loop
      vertex   5.485728e+00 -1.095524e+01 2.836080e+00
      vertex   1.528573e+01 -1.095524e+01 2.836080e+00
      vertex   1.528573e+01 -1.046335e+01 2.651299e+00
    endloop
  endfacet
  facet normal 6.166050e-20 -3.502186e-02 9.993865e-01
    outer loop
      vertex   -3.371427e+01 -1.199012e+01 3.005379e+00
      vertex   -3.371427e+01 -1.251525e+01 2.986977e+00
      vertex   -2.391427e+01 -1.251525e+01 2.986977e+00
    endloop
  endfacet
  facet normal 0.000000e+00 -1.657186e-01 9.861731e-01
    outer loop
      vertex   -2.391427e+01 -1.251525e+01 2.986977e+00
      vertex   -3.371427e+01 -1.251525e+01 2.986977e+00
      vertex   -2.391427e+01 -1.303343e+01 2.899900e+00
    endloop
  endfacet
  facet normal 3.237689e-19 -1.657186e-01 9.861731e-01
    outer loop
      vertex   -2.391427e+01 -1.251525e+01 2.986977e+00
      vertex   -2.391427e+01 -1.303343e+01 2.899900e+00
      vertex   -1.411427e+01 -1.303343e+01 2.899900e+00
    endloop
  endfacet
  facet normal 0.000000e+00 -2.935556e-01 9.559420e-01
    outer loop
      vertex   -1.411427e+01 -1.303343e+01 2.899900e+00
      vertex   -2.391427e+01 -1.303343e+01 2.899900e+00
      vertex   -3.371427e+01 -1.353573e+01 2.745651e+00
    endloop
  endfacet
  facet normal -2.475101e-20 -2.935556e-01 9.559420e-01
    outer loop
      vertex   -1.411427e+01 -1.303343e+01 2.899900e+00
      vertex   -3.371427e+01 -1.353573e+01 2.745651e+00
      vertex   1.528573e+01 -1.353573e+01 2.745651e+00
    endloop
  endfacet
  facet normal 3.237689e-19 -1.657186e-01 9.861731e-01
    outer loop
      vertex   -3.371427e+01 -1.251525e+01 2.986977e+00
      vertex   -3.371427e+01 -1.303343e+01 2.899900e+00
      vertex   -2.391427e+01 -1.303343e+01 2.899900e+00
    endloop
  endfacet
  facet normal 0.000000e+00 -2.935556e-01 9.559420e-01
    outer loop
      vertex   -2.391427e+01 -1.303343e+01 2.899900e+00
      vertex   -3.371427e+01 -1.303343e+01 2.899900e+00
      vertex   -3.371427e+01 -1.353573e+01 2.745651e+00
    endloop
  endfacet
  facet normal 0.000000e+00 -1.657186e-01 9.861731e-01
    outer loop
      vertex   -4.314272e+00 -1.303343e+01 2.899900e+00
      vertex   5.485728e+00 -1.303343e+01 2.899900e+00
      vertex   -4.314272e+00 -1.251525e+01 2.986977e+00
    endloop
  endfacet
  facet normal 0.000000e+00 -1.657186e-01 9.861731e-01
    outer loop
      vertex   -4.314272e+00 -1.251525e+01 2.986977e+00
      vertex   5.485728e+00 -1.303343e+01 2.899900e+00
      vertex   5.485728e+00 -1.251525e+01 2.986977e+00
    endloop
  endfacet
  facet normal 0.000000e+00 -3.502186e-02 9.993865e-01
    outer loop
      vertex   -4.314272e+00 -1.251525e+01 2.986977e+00
      vertex   5.485728e+00 -1.251525e+01 2.986977e+00
      vertex   -4.314272e+00 -1.199012e+01 3.005379e+00
    endloop
  endfacet
  facet normal 0.000000e+00 -3.502186e-02 9.993865e-01
    outer loop
      vertex   -4.314272e+00 -1.199012e+01 3.005379e+00
      vertex   5.485728e+00 -1.251525e+01 2.986977e+00
      vertex   5.485728e+00 -1.199012e+01 3.005379e+00
    endloop
  endfacet
  facet normal -0.000000e+00 9.627918e-02 9.953544e-01
    outer loop
      vertex   -4.314272e+00 -1.199012e+01 3.005379e+00
      vertex   5.485728e+00 -1.199012e+01 3.005379e+00
      vertex   -4.314272e+00 -1.146711e+01 2.954789e+00
    endloop
  endfacet
  facet normal -2.971453e-17 -1.657186e-01 9.861731e-01
    outer loop
      vertex   -4.314272e+00 -1.303343e+01 2.899900e+00
      vertex   -4.314272e+00 -1.251525e+01 2.986977e+00
      vertex   -1.411427e+01 -1.251525e+01 2.986977e+00
    endloop
  endfacet
  facet normal -6.348094e-18 -3.502186e-02 9.993865e-01
    outer loop
      vertex   -1.411427e+01 -1.251525e+01 2.986977e+00
      vertex   -4.314272e+00 -1.251525e+01 2.986977e+00
      vertex   -1.411427e+01 -1.199012e+01 3.005379e+00
    endloop
  endfacet
  facet normal 6.166050e-20 -3.502186e-02 9.993865e-01
    outer loop
      vertex   -1.411427e+01 -1.251525e+01 2.986977e+00
      vertex   -1.411427e+01 -1.199012e+01 3.005379e+00
      vertex   -2.391427e+01 -1.199012e+01 3.005379e+00
    endloop
  endfacet
  facet normal -0.000000e+00 9.627918e-02 9.953544e-01
    outer loop
      vertex   -2.391427e+01 -1.199012e+01 3.005379e+00
      vertex   -1.411427e+01 -1.199012e+01 3.005379e+00
      vertex   -2.391427e+01 -1.146711e+01 2.954789e+00
    endloop
  endfacet
  facet normal 0.000000e+00 -3.502186e-02 9.993865e-01
    outer loop
      vertex   -1.411427e+01 -1.199012e+01 3.005379e+00
      vertex   -4.314272e+00 -1.251525e+01 2.986977e+00
      vertex   -4.314272e+00 -1.199012e+01 3.005379e+00
    endloop
  endfacet
  facet normal -0.000000e+00 9.627918e-02 9.953544e-01
    outer loop
      vertex   -1.411427e+01 -1.199012e+01 3.005379e+00
      vertex   -4.314272e+00 -1.199012e+01 3.005379e+00
      vertex   -1.411427e+01 -1.146711e+01 2.954789e+00
    endloop
  endfacet
  facet normal -0.000000e+00 9.627918e-02 9.953544e-01
    outer loop
      vertex   -1.411427e+01 -1.146711e+01 2.954789e+00
      vertex   -4.314272e+00 -1.199012e+01 3.005379e+00
      vertex   -4.314272e+00 -1.146711e+01 2.954789e+00
    endloop
  endfacet
  facet normal -0.000000e+00 2.259188e-01 9.741461e-01
    outer loop
      vertex   -1.411427e+01 -1.146711e+01 2.954789e+00
      vertex   -4.314272e+00 -1.146711e+01 2.954789e+00
      vertex   -1.411427e+01 -1.095524e+01 2.836080e+00
    endloop
  endfacet
  facet normal 6.692097e-19 2.259188e-01 9.741461e-01
    outer loop
      vertex   -2.391427e+01 -1.095524e+01 2.836080e+00
      vertex   -2.391427e+01 -1.146711e+01 2.954789e+00
      vertex   -1.411427e+01 -1.146711e+01 2.954789e+00
    endloop
  endfacet
  facet normal 0.000000e+00 9.627918e-02 9.953544e-01
    outer loop
      vertex   -1.411427e+01 -1.146711e+01 2.954789e+00
      vertex   -2.391427e+01 -1.146711e+01 2.954789e+00
      vertex   -1.411427e+01 -1.199012e+01 3.005379e+00
    endloop
  endfacet
  facet normal -0.000000e+00 2.259188e-01 9.741461e-01
    outer loop
      vertex   -2.391427e+01 -1.095524e+01 2.836080e+00
      vertex   -1.411427e+01 -1.146711e+01 2.954789e+00
      vertex   -1.411427e+01 -1.095524e+01 2.836080e+00
    endloop
  endfacet
  facet normal -0.000000e+00 3.766985e-01 9.263359e-01
    outer loop
      vertex   -3.371427e+01 -1.046335e+01 2.651299e+00
      vertex   1.528573e+01 -1.046335e+01 2.651299e+00
      vertex   -3.371427e+01 -9.769885e+00 2.369299e+00
    endloop
  endfacet
  facet normal -3.179201e-04 3.573404e-01 9.339741e-01
    outer loop
      vertex   -3.371427e+01 -9.769885e+00 2.369299e+00
      vertex   1.528573e+01 -1.046335e+01 2.651299e+00
      vertex   -1.738094e+01 -9.593259e+00 2.307281e+00
    endloop
  endfacet
  facet normal 3.338374e-04 3.036716e-01 9.527767e-01
    outer loop
      vertex   -3.371427e+01 -9.769885e+00 2.369299e+00
      vertex   -1.738094e+01 -9.593259e+00 2.307281e+00
      vertex   -3.371427e+01 -9.056626e+00 2.141967e+00
    endloop
  endfacet
  facet normal -6.676433e-04 2.757901e-01 9.612176e-01
    outer loop
      vertex   -3.371427e+01 -9.056626e+00 2.141967e+00
      vertex   -1.738094e+01 -9.593259e+00 2.307281e+00
      vertex   -1.738094e+01 -8.693914e+00 2.049243e+00
    endloop
  endfacet
  facet normal 4.451306e-04 2.288129e-01 9.734703e-01
    outer loop
      vertex   -3.371427e+01 -9.056626e+00 2.141967e+00
      vertex   -1.738094e+01 -8.693914e+00 2.049243e+00
      vertex   -3.371427e+01 -8.327875e+00 1.970675e+00
    endloop
  endfacet
  facet normal -6.676433e-04 1.812963e-01 9.834283e-01
    outer loop
      vertex   -3.371427e+01 -8.327875e+00 1.970675e+00
      vertex   -1.738094e+01 -8.693914e+00 2.049243e+00
      vertex   -1.738094e+01 -7.773787e+00 1.879617e+00
    endloop
  endfacet
  facet normal 3.338374e-04 1.525741e-01 9.882920e-01
    outer loop
      vertex   -3.371427e+01 -8.327875e+00 1.970675e+00
      vertex   -1.738094e+01 -7.773787e+00 1.879617e+00
      vertex   -3.371427e+01 -7.588029e+00 1.856456e+00
    endloop
  endfacet
  facet normal -5.562558e-04 7.541489e-02 9.971521e-01
    outer loop
      vertex   -3.371427e+01 -7.588029e+00 1.856456e+00
      vertex   -1.738094e+01 -7.773787e+00 1.879617e+00
      vertex   -3.371427e+01 -6.841549e+00 1.800000e+00
    endloop
  endfacet
  facet normal -2.532063e-20 8.509426e-02 9.963729e-01
    outer loop
      vertex   -3.371427e+01 -6.841549e+00 1.800000e+00
      vertex   -1.738094e+01 -7.773787e+00 1.879617e+00
      vertex   -1.047606e+00 -7.773787e+00 1.879617e+00
    endloop
  endfacet
  facet normal 3.179201e-04 9.614862e-02 9.953669e-01
    outer loop
      vertex   -3.371427e+01 -6.841549e+00 1.800000e+00
      vertex   -1.047606e+00 -7.773787e+00 1.879617e+00
      vertex   1.528573e+01 -7.588029e+00 1.856456e+00
    endloop
  endfacet
  facet normal -3.338374e-04 1.525741e-01 9.882920e-01
    outer loop
      vertex   1.528573e+01 -7.588029e+00 1.856456e+00
      vertex   -1.047606e+00 -7.773787e+00 1.879617e+00
      vertex   1.528573e+01 -8.327875e+00 1.970675e+00
    endloop
  endfacet
  facet normal 6.676433e-04 1.812963e-01 9.834283e-01
    outer loop
      vertex   1.528573e+01 -8.327875e+00 1.970675e+00
      vertex   -1.047606e+00 -7.773787e+00 1.879617e+00
      vertex   -1.047606e+00 -8.693914e+00 2.049243e+00
    endloop
  endfacet
  facet normal -4.451306e-04 2.288129e-01 9.734703e-01
    outer loop
      vertex   1.528573e+01 -8.327875e+00 1.970675e+00
      vertex   -1.047606e+00 -8.693914e+00 2.049243e+00
      vertex   1.528573e+01 -9.056626e+00 2.141967e+00
    endloop
  endfacet
  facet normal 6.676433e-04 2.757901e-01 9.612176e-01
    outer loop
      vertex   1.528573e+01 -9.056626e+00 2.141967e+00
      vertex   -1.047606e+00 -8.693914e+00 2.049243e+00
      vertex   -1.047606e+00 -9.593259e+00 2.307281e+00
    endloop
  endfacet
  facet normal -3.338374e-04 3.036716e-01 9.527767e-01
    outer loop
      vertex   1.528573e+01 -9.056626e+00 2.141967e+00
      vertex   -1.047606e+00 -9.593259e+00 2.307281e+00
      vertex   1.528573e+01 -9.769885e+00 2.369299e+00
    endloop
  endfacet
  facet normal 5.562558e-04 3.766984e-01 9.263358e-01
    outer loop
      vertex   1.528573e+01 -9.769885e+00 2.369299e+00
      vertex   -1.047606e+00 -9.593259e+00 2.307281e+00
      vertex   1.528573e+01 -1.046335e+01 2.651299e+00
    endloop
  endfacet
  facet normal 1.303970e-18 3.676854e-01 9.299502e-01
    outer loop
      vertex   1.528573e+01 -1.046335e+01 2.651299e+00
      vertex   -1.047606e+00 -9.593259e+00 2.307281e+00
      vertex   -1.738094e+01 -9.593259e+00 2.307281e+00
    endloop
  endfacet
  facet normal 8.768462e-20 7.541490e-02 9.971522e-01
    outer loop
      vertex   1.528573e+01 -7.588029e+00 1.856456e+00
      vertex   1.528573e+01 -6.841549e+00 1.800000e+00
      vertex   -3.371427e+01 -6.841549e+00 1.800000e+00
    endloop
  endfacet
  facet normal 8.793381e-19 2.757902e-01 9.612179e-01
    outer loop
      vertex   -1.738094e+01 -8.693914e+00 2.049243e+00
      vertex   -1.738094e+01 -9.593259e+00 2.307281e+00
      vertex   -1.047606e+00 -9.593259e+00 2.307281e+00
    endloop
  endfacet
  facet normal -4.636813e-19 1.812964e-01 9.834285e-01
    outer loop
      vertex   -1.738094e+01 -7.773787e+00 1.879617e+00
      vertex   -1.738094e+01 -8.693914e+00 2.049243e+00
      vertex   -1.047606e+00 -8.693914e+00 2.049243e+00
    endloop
  endfacet
  facet normal 0.000000e+00 2.757902e-01 9.612179e-01
    outer loop
      vertex   -1.047606e+00 -8.693914e+00 2.049243e+00
      vertex   -1.738094e+01 -8.693914e+00 2.049243e+00
      vertex   -1.047606e+00 -9.593259e+00 2.307281e+00
    endloop
  endfacet
  facet normal 0.000000e+00 1.812964e-01 9.834285e-01
    outer loop
      vertex   -1.047606e+00 -7.773787e+00 1.879617e+00
      vertex   -1.738094e+01 -7.773787e+00 1.879617e+00
      vertex   -1.047606e+00 -8.693914e+00 2.049243e+00
    endloop
  endfacet
  facet normal 4.242084e-17 -3.516599e-01 9.361278e-01
    outer loop
      vertex   1.528573e+01 1.727214e+01 2.836080e+00
      vertex   5.485728e+00 1.727214e+01 2.836080e+00
      vertex   1.528573e+01 1.678025e+01 2.651299e+00
    endloop
  endfacet
  facet normal 1.277041e-16 -3.516599e-01 9.361278e-01
    outer loop
      vertex   1.528573e+01 1.678025e+01 2.651299e+00
      vertex   5.485728e+00 1.727214e+01 2.836080e+00
      vertex   -4.314272e+00 1.727214e+01 2.836080e+00
    endloop
  endfacet
  facet normal -4.220112e-17 -3.516599e-01 9.361278e-01
    outer loop
      vertex   1.528573e+01 1.678025e+01 2.651299e+00
      vertex   -4.314272e+00 1.727214e+01 2.836080e+00
      vertex   -1.411427e+01 1.727214e+01 2.836080e+00
    endloop
  endfacet
  facet normal -4.414365e-17 -2.259188e-01 9.741461e-01
    outer loop
      vertex   -1.411427e+01 1.727214e+01 2.836080e+00
      vertex   -4.314272e+00 1.727214e+01 2.836080e+00
      vertex   -1.411427e+01 1.778401e+01 2.954789e+00
    endloop
  endfacet
  facet normal -2.674077e-19 -2.259188e-01 9.741461e-01
    outer loop
      vertex   -1.411427e+01 1.727214e+01 2.836080e+00
      vertex   -1.411427e+01 1.778401e+01 2.954789e+00
      vertex   -2.391427e+01 1.778401e+01 2.954789e+00
    endloop
  endfacet
  facet normal 0.000000e+00 -9.627918e-02 9.953544e-01
    outer loop
      vertex   -2.391427e+01 1.778401e+01 2.954789e+00
      vertex   -1.411427e+01 1.778401e+01 2.954789e+00
      vertex   -2.391427e+01 1.830702e+01 3.005379e+00
    endloop
  endfacet
  facet normal -7.224704e-20 -9.627918e-02 9.953544e-01
    outer loop
      vertex   -2.391427e+01 1.778401e+01 2.954789e+00
      vertex   -2.391427e+01 1.830702e+01 3.005379e+00
      vertex   -3.371427e+01 1.830702e+01 3.005379e+00
    endloop
  endfacet
  facet normal -0.000000e+00 3.502186e-02 9.993865e-01
    outer loop
      vertex   -3.371427e+01 1.830702e+01 3.005379e+00
      vertex   -2.391427e+01 1.830702e+01 3.005379e+00
      vertex   -3.371427e+01 1.883215e+01 2.986977e+00
    endloop
  endfacet
  facet normal -4.528743e-17 3.502186e-02 9.993865e-01
    outer loop
      vertex   -3.371427e+01 1.883215e+01 2.986977e+00
      vertex   -2.391427e+01 1.830702e+01 3.005379e+00
      vertex   -2.391427e+01 1.883215e+01 2.986977e+00
    endloop
  endfacet
  facet normal -4.468866e-17 1.657186e-01 9.861731e-01
    outer loop
      vertex   -3.371427e+01 1.883215e+01 2.986977e+00
      vertex   -2.391427e+01 1.883215e+01 2.986977e+00
      vertex   -3.371427e+01 1.935033e+01 2.899900e+00
    endloop
  endfacet
  facet normal 8.937731e-17 1.657186e-01 9.861731e-01
    outer loop
      vertex   -3.371427e+01 1.935033e+01 2.899900e+00
      vertex   -2.391427e+01 1.883215e+01 2.986977e+00
      vertex   -2.391427e+01 1.935033e+01 2.899900e+00
    endloop
  endfacet
  facet normal 8.663746e-17 2.935556e-01 9.559420e-01
    outer loop
      vertex   -3.371427e+01 1.935033e+01 2.899900e+00
      vertex   -2.391427e+01 1.935033e+01 2.899900e+00
      vertex   -3.371427e+01 1.985264e+01 2.745651e+00
    endloop
  endfacet
  facet normal -1.087195e-18 2.935556e-01 9.559420e-01
    outer loop
      vertex   -3.371427e+01 1.985264e+01 2.745651e+00
      vertex   -2.391427e+01 1.935033e+01 2.899900e+00
      vertex   -1.411427e+01 1.935033e+01 2.899900e+00
    endloop
  endfacet
  facet normal 4.223153e-17 2.935556e-01 9.559420e-01
    outer loop
      vertex   -3.371427e+01 1.985264e+01 2.745651e+00
      vertex   -1.411427e+01 1.935033e+01 2.899900e+00
      vertex   -4.314272e+00 1.935033e+01 2.899900e+00
    endloop
  endfacet
  facet normal 4.468866e-17 1.657186e-01 9.861731e-01
    outer loop
      vertex   -4.314272e+00 1.935033e+01 2.899900e+00
      vertex   -1.411427e+01 1.935033e+01 2.899900e+00
      vertex   -4.314272e+00 1.883215e+01 2.986977e+00
    endloop
  endfacet
  facet normal 4.624751e-19 1.657186e-01 9.861731e-01
    outer loop
      vertex   -4.314272e+00 1.935033e+01 2.899900e+00
      vertex   -4.314272e+00 1.883215e+01 2.986977e+00
      vertex   5.485728e+00 1.883215e+01 2.986977e+00
    endloop
  endfacet
  facet normal 0.000000e+00 3.502186e-02 9.993865e-01
    outer loop
      vertex   5.485728e+00 1.883215e+01 2.986977e+00
      vertex   -4.314272e+00 1.883215e+01 2.986977e+00
      vertex   5.485728e+00 1.830702e+01 3.005379e+00
    endloop
  endfacet
  facet normal -9.092481e-21 3.502186e-02 9.993865e-01
    outer loop
      vertex   5.485728e+00 1.883215e+01 2.986977e+00
      vertex   5.485728e+00 1.830702e+01 3.005379e+00
      vertex   1.528573e+01 1.830702e+01 3.005379e+00
    endloop
  endfacet
  facet normal 0.000000e+00 -9.627918e-02 9.953544e-01
    outer loop
      vertex   1.528573e+01 1.830702e+01 3.005379e+00
      vertex   5.485728e+00 1.830702e+01 3.005379e+00
      vertex   1.528573e+01 1.778401e+01 2.954789e+00
    endloop
  endfacet
  facet normal 0.000000e+00 -9.627918e-02 9.953544e-01
    outer loop
      vertex   1.528573e+01 1.778401e+01 2.954789e+00
      vertex   5.485728e+00 1.830702e+01 3.005379e+00
      vertex   5.485728e+00 1.778401e+01 2.954789e+00
    endloop
  endfacet
  facet normal 0.000000e+00 -2.259188e-01 9.741461e-01
    outer loop
      vertex   1.528573e+01 1.778401e+01 2.954789e+00
      vertex   5.485728e+00 1.778401e+01 2.954789e+00
      vertex   1.528573e+01 1.727214e+01 2.836080e+00
    endloop
  endfacet
  facet normal 4.414365e-17 -2.259188e-01 9.741461e-01
    outer loop
      vertex   1.528573e+01 1.727214e+01 2.836080e+00
      vertex   5.485728e+00 1.778401e+01 2.954789e+00
      vertex   5.485728e+00 1.727214e+01 2.836080e+00
    endloop
  endfacet
  facet normal -9.092481e-21 3.502186e-02 9.993865e-01
    outer loop
      vertex   1.528573e+01 1.830702e+01 3.005379e+00
      vertex   1.528573e+01 1.883215e+01 2.986977e+00
      vertex   5.485728e+00 1.883215e+01 2.986977e+00
    endloop
  endfacet
  facet normal -0.000000e+00 1.657186e-01 9.861731e-01
    outer loop
      vertex   5.485728e+00 1.883215e+01 2.986977e+00
      vertex   1.528573e+01 1.883215e+01 2.986977e+00
      vertex   5.485728e+00 1.935033e+01 2.899900e+00
    endloop
  endfacet
  facet normal 4.624751e-19 1.657186e-01 9.861731e-01
    outer loop
      vertex   5.485728e+00 1.883215e+01 2.986977e+00
      vertex   5.485728e+00 1.935033e+01 2.899900e+00
      vertex   -4.314272e+00 1.935033e+01 2.899900e+00
    endloop
  endfacet
  facet normal -0.000000e+00 2.935556e-01 9.559420e-01
    outer loop
      vertex   -4.314272e+00 1.935033e+01 2.899900e+00
      vertex   5.485728e+00 1.935033e+01 2.899900e+00
      vertex   1.528573e+01 1.985264e+01 2.745651e+00
    endloop
  endfacet
  facet normal -1.777439e-19 2.935556e-01 9.559420e-01
    outer loop
      vertex   -4.314272e+00 1.935033e+01 2.899900e+00
      vertex   1.528573e+01 1.985264e+01 2.745651e+00
      vertex   -3.371427e+01 1.985264e+01 2.745651e+00
    endloop
  endfacet
  facet normal -4.535279e-17 1.657186e-01 9.861731e-01
    outer loop
      vertex   1.528573e+01 1.883215e+01 2.986977e+00
      vertex   1.528573e+01 1.935033e+01 2.899900e+00
      vertex   5.485728e+00 1.935033e+01 2.899900e+00
    endloop
  endfacet
  facet normal -4.331873e-17 2.935556e-01 9.559420e-01
    outer loop
      vertex   5.485728e+00 1.935033e+01 2.899900e+00
      vertex   1.528573e+01 1.935033e+01 2.899900e+00
      vertex   1.528573e+01 1.985264e+01 2.745651e+00
    endloop
  endfacet
  facet normal -7.224704e-20 -9.627918e-02 9.953544e-01
    outer loop
      vertex   -3.371427e+01 1.830702e+01 3.005379e+00
      vertex   -3.371427e+01 1.778401e+01 2.954789e+00
      vertex   -2.391427e+01 1.778401e+01 2.954789e+00
    endloop
  endfacet
  facet normal 0.000000e+00 -2.259188e-01 9.741461e-01
    outer loop
      vertex   -2.391427e+01 1.778401e+01 2.954789e+00
      vertex   -3.371427e+01 1.778401e+01 2.954789e+00
      vertex   -2.391427e+01 1.727214e+01 2.836080e+00
    endloop
  endfacet
  facet normal -2.674077e-19 -2.259188e-01 9.741461e-01
    outer loop
      vertex   -2.391427e+01 1.778401e+01 2.954789e+00
      vertex   -2.391427e+01 1.727214e+01 2.836080e+00
      vertex   -1.411427e+01 1.727214e+01 2.836080e+00
    endloop
  endfacet
  facet normal 0.000000e+00 -3.516599e-01 9.361278e-01
    outer loop
      vertex   -1.411427e+01 1.727214e+01 2.836080e+00
      vertex   -2.391427e+01 1.727214e+01 2.836080e+00
      vertex   -3.371427e+01 1.678025e+01 2.651299e+00
    endloop
  endfacet
  facet normal 1.838269e-19 -3.516599e-01 9.361278e-01
    outer loop
      vertex   -1.411427e+01 1.727214e+01 2.836080e+00
      vertex   -3.371427e+01 1.678025e+01 2.651299e+00
      vertex   1.528573e+01 1.678025e+01 2.651299e+00
    endloop
  endfacet
  facet normal -8.785542e-17 -2.259188e-01 9.741461e-01
    outer loop
      vertex   -3.371427e+01 1.778401e+01 2.954789e+00
      vertex   -3.371427e+01 1.727214e+01 2.836080e+00
      vertex   -2.391427e+01 1.727214e+01 2.836080e+00
    endloop
  endfacet
  facet normal -8.484169e-17 -3.516599e-01 9.361278e-01
    outer loop
      vertex   -2.391427e+01 1.727214e+01 2.836080e+00
      vertex   -3.371427e+01 1.727214e+01 2.836080e+00
      vertex   -3.371427e+01 1.678025e+01 2.651299e+00
    endloop
  endfacet
  facet normal 8.190049e-17 -2.259188e-01 9.741461e-01
    outer loop
      vertex   -4.314272e+00 1.727214e+01 2.836080e+00
      vertex   5.485728e+00 1.727214e+01 2.836080e+00
      vertex   -4.314272e+00 1.778401e+01 2.954789e+00
    endloop
  endfacet
  facet normal 0.000000e+00 -2.259188e-01 9.741461e-01
    outer loop
      vertex   -4.314272e+00 1.778401e+01 2.954789e+00
      vertex   5.485728e+00 1.727214e+01 2.836080e+00
      vertex   5.485728e+00 1.778401e+01 2.954789e+00
    endloop
  endfacet
  facet normal 0.000000e+00 -9.627918e-02 9.953544e-01
    outer loop
      vertex   -4.314272e+00 1.778401e+01 2.954789e+00
      vertex   5.485728e+00 1.778401e+01 2.954789e+00
      vertex   -4.314272e+00 1.830702e+01 3.005379e+00
    endloop
  endfacet
  facet normal 0.000000e+00 -9.627918e-02 9.953544e-01
    outer loop
      vertex   -4.314272e+00 1.830702e+01 3.005379e+00
      vertex   5.485728e+00 1.778401e+01 2.954789e+00
      vertex   5.485728e+00 1.830702e+01 3.005379e+00
    endloop
  endfacet
  facet normal -0.000000e+00 3.502186e-02 9.993865e-01
    outer loop
      vertex   -4.314272e+00 1.830702e+01 3.005379e+00
      vertex   5.485728e+00 1.830702e+01 3.005379e+00
      vertex   -4.314272e+00 1.883215e+01 2.986977e+00
    endloop
  endfacet
  facet normal 5.670104e-20 -2.259188e-01 9.741461e-01
    outer loop
      vertex   -4.314272e+00 1.727214e+01 2.836080e+00
      vertex   -4.314272e+00 1.778401e+01 2.954789e+00
      vertex   -1.411427e+01 1.778401e+01 2.954789e+00
    endloop
  endfacet
  facet normal 0.000000e+00 -9.627918e-02 9.953544e-01
    outer loop
      vertex   -1.411427e+01 1.778401e+01 2.954789e+00
      vertex   -4.314272e+00 1.778401e+01 2.954789e+00
      vertex   -1.411427e+01 1.830702e+01 3.005379e+00
    endloop
  endfacet
  facet normal -7.224704e-20 -9.627918e-02 9.953544e-01
    outer loop
      vertex   -1.411427e+01 1.778401e+01 2.954789e+00
      vertex   -1.411427e+01 1.830702e+01 3.005379e+00
      vertex   -2.391427e+01 1.830702e+01 3.005379e+00
    endloop
  endfacet
  facet normal -0.000000e+00 3.502186e-02 9.993865e-01
    outer loop
      vertex   -2.391427e+01 1.830702e+01 3.005379e+00
      vertex   -1.411427e+01 1.830702e+01 3.005379e+00
      vertex   -2.391427e+01 1.883215e+01 2.986977e+00
    endloop
  endfacet
  facet normal 0.000000e+00 -9.627918e-02 9.953544e-01
    outer loop
      vertex   -1.411427e+01 1.830702e+01 3.005379e+00
      vertex   -4.314272e+00 1.778401e+01 2.954789e+00
      vertex   -4.314272e+00 1.830702e+01 3.005379e+00
    endloop
  endfacet
  facet normal -0.000000e+00 3.502186e-02 9.993865e-01
    outer loop
      vertex   -1.411427e+01 1.830702e+01 3.005379e+00
      vertex   -4.314272e+00 1.830702e+01 3.005379e+00
      vertex   -1.411427e+01 1.883215e+01 2.986977e+00
    endloop
  endfacet
  facet normal 3.259124e-17 3.502186e-02 9.993865e-01
    outer loop
      vertex   -1.411427e+01 1.883215e+01 2.986977e+00
      vertex   -4.314272e+00 1.830702e+01 3.005379e+00
      vertex   -4.314272e+00 1.883215e+01 2.986977e+00
    endloop
  endfacet
  facet normal -1.538794e-17 1.657186e-01 9.861731e-01
    outer loop
      vertex   -1.411427e+01 1.883215e+01 2.986977e+00
      vertex   -4.314272e+00 1.883215e+01 2.986977e+00
      vertex   -1.411427e+01 1.935033e+01 2.899900e+00
    endloop
  endfacet
  facet normal -3.237689e-19 1.657186e-01 9.861731e-01
    outer loop
      vertex   -2.391427e+01 1.935033e+01 2.899900e+00
      vertex   -2.391427e+01 1.883215e+01 2.986977e+00
      vertex   -1.411427e+01 1.883215e+01 2.986977e+00
    endloop
  endfacet
  facet normal 0.000000e+00 3.502186e-02 9.993865e-01
    outer loop
      vertex   -1.411427e+01 1.883215e+01 2.986977e+00
      vertex   -2.391427e+01 1.883215e+01 2.986977e+00
      vertex   -1.411427e+01 1.830702e+01 3.005379e+00
    endloop
  endfacet
  facet normal -0.000000e+00 1.657186e-01 9.861731e-01
    outer loop
      vertex   -2.391427e+01 1.935033e+01 2.899900e+00
      vertex   -1.411427e+01 1.883215e+01 2.986977e+00
      vertex   -1.411427e+01 1.935033e+01 2.899900e+00
    endloop
  endfacet
  facet normal 1.000000e+00 0.000000e+00 0.000000e+00
    outer loop
      vertex   1.528573e+01 1.935033e+01 2.899900e+00
      vertex   1.528573e+01 1.727214e+01 2.836080e+00
      vertex   1.528573e+01 1.985264e+01 2.745651e+00
    endloop
  endfacet
  facet normal 1.000000e+00 0.000000e+00 0.000000e+00
    outer loop
      vertex   1.528573e+01 1.985264e+01 2.745651e+00
      vertex   1.528573e+01 1.727214e+01 2.836080e+00
      vertex   1.528573e+01 1.678025e+01 2.651299e+00
    endloop
  endfacet
  facet normal 1.000000e+00 0.000000e+00 0.000000e+00
    outer loop
      vertex   1.528573e+01 1.985264e+01 2.745651e+00
      vertex   1.528573e+01 1.678025e+01 2.651299e+00
      vertex   1.528573e+01 1.608679e+01 2.369299e+00
    endloop
  endfacet
  facet normal 1.000000e+00 0.000000e+00 0.000000e+00
    outer loop
      vertex   1.528573e+01 1.727214e+01 2.836080e+00
      vertex   1.528573e+01 1.935033e+01 2.899900e+00
      vertex   1.528573e+01 1.778401e+01 2.954789e+00
    endloop
  endfacet
  facet normal 1.000000e+00 -0.000000e+00 0.000000e+00
    outer loop
      vertex   1.528573e+01 1.778401e+01 2.954789e+00
      vertex   1.528573e+01 1.935033e+01 2.899900e+00
      vertex   1.528573e+01 1.883215e+01 2.986977e+00
    endloop
  endfacet
  facet normal 1.000000e+00 0.000000e+00 0.000000e+00
    outer loop
      vertex   1.528573e+01 1.778401e+01 2.954789e+00
      vertex   1.528573e+01 1.883215e+01 2.986977e+00
      vertex   1.528573e+01 1.830702e+01 3.005379e+00
    endloop
  endfacet
  facet normal 1.000000e+00 0.000000e+00 0.000000e+00
    outer loop
      vertex   1.528573e+01 1.985264e+01 2.745651e+00
      vertex   1.528573e+01 1.608679e+01 2.369299e+00
      vertex   1.528573e+01 2.233725e+01 1.800000e+00
    endloop
  endfacet
  facet normal 1.000000e+00 0.000000e+00 0.000000e+00
    outer loop
      vertex   1.528573e+01 2.233725e+01 1.800000e+00
      vertex   1.528573e+01 1.608679e+01 2.369299e+00
      vertex   1.528573e+01 1.537353e+01 2.141967e+00
    endloop
  endfacet
  facet normal 1.000000e+00 0.000000e+00 0.000000e+00
    outer loop
      vertex   1.528573e+01 2.233725e+01 1.800000e+00
      vertex   1.528573e+01 1.537353e+01 2.141967e+00
      vertex   1.528573e+01 1.464478e+01 1.970675e+00
    endloop
  endfacet
  facet normal 1.000000e+00 0.000000e+00 0.000000e+00
    outer loop
      vertex   1.528573e+01 1.464478e+01 1.970675e+00
      vertex   1.528573e+01 1.390493e+01 1.856456e+00
      vertex   1.528573e+01 2.233725e+01 1.800000e+00
    endloop
  endfacet
  facet normal 1.000000e+00 0.000000e+00 0.000000e+00
    outer loop
      vertex   1.528573e+01 2.233725e+01 1.800000e+00
      vertex   1.528573e+01 1.390493e+01 1.856456e+00
      vertex   1.528573e+01 1.315845e+01 1.800000e+00
    endloop
  endfacet
  facet normal 0.000000e+00 -3.766985e-01 9.263359e-01
    outer loop
      vertex   1.528573e+01 1.678025e+01 2.651299e+00
      vertex   -3.371427e+01 1.678025e+01 2.651299e+00
      vertex   1.528573e+01 1.608679e+01 2.369299e+00
    endloop
  endfacet
  facet normal 3.179201e-04 -3.573404e-01 9.339741e-01
    outer loop
      vertex   1.528573e+01 1.608679e+01 2.369299e+00
      vertex   -3.371427e+01 1.678025e+01 2.651299e+00
      vertex   -1.047606e+00 1.591016e+01 2.307281e+00
    endloop
  endfacet
  facet normal -3.338374e-04 -3.036716e-01 9.527767e-01
    outer loop
      vertex   1.528573e+01 1.608679e+01 2.369299e+00
      vertex   -1.047606e+00 1.591016e+01 2.307281e+00
      vertex   1.528573e+01 1.537353e+01 2.141967e+00
    endloop
  endfacet
  facet normal 6.676433e-04 -2.757901e-01 9.612176e-01
    outer loop
      vertex   1.528573e+01 1.537353e+01 2.141967e+00
      vertex   -1.047606e+00 1.591016e+01 2.307281e+00
      vertex   -1.047606e+00 1.501082e+01 2.049243e+00
    endloop
  endfacet
  facet normal -4.451306e-04 -2.288129e-01 9.734703e-01
    outer loop
      vertex   1.528573e+01 1.537353e+01 2.141967e+00
      vertex   -1.047606e+00 1.501082e+01 2.049243e+00
      vertex   1.528573e+01 1.464478e+01 1.970675e+00
    endloop
  endfacet
  facet normal 6.676433e-04 -1.812963e-01 9.834283e-01
    outer loop
      vertex   1.528573e+01 1.464478e+01 1.970675e+00
      vertex   -1.047606e+00 1.501082e+01 2.049243e+00
      vertex   -1.047606e+00 1.409069e+01 1.879617e+00
    endloop
  endfacet
  facet normal -3.338374e-04 -1.525741e-01 9.882920e-01
    outer loop
      vertex   1.528573e+01 1.464478e+01 1.970675e+00
      vertex   -1.047606e+00 1.409069e+01 1.879617e+00
      vertex   1.528573e+01 1.390493e+01 1.856456e+00
    endloop
  endfacet
  facet normal 5.562558e-04 -7.541489e-02 9.971521e-01
    outer loop
      vertex   1.528573e+01 1.390493e+01 1.856456e+00
      vertex   -1.047606e+00 1.409069e+01 1.879617e+00
      vertex   1.528573e+01 1.315845e+01 1.800000e+00
    endloop
  endfacet
  facet normal 5.188509e-20 -8.509426e-02 9.963729e-01
    outer loop
      vertex   1.528573e+01 1.315845e+01 1.800000e+00
      vertex   -1.047606e+00 1.409069e+01 1.879617e+00
      vertex   -1.738094e+01 1.409069e+01 1.879617e+00
    endloop
  endfacet
  facet normal -3.179201e-04 -9.614862e-02 9.953669e-01
    outer loop
      vertex   1.528573e+01 1.315845e+01 1.800000e+00
      vertex   -1.738094e+01 1.409069e+01 1.879617e+00
      vertex   -3.371427e+01 1.390493e+01 1.856456e+00
    endloop
  endfacet
  facet normal 3.338374e-04 -1.525741e-01 9.882920e-01
    outer loop
      vertex   -3.371427e+01 1.390493e+01 1.856456e+00
      vertex   -1.738094e+01 1.409069e+01 1.879617e+00
      vertex   -3.371427e+01 1.464478e+01 1.970675e+00
    endloop
  endfacet
  facet normal -6.676433e-04 -1.812963e-01 9.834283e-01
    outer loop
      vertex   -3.371427e+01 1.464478e+01 1.970675e+00
      vertex   -1.738094e+01 1.409069e+01 1.879617e+00
      vertex   -1.738094e+01 1.501082e+01 2.049243e+00
    endloop
  endfacet
  facet normal 4.451306e-04 -2.288129e-01 9.734703e-01
    outer loop
      vertex   -3.371427e+01 1.464478e+01 1.970675e+00
      vertex   -1.738094e+01 1.501082e+01 2.049243e+00
      vertex   -3.371427e+01 1.537353e+01 2.141967e+00
    endloop
  endfacet
  facet normal -6.676433e-04 -2.757901e-01 9.612176e-01
    outer loop
      vertex   -3.371427e+01 1.537353e+01 2.141967e+00
      vertex   -1.738094e+01 1.501082e+01 2.049243e+00
      vertex   -1.738094e+01 1.591016e+01 2.307281e+00
    endloop
  endfacet
  facet normal 3.338374e-04 -3.036716e-01 9.527767e-01
    outer loop
      vertex   -3.371427e+01 1.537353e+01 2.141967e+00
      vertex   -1.738094e+01 1.591016e+01 2.307281e+00
      vertex   -3.371427e+01 1.608679e+01 2.369299e+00
    endloop
  endfacet
  facet normal -5.562558e-04 -3.766984e-01 9.263358e-01
    outer loop
      vertex   -3.371427e+01 1.608679e+01 2.369299e+00
      vertex   -1.738094e+01 1.591016e+01 2.307281e+00
      vertex   -3.371427e+01 1.678025e+01 2.651299e+00
    endloop
  endfacet
  facet normal -1.693899e-18 -3.676854e-01 9.299502e-01
    outer loop
      vertex   -3.371427e+01 1.678025e+01 2.651299e+00
      vertex   -1.738094e+01 1.591016e+01 2.307281e+00
      vertex   -1.047606e+00 1.591016e+01 2.307281e+00
    endloop
  endfacet
  facet normal 3.705122e-20 -7.541490e-02 9.971522e-01
    outer loop
      vertex   -3.371427e+01 1.390493e+01 1.856456e+00
      vertex   -3.371427e+01 1.315845e+01 1.800000e+00
      vertex   1.528573e+01 1.315845e+01 1.800000e+00
    endloop
  endfacet
  facet normal 3.987999e-19 -2.757902e-01 9.612179e-01
    outer loop
      vertex   -1.047606e+00 1.501082e+01 2.049243e+00
      vertex   -1.047606e+00 1.591016e+01 2.307281e+00
      vertex   -1.738094e+01 1.591016e+01 2.307281e+00
    endloop
  endfacet
  facet normal 4.630855e-20 -1.812964e-01 9.834285e-01
    outer loop
      vertex   -1.047606e+00 1.409069e+01 1.879617e+00
      vertex   -1.047606e+00 1.501082e+01 2.049243e+00
      vertex   -1.738094e+01 1.501082e+01 2.049243e+00
    endloop
  endfacet
  facet normal 0.000000e+00 -2.757902e-01 9.612179e-01
    outer loop
      vertex   -1.738094e+01 1.501082e+01 2.049243e+00
      vertex   -1.047606e+00 1.501082e+01 2.049243e+00
      vertex   -1.738094e+01 1.591016e+01 2.307281e+00
    endloop
  endfacet
  facet normal 0.000000e+00 -1.812964e-01 9.834285e-01
    outer loop
      vertex   -1.738094e+01 1.409069e+01 1.879617e+00
      vertex   -1.047606e+00 1.409069e+01 1.879617e+00
      vertex   -1.738094e+01 1.501082e+01 2.049243e+00
    endloop
  endfacet
  facet normal -1.000000e+00 0.000000e+00 0.000000e+00
    outer loop
      vertex   1.268573e+01 5.042647e+00 3.800000e+00
      vertex   1.268573e+01 4.994639e+00 3.794153e+00
      vertex   1.268573e+01 1.274254e+00 3.800000e+00
    endloop
  endfacet
  facet normal -1.000000e+00 0.000000e+00 0.000000e+00
    outer loop
      vertex   1.268573e+01 1.274254e+00 3.800000e+00
      vertex   1.268573e+01 4.994639e+00 3.794153e+00
      vertex   1.268573e+01 1.322262e+00 3.794153e+00
    endloop
  endfacet
  facet normal -1.000000e+00 0.000000e+00 0.000000e+00
    outer loop
      vertex   1.268573e+01 1.322262e+00 3.794153e+00
      vertex   1.268573e+01 4.994639e+00 3.794153e+00
      vertex   1.268573e+01 4.949438e+00 3.776952e+00
    endloop
  endfacet
  facet normal -1.000000e+00 0.000000e+00 0.000000e+00
    outer loop
      vertex   1.268573e+01 1.322262e+00 3.794153e+00
      vertex   1.268573e+01 4.949438e+00 3.776952e+00
      vertex   1.268573e+01 1.367463e+00 3.776952e+00
    endloop
  endfacet
  facet normal -1.000000e+00 0.000000e+00 0.000000e+00
    outer loop
      vertex   1.268573e+01 1.367463e+00 3.776952e+00
      vertex   1.268573e+01 4.949438e+00 3.776952e+00
      vertex   1.268573e+01 4.909688e+00 3.749405e+00
    endloop
  endfacet
  facet normal -1.000000e+00 0.000000e+00 0.000000e+00
    outer loop
      vertex   1.268573e+01 1.367463e+00 3.776952e+00
      vertex   1.268573e+01 4.909688e+00 3.749405e+00
      vertex   1.268573e+01 1.407213e+00 3.749405e+00
    endloop
  endfacet
  facet normal -1.000000e+00 0.000000e+00 0.000000e+00
    outer loop
      vertex   1.268573e+01 1.407213e+00 3.749405e+00
      vertex   1.268573e+01 4.909688e+00 3.749405e+00
      vertex   1.268573e+01 4.877712e+00 3.713121e+00
    endloop
  endfacet
  facet normal -1.000000e+00 0.000000e+00 0.000000e+00
    outer loop
      vertex   1.268573e+01 1.407213e+00 3.749405e+00
      vertex   1.268573e+01 4.877712e+00 3.713121e+00
      vertex   1.268573e+01 1.439189e+00 3.713121e+00
    endloop
  endfacet
  facet normal -1.000000e+00 0.000000e+00 0.000000e+00
    outer loop
      vertex   1.268573e+01 1.439189e+00 3.713121e+00
      vertex   1.268573e+01 4.877712e+00 3.713121e+00
      vertex   1.268573e+01 4.855381e+00 3.670223e+00
    endloop
  endfacet
  facet normal -1.000000e+00 0.000000e+00 0.000000e+00
    outer loop
      vertex   1.268573e+01 1.439189e+00 3.713121e+00
      vertex   1.268573e+01 4.855381e+00 3.670223e+00
      vertex   1.268573e+01 1.461521e+00 3.670223e+00
    endloop
  endfacet
  facet normal -1.000000e+00 0.000000e+00 0.000000e+00
    outer loop
      vertex   1.268573e+01 1.461521e+00 3.670223e+00
      vertex   1.268573e+01 4.855381e+00 3.670223e+00
      vertex   1.268573e+01 4.843999e+00 3.623219e+00
    endloop
  endfacet
  facet normal -1.000000e+00 0.000000e+00 0.000000e+00
    outer loop
      vertex   1.268573e+01 1.461521e+00 3.670223e+00
      vertex   1.268573e+01 4.843999e+00 3.623219e+00
      vertex   1.268573e+01 1.472902e+00 3.623219e+00
    endloop
  endfacet
  facet normal -1.000000e+00 0.000000e+00 -0.000000e+00
    outer loop
      vertex   1.268573e+01 1.472902e+00 3.623219e+00
      vertex   1.268573e+01 4.843999e+00 3.623219e+00
      vertex   1.268573e+01 1.472667e+00 3.574856e+00
    endloop
  endfacet
  facet normal -1.000000e+00 0.000000e+00 0.000000e+00
    outer loop
      vertex   1.268573e+01 1.472667e+00 3.574856e+00
      vertex   1.268573e+01 4.843999e+00 3.623219e+00
      vertex   1.268573e+01 4.844234e+00 3.574856e+00
    endloop
  endfacet
  facet normal -1.000000e+00 0.000000e+00 -0.000000e+00
    outer loop
      vertex   1.268573e+01 1.472667e+00 3.574856e+00
      vertex   1.268573e+01 4.844234e+00 3.574856e+00
      vertex   1.268573e+01 1.460831e+00 3.527964e+00
    endloop
  endfacet
  facet normal -1.000000e+00 0.000000e+00 0.000000e+00
    outer loop
      vertex   1.268573e+01 1.460831e+00 3.527964e+00
      vertex   1.268573e+01 4.844234e+00 3.574856e+00
      vertex   1.268573e+01 4.856070e+00 3.527964e+00
    endloop
  endfacet
  facet normal -1.000000e+00 0.000000e+00 -0.000000e+00
    outer loop
      vertex   1.268573e+01 1.460831e+00 3.527964e+00
      vertex   1.268573e+01 4.856070e+00 3.527964e+00
      vertex   1.268573e+01 1.438085e+00 3.485285e+00
    endloop
  endfacet
  facet normal -1.000000e+00 0.000000e+00 0.000000e+00
    outer loop
      vertex   1.268573e+01 1.438085e+00 3.485285e+00
      vertex   1.268573e+01 4.856070e+00 3.527964e+00
      vertex   1.268573e+01 4.878817e+00 3.485285e+00
    endloop
  endfacet
  facet normal -1.000000e+00 0.000000e+00 0.000000e+00
    outer loop
      vertex   1.268573e+01 1.438085e+00 3.485285e+00
      vertex   1.268573e+01 4.878817e+00 3.485285e+00
      vertex   1.268573e+01 2.556335e+00 1.800000e+00
    endloop
  endfacet
  facet normal -1.000000e+00 0.000000e+00 0.000000e+00
    outer loop
      vertex   1.268573e+01 2.556335e+00 1.800000e+00
      vertex   1.268573e+01 4.878817e+00 3.485285e+00
      vertex   1.268573e+01 6.058866e+00 1.800000e+00
    endloop
  endfacet
  facet normal -1.000000e+00 0.000000e+00 0.000000e+00
    outer loop
      vertex   1.268573e+01 2.556335e+00 1.800000e+00
      vertex   1.268573e+01 2.580356e-01 1.800000e+00
      vertex   1.268573e+01 1.438085e+00 3.485285e+00
    endloop
  endfacet
  facet normal 0.000000e+00 -0.000000e+00 1.000000e+00
    outer loop
      vertex   1.243648e+01 2.556335e+00 1.800000e+00
      vertex   1.268573e+01 2.556335e+00 1.800000e+00
      vertex   6.170170e+00 5.337902e+00 1.800000e+00
    endloop
  endfacet
  facet normal -0.000000e+00 0.000000e+00 1.000000e+00
    outer loop
      vertex   6.170170e+00 5.337902e+00 1.800000e+00
      vertex   1.268573e+01 2.556335e+00 1.800000e+00
      vertex   1.268573e+01 6.058866e+00 1.800000e+00
    endloop
  endfacet
  facet normal 0.000000e+00 -0.000000e+00 1.000000e+00
    outer loop
      vertex   6.170170e+00 5.337902e+00 1.800000e+00
      vertex   1.268573e+01 6.058866e+00 1.800000e+00
      vertex   -3.829830e+00 5.337902e+00 1.800000e+00
    endloop
  endfacet
  facet normal 0.000000e+00 -0.000000e+00 1.000000e+00
    outer loop
      vertex   -3.829830e+00 5.337902e+00 1.800000e+00
      vertex   1.268573e+01 6.058866e+00 1.800000e+00
      vertex   -2.223084e+01 5.760097e+00 1.800000e+00
    endloop
  endfacet
  facet normal 0.000000e+00 0.000000e+00 1.000000e+00
    outer loop
      vertex   -3.829830e+00 5.337902e+00 1.800000e+00
      vertex   -2.223084e+01 5.760097e+00 1.800000e+00
      vertex   -2.223084e+01 8.051377e-01 1.800000e+00
    endloop
  endfacet
  facet normal 0.000000e+00 0.000000e+00 1.000000e+00
    outer loop
      vertex   1.268573e+01 6.058866e+00 1.800000e+00
      vertex   -3.371427e+01 6.058866e+00 1.800000e+00
      vertex   -2.223084e+01 5.760097e+00 1.800000e+00
    endloop
  endfacet
  facet normal 0.000000e+00 0.000000e+00 1.000000e+00
    outer loop
      vertex   -2.223084e+01 5.760097e+00 1.800000e+00
      vertex   -3.371427e+01 6.058866e+00 1.800000e+00
      vertex   -2.726900e+01 5.760097e+00 1.800000e+00
    endloop
  endfacet
  facet normal 0.000000e+00 0.000000e+00 1.000000e+00
    outer loop
      vertex   -2.726900e+01 5.760097e+00 1.800000e+00
      vertex   -3.371427e+01 6.058866e+00 1.800000e+00
      vertex   -2.726900e+01 8.051377e-01 1.800000e+00
    endloop
  endfacet
  facet normal 0.000000e+00 0.000000e+00 1.000000e+00
    outer loop
      vertex   -2.726900e+01 8.051377e-01 1.800000e+00
      vertex   -3.371427e+01 6.058866e+00 1.800000e+00
      vertex   -3.371427e+01 2.580356e-01 1.800000e+00
    endloop
  endfacet
  facet normal -0.000000e+00 0.000000e+00 1.000000e+00
    outer loop
      vertex   -2.726900e+01 8.051377e-01 1.800000e+00
      vertex   -3.371427e+01 2.580356e-01 1.800000e+00
      vertex   -2.223084e+01 8.051377e-01 1.800000e+00
    endloop
  endfacet
  facet normal 0.000000e+00 0.000000e+00 1.000000e+00
    outer loop
      vertex   -2.223084e+01 8.051377e-01 1.800000e+00
      vertex   -3.371427e+01 2.580356e-01 1.800000e+00
      vertex   -3.829830e+00 2.580356e-01 1.800000e+00
    endloop
  endfacet
  facet normal -0.000000e+00 0.000000e+00 1.000000e+00
    outer loop
      vertex   -2.223084e+01 8.051377e-01 1.800000e+00
      vertex   -3.829830e+00 2.580356e-01 1.800000e+00
      vertex   -3.829830e+00 5.337902e+00 1.800000e+00
    endloop
  endfacet
  facet normal 0.000000e+00 0.000000e+00 1.000000e+00
    outer loop
      vertex   6.170170e+00 5.337902e+00 1.800000e+00
      vertex   6.170170e+00 2.580356e-01 1.800000e+00
      vertex   1.243648e+01 2.556335e+00 1.800000e+00
    endloop
  endfacet
  facet normal 0.000000e+00 0.000000e+00 1.000000e+00
    outer loop
      vertex   1.243648e+01 2.556335e+00 1.800000e+00
      vertex   6.170170e+00 2.580356e-01 1.800000e+00
      vertex   1.243648e+01 2.580356e-01 1.800000e+00
    endloop
  endfacet
  facet normal 1.000000e+00 0.000000e+00 0.000000e+00
    outer loop
      vertex   -2.824852e+01 -1.403348e+01 2.556206e+00
      vertex   -2.824852e+01 -1.602035e+01 1.800000e+00
      vertex   -2.824852e+01 -1.403348e+01 1.800000e+00
    endloop
  endfacet
  facet normal 0.000000e+00 0.000000e+00 1.000000e+00
    outer loop
      vertex   -8.249070e+00 -1.602035e+01 1.800000e+00
      vertex   2.726111e+00 -1.602035e+01 1.800000e+00
      vertex   -8.249070e+00 -1.403348e+01 1.800000e+00
    endloop
  endfacet
  facet normal -0.000000e+00 0.000000e+00 1.000000e+00
    outer loop
      vertex   -8.249070e+00 -1.403348e+01 1.800000e+00
      vertex   2.726111e+00 -1.602035e+01 1.800000e+00
      vertex   2.726111e+00 -1.403348e+01 1.800000e+00
    endloop
  endfacet
  facet normal 0.000000e+00 0.000000e+00 1.000000e+00
    outer loop
      vertex   -2.824852e+01 -1.602035e+01 1.800000e+00
      vertex   -1.824907e+01 -1.602035e+01 1.800000e+00
      vertex   -2.824852e+01 -1.403348e+01 1.800000e+00
    endloop
  endfacet
  facet normal -0.000000e+00 0.000000e+00 1.000000e+00
    outer loop
      vertex   -2.824852e+01 -1.403348e+01 1.800000e+00
      vertex   -1.824907e+01 -1.602035e+01 1.800000e+00
      vertex   -1.824907e+01 -1.403348e+01 1.800000e+00
    endloop
  endfacet
  facet normal 0.000000e+00 0.000000e+00 1.000000e+00
    outer loop
      vertex   -1.824907e+01 2.233725e+01 1.800000e+00
      vertex   -2.824852e+01 2.233725e+01 1.800000e+00
      vertex   -1.824907e+01 2.035039e+01 1.800000e+00
    endloop
  endfacet
  facet normal 0.000000e+00 0.000000e+00 1.000000e+00
    outer loop
      vertex   -1.824907e+01 2.035039e+01 1.800000e+00
      vertex   -2.824852e+01 2.233725e+01 1.800000e+00
      vertex   -2.824852e+01 2.035039e+01 1.800000e+00
    endloop
  endfacet
  facet normal 1.000000e+00 1.788097e-15 0.000000e+00
    outer loop
      vertex   -2.824852e+01 2.233725e+01 1.800000e+00
      vertex   -2.824852e+01 2.035039e+01 2.556206e+00
      vertex   -2.824852e+01 2.035039e+01 1.800000e+00
    endloop
  endfacet
  facet normal 0.000000e+00 0.000000e+00 1.000000e+00
    outer loop
      vertex   2.726111e+00 2.233725e+01 1.800000e+00
      vertex   -8.249070e+00 2.233725e+01 1.800000e+00
      vertex   2.726111e+00 2.035039e+01 1.800000e+00
    endloop
  endfacet
  facet normal 0.000000e+00 0.000000e+00 1.000000e+00
    outer loop
      vertex   2.726111e+00 2.035039e+01 1.800000e+00
      vertex   -8.249070e+00 2.233725e+01 1.800000e+00
      vertex   -8.249070e+00 2.035039e+01 1.800000e+00
    endloop
  endfacet
  facet normal 0.000000e+00 -3.557094e-01 9.345966e-01
    outer loop
      vertex   -3.371427e+01 -1.353573e+01 2.745651e+00
      vertex   -2.824852e+01 -1.403348e+01 2.556206e+00
      vertex   1.528573e+01 -1.353573e+01 2.745651e+00
    endloop
  endfacet
  facet normal 1.681442e-19 -3.557094e-01 9.345966e-01
    outer loop
      vertex   1.528573e+01 -1.353573e+01 2.745651e+00
      vertex   -2.824852e+01 -1.403348e+01 2.556206e+00
      vertex   1.272611e+01 -1.403348e+01 2.556206e+00
    endloop
  endfacet
  facet normal 1.778224e-16 -3.557094e-01 9.345966e-01
    outer loop
      vertex   1.528573e+01 -1.353573e+01 2.745651e+00
      vertex   1.272611e+01 -1.403348e+01 2.556206e+00
      vertex   1.528573e+01 -1.602035e+01 1.800000e+00
    endloop
  endfacet
  facet normal 0.000000e+00 -3.557094e-01 9.345966e-01
    outer loop
      vertex   1.528573e+01 -1.602035e+01 1.800000e+00
      vertex   1.272611e+01 -1.403348e+01 2.556206e+00
      vertex   1.272611e+01 -1.602035e+01 1.800000e+00
    endloop
  endfacet
  facet normal -8.361063e-17 -3.557094e-01 9.345966e-01
    outer loop
      vertex   -3.371427e+01 -1.353573e+01 2.745651e+00
      vertex   -3.371427e+01 -1.602035e+01 1.800000e+00
      vertex   -2.824852e+01 -1.403348e+01 2.556206e+00
    endloop
  endfacet
  facet normal -5.370672e-18 -3.557094e-01 9.345966e-01
    outer loop
      vertex   -2.824852e+01 -1.403348e+01 2.556206e+00
      vertex   -3.371427e+01 -1.602035e+01 1.800000e+00
      vertex   -2.824852e+01 -1.602035e+01 1.800000e+00
    endloop
  endfacet
  facet normal 1.861699e-18 3.557094e-01 9.345966e-01
    outer loop
      vertex   -3.371427e+01 2.233725e+01 1.800000e+00
      vertex   -3.371427e+01 1.985264e+01 2.745651e+00
      vertex   -2.824852e+01 2.035039e+01 2.556206e+00
    endloop
  endfacet
  facet normal 1.031807e-19 3.557094e-01 9.345966e-01
    outer loop
      vertex   -2.824852e+01 2.035039e+01 2.556206e+00
      vertex   -3.371427e+01 1.985264e+01 2.745651e+00
      vertex   1.528573e+01 1.985264e+01 2.745651e+00
    endloop
  endfacet
  facet normal -0.000000e+00 3.557094e-01 9.345966e-01
    outer loop
      vertex   -2.824852e+01 2.035039e+01 2.556206e+00
      vertex   1.528573e+01 1.985264e+01 2.745651e+00
      vertex   1.272611e+01 2.035039e+01 2.556206e+00
    endloop
  endfacet
  facet normal -1.579300e-17 3.557094e-01 9.345966e-01
    outer loop
      vertex   1.272611e+01 2.035039e+01 2.556206e+00
      vertex   1.528573e+01 1.985264e+01 2.745651e+00
      vertex   1.528573e+01 2.233725e+01 1.800000e+00
    endloop
  endfacet
  facet normal -9.737106e-16 3.557094e-01 9.345966e-01
    outer loop
      vertex   1.272611e+01 2.035039e+01 2.556206e+00
      vertex   1.528573e+01 2.233725e+01 1.800000e+00
      vertex   1.272611e+01 2.233725e+01 1.800000e+00
    endloop
  endfacet
  facet normal 2.634062e-18 3.557094e-01 9.345966e-01
    outer loop
      vertex   -2.824852e+01 2.035039e+01 2.556206e+00
      vertex   -2.824852e+01 2.233725e+01 1.800000e+00
      vertex   -3.371427e+01 2.233725e+01 1.800000e+00
    endloop
  endfacet
  facet normal -4.066243e-17 7.705998e-02 9.970265e-01
    outer loop
      vertex   -3.371427e+01 1.230705e+01 1.865805e+00
      vertex   -1.738094e+01 1.230705e+01 1.865805e+00
      vertex   -3.371427e+01 1.315845e+01 1.800000e+00
    endloop
  endfacet
  facet normal 1.368957e-19 7.705998e-02 9.970265e-01
    outer loop
      vertex   -3.371427e+01 1.315845e+01 1.800000e+00
      vertex   -1.738094e+01 1.230705e+01 1.865805e+00
      vertex   -1.047606e+00 1.230705e+01 1.865805e+00
    endloop
  endfacet
  facet normal -0.000000e+00 7.705998e-02 9.970265e-01
    outer loop
      vertex   -3.371427e+01 1.315845e+01 1.800000e+00
      vertex   -1.047606e+00 1.230705e+01 1.865805e+00
      vertex   1.528573e+01 1.315845e+01 1.800000e+00
    endloop
  endfacet
  facet normal 4.079933e-17 7.705998e-02 9.970265e-01
    outer loop
      vertex   1.528573e+01 1.315845e+01 1.800000e+00
      vertex   -1.047606e+00 1.230705e+01 1.865805e+00
      vertex   1.528573e+01 1.230705e+01 1.865805e+00
    endloop
  endfacet
  facet normal 4.021574e-17 1.663080e-01 9.860739e-01
    outer loop
      vertex   1.528573e+01 1.230705e+01 1.865805e+00
      vertex   -1.047606e+00 1.230705e+01 1.865805e+00
      vertex   1.528573e+01 1.146500e+01 2.007822e+00
    endloop
  endfacet
  facet normal 2.681050e-17 1.663080e-01 9.860739e-01
    outer loop
      vertex   1.528573e+01 1.146500e+01 2.007822e+00
      vertex   -1.047606e+00 1.230705e+01 1.865805e+00
      vertex   -1.047606e+00 1.146500e+01 2.007822e+00
    endloop
  endfacet
  facet normal 2.629594e-17 2.542113e-01 9.671487e-01
    outer loop
      vertex   1.528573e+01 1.146500e+01 2.007822e+00
      vertex   -1.047606e+00 1.146500e+01 2.007822e+00
      vertex   1.528573e+01 1.063911e+01 2.224904e+00
    endloop
  endfacet
  facet normal 5.259187e-17 2.542113e-01 9.671487e-01
    outer loop
      vertex   1.528573e+01 1.063911e+01 2.224904e+00
      vertex   -1.047606e+00 1.146500e+01 2.007822e+00
      vertex   -1.047606e+00 1.063911e+01 2.224904e+00
    endloop
  endfacet
  facet normal 5.113754e-17 3.400593e-01 9.404040e-01
    outer loop
      vertex   1.528573e+01 1.063911e+01 2.224904e+00
      vertex   -1.047606e+00 1.063911e+01 2.224904e+00
      vertex   1.528573e+01 9.836058e+00 2.515295e+00
    endloop
  endfacet
  facet normal 0.000000e+00 3.400593e-01 9.404040e-01
    outer loop
      vertex   1.528573e+01 9.836058e+00 2.515295e+00
      vertex   -1.047606e+00 1.063911e+01 2.224904e+00
      vertex   -1.047606e+00 9.836058e+00 2.515295e+00
    endloop
  endfacet
  facet normal 0.000000e+00 4.231579e-01 9.060559e-01
    outer loop
      vertex   1.528573e+01 9.836058e+00 2.515295e+00
      vertex   -1.047606e+00 9.836058e+00 2.515295e+00
      vertex   1.528573e+01 9.062338e+00 2.876647e+00
    endloop
  endfacet
  facet normal -7.390463e-17 4.231579e-01 9.060559e-01
    outer loop
      vertex   1.528573e+01 9.062338e+00 2.876647e+00
      vertex   -1.047606e+00 9.836058e+00 2.515295e+00
      vertex   -1.047606e+00 9.062338e+00 2.876647e+00
    endloop
  endfacet
  facet normal -7.050542e-17 5.028352e-01 8.643823e-01
    outer loop
      vertex   1.528573e+01 9.062338e+00 2.876647e+00
      vertex   -1.047606e+00 9.062338e+00 2.876647e+00
      vertex   1.528573e+01 8.324206e+00 3.306040e+00
    endloop
  endfacet
  facet normal 2.350181e-17 5.028352e-01 8.643823e-01
    outer loop
      vertex   1.528573e+01 8.324206e+00 3.306040e+00
      vertex   -1.047606e+00 9.062338e+00 2.876647e+00
      vertex   -1.047606e+00 8.324206e+00 3.306040e+00
    endloop
  endfacet
  facet normal 2.217872e-17 5.784470e-01 8.157200e-01
    outer loop
      vertex   1.528573e+01 8.324206e+00 3.306040e+00
      vertex   -1.047606e+00 8.324206e+00 3.306040e+00
      vertex   1.528573e+01 7.627628e+00 3.800000e+00
    endloop
  endfacet
  facet normal -8.881913e-19 5.784470e-01 8.157200e-01
    outer loop
      vertex   1.528573e+01 7.627628e+00 3.800000e+00
      vertex   -1.047606e+00 8.324206e+00 3.306040e+00
      vertex   -1.738094e+01 8.324206e+00 3.306040e+00
    endloop
  endfacet
  facet normal 0.000000e+00 5.784470e-01 8.157200e-01
    outer loop
      vertex   1.528573e+01 7.627628e+00 3.800000e+00
      vertex   -1.738094e+01 8.324206e+00 3.306040e+00
      vertex   -3.371427e+01 7.627628e+00 3.800000e+00
    endloop
  endfacet
  facet normal -2.306691e-17 5.784470e-01 8.157200e-01
    outer loop
      vertex   -3.371427e+01 7.627628e+00 3.800000e+00
      vertex   -1.738094e+01 8.324206e+00 3.306040e+00
      vertex   -3.371427e+01 8.324206e+00 3.306040e+00
    endloop
  endfacet
  facet normal -2.350181e-17 5.028352e-01 8.643823e-01
    outer loop
      vertex   -3.371427e+01 8.324206e+00 3.306040e+00
      vertex   -1.738094e+01 8.324206e+00 3.306040e+00
      vertex   -3.371427e+01 9.062338e+00 2.876647e+00
    endloop
  endfacet
  facet normal 7.050542e-17 5.028352e-01 8.643823e-01
    outer loop
      vertex   -3.371427e+01 9.062338e+00 2.876647e+00
      vertex   -1.738094e+01 8.324206e+00 3.306040e+00
      vertex   -1.738094e+01 9.062338e+00 2.876647e+00
    endloop
  endfacet
  facet normal 7.390463e-17 4.231579e-01 9.060559e-01
    outer loop
      vertex   -3.371427e+01 9.062338e+00 2.876647e+00
      vertex   -1.738094e+01 9.062338e+00 2.876647e+00
      vertex   -3.371427e+01 9.836058e+00 2.515295e+00
    endloop
  endfacet
  facet normal -0.000000e+00 4.231579e-01 9.060559e-01
    outer loop
      vertex   -3.371427e+01 9.836058e+00 2.515295e+00
      vertex   -1.738094e+01 9.062338e+00 2.876647e+00
      vertex   -1.738094e+01 9.836058e+00 2.515295e+00
    endloop
  endfacet
  facet normal -0.000000e+00 3.400593e-01 9.404040e-01
    outer loop
      vertex   -3.371427e+01 9.836058e+00 2.515295e+00
      vertex   -1.738094e+01 9.836058e+00 2.515295e+00
      vertex   -3.371427e+01 1.063911e+01 2.224904e+00
    endloop
  endfacet
  facet normal -5.113754e-17 3.400593e-01 9.404040e-01
    outer loop
      vertex   -3.371427e+01 1.063911e+01 2.224904e+00
      vertex   -1.738094e+01 9.836058e+00 2.515295e+00
      vertex   -1.738094e+01 1.063911e+01 2.224904e+00
    endloop
  endfacet
  facet normal -5.259187e-17 2.542113e-01 9.671487e-01
    outer loop
      vertex   -3.371427e+01 1.063911e+01 2.224904e+00
      vertex   -1.738094e+01 1.063911e+01 2.224904e+00
      vertex   -3.371427e+01 1.146500e+01 2.007822e+00
    endloop
  endfacet
  facet normal -2.629594e-17 2.542113e-01 9.671487e-01
    outer loop
      vertex   -3.371427e+01 1.146500e+01 2.007822e+00
      vertex   -1.738094e+01 1.063911e+01 2.224904e+00
      vertex   -1.738094e+01 1.146500e+01 2.007822e+00
    endloop
  endfacet
  facet normal -2.681050e-17 1.663080e-01 9.860739e-01
    outer loop
      vertex   -3.371427e+01 1.146500e+01 2.007822e+00
      vertex   -1.738094e+01 1.146500e+01 2.007822e+00
      vertex   -3.371427e+01 1.230705e+01 1.865805e+00
    endloop
  endfacet
  facet normal -4.021574e-17 1.663080e-01 9.860739e-01
    outer loop
      vertex   -3.371427e+01 1.230705e+01 1.865805e+00
      vertex   -1.738094e+01 1.146500e+01 2.007822e+00
      vertex   -1.738094e+01 1.230705e+01 1.865805e+00
    endloop
  endfacet
  facet normal -3.370843e-19 1.663080e-01 9.860739e-01
    outer loop
      vertex   -1.047606e+00 1.146500e+01 2.007822e+00
      vertex   -1.047606e+00 1.230705e+01 1.865805e+00
      vertex   -1.738094e+01 1.230705e+01 1.865805e+00
    endloop
  endfacet
  facet normal 0.000000e+00 1.663080e-01 9.860739e-01
    outer loop
      vertex   -1.047606e+00 1.146500e+01 2.007822e+00
      vertex   -1.738094e+01 1.230705e+01 1.865805e+00
      vertex   -1.738094e+01 1.146500e+01 2.007822e+00
    endloop
  endfacet
  facet normal 3.653841e-19 2.542113e-01 9.671487e-01
    outer loop
      vertex   -1.047606e+00 1.063911e+01 2.224904e+00
      vertex   -1.047606e+00 1.146500e+01 2.007822e+00
      vertex   -1.738094e+01 1.146500e+01 2.007822e+00
    endloop
  endfacet
  facet normal 0.000000e+00 2.542113e-01 9.671487e-01
    outer loop
      vertex   -1.047606e+00 1.063911e+01 2.224904e+00
      vertex   -1.738094e+01 1.146500e+01 2.007822e+00
      vertex   -1.738094e+01 1.063911e+01 2.224904e+00
    endloop
  endfacet
  facet normal -1.759913e-19 3.400593e-01 9.404040e-01
    outer loop
      vertex   -1.047606e+00 9.836058e+00 2.515295e+00
      vertex   -1.047606e+00 1.063911e+01 2.224904e+00
      vertex   -1.738094e+01 1.063911e+01 2.224904e+00
    endloop
  endfacet
  facet normal 0.000000e+00 3.400593e-01 9.404040e-01
    outer loop
      vertex   -1.047606e+00 9.836058e+00 2.515295e+00
      vertex   -1.738094e+01 1.063911e+01 2.224904e+00
      vertex   -1.738094e+01 9.836058e+00 2.515295e+00
    endloop
  endfacet
  facet normal -1.004937e-18 4.231579e-01 9.060559e-01
    outer loop
      vertex   -1.047606e+00 9.062338e+00 2.876647e+00
      vertex   -1.047606e+00 9.836058e+00 2.515295e+00
      vertex   -1.738094e+01 9.836058e+00 2.515295e+00
    endloop
  endfacet
  facet normal 0.000000e+00 4.231579e-01 9.060559e-01
    outer loop
      vertex   -1.047606e+00 9.062338e+00 2.876647e+00
      vertex   -1.738094e+01 9.836058e+00 2.515295e+00
      vertex   -1.738094e+01 9.062338e+00 2.876647e+00
    endloop
  endfacet
  facet normal 1.266702e-18 5.028352e-01 8.643823e-01
    outer loop
      vertex   -1.047606e+00 8.324206e+00 3.306040e+00
      vertex   -1.047606e+00 9.062338e+00 2.876647e+00
      vertex   -1.738094e+01 9.062338e+00 2.876647e+00
    endloop
  endfacet
  facet normal 0.000000e+00 5.028352e-01 8.643823e-01
    outer loop
      vertex   -1.047606e+00 8.324206e+00 3.306040e+00
      vertex   -1.738094e+01 9.062338e+00 2.876647e+00
      vertex   -1.738094e+01 8.324206e+00 3.306040e+00
    endloop
  endfacet
  facet normal 0.000000e+00 -8.191520e-01 -5.735764e-01
    outer loop
      vertex   -3.371427e+01 4.878817e+00 3.485285e+00
      vertex   -3.371427e+01 6.058866e+00 1.800000e+00
      vertex   1.268573e+01 4.878817e+00 3.485285e+00
    endloop
  endfacet
  facet normal -3.088521e-19 -8.191520e-01 -5.735764e-01
    outer loop
      vertex   1.268573e+01 4.878817e+00 3.485285e+00
      vertex   -3.371427e+01 6.058866e+00 1.800000e+00
      vertex   1.268573e+01 6.058866e+00 1.800000e+00
    endloop
  endfacet
  facet normal 1.000000e+00 0.000000e+00 0.000000e+00
    outer loop
      vertex   1.528573e+01 7.627628e+00 3.800000e+00
      vertex   1.528573e+01 -1.310727e+00 3.800000e+00
      vertex   1.528573e+01 8.324206e+00 3.306040e+00
    endloop
  endfacet
  facet normal 1.000000e+00 0.000000e+00 0.000000e+00
    outer loop
      vertex   1.528573e+01 8.324206e+00 3.306040e+00
      vertex   1.528573e+01 -1.310727e+00 3.800000e+00
      vertex   1.528573e+01 -2.007304e+00 3.306040e+00
    endloop
  endfacet
  facet normal 1.000000e+00 0.000000e+00 0.000000e+00
    outer loop
      vertex   1.528573e+01 8.324206e+00 3.306040e+00
      vertex   1.528573e+01 -2.007304e+00 3.306040e+00
      vertex   1.528573e+01 9.062338e+00 2.876647e+00
    endloop
  endfacet
  facet normal 1.000000e+00 0.000000e+00 0.000000e+00
    outer loop
      vertex   1.528573e+01 9.062338e+00 2.876647e+00
      vertex   1.528573e+01 -2.007304e+00 3.306040e+00
      vertex   1.528573e+01 -2.745437e+00 2.876647e+00
    endloop
  endfacet
  facet normal 1.000000e+00 0.000000e+00 0.000000e+00
    outer loop
      vertex   1.528573e+01 9.062338e+00 2.876647e+00
      vertex   1.528573e+01 -2.745437e+00 2.876647e+00
      vertex   1.528573e+01 9.836058e+00 2.515295e+00
    endloop
  endfacet
  facet normal 1.000000e+00 0.000000e+00 0.000000e+00
    outer loop
      vertex   1.528573e+01 9.836058e+00 2.515295e+00
      vertex   1.528573e+01 -2.745437e+00 2.876647e+00
      vertex   1.528573e+01 -3.519156e+00 2.515295e+00
    endloop
  endfacet
  facet normal 1.000000e+00 0.000000e+00 0.000000e+00
    outer loop
      vertex   1.528573e+01 9.836058e+00 2.515295e+00
      vertex   1.528573e+01 -3.519156e+00 2.515295e+00
      vertex   1.528573e+01 2.556335e+00 1.800000e+00
    endloop
  endfacet
  facet normal 1.000000e+00 0.000000e+00 0.000000e+00
    outer loop
      vertex   1.528573e+01 2.556335e+00 1.800000e+00
      vertex   1.528573e+01 -3.519156e+00 2.515295e+00
      vertex   1.528573e+01 -4.381715e-01 1.800000e+00
    endloop
  endfacet
  facet normal 1.000000e+00 0.000000e+00 0.000000e+00
    outer loop
      vertex   1.528573e+01 -4.381715e-01 1.800000e+00
      vertex   1.528573e+01 -3.519156e+00 2.515295e+00
      vertex   1.528573e+01 -4.322207e+00 2.224904e+00
    endloop
  endfacet
  facet normal 1.000000e+00 0.000000e+00 0.000000e+00
    outer loop
      vertex   1.528573e+01 -4.381715e-01 1.800000e+00
      vertex   1.528573e+01 -4.322207e+00 2.224904e+00
      vertex   1.528573e+01 -5.148096e+00 2.007822e+00
    endloop
  endfacet
  facet normal 1.000000e+00 0.000000e+00 0.000000e+00
    outer loop
      vertex   1.528573e+01 -5.148096e+00 2.007822e+00
      vertex   1.528573e+01 -5.990146e+00 1.865805e+00
      vertex   1.528573e+01 -4.381715e-01 1.800000e+00
    endloop
  endfacet
  facet normal 1.000000e+00 0.000000e+00 0.000000e+00
    outer loop
      vertex   1.528573e+01 -4.381715e-01 1.800000e+00
      vertex   1.528573e+01 -5.990146e+00 1.865805e+00
      vertex   1.528573e+01 -6.841549e+00 1.800000e+00
    endloop
  endfacet
  facet normal 1.000000e+00 0.000000e+00 0.000000e+00
    outer loop
      vertex   1.528573e+01 1.315845e+01 1.800000e+00
      vertex   1.528573e+01 1.230705e+01 1.865805e+00
      vertex   1.528573e+01 2.556335e+00 1.800000e+00
    endloop
  endfacet
  facet normal 1.000000e+00 0.000000e+00 0.000000e+00
    outer loop
      vertex   1.528573e+01 2.556335e+00 1.800000e+00
      vertex   1.528573e+01 1.230705e+01 1.865805e+00
      vertex   1.528573e+01 1.146500e+01 2.007822e+00
    endloop
  endfacet
  facet normal 1.000000e+00 0.000000e+00 0.000000e+00
    outer loop
      vertex   1.528573e+01 2.556335e+00 1.800000e+00
      vertex   1.528573e+01 1.146500e+01 2.007822e+00
      vertex   1.528573e+01 1.063911e+01 2.224904e+00
    endloop
  endfacet
  facet normal 1.000000e+00 0.000000e+00 0.000000e+00
    outer loop
      vertex   1.528573e+01 1.063911e+01 2.224904e+00
      vertex   1.528573e+01 9.836058e+00 2.515295e+00
      vertex   1.528573e+01 2.556335e+00 1.800000e+00
    endloop
  endfacet
  facet normal 0.000000e+00 0.000000e+00 -1.000000e+00
    outer loop
      vertex   1.243648e+01 2.580356e-01 1.800000e+00
      vertex   1.268573e+01 2.580356e-01 1.800000e+00
      vertex   1.243648e+01 -4.381715e-01 1.800000e+00
    endloop
  endfacet
  facet normal 0.000000e+00 0.000000e+00 -1.000000e+00
    outer loop
      vertex   1.243648e+01 -4.381715e-01 1.800000e+00
      vertex   1.268573e+01 2.580356e-01 1.800000e+00
      vertex   1.528573e+01 -4.381715e-01 1.800000e+00
    endloop
  endfacet
  facet normal 0.000000e+00 0.000000e+00 -1.000000e+00
    outer loop
      vertex   1.528573e+01 -4.381715e-01 1.800000e+00
      vertex   1.268573e+01 2.580356e-01 1.800000e+00
      vertex   1.528573e+01 2.556335e+00 1.800000e+00
    endloop
  endfacet
  facet normal -0.000000e+00 0.000000e+00 -1.000000e+00
    outer loop
      vertex   1.528573e+01 2.556335e+00 1.800000e+00
      vertex   1.268573e+01 2.580356e-01 1.800000e+00
      vertex   1.268573e+01 2.556335e+00 1.800000e+00
    endloop
  endfacet
  facet normal -0.000000e+00 -0.000000e+00 -1.000000e+00
    outer loop
      vertex   6.170170e+00 2.580356e-01 1.800000e+00
      vertex   6.170170e+00 -2.106317e-01 1.800000e+00
      vertex   -3.829830e+00 2.580356e-01 1.800000e+00
    endloop
  endfacet
  facet normal 0.000000e+00 -0.000000e+00 -1.000000e+00
    outer loop
      vertex   -3.829830e+00 2.580356e-01 1.800000e+00
      vertex   6.170170e+00 -2.106317e-01 1.800000e+00
      vertex   -3.829830e+00 -2.106317e-01 1.800000e+00
    endloop
  endfacet
  facet normal 6.451247e-18 -5.784470e-01 8.157200e-01
    outer loop
      vertex   -3.371427e+01 -2.007304e+00 3.306040e+00
      vertex   -1.738094e+01 -2.007304e+00 3.306040e+00
      vertex   -3.371427e+01 -1.310727e+00 3.800000e+00
    endloop
  endfacet
  facet normal -6.518501e-19 -5.784470e-01 8.157200e-01
    outer loop
      vertex   -3.371427e+01 -1.310727e+00 3.800000e+00
      vertex   -1.738094e+01 -2.007304e+00 3.306040e+00
      vertex   -1.047606e+00 -2.007304e+00 3.306040e+00
    endloop
  endfacet
  facet normal 0.000000e+00 -5.784470e-01 8.157200e-01
    outer loop
      vertex   -3.371427e+01 -1.310727e+00 3.800000e+00
      vertex   -1.047606e+00 -2.007304e+00 3.306040e+00
      vertex   1.528573e+01 -1.310727e+00 3.800000e+00
    endloop
  endfacet
  facet normal -6.910797e-18 -5.784470e-01 8.157200e-01
    outer loop
      vertex   1.528573e+01 -1.310727e+00 3.800000e+00
      vertex   -1.047606e+00 -2.007304e+00 3.306040e+00
      vertex   1.528573e+01 -2.007304e+00 3.306040e+00
    endloop
  endfacet
  facet normal -9.830152e-18 -5.028352e-01 8.643823e-01
    outer loop
      vertex   1.528573e+01 -2.007304e+00 3.306040e+00
      vertex   -1.047606e+00 -2.007304e+00 3.306040e+00
      vertex   1.528573e+01 -2.745437e+00 2.876647e+00
    endloop
  endfacet
  facet normal 0.000000e+00 -5.028352e-01 8.643823e-01
    outer loop
      vertex   1.528573e+01 -2.745437e+00 2.876647e+00
      vertex   -1.047606e+00 -2.007304e+00 3.306040e+00
      vertex   -1.047606e+00 -2.745437e+00 2.876647e+00
    endloop
  endfacet
  facet normal 0.000000e+00 -4.231579e-01 9.060559e-01
    outer loop
      vertex   1.528573e+01 -2.745437e+00 2.876647e+00
      vertex   -1.047606e+00 -2.745437e+00 2.876647e+00
      vertex   1.528573e+01 -3.519156e+00 2.515295e+00
    endloop
  endfacet
  facet normal -4.926976e-17 -4.231579e-01 9.060559e-01
    outer loop
      vertex   1.528573e+01 -3.519156e+00 2.515295e+00
      vertex   -1.047606e+00 -2.745437e+00 2.876647e+00
      vertex   -1.047606e+00 -3.519156e+00 2.515295e+00
    endloop
  endfacet
  facet normal -5.113754e-17 -3.400593e-01 9.404040e-01
    outer loop
      vertex   1.528573e+01 -3.519156e+00 2.515295e+00
      vertex   -1.047606e+00 -3.519156e+00 2.515295e+00
      vertex   1.528573e+01 -4.322207e+00 2.224904e+00
    endloop
  endfacet
  facet normal 7.076932e-18 -3.400593e-01 9.404040e-01
    outer loop
      vertex   1.528573e+01 -4.322207e+00 2.224904e+00
      vertex   -1.047606e+00 -3.519156e+00 2.515295e+00
      vertex   -1.047606e+00 -4.322207e+00 2.224904e+00
    endloop
  endfacet
  facet normal 1.247236e-17 -2.542113e-01 9.671487e-01
    outer loop
      vertex   1.528573e+01 -4.322207e+00 2.224904e+00
      vertex   -1.047606e+00 -4.322207e+00 2.224904e+00
      vertex   1.528573e+01 -5.148096e+00 2.007822e+00
    endloop
  endfacet
  facet normal 0.000000e+00 -2.542113e-01 9.671487e-01
    outer loop
      vertex   1.528573e+01 -5.148096e+00 2.007822e+00
      vertex   -1.047606e+00 -4.322207e+00 2.224904e+00
      vertex   -1.047606e+00 -5.148096e+00 2.007822e+00
    endloop
  endfacet
  facet normal 0.000000e+00 -1.663080e-01 9.860739e-01
    outer loop
      vertex   1.528573e+01 -5.148096e+00 2.007822e+00
      vertex   -1.047606e+00 -5.148096e+00 2.007822e+00
      vertex   1.528573e+01 -5.990146e+00 1.865805e+00
    endloop
  endfacet
  facet normal 2.681050e-17 -1.663080e-01 9.860739e-01
    outer loop
      vertex   1.528573e+01 -5.990146e+00 1.865805e+00
      vertex   -1.047606e+00 -5.148096e+00 2.007822e+00
      vertex   -1.047606e+00 -5.990146e+00 1.865805e+00
    endloop
  endfacet
  facet normal 2.710829e-17 -7.705998e-02 9.970265e-01
    outer loop
      vertex   1.528573e+01 -5.990146e+00 1.865805e+00
      vertex   -1.047606e+00 -5.990146e+00 1.865805e+00
      vertex   1.528573e+01 -6.841549e+00 1.800000e+00
    endloop
  endfacet
  facet normal -7.318129e-20 -7.705998e-02 9.970265e-01
    outer loop
      vertex   1.528573e+01 -6.841549e+00 1.800000e+00
      vertex   -1.047606e+00 -5.990146e+00 1.865805e+00
      vertex   -1.738094e+01 -5.990146e+00 1.865805e+00
    endloop
  endfacet
  facet normal 0.000000e+00 -7.705998e-02 9.970265e-01
    outer loop
      vertex   1.528573e+01 -6.841549e+00 1.800000e+00
      vertex   -1.738094e+01 -5.990146e+00 1.865805e+00
      vertex   -3.371427e+01 -6.841549e+00 1.800000e+00
    endloop
  endfacet
  facet normal -2.718147e-17 -7.705998e-02 9.970265e-01
    outer loop
      vertex   -3.371427e+01 -6.841549e+00 1.800000e+00
      vertex   -1.738094e+01 -5.990146e+00 1.865805e+00
      vertex   -3.371427e+01 -5.990146e+00 1.865805e+00
    endloop
  endfacet
  facet normal -2.681050e-17 -1.663080e-01 9.860739e-01
    outer loop
      vertex   -3.371427e+01 -5.990146e+00 1.865805e+00
      vertex   -1.738094e+01 -5.990146e+00 1.865805e+00
      vertex   -3.371427e+01 -5.148096e+00 2.007822e+00
    endloop
  endfacet
  facet normal 0.000000e+00 -1.663080e-01 9.860739e-01
    outer loop
      vertex   -3.371427e+01 -5.148096e+00 2.007822e+00
      vertex   -1.738094e+01 -5.990146e+00 1.865805e+00
      vertex   -1.738094e+01 -5.148096e+00 2.007822e+00
    endloop
  endfacet
  facet normal 0.000000e+00 -2.542113e-01 9.671487e-01
    outer loop
      vertex   -3.371427e+01 -5.148096e+00 2.007822e+00
      vertex   -1.738094e+01 -5.148096e+00 2.007822e+00
      vertex   -3.371427e+01 -4.322207e+00 2.224904e+00
    endloop
  endfacet
  facet normal -1.247236e-17 -2.542113e-01 9.671487e-01
    outer loop
      vertex   -3.371427e+01 -4.322207e+00 2.224904e+00
      vertex   -1.738094e+01 -5.148096e+00 2.007822e+00
      vertex   -1.738094e+01 -4.322207e+00 2.224904e+00
    endloop
  endfacet
  facet normal -7.076932e-18 -3.400593e-01 9.404040e-01
    outer loop
      vertex   -3.371427e+01 -4.322207e+00 2.224904e+00
      vertex   -1.738094e+01 -4.322207e+00 2.224904e+00
      vertex   -3.371427e+01 -3.519156e+00 2.515295e+00
    endloop
  endfacet
  facet normal 5.113754e-17 -3.400593e-01 9.404040e-01
    outer loop
      vertex   -3.371427e+01 -3.519156e+00 2.515295e+00
      vertex   -1.738094e+01 -4.322207e+00 2.224904e+00
      vertex   -1.738094e+01 -3.519156e+00 2.515295e+00
    endloop
  endfacet
  facet normal 4.926976e-17 -4.231579e-01 9.060559e-01
    outer loop
      vertex   -3.371427e+01 -3.519156e+00 2.515295e+00
      vertex   -1.738094e+01 -3.519156e+00 2.515295e+00
      vertex   -3.371427e+01 -2.745437e+00 2.876647e+00
    endloop
  endfacet
  facet normal 0.000000e+00 -4.231579e-01 9.060559e-01
    outer loop
      vertex   -3.371427e+01 -2.745437e+00 2.876647e+00
      vertex   -1.738094e+01 -3.519156e+00 2.515295e+00
      vertex   -1.738094e+01 -2.745437e+00 2.876647e+00
    endloop
  endfacet
  facet normal 0.000000e+00 -5.028352e-01 8.643823e-01
    outer loop
      vertex   -3.371427e+01 -2.745437e+00 2.876647e+00
      vertex   -1.738094e+01 -2.745437e+00 2.876647e+00
      vertex   -3.371427e+01 -2.007304e+00 3.306040e+00
    endloop
  endfacet
  facet normal 9.830152e-18 -5.028352e-01 8.643823e-01
    outer loop
      vertex   -3.371427e+01 -2.007304e+00 3.306040e+00
      vertex   -1.738094e+01 -2.745437e+00 2.876647e+00
      vertex   -1.738094e+01 -2.007304e+00 3.306040e+00
    endloop
  endfacet
  facet normal 1.136005e-18 -5.028352e-01 8.643823e-01
    outer loop
      vertex   -1.047606e+00 -2.745437e+00 2.876647e+00
      vertex   -1.047606e+00 -2.007304e+00 3.306040e+00
      vertex   -1.738094e+01 -2.007304e+00 3.306040e+00
    endloop
  endfacet
  facet normal 0.000000e+00 -5.028352e-01 8.643823e-01
    outer loop
      vertex   -1.047606e+00 -2.745437e+00 2.876647e+00
      vertex   -1.738094e+01 -2.007304e+00 3.306040e+00
      vertex   -1.738094e+01 -2.745437e+00 2.876647e+00
    endloop
  endfacet
  facet normal 7.112102e-19 -4.231579e-01 9.060559e-01
    outer loop
      vertex   -1.047606e+00 -3.519156e+00 2.515295e+00
      vertex   -1.047606e+00 -2.745437e+00 2.876647e+00
      vertex   -1.738094e+01 -2.745437e+00 2.876647e+00
    endloop
  endfacet
  facet normal 0.000000e+00 -4.231579e-01 9.060559e-01
    outer loop
      vertex   -1.047606e+00 -3.519156e+00 2.515295e+00
      vertex   -1.738094e+01 -2.745437e+00 2.876647e+00
      vertex   -1.738094e+01 -3.519156e+00 2.515295e+00
    endloop
  endfacet
  facet normal 7.684168e-19 -3.400593e-01 9.404040e-01
    outer loop
      vertex   -1.047606e+00 -4.322207e+00 2.224904e+00
      vertex   -1.047606e+00 -3.519156e+00 2.515295e+00
      vertex   -1.738094e+01 -3.519156e+00 2.515295e+00
    endloop
  endfacet
  facet normal 0.000000e+00 -3.400593e-01 9.404040e-01
    outer loop
      vertex   -1.047606e+00 -4.322207e+00 2.224904e+00
      vertex   -1.738094e+01 -3.519156e+00 2.515295e+00
      vertex   -1.738094e+01 -4.322207e+00 2.224904e+00
    endloop
  endfacet
  facet normal -8.057073e-19 -2.542113e-01 9.671487e-01
    outer loop
      vertex   -1.047606e+00 -5.148096e+00 2.007822e+00
      vertex   -1.047606e+00 -4.322207e+00 2.224904e+00
      vertex   -1.738094e+01 -4.322207e+00 2.224904e+00
    endloop
  endfacet
  facet normal 0.000000e+00 -2.542113e-01 9.671487e-01
    outer loop
      vertex   -1.047606e+00 -5.148096e+00 2.007822e+00
      vertex   -1.738094e+01 -4.322207e+00 2.224904e+00
      vertex   -1.738094e+01 -5.148096e+00 2.007822e+00
    endloop
  endfacet
  facet normal -1.902428e-19 -1.663080e-01 9.860739e-01
    outer loop
      vertex   -1.047606e+00 -5.990146e+00 1.865805e+00
      vertex   -1.047606e+00 -5.148096e+00 2.007822e+00
      vertex   -1.738094e+01 -5.148096e+00 2.007822e+00
    endloop
  endfacet
  facet normal 0.000000e+00 -1.663080e-01 9.860739e-01
    outer loop
      vertex   -1.047606e+00 -5.990146e+00 1.865805e+00
      vertex   -1.738094e+01 -5.148096e+00 2.007822e+00
      vertex   -1.738094e+01 -5.990146e+00 1.865805e+00
    endloop
  endfacet
  facet normal 0.000000e+00 8.191520e-01 -5.735764e-01
    outer loop
      vertex   -3.371427e+01 2.580356e-01 1.800000e+00
      vertex   -3.371427e+01 1.438085e+00 3.485285e+00
      vertex   -3.829830e+00 2.580356e-01 1.800000e+00
    endloop
  endfacet
  facet normal 1.108936e-18 8.191520e-01 -5.735764e-01
    outer loop
      vertex   -3.829830e+00 2.580356e-01 1.800000e+00
      vertex   -3.371427e+01 1.438085e+00 3.485285e+00
      vertex   1.268573e+01 1.438085e+00 3.485285e+00
    endloop
  endfacet
  facet normal 0.000000e+00 8.191520e-01 -5.735764e-01
    outer loop
      vertex   -3.829830e+00 2.580356e-01 1.800000e+00
      vertex   1.268573e+01 1.438085e+00 3.485285e+00
      vertex   6.170170e+00 2.580356e-01 1.800000e+00
    endloop
  endfacet
  facet normal 0.000000e+00 8.191520e-01 -5.735764e-01
    outer loop
      vertex   6.170170e+00 2.580356e-01 1.800000e+00
      vertex   1.268573e+01 1.438085e+00 3.485285e+00
      vertex   1.243648e+01 2.580356e-01 1.800000e+00
    endloop
  endfacet
  facet normal 0.000000e+00 8.191520e-01 -5.735764e-01
    outer loop
      vertex   1.243648e+01 2.580356e-01 1.800000e+00
      vertex   1.268573e+01 1.438085e+00 3.485285e+00
      vertex   1.268573e+01 2.580356e-01 1.800000e+00
    endloop
  endfacet
  facet normal 1.000000e+00 0.000000e+00 0.000000e+00
    outer loop
      vertex   1.528573e+01 -9.769885e+00 2.369299e+00
      vertex   1.528573e+01 -1.046335e+01 2.651299e+00
      vertex   1.528573e+01 -1.353573e+01 2.745651e+00
    endloop
  endfacet
  facet normal 1.000000e+00 -0.000000e+00 0.000000e+00
    outer loop
      vertex   1.528573e+01 -1.353573e+01 2.745651e+00
      vertex   1.528573e+01 -1.046335e+01 2.651299e+00
      vertex   1.528573e+01 -1.095524e+01 2.836080e+00
    endloop
  endfacet
  facet normal 1.000000e+00 0.000000e+00 0.000000e+00
    outer loop
      vertex   1.528573e+01 -1.353573e+01 2.745651e+00
      vertex   1.528573e+01 -1.095524e+01 2.836080e+00
      vertex   1.528573e+01 -1.303343e+01 2.899900e+00
    endloop
  endfacet
  facet normal 1.000000e+00 -0.000000e+00 0.000000e+00
    outer loop
      vertex   1.528573e+01 -1.303343e+01 2.899900e+00
      vertex   1.528573e+01 -1.095524e+01 2.836080e+00
      vertex   1.528573e+01 -1.146711e+01 2.954789e+00
    endloop
  endfacet
  facet normal 1.000000e+00 0.000000e+00 0.000000e+00
    outer loop
      vertex   1.528573e+01 -1.303343e+01 2.899900e+00
      vertex   1.528573e+01 -1.146711e+01 2.954789e+00
      vertex   1.528573e+01 -1.251525e+01 2.986977e+00
    endloop
  endfacet
  facet normal 1.000000e+00 -0.000000e+00 0.000000e+00
    outer loop
      vertex   1.528573e+01 -1.251525e+01 2.986977e+00
      vertex   1.528573e+01 -1.146711e+01 2.954789e+00
      vertex   1.528573e+01 -1.199012e+01 3.005379e+00
    endloop
  endfacet
  facet normal 1.000000e+00 0.000000e+00 0.000000e+00
    outer loop
      vertex   1.528573e+01 -1.353573e+01 2.745651e+00
      vertex   1.528573e+01 -1.602035e+01 1.800000e+00
      vertex   1.528573e+01 -9.769885e+00 2.369299e+00
    endloop
  endfacet
  facet normal 1.000000e+00 0.000000e+00 0.000000e+00
    outer loop
      vertex   1.528573e+01 -9.769885e+00 2.369299e+00
      vertex   1.528573e+01 -1.602035e+01 1.800000e+00
      vertex   1.528573e+01 -9.056626e+00 2.141967e+00
    endloop
  endfacet
  facet normal 1.000000e+00 0.000000e+00 0.000000e+00
    outer loop
      vertex   1.528573e+01 -9.056626e+00 2.141967e+00
      vertex   1.528573e+01 -1.602035e+01 1.800000e+00
      vertex   1.528573e+01 -8.327875e+00 1.970675e+00
    endloop
  endfacet
  facet normal 1.000000e+00 0.000000e+00 0.000000e+00
    outer loop
      vertex   1.528573e+01 -8.327875e+00 1.970675e+00
      vertex   1.528573e+01 -1.602035e+01 1.800000e+00
      vertex   1.528573e+01 -7.588029e+00 1.856456e+00
    endloop
  endfacet
  facet normal 1.000000e+00 0.000000e+00 0.000000e+00
    outer loop
      vertex   1.528573e+01 -7.588029e+00 1.856456e+00
      vertex   1.528573e+01 -1.602035e+01 1.800000e+00
      vertex   1.528573e+01 -6.841549e+00 1.800000e+00
    endloop
  endfacet
  facet normal 6.038138e-13 -2.707943e-13 1.000000e+00
    outer loop
      vertex   1.528573e+01 -1.602035e+01 1.800000e+00
      vertex   1.747808e+01 -1.113187e+01 1.800000e+00
      vertex   1.528573e+01 -6.841549e+00 1.800000e+00
    endloop
  endfacet
  facet normal 5.802618e-13 -2.828293e-13 1.000000e+00
    outer loop
      vertex   1.528573e+01 -6.841549e+00 1.800000e+00
      vertex   1.747808e+01 -1.113187e+01 1.800000e+00
      vertex   1.924446e+01 -7.507907e+00 1.800000e+00
    endloop
  endfacet
  facet normal 6.278693e-13 9.666820e-30 1.000000e+00
    outer loop
      vertex   1.528573e+01 -6.841549e+00 1.800000e+00
      vertex   1.924446e+01 -7.507907e+00 1.800000e+00
      vertex   1.924446e+01 -5.920635e+00 1.800000e+00
    endloop
  endfacet
  facet normal 0.000000e+00 0.000000e+00 1.000000e+00
    outer loop
      vertex   1.528573e+01 -1.602035e+01 1.800000e+00
      vertex   1.747808e+01 -1.602035e+01 1.800000e+00
      vertex   1.747808e+01 -1.113187e+01 1.800000e+00
    endloop
  endfacet
  facet normal 0.000000e+00 0.000000e+00 1.000000e+00
    outer loop
      vertex   1.747808e+01 -1.113187e+01 1.800000e+00
      vertex   2.427507e+01 -1.113187e+01 1.800000e+00
      vertex   1.924446e+01 -7.507907e+00 1.800000e+00
    endloop
  endfacet
  facet normal -0.000000e+00 0.000000e+00 1.000000e+00
    outer loop
      vertex   1.924446e+01 -7.507907e+00 1.800000e+00
      vertex   2.427507e+01 -1.113187e+01 1.800000e+00
      vertex   2.427507e+01 -7.507907e+00 1.800000e+00
    endloop
  endfacet
  facet normal 0.000000e+00 -0.000000e+00 1.000000e+00
    outer loop
      vertex   2.427507e+01 -5.920635e+00 1.800000e+00
      vertex   2.427507e+01 -4.381715e-01 1.800000e+00
      vertex   1.924446e+01 -5.920635e+00 1.800000e+00
    endloop
  endfacet
  facet normal 0.000000e+00 -0.000000e+00 1.000000e+00
    outer loop
      vertex   1.924446e+01 -5.920635e+00 1.800000e+00
      vertex   2.427507e+01 -4.381715e-01 1.800000e+00
      vertex   1.528573e+01 -4.381715e-01 1.800000e+00
    endloop
  endfacet
  facet normal 5.375711e-13 3.881650e-13 1.000000e+00
    outer loop
      vertex   1.924446e+01 -5.920635e+00 1.800000e+00
      vertex   1.528573e+01 -4.381715e-01 1.800000e+00
      vertex   1.528573e+01 -6.841549e+00 1.800000e+00
    endloop
  endfacet
  facet normal 6.143575e-16 -2.094342e-17 1.000000e+00
    outer loop
      vertex   1.528573e+01 2.556335e+00 1.800000e+00
      vertex   1.549538e+01 8.706342e+00 1.800000e+00
      vertex   1.528573e+01 1.315845e+01 1.800000e+00
    endloop
  endfacet
  facet normal 4.111219e-17 -4.793802e-17 1.000000e+00
    outer loop
      vertex   1.528573e+01 1.315845e+01 1.800000e+00
      vertex   1.549538e+01 8.706342e+00 1.800000e+00
      vertex   1.924446e+01 1.192159e+01 1.800000e+00
    endloop
  endfacet
  facet normal 5.608981e-17 0.000000e+00 1.000000e+00
    outer loop
      vertex   1.528573e+01 1.315845e+01 1.800000e+00
      vertex   1.924446e+01 1.192159e+01 1.800000e+00
      vertex   1.924446e+01 1.350887e+01 1.800000e+00
    endloop
  endfacet
  facet normal 0.000000e+00 0.000000e+00 1.000000e+00
    outer loop
      vertex   1.549538e+01 8.706342e+00 1.800000e+00
      vertex   1.528573e+01 2.556335e+00 1.800000e+00
      vertex   1.549538e+01 6.838800e+00 1.800000e+00
    endloop
  endfacet
  facet normal 0.000000e+00 0.000000e+00 1.000000e+00
    outer loop
      vertex   1.549538e+01 6.838800e+00 1.800000e+00
      vertex   1.528573e+01 2.556335e+00 1.800000e+00
      vertex   1.747808e+01 2.556335e+00 1.800000e+00
    endloop
  endfacet
  facet normal -0.000000e+00 0.000000e+00 1.000000e+00
    outer loop
      vertex   1.549538e+01 6.838800e+00 1.800000e+00
      vertex   1.747808e+01 2.556335e+00 1.800000e+00
      vertex   1.747808e+01 6.838800e+00 1.800000e+00
    endloop
  endfacet
  facet normal 0.000000e+00 0.000000e+00 1.000000e+00
    outer loop
      vertex   1.549538e+01 8.706342e+00 1.800000e+00
      vertex   2.427507e+01 8.706342e+00 1.800000e+00
      vertex   1.924446e+01 1.192159e+01 1.800000e+00
    endloop
  endfacet
  facet normal -0.000000e+00 0.000000e+00 1.000000e+00
    outer loop
      vertex   1.924446e+01 1.192159e+01 1.800000e+00
      vertex   2.427507e+01 8.706342e+00 1.800000e+00
      vertex   2.427507e+01 1.192159e+01 1.800000e+00
    endloop
  endfacet
  facet normal 0.000000e+00 -0.000000e+00 1.000000e+00
    outer loop
      vertex   2.427507e+01 1.350887e+01 1.800000e+00
      vertex   2.427507e+01 1.744340e+01 1.800000e+00
      vertex   1.924446e+01 1.350887e+01 1.800000e+00
    endloop
  endfacet
  facet normal 0.000000e+00 -0.000000e+00 1.000000e+00
    outer loop
      vertex   1.924446e+01 1.350887e+01 1.800000e+00
      vertex   2.427507e+01 1.744340e+01 1.800000e+00
      vertex   1.727001e+01 1.744340e+01 1.800000e+00
    endloop
  endfacet
  facet normal 5.370425e-17 2.695022e-17 1.000000e+00
    outer loop
      vertex   1.924446e+01 1.350887e+01 1.800000e+00
      vertex   1.727001e+01 1.744340e+01 1.800000e+00
      vertex   1.528573e+01 1.315845e+01 1.800000e+00
    endloop
  endfacet
  facet normal 5.966260e-17 2.419102e-17 1.000000e+00
    outer loop
      vertex   1.528573e+01 1.315845e+01 1.800000e+00
      vertex   1.727001e+01 1.744340e+01 1.800000e+00
      vertex   1.528573e+01 2.233725e+01 1.800000e+00
    endloop
  endfacet
  facet normal 0.000000e+00 0.000000e+00 1.000000e+00
    outer loop
      vertex   1.528573e+01 2.233725e+01 1.800000e+00
      vertex   1.727001e+01 1.744340e+01 1.800000e+00
      vertex   1.727001e+01 2.233725e+01 1.800000e+00
    endloop
  endfacet
  facet normal 1.000000e+00 -0.000000e+00 0.000000e+00
    outer loop
      vertex   1.747808e+01 2.556335e+00 1.500000e-01
      vertex   1.747808e+01 6.838800e+00 1.500000e-01
      vertex   1.747808e+01 2.556335e+00 1.800000e+00
    endloop
  endfacet
  facet normal 1.000000e+00 -0.000000e+00 0.000000e+00
    outer loop
      vertex   1.747808e+01 2.556335e+00 1.800000e+00
      vertex   1.747808e+01 6.838800e+00 1.500000e-01
      vertex   1.747808e+01 6.838800e+00 1.800000e+00
    endloop
  endfacet
  facet normal 1.000000e+00 0.000000e+00 0.000000e+00
    outer loop
      vertex   1.727001e+01 1.744340e+01 1.500000e-01
      vertex   1.727001e+01 2.233725e+01 1.500000e-01
      vertex   1.727001e+01 1.744340e+01 1.800000e+00
    endloop
  endfacet
  facet normal 1.000000e+00 -0.000000e+00 0.000000e+00
    outer loop
      vertex   1.727001e+01 1.744340e+01 1.800000e+00
      vertex   1.727001e+01 2.233725e+01 1.500000e-01
      vertex   1.727001e+01 2.233725e+01 1.800000e+00
    endloop
  endfacet
  facet normal 0.000000e+00 1.000000e+00 -0.000000e+00
    outer loop
      vertex   2.427507e+01 1.744340e+01 1.500000e-01
      vertex   1.727001e+01 1.744340e+01 1.500000e-01
      vertex   2.427507e+01 1.744340e+01 1.800000e+00
    endloop
  endfacet
  facet normal 0.000000e+00 1.000000e+00 0.000000e+00
    outer loop
      vertex   2.427507e+01 1.744340e+01 1.800000e+00
      vertex   1.727001e+01 1.744340e+01 1.500000e-01
      vertex   1.727001e+01 1.744340e+01 1.800000e+00
    endloop
  endfacet
  facet normal 1.000000e+00 0.000000e+00 0.000000e+00
    outer loop
      vertex   2.427507e+01 -1.113187e+01 1.500000e-01
      vertex   2.427507e+01 -7.507907e+00 1.500000e-01
      vertex   2.427507e+01 -1.113187e+01 1.800000e+00
    endloop
  endfacet
  facet normal 1.000000e+00 -0.000000e+00 0.000000e+00
    outer loop
      vertex   2.427507e+01 -1.113187e+01 1.800000e+00
      vertex   2.427507e+01 -7.507907e+00 1.500000e-01
      vertex   2.427507e+01 -7.507907e+00 1.800000e+00
    endloop
  endfacet
  facet normal 0.000000e+00 1.000000e+00 -0.000000e+00
    outer loop
      vertex   1.747808e+01 6.838800e+00 1.500000e-01
      vertex   1.549538e+01 6.838800e+00 1.500000e-01
      vertex   1.747808e+01 6.838800e+00 1.800000e+00
    endloop
  endfacet
  facet normal 0.000000e+00 1.000000e+00 0.000000e+00
    outer loop
      vertex   1.747808e+01 6.838800e+00 1.800000e+00
      vertex   1.549538e+01 6.838800e+00 1.500000e-01
      vertex   1.549538e+01 6.838800e+00 1.800000e+00
    endloop
  endfacet
  facet normal 3.580860e-15 1.000000e+00 0.000000e+00
    outer loop
      vertex   1.727001e+01 2.233725e+01 1.800000e+00
      vertex   1.727001e+01 2.233725e+01 1.500000e-01
      vertex   1.528573e+01 2.233725e+01 1.800000e+00
    endloop
  endfacet
  facet normal 1.563730e-15 1.000000e+00 -2.425788e-15
    outer loop
      vertex   1.528573e+01 2.233725e+01 1.800000e+00
      vertex   1.727001e+01 2.233725e+01 1.500000e-01
      vertex   1.272611e+01 2.233725e+01 1.500000e-01
    endloop
  endfacet
  facet normal -2.775973e-15 1.000000e+00 4.306320e-15
    outer loop
      vertex   1.528573e+01 2.233725e+01 1.800000e+00
      vertex   1.272611e+01 2.233725e+01 1.500000e-01
      vertex   1.272611e+01 2.233725e+01 1.800000e+00
    endloop
  endfacet
  facet normal 0.000000e+00 -1.000000e+00 0.000000e+00
    outer loop
      vertex   -3.829830e+00 5.337902e+00 1.500000e-01
      vertex   6.170170e+00 5.337902e+00 1.500000e-01
      vertex   -3.829830e+00 5.337902e+00 1.800000e+00
    endloop
  endfacet
  facet normal 0.000000e+00 -1.000000e+00 0.000000e+00
    outer loop
      vertex   -3.829830e+00 5.337902e+00 1.800000e+00
      vertex   6.170170e+00 5.337902e+00 1.500000e-01
      vertex   6.170170e+00 5.337902e+00 1.800000e+00
    endloop
  endfacet
  facet normal 1.000000e+00 -4.737788e-15 2.691450e-16
    outer loop
      vertex   -3.829830e+00 -2.106317e-01 1.800000e+00
      vertex   -3.829830e+00 -2.106317e-01 1.500000e-01
      vertex   -3.829830e+00 2.580356e-01 1.800000e+00
    endloop
  endfacet
  facet normal 1.000000e+00 0.000000e+00 -1.076580e-15
    outer loop
      vertex   -3.829830e+00 2.580356e-01 1.800000e+00
      vertex   -3.829830e+00 -2.106317e-01 1.500000e-01
      vertex   -3.829830e+00 5.337902e+00 1.500000e-01
    endloop
  endfacet
  facet normal 1.000000e+00 4.371072e-16 2.691450e-16
    outer loop
      vertex   -3.829830e+00 2.580356e-01 1.800000e+00
      vertex   -3.829830e+00 5.337902e+00 1.500000e-01
      vertex   -3.829830e+00 5.337902e+00 1.800000e+00
    endloop
  endfacet
  facet normal 0.000000e+00 -1.000000e+00 0.000000e+00
    outer loop
      vertex   -2.726900e+01 5.760097e+00 1.500000e-01
      vertex   -2.223084e+01 5.760097e+00 1.500000e-01
      vertex   -2.726900e+01 5.760097e+00 1.800000e+00
    endloop
  endfacet
  facet normal 0.000000e+00 -1.000000e+00 0.000000e+00
    outer loop
      vertex   -2.726900e+01 5.760097e+00 1.800000e+00
      vertex   -2.223084e+01 5.760097e+00 1.500000e-01
      vertex   -2.223084e+01 5.760097e+00 1.800000e+00
    endloop
  endfacet
  facet normal 1.000000e+00 0.000000e+00 0.000000e+00
    outer loop
      vertex   -2.726900e+01 8.051377e-01 1.500000e-01
      vertex   -2.726900e+01 5.760097e+00 1.500000e-01
      vertex   -2.726900e+01 8.051377e-01 1.800000e+00
    endloop
  endfacet
  facet normal 1.000000e+00 -0.000000e+00 0.000000e+00
    outer loop
      vertex   -2.726900e+01 8.051377e-01 1.800000e+00
      vertex   -2.726900e+01 5.760097e+00 1.500000e-01
      vertex   -2.726900e+01 5.760097e+00 1.800000e+00
    endloop
  endfacet
  facet normal 1.000000e+00 0.000000e+00 0.000000e+00
    outer loop
      vertex   2.427507e+01 8.706342e+00 1.500000e-01
      vertex   2.427507e+01 1.192159e+01 1.500000e-01
      vertex   2.427507e+01 8.706342e+00 1.800000e+00
    endloop
  endfacet
  facet normal 1.000000e+00 -0.000000e+00 0.000000e+00
    outer loop
      vertex   2.427507e+01 8.706342e+00 1.800000e+00
      vertex   2.427507e+01 1.192159e+01 1.500000e-01
      vertex   2.427507e+01 1.192159e+01 1.800000e+00
    endloop
  endfacet
  facet normal 0.000000e+00 -1.000000e+00 0.000000e+00
    outer loop
      vertex   1.549538e+01 8.706342e+00 1.500000e-01
      vertex   2.427507e+01 8.706342e+00 1.500000e-01
      vertex   1.549538e+01 8.706342e+00 1.800000e+00
    endloop
  endfacet
  facet normal 0.000000e+00 -1.000000e+00 0.000000e+00
    outer loop
      vertex   1.549538e+01 8.706342e+00 1.800000e+00
      vertex   2.427507e+01 8.706342e+00 1.500000e-01
      vertex   2.427507e+01 8.706342e+00 1.800000e+00
    endloop
  endfacet
  facet normal 1.000000e+00 0.000000e+00 0.000000e+00
    outer loop
      vertex   1.549538e+01 6.838800e+00 1.500000e-01
      vertex   1.549538e+01 8.706342e+00 1.500000e-01
      vertex   1.549538e+01 6.838800e+00 1.800000e+00
    endloop
  endfacet
  facet normal 1.000000e+00 -0.000000e+00 0.000000e+00
    outer loop
      vertex   1.549538e+01 6.838800e+00 1.800000e+00
      vertex   1.549538e+01 8.706342e+00 1.500000e-01
      vertex   1.549538e+01 8.706342e+00 1.800000e+00
    endloop
  endfacet
  facet normal 0.000000e+00 -1.000000e+00 0.000000e+00
    outer loop
      vertex   1.747808e+01 2.556335e+00 1.500000e-01
      vertex   1.528573e+01 2.556335e+00 1.800000e+00
      vertex   1.243648e+01 2.556335e+00 1.500000e-01
    endloop
  endfacet
  facet normal 0.000000e+00 -1.000000e+00 0.000000e+00
    outer loop
      vertex   1.243648e+01 2.556335e+00 1.500000e-01
      vertex   1.528573e+01 2.556335e+00 1.800000e+00
      vertex   1.268573e+01 2.556335e+00 1.800000e+00
    endloop
  endfacet
  facet normal 0.000000e+00 -1.000000e+00 0.000000e+00
    outer loop
      vertex   1.243648e+01 2.556335e+00 1.500000e-01
      vertex   1.268573e+01 2.556335e+00 1.800000e+00
      vertex   1.243648e+01 2.556335e+00 1.800000e+00
    endloop
  endfacet
  facet normal 0.000000e+00 -1.000000e+00 0.000000e+00
    outer loop
      vertex   1.747808e+01 2.556335e+00 1.500000e-01
      vertex   1.747808e+01 2.556335e+00 1.800000e+00
      vertex   1.528573e+01 2.556335e+00 1.800000e+00
    endloop
  endfacet
  facet normal 1.000000e+00 -0.000000e+00 0.000000e+00
    outer loop
      vertex   1.243648e+01 -4.381715e-01 1.800000e+00
      vertex   1.243648e+01 -4.381715e-01 1.500000e-01
      vertex   1.243648e+01 2.580356e-01 1.800000e+00
    endloop
  endfacet
  facet normal 1.000000e+00 0.000000e+00 0.000000e+00
    outer loop
      vertex   1.243648e+01 2.580356e-01 1.800000e+00
      vertex   1.243648e+01 -4.381715e-01 1.500000e-01
      vertex   1.243648e+01 2.556335e+00 1.500000e-01
    endloop
  endfacet
  facet normal 1.000000e+00 -0.000000e+00 0.000000e+00
    outer loop
      vertex   1.243648e+01 2.580356e-01 1.800000e+00
      vertex   1.243648e+01 2.556335e+00 1.500000e-01
      vertex   1.243648e+01 2.556335e+00 1.800000e+00
    endloop
  endfacet
  facet normal 0.000000e+00 1.000000e+00 0.000000e+00
    outer loop
      vertex   2.427507e+01 -4.381715e-01 1.800000e+00
      vertex   2.427507e+01 -4.381715e-01 1.500000e-01
      vertex   1.528573e+01 -4.381715e-01 1.800000e+00
    endloop
  endfacet
  facet normal 9.377999e-18 1.000000e+00 5.109214e-17
    outer loop
      vertex   1.528573e+01 -4.381715e-01 1.800000e+00
      vertex   2.427507e+01 -4.381715e-01 1.500000e-01
      vertex   1.243648e+01 -4.381715e-01 1.500000e-01
    endloop
  endfacet
  facet normal 3.896544e-17 1.000000e+00 0.000000e+00
    outer loop
      vertex   1.528573e+01 -4.381715e-01 1.800000e+00
      vertex   1.243648e+01 -4.381715e-01 1.500000e-01
      vertex   1.243648e+01 -4.381715e-01 1.800000e+00
    endloop
  endfacet
  facet normal 1.000000e+00 0.000000e+00 0.000000e+00
    outer loop
      vertex   2.427507e+01 -5.920635e+00 1.500000e-01
      vertex   2.427507e+01 -4.381715e-01 1.500000e-01
      vertex   2.427507e+01 -5.920635e+00 1.800000e+00
    endloop
  endfacet
  facet normal 1.000000e+00 -0.000000e+00 0.000000e+00
    outer loop
      vertex   2.427507e+01 -5.920635e+00 1.800000e+00
      vertex   2.427507e+01 -4.381715e-01 1.500000e-01
      vertex   2.427507e+01 -4.381715e-01 1.800000e+00
    endloop
  endfacet
  facet normal 0.000000e+00 -1.000000e+00 0.000000e+00
    outer loop
      vertex   1.924446e+01 -5.920635e+00 1.500000e-01
      vertex   2.427507e+01 -5.920635e+00 1.500000e-01
      vertex   1.924446e+01 -5.920635e+00 1.800000e+00
    endloop
  endfacet
  facet normal 0.000000e+00 -1.000000e+00 0.000000e+00
    outer loop
      vertex   1.924446e+01 -5.920635e+00 1.800000e+00
      vertex   2.427507e+01 -5.920635e+00 1.500000e-01
      vertex   2.427507e+01 -5.920635e+00 1.800000e+00
    endloop
  endfacet
  facet normal 1.000000e+00 -0.000000e+00 2.153160e-15
    outer loop
      vertex   1.924446e+01 -7.507907e+00 1.500000e-01
      vertex   1.924446e+01 -5.920635e+00 1.500000e-01
      vertex   1.924446e+01 -7.507907e+00 1.800000e+00
    endloop
  endfacet
  facet normal 1.000000e+00 -0.000000e+00 2.153160e-15
    outer loop
      vertex   1.924446e+01 -7.507907e+00 1.800000e+00
      vertex   1.924446e+01 -5.920635e+00 1.500000e-01
      vertex   1.924446e+01 -5.920635e+00 1.800000e+00
    endloop
  endfacet
  facet normal 0.000000e+00 1.000000e+00 -0.000000e+00
    outer loop
      vertex   2.427507e+01 -7.507907e+00 1.500000e-01
      vertex   1.924446e+01 -7.507907e+00 1.500000e-01
      vertex   2.427507e+01 -7.507907e+00 1.800000e+00
    endloop
  endfacet
  facet normal 0.000000e+00 1.000000e+00 0.000000e+00
    outer loop
      vertex   2.427507e+01 -7.507907e+00 1.800000e+00
      vertex   1.924446e+01 -7.507907e+00 1.500000e-01
      vertex   1.924446e+01 -7.507907e+00 1.800000e+00
    endloop
  endfacet
  facet normal 1.000000e+00 0.000000e+00 0.000000e+00
    outer loop
      vertex   2.427507e+01 1.350887e+01 1.500000e-01
      vertex   2.427507e+01 1.744340e+01 1.500000e-01
      vertex   2.427507e+01 1.350887e+01 1.800000e+00
    endloop
  endfacet
  facet normal 1.000000e+00 -0.000000e+00 0.000000e+00
    outer loop
      vertex   2.427507e+01 1.350887e+01 1.800000e+00
      vertex   2.427507e+01 1.744340e+01 1.500000e-01
      vertex   2.427507e+01 1.744340e+01 1.800000e+00
    endloop
  endfacet
  facet normal 0.000000e+00 -1.000000e+00 0.000000e+00
    outer loop
      vertex   1.924446e+01 1.350887e+01 1.500000e-01
      vertex   2.427507e+01 1.350887e+01 1.500000e-01
      vertex   1.924446e+01 1.350887e+01 1.800000e+00
    endloop
  endfacet
  facet normal 0.000000e+00 -1.000000e+00 0.000000e+00
    outer loop
      vertex   1.924446e+01 1.350887e+01 1.800000e+00
      vertex   2.427507e+01 1.350887e+01 1.500000e-01
      vertex   2.427507e+01 1.350887e+01 1.800000e+00
    endloop
  endfacet
  facet normal 1.000000e+00 -0.000000e+00 2.153160e-15
    outer loop
      vertex   1.924446e+01 1.192159e+01 1.500000e-01
      vertex   1.924446e+01 1.350887e+01 1.500000e-01
      vertex   1.924446e+01 1.192159e+01 1.800000e+00
    endloop
  endfacet
  facet normal 1.000000e+00 -0.000000e+00 2.153160e-15
    outer loop
      vertex   1.924446e+01 1.192159e+01 1.800000e+00
      vertex   1.924446e+01 1.350887e+01 1.500000e-01
      vertex   1.924446e+01 1.350887e+01 1.800000e+00
    endloop
  endfacet
  facet normal 0.000000e+00 1.000000e+00 -0.000000e+00
    outer loop
      vertex   2.427507e+01 1.192159e+01 1.500000e-01
      vertex   1.924446e+01 1.192159e+01 1.500000e-01
      vertex   2.427507e+01 1.192159e+01 1.800000e+00
    endloop
  endfacet
  facet normal 0.000000e+00 1.000000e+00 0.000000e+00
    outer loop
      vertex   2.427507e+01 1.192159e+01 1.800000e+00
      vertex   1.924446e+01 1.192159e+01 1.500000e-01
      vertex   1.924446e+01 1.192159e+01 1.800000e+00
    endloop
  endfacet
endsolid
